filename,tau,delta_p,dP_L,v,mu,rho,d,phi,f,Re_p,f_ergun,steps,converged,stalled
ergun_full_phi0.150_d6_Re1.0e-06,,,4.117339421544444e-06,2.7881084343439468e-08,0.1666567055,1.0,6,0.15,31779612720.081615,1.0037790292250605e-06,31990219578.81299,0,TRUE,FALSE
ergun_full_phi0.150_d6_Re1.8e-06,,,7.617073820591915e-06,5.0972349424427944e-08,0.1666567055,1.0,6,0.15,17590173038.30007,1.8351142585532968e-06,17498154008.805626,0,TRUE,FALSE
ergun_full_phi0.150_d6_Re3.2e-06,,,1.3407823152602884e-05,8.857898351868501e-08,0.1666567055,1.0,6,0.15,10252933460.367428,3.1890340056680776e-06,10069228631.483751,0,TRUE,FALSE
ergun_full_phi0.150_d6_Re5.8e-06,,,2.626393847700261e-05,1.6850724939503247e-07,0.1666567055,1.0,6,0.15,5549756439.147538,6.066623562111606e-06,5293078341.874633,0,TRUE,FALSE
ergun_full_phi0.150_d6_Re1.1e-05,,,3.9854438600849224e-05,2.856138660411406e-07,0.1666567055,1.0,6,0.15,2931361439.5537043,1.0282713744433425e-05,3122825009.157279,0,TRUE,FALSE
ergun_full_phi0.150_d6_Re1.9e-05,,,7.677500698473998e-05,5.154027682864361e-07,0.1666567055,1.0,6,0.15,1734113907.5383968,1.855560867137516e-05,1730534409.1924129,0,TRUE,FALSE
ergun_full_phi0.150_d6_Re3.4e-05,,,0.00012963396601776373,8.81645498681224e-07,0.1666567055,1.0,6,0.15,1000649699.66664,3.17411350249411e-05,1011656485.3616815,0,TRUE,FALSE
ergun_full_phi0.150_d6_Re6.1e-05,,,0.00023493504790552585,1.6393542731450956e-06,0.1666567055,1.0,6,0.15,524509581.9744755,5.90202812983758e-05,544069537.0700866,0,TRUE,FALSE
ergun_full_phi0.150_d6_Re1.1e-04,,,0.0004410030309995752,3.0139335523963083e-06,0.1666567055,1.0,6,0.15,291289934.71460533,0.00010850809308946678,295933308.02129424,0,TRUE,FALSE
ergun_full_phi0.150_d6_Re2.0e-04,,,0.0008744231801998222,5.583505503169851e-06,0.1666567055,1.0,6,0.15,168290273.104062,0.0002010182123696133,159742738.37926635,0,TRUE,FALSE
ergun_full_phi0.150_d6_Re3.6e-04,,,0.0015741224000782802,9.889819708905023e-06,0.1666567055,1.0,6,0.15,96563500.40554006,0.0003560547898472056,90186311.0807831,0,TRUE,FALSE
ergun_full_phi0.150_d6_Re6.4e-04,,,0.002650499934340775,1.7519248343384634e-05,0.1666567055,1.0,6,0.15,51814118.04476623,0.0006307306372398427,50911414.800338365,0,TRUE,FALSE
ergun_full_phi0.150_d6_Re1.2e-03,,,0.00493738124448461,3.3057689232075146e-05,0.1666567055,1.0,6,0.15,27108340.25083395,0.00119014794392687,26981213.404314924,0,TRUE,FALSE
ergun_full_phi0.150_d6_Re2.1e-03,,,0.008040930669393504,5.66413439553799e-05,0.1666567055,1.0,6,0.15,15038013.44978827,0.0020392102598732783,15747277.515241168,0,TRUE,FALSE
ergun_full_phi0.150_d6_Re3.8e-03,,,0.015458066258782495,0.0001028432974877825,0.1666567055,1.0,6,0.15,8769088.007791389,0.0037025800016591295,8673072.013183767,0,TRUE,FALSE
ergun_full_phi0.150_d6_Re6.8e-03,,,0.026790273065277804,0.00018209777019247413,0.1666567055,1.0,6,0.15,4847514.7024534475,0.006555911554094922,4898479.838149556,0,TRUE,FALSE
ergun_full_phi0.150_d6_Re1.2e-02,,,0.05136833724055515,0.0003362818350630663,0.1666567055,1.0,6,0.15,2725460.8074332303,0.01210686965354897,2652745.756818795,0,TRUE,FALSE
ergun_full_phi0.150_d6_Re2.2e-02,,,0.0926654073087501,0.000612200714413105,0.1666567055,1.0,6,0.15,1483478.3933602103,0.022040543016006216,1457351.8108442079,0,TRUE,FALSE
ergun_full_phi0.150_d6_Re3.9e-02,,,0.15866789758799668,0.0010737362072448734,0.1666567055,1.0,6,0.15,825743.4194123148,0.03865681386260957,831112.1774824603,0,TRUE,FALSE
ergun_full_phi0.150_d6_Re7.1e-02,,,0.32358442886855576,0.0020181324165781203,0.1666567055,1.0,6,0.15,476693.8494533907,0.07265710949427548,442394.89133409853,0,TRUE,FALSE
ergun_full_phi0.150_d6_Re1.3e-01,,,0.548824036461418,0.0034170423731347825,0.1666567055,1.0,6,0.15,282022.42679516395,0.1230208780216689,261462.37891710832,0,TRUE,FALSE
ergun_full_phi0.150_d6_Re2.3e-01,,,1.0315149245861621,0.006651335547491335,0.1666567055,1.0,6,0.15,139897.20921263087,0.2394623916584503,134537.41825539529,0,TRUE,FALSE
ergun_full_phi0.150_d6_Re4.1e-01,,,1.705994939994282,0.01159146604057647,0.1666567055,1.0,6,0.15,76181.97977698492,0.41731771928888167,77387.17657823437,0,TRUE,FALSE
ergun_full_phi0.150_d6_Re7.5e-01,,,3.5839929243952113,0.021627597454284928,0.1666567055,1.0,6,0.15,45972.89349282939,0.7786400453338468,41680.73514321625,0,TRUE,FALSE
ergun_full_phi0.150_d6_Re1.3e+00,,,6.36646051804997,0.03933727926191783,0.1666567055,1.0,6,0.15,24685.428066977896,1.4162266970500446,23114.449108191762,0,TRUE,FALSE
ergun_full_phi0.150_d6_Re2.4e+00,,,9.807496054933907,0.0678119941050013,0.1666567055,1.0,6,0.15,12796.652049154702,2.441377701601138,13593.605653880384,0,TRUE,FALSE
ergun_full_phi0.150_d6_Re4.3e+00,,,19.65682971446778,0.12075674056838709,0.1666567055,1.0,6,0.15,8088.015250839351,4.3475024976437115,7826.846011183923,0,TRUE,FALSE
ergun_full_phi0.150_d6_Re7.8e+00,,,34.99259531530368,0.20917159835749913,0.1666567055,1.0,6,0.15,4798.682039792165,7.530627623891165,4704.809117888689,0,TRUE,FALSE
ergun_full_phi0.150_d6_Re1.4e+01,,,72.97904102635883,0.3964681781248827,0.1666567055,1.0,6,0.15,2785.689661658163,14.273707509172478,2690.4093072625133,0,TRUE,FALSE
ergun_full_phi0.150_d6_Re2.5e+01,,,130.6521798201813,0.6799847676245531,0.1666567055,1.0,6,0.15,1695.3897064722448,24.480914785317886,1752.4201200737932,0,TRUE,FALSE
ergun_full_phi0.150_d6_Re4.6e+01,,,284.10270076774896,1.2518715433673526,0.1666567055,1.0,6,0.15,1087.694863677313,45.0700692640544,1153.2116030103336,0,TRUE,FALSE
ergun_full_phi0.150_d6_Re8.2e+01,,,763.5306077713044,2.405620384183654,0.1666567055,1.0,6,0.15,791.6323102330465,86.6075101016678,811.5066370633132,0,TRUE,FALSE
ergun_full_phi0.150_d6_Re1.5e+02,,,1858.722036820426,4.1511688498822625,0.1666567055,1.0,6,0.15,647.1797214357459,149.45101083432598,655.6011885346196,0,TRUE,FALSE
ergun_full_phi0.150_d6_Re2.7e+02,,,5956.872785565595,7.75950938750803,0.1666567055,1.0,6,0.15,593.6097834681766,279.3590344016982,555.6864097787346,0,TRUE,FALSE
ergun_full_phi0.150_d6_Re4.8e+02,,,13934.006246818286,13.576081994159802,0.1666567055,1.0,6,0.15,453.6055364988643,488.7681639966105,506.4387822182004,0,TRUE,FALSE
ergun_full_phi0.150_d6_Re8.6e+02,,,47539.09445146507,24.017048309331187,0.1666567055,1.0,6,0.15,494.4961241101853,864.665417593936,477.87777716861734,0,TRUE,FALSE
ergun_full_phi0.150_d6_Re1.6e+03,,,147372.4360831461,44.48784335145126,0.1666567055,1.0,6,0.15,446.77082715354175,1601.658086951128,460.7894086635163,0,TRUE,FALSE
ergun_full_phi0.150_d6_Re2.8e+03,,,474651.40420728765,82.07648272048682,0.1666567055,1.0,6,0.15,422.7547990192629,2954.9299852379536,451.6077024865452,0,TRUE,FALSE
ergun_full_phi0.150_d6_Re5.0e+03,,,1469123.7380190266,137.14508957161186,0.1666567055,1.0,6,0.15,468.6505181714737,4937.518325235771,447.2442327778216,0,TRUE,FALSE
ergun_full_phi0.150_d6_Re9.1e+03,,,5205939.706954479,252.20719668898812,0.1666567055,1.0,6,0.15,491.06098938426913,9080.001765269077,444.27720603460625,0,TRUE,FALSE
ergun_full_phi0.150_d6_Re1.6e+04,,,14859120.105402142,455.92529184683013,0.1666567055,1.0,6,0.15,428.9009161623488,16414.291539448324,442.6970305406349,0,TRUE,FALSE
ergun_full_phi0.150_d6_Re2.9e+04,,,45404685.89082851,806.9329245579269,0.1666567055,1.0,6,0.15,418.3859135640307,29051.3215944231,441.84606433184643,0,TRUE,FALSE
ergun_full_phi0.150_d6_Re5.3e+04,,,151775098.89380965,1413.9339222021154,0.1666567055,1.0,6,0.15,455.5054180192952,50904.66361830662,441.37154956705746,0,TRUE,FALSE
ergun_full_phi0.150_d6_Re9.5e+04,,,568071614.7661341,2691.32942327087,0.1666567055,1.0,6,0.15,470.5660823457806,96893.65028054763,441.07214647288254,0,TRUE,FALSE
ergun_full_phi0.150_d6_Re1.7e+05,,,1732463723.241845,4654.601029526063,0.1666567055,1.0,6,0.15,479.78921060703345,167575.65255696463,440.93236231953904,0,TRUE,FALSE
ergun_full_phi0.150_d6_Re3.1e+05,,,5739856549.189944,8497.455858362197,0.1666567055,1.0,6,0.15,476.9517587000655,305926.6952218324,440.84570415718224,0,TRUE,FALSE
ergun_full_phi0.150_d6_Re5.6e+05,,,16426544976.269423,15230.48376001572,0.1666567055,1.0,6,0.15,424.88371111745187,548330.187410877,440.7993023735824,0,TRUE,FALSE
ergun_full_phi0.150_d6_Re1.0e+06,,,60577727681.50101,27985.041433036207,0.1666567055,1.0,6,0.15,464.1008036831543,1007521.7081392338,440.77261212460445,0,TRUE,FALSE
ergun_full_phi0.150_d10_Re1.0e-06,,,8.70330281589896e-07,1.6746365259247503e-08,0.1666567055,1.0,10,0.15,31034372981.243397,1.0048419719449874e-06,31956379660.20782,0,TRUE,FALSE
ergun_full_phi0.150_d10_Re1.8e-06,,,1.437844507848969e-06,2.8818237200125212e-08,0.1666567055,1.0,10,0.15,17313190175.579323,1.7291975809593339e-06,18569949568.99266,0,TRUE,FALSE
ergun_full_phi0.150_d10_Re3.2e-06,,,3.083045631059491e-06,5.482901727135703e-08,0.1666567055,1.0,10,0.15,10255551713.158274,3.289937665985905e-06,9760401509.460773,0,TRUE,FALSE
ergun_full_phi0.150_d10_Re5.8e-06,,,4.9066863325930916e-06,9.674748232437448e-08,0.1666567055,1.0,10,0.15,5242144060.172518,5.805195898605741e-06,5531443594.764773,0,TRUE,FALSE
ergun_full_phi0.150_d10_Re1.1e-05,,,9.018802955622157e-06,1.7966939681171996e-07,0.1666567055,1.0,10,0.15,2793834518.8330755,1.0780808145263615e-05,2978544412.4390635,0,TRUE,FALSE
ergun_full_phi0.150_d10_Re1.9e-05,,,1.7025173962660883e-05,3.084097440256312e-07,0.1666567055,1.0,10,0.15,1789927236.13566,1.8505690671152215e-05,1735202421.6734407,0,TRUE,FALSE
ergun_full_phi0.150_d10_Re3.4e-05,,,2.8926054068181346e-05,5.301771047033182e-07,0.1666567055,1.0,10,0.15,1029075539.4750961,3.181252762153745e-05,1009386161.1439042,0,TRUE,FALSE
ergun_full_phi0.150_d10_Re6.1e-05,,,5.3992097053412894e-05,1.003410711257795e-06,0.1666567055,1.0,10,0.15,536256698.7669715,6.020824114141598e-05,533334590.7234506,0,TRUE,FALSE
ergun_full_phi0.150_d10_Re1.1e-04,,,9.91419190616733e-05,1.8339592484990332e-06,0.1666567055,1.0,10,0.15,294766387.35218114,0.00011004413191757431,291802561.8675911,0,TRUE,FALSE
ergun_full_phi0.150_d10_Re2.0e-04,,,0.00017408082180913524,3.3786202758964854e-06,0.1666567055,1.0,10,0.15,152500813.4300304,0.0002027293330778392,158394446.3027373,0,TRUE,FALSE
ergun_full_phi0.150_d10_Re3.6e-04,,,0.0003449652086247969,6.216243544911646e-06,0.1666567055,1.0,10,0.15,89272820.07793814,0.00037299690560075574,86089924.67196093,0,TRUE,FALSE
ergun_full_phi0.150_d10_Re6.4e-04,,,0.0006238828440805636,1.0998318287111938e-05,0.1666567055,1.0,10,0.15,51576334.709497504,0.0006599385397734229,48658170.47741568,0,TRUE,FALSE
ergun_full_phi0.150_d10_Re1.2e-03,,,0.001103387519167476,1.9765779041967446e-05,0.1666567055,1.0,10,0.15,28242308.643638954,0.0011860176272335736,27075174.17957788,0,TRUE,FALSE
ergun_full_phi0.150_d10_Re2.1e-03,,,0.0017356622110754334,3.483025268520822e-05,0.1666567055,1.0,10,0.15,14307111.367413824,0.0020899400705606903,15365049.3070028,0,TRUE,FALSE
ergun_full_phi0.150_d10_Re3.8e-03,,,0.0032086475092067287,6.23062189933474e-05,0.1666567055,1.0,10,0.15,8265311.299507966,0.0037385965843028984,8589522.335137634,0,TRUE,FALSE
ergun_full_phi0.150_d10_Re6.8e-03,,,0.005850625669113528,0.00010791289893382113,0.1666567055,1.0,10,0.15,5024068.977768459,0.0064751609369729885,4959562.440366392,0,TRUE,FALSE
ergun_full_phi0.150_d10_Re1.2e-02,,,0.010132325343888571,0.00019930658077346822,0.1666567055,1.0,10,0.15,2550737.9817582425,0.011959109606511946,2685516.149166302,0,TRUE,FALSE
ergun_full_phi0.150_d10_Re2.2e-02,,,0.01919077275699236,0.0003537196901131479,0.1666567055,1.0,10,0.15,1533818.5687775582,0.02122444992848775,1513370.9330097586,0,TRUE,FALSE
ergun_full_phi0.150_d10_Re3.9e-02,,,0.03799031956632253,0.0006641108118050625,0.1666567055,1.0,10,0.15,861374.1719574742,0.039849030365301595,806259.8740231342,0,TRUE,FALSE
ergun_full_phi0.150_d10_Re7.1e-02,,,0.06671590341332122,0.001182239131676261,0.1666567055,1.0,10,0.15,477329.9783874375,0.07093858768714595,453101.44569765154,0,TRUE,FALSE
ergun_full_phi0.150_d10_Re1.3e-01,,,0.1261022516726944,0.002220627160550829,0.1666567055,1.0,10,0.15,255724.03393141073,0.13324559332242583,241432.65882548442,0,TRUE,FALSE
ergun_full_phi0.150_d10_Re2.3e-01,,,0.20377061921667838,0.003570325132038392,0.1666567055,1.0,10,0.15,159854.92873246307,0.2142323119448915,150329.9466200634,0,TRUE,FALSE
ergun_full_phi0.150_d10_Re4.1e-01,,,0.3832085612437591,0.006970580095449369,0.1666567055,1.0,10,0.15,78867.37014955758,0.4182598038606595,77213.86312715281,0,TRUE,FALSE
ergun_full_phi0.150_d10_Re7.5e-01,,,0.692243529930556,0.012560296122041976,0.1666567055,1.0,10,0.15,43879.24520221549,0.7536628114877727,43047.47497474385,0,TRUE,FALSE
ergun_full_phi0.150_d10_Re1.3e+00,,,1.20872933809058,0.022575842253442342,0.1666567055,1.0,10,0.15,23715.983510131166,1.3546314974672495,24145.424391718265,0,TRUE,FALSE
ergun_full_phi0.150_d10_Re2.4e+00,,,2.087032276115819,0.03802116538434993,0.1666567055,1.0,10,0.15,14437.045226662753,2.2814062758698856,14515.880031250212,0,TRUE,FALSE
ergun_full_phi0.150_d10_Re4.3e+00,,,4.228380175571589,0.07073738086333332,0.1666567055,1.0,10,0.15,8450.376849593895,4.2444965326242645,8006.092924279368,0,TRUE,FALSE
ergun_full_phi0.150_d10_Re7.8e+00,,,7.689938843096688,0.12932352168683597,0.1666567055,1.0,10,0.15,4597.988075908396,7.759875085664403,4578.837134899611,0,TRUE,FALSE
ergun_full_phi0.150_d10_Re1.4e+01,,,14.19358445817206,0.22892308359567,0.1666567055,1.0,10,0.15,2708.400665897,13.73620598756346,2778.439457561383,0,TRUE,FALSE
ergun_full_phi0.150_d10_Re2.5e+01,,,28.304482084843613,0.42259840070345744,0.1666567055,1.0,10,0.15,1584.891419816068,25.35741957910343,1707.0805988220923,0,TRUE,FALSE
ergun_full_phi0.150_d10_Re4.6e+01,,,66.73091578853067,0.7679179813512007,0.1666567055,1.0,10,0.15,1131.6116526934843,46.07783281490589,1137.6292259284246,0,TRUE,FALSE
ergun_full_phi0.150_d10_Re8.2e+01,,,131.0927942206833,1.3221108287445216,0.1666567055,1.0,10,0.15,749.9686263581002,79.33139112392459,845.5125549769231,0,TRUE,FALSE
ergun_full_phi0.150_d10_Re1.5e+02,,,404.42060277345104,2.5044941963580443,0.1666567055,1.0,10,0.15,644.7527644029518,150.27863348457012,654.4178974099099,0,TRUE,FALSE
ergun_full_phi0.150_d10_Re2.7e+02,,,1062.7749985887913,4.369676794967168,0.1666567055,1.0,10,0.15,556.5993546739904,262.19627838300016,563.2104848162276,0,TRUE,FALSE
ergun_full_phi0.150_d10_Re4.8e+02,,,3582.2617417578163,8.439960625145906,0.1666567055,1.0,10,0.15,502.8940228217047,506.42790518536356,504.1478136573837,0,TRUE,FALSE
ergun_full_phi0.150_d10_Re8.6e+02,,,9230.677080702764,14.425190366471128,0.1666567055,1.0,10,0.15,443.5988911201884,865.5631541012988,477.83925973263524,0,TRUE,FALSE
ergun_full_phi0.150_d10_Re1.6e+03,,,35695.563473697686,27.212914806733107,0.1666567055,1.0,10,0.15,482.0189560684634,1632.8724802935162,460.40615337929484,0,TRUE,FALSE
ergun_full_phi0.150_d10_Re2.8e+03,,,104978.49501113174,48.14289703913086,0.1666567055,1.0,10,0.15,452.9350201127055,2888.7464740583664,451.85667334316076,0,TRUE,FALSE
ergun_full_phi0.150_d10_Re5.0e+03,,,338917.8338077876,86.27667417999196,0.1666567055,1.0,10,0.15,455.3104636346124,5176.909859171071,446.9434972083322,0,TRUE,FALSE
ergun_full_phi0.150_d10_Re9.1e+03,,,1044260.0548363011,153.90713005608256,0.1666567055,1.0,10,0.15,440.85034593318153,9234.979750399696,444.21785839329675,0,TRUE,FALSE
ergun_full_phi0.150_d10_Re1.6e+04,,,3157311.570329725,260.2469855274599,0.1666567055,1.0,10,0.15,466.17182935605683,15615.752438323576,442.79706887721306,0,TRUE,FALSE
ergun_full_phi0.150_d10_Re2.9e+04,,,9321977.5737974,462.0592086307165,0.1666567055,1.0,10,0.15,436.6292177702877,27725.209570443385,441.89893256719114,0,TRUE,FALSE
ergun_full_phi0.150_d10_Re5.3e+04,,,32156144.089645248,876.1175056603915,0.1666567055,1.0,10,0.15,418.92786647871304,52570.19230230682,441.3515642836044,0,TRUE,FALSE
ergun_full_phi0.150_d10_Re9.5e+04,,,114084900.81488928,1616.3465346660912,0.1666567055,1.0,10,0.15,436.6758921816217,96986.58867741095,441.0718288999286,0,TRUE,FALSE
ergun_full_phi0.150_d10_Re1.7e+05,,,359753746.40427095,2819.508839292519,0.1666567055,1.0,10,0.15,452.54149200903197,169180.64177696823,440.93054443680103,0,TRUE,FALSE
ergun_full_phi0.150_d10_Re3.1e+05,,,1214504053.8565545,5069.617871067492,0.1666567055,1.0,10,0.15,472.5508172956784,304195.25310174166,440.84630159609173,0,TRUE,FALSE
ergun_full_phi0.150_d10_Re5.6e+05,,,3767948287.9577394,9355.838004519585,0.1666567055,1.0,10,0.15,430.4666860991298,561383.8324986921,440.79794066217096,0,TRUE,FALSE
ergun_full_phi0.150_d10_Re1.0e+06,,,10204736842.464314,15721.402470375988,0.1666567055,1.0,10,0.15,412.87561918422296,943340.5288559473,440.77478052820766,0,TRUE,FALSE
ergun_full_phi0.214_d6_Re1.0e-06,,,1.2605663149742323e-06,2.869668168309694e-08,0.1666567055,1.0,6,0.21363636363636362,9184459159.899935,1.033142288406641e-06,9207727131.382605,0,TRUE,FALSE
ergun_full_phi0.214_d6_Re1.8e-06,,,2.3703775876054764e-06,4.957947244477554e-08,0.1666567055,1.0,6,0.21363636363636362,5785820819.879774,1.7849676901758582e-06,5329447943.515709,0,TRUE,FALSE
ergun_full_phi0.214_d6_Re3.2e-06,,,3.704366104267852e-06,8.661605811951128e-08,0.1666567055,1.0,6,0.21363636363636362,2962567960.1526933,3.1183644675915407e-06,3050603184.042322,0,TRUE,FALSE
ergun_full_phi0.214_d6_Re5.8e-06,,,7.2449730691243424e-06,1.5976135017239685e-07,0.1666567055,1.0,6,0.21363636363636362,1703117382.4275963,5.751752371190255e-06,1653912117.8359866,0,TRUE,FALSE
ergun_full_phi0.214_d6_Re1.1e-05,,,1.2212814998374566e-05,2.8595852447238127e-07,0.1666567055,1.0,6,0.21363636363636362,896109195.3751429,1.029512218957363e-05,924019493.0729322,0,TRUE,FALSE
ergun_full_phi0.214_d6_Re1.9e-05,,,2.2857285977666395e-05,5.004423570108494e-07,0.1666567055,1.0,6,0.21363636363636362,547605486.3385836,1.801700167452966e-05,527995437.2215244,0,TRUE,FALSE
ergun_full_phi0.214_d6_Re3.4e-05,,,4.164646949791012e-05,9.684774026661161e-07,0.1666567055,1.0,6,0.21363636363636362,266409960.09434426,3.4867270408130664e-05,272831711.3264833,0,TRUE,FALSE
ergun_full_phi0.214_d6_Re6.1e-05,,,7.059883269909832e-05,1.7101480662195194e-06,0.1666567055,1.0,6,0.21363636363636362,144837607.8841825,6.156901017893406e-05,154507938.25736952,0,TRUE,FALSE
ergun_full_phi0.214_d6_Re1.1e-04,,,0.00014250593348282835,3.020491083164007e-06,0.1666567055,1.0,6,0.21363636363636362,93719309.84223579,0.00010874417830720914,87479694.35665303,0,TRUE,FALSE
ergun_full_phi0.214_d6_Re2.0e-04,,,0.0002737255580258532,5.537481593799779e-06,0.1666567055,1.0,6,0.21363636363636362,53560177.65374614,0.0001993612526007762,47716996.89159894,0,TRUE,FALSE
ergun_full_phi0.214_d6_Re3.6e-04,,,0.00043958478955170854,9.696317492278756e-06,0.1666567055,1.0,6,0.21363636363636362,28053060.747954365,0.00034908829368208375,27250817.557075992,0,TRUE,FALSE
ergun_full_phi0.214_d6_Re6.4e-04,,,0.0008049307732616635,1.776785360277555e-05,0.1666567055,1.0,6,0.21363636363636362,15298182.838742832,0.0006396809615119466,14871448.40588538,0,TRUE,FALSE
ergun_full_phi0.214_d6_Re1.2e-03,,,0.0013774043085346248,3.216676406257227e-05,0.1666567055,1.0,6,0.21363636363636362,7987262.1805328615,0.0011580727207849046,8214558.039437761,0,TRUE,FALSE
ergun_full_phi0.214_d6_Re2.1e-03,,,0.0028969469274163478,5.643083063876455e-05,0.1666567055,1.0,6,0.21363636363636362,5458318.872985816,0.0020316313275050746,4682532.081496211,0,TRUE,FALSE
ergun_full_phi0.214_d6_Re3.8e-03,,,0.004141881547528823,0.0001040236075562564,0.1666567055,1.0,6,0.21363636363636362,2296598.636490957,0.0037450737038452883,2540249.2576880264,0,TRUE,FALSE
ergun_full_phi0.214_d6_Re6.8e-03,,,0.008387012207062786,0.0001840807037831514,0.1666567055,1.0,6,0.21363636363636362,1485053.1364768383,0.006627301430118024,1435550.7412548675,0,TRUE,FALSE
ergun_full_phi0.214_d6_Re1.2e-02,,,0.015693332755720456,0.0003328613711680946,0.1666567055,1.0,6,0.21363636363636362,849844.8327398516,0.011983725593378944,793958.722387331,0,TRUE,FALSE
ergun_full_phi0.214_d6_Re2.2e-02,,,0.027404848962006578,0.0006268406539988484,0.1666567055,1.0,6,0.21363636363636362,418470.0232715395,0.022567612342445413,421669.6510993676,0,TRUE,FALSE
ergun_full_phi0.214_d6_Re3.9e-02,,,0.045240568366779886,0.0010796022959499508,0.1666567055,1.0,6,0.21363636363636362,232890.4627589993,0.038868005678293606,244889.7909453187,0,TRUE,FALSE
ergun_full_phi0.214_d6_Re7.1e-02,,,0.07905095629791432,0.0019302591666441593,0.1666567055,1.0,6,0.21363636363636362,127299.62705654382,0.06949348341621307,137030.11643334542,0,TRUE,FALSE
ergun_full_phi0.214_d6_Re1.3e-01,,,0.17578164100404917,0.0036791407329991306,0.1666567055,1.0,6,0.21363636363636362,77916.95351577022,0.13245698294446834,71959.86417858541,0,TRUE,FALSE
ergun_full_phi0.214_d6_Re2.3e-01,,,0.2562154558531722,0.006151877156268593,0.1666567055,1.0,6,0.21363636363636362,40620.12593032717,0.22148081486953164,43092.449887344985,0,TRUE,FALSE
ergun_full_phi0.214_d6_Re4.1e-01,,,0.4603378366383366,0.010905640326911527,0.1666567055,1.0,6,0.21363636363636362,23223.38821214356,0.392626517877909,24369.99335576185,0,TRUE,FALSE
ergun_full_phi0.214_d6_Re7.5e-01,,,0.7923584660614179,0.018859927527721025,0.1666567055,1.0,6,0.21363636363636362,13365.737081525516,0.6789979726697895,14151.327642806988,0,TRUE,FALSE
ergun_full_phi0.214_d6_Re1.3e+00,,,1.711793529262679,0.038746137246996375,0.1666567055,1.0,6,0.21363636363636362,6841.412956071291,1.3949443125285965,6960.685140994841,0,TRUE,FALSE
ergun_full_phi0.214_d6_Re2.4e+00,,,3.0667609690430617,0.06883106699852468,0.1666567055,1.0,6,0.21363636363636362,3883.847544379173,2.4780665185485025,3979.9718668122205,0,TRUE,FALSE
ergun_full_phi0.214_d6_Re4.3e+00,,,6.048424078035354,0.12732358461477253,0.1666567055,1.0,6,0.21363636363636362,2238.5962393741015,4.5839230134585565,2216.408496384177,0,TRUE,FALSE
ergun_full_phi0.214_d6_Re7.8e+00,,,11.988607327033598,0.21493716616370848,0.1666567055,1.0,6,0.21363636363636362,1557.029886514478,7.738200470921051,1370.4770437331872,0,TRUE,FALSE
ergun_full_phi0.214_d6_Re1.4e+01,,,19.382616834967806,0.38759683501408215,0.1666567055,1.0,6,0.21363636363636362,774.1109606857794,13.954320068354482,822.8520298242853,0,TRUE,FALSE
ergun_full_phi0.214_d6_Re2.5e+01,,,42.952974971972196,0.7088551731104865,0.1666567055,1.0,6,0.21363636363636362,512.8961901456556,25.5203115044352,513.8930748498625,0,TRUE,FALSE
ergun_full_phi0.214_d6_Re4.6e+01,,,93.60116439963541,1.3096009340126302,0.1666567055,1.0,6,0.21363636363636362,327.4572041688778,47.14845154595824,342.90007166582984,0,TRUE,FALSE
ergun_full_phi0.214_d6_Re8.2e+01,,,241.80564689764608,2.3391048136932717,0.1666567055,1.0,6,0.21363636363636362,265.1662969622803,84.21280643976027,254.09792935259642,0,TRUE,FALSE
ergun_full_phi0.214_d6_Re1.5e+02,,,563.8263380485494,4.028887315721801,0.1666567055,1.0,6,0.21363636363636362,208.4137500882408,145.0486124864073,206.7195588873766,0,TRUE,FALSE
ergun_full_phi0.214_d6_Re2.7e+02,,,1735.186234487476,7.21738258170332,0.1666567055,1.0,6,0.21363636363636362,199.86552549430505,259.84130287646855,177.74578657513405,0,TRUE,FALSE
ergun_full_phi0.214_d6_Re4.8e+02,,,4472.990711816986,13.042128895114866,0.1666567055,1.0,6,0.21363636363636362,157.78011588787666,469.5447035024294,161.39521593353703,0,TRUE,FALSE
ergun_full_phi0.214_d6_Re8.6e+02,,,13475.606057834199,23.22496817728973,0.1666567055,1.0,6,0.21363636363636362,149.89574384990644,836.1488284894626,152.51242607718825,0,TRUE,FALSE
ergun_full_phi0.214_d6_Re1.6e+03,,,47508.04385976164,43.16028918467939,0.1666567055,1.0,6,0.21363636363636362,153.02053192957527,1553.8632803951375,147.25748471750268,0,TRUE,FALSE
ergun_full_phi0.214_d6_Re2.8e+03,,,139005.04623174804,76.30027850208079,0.1666567055,1.0,6,0.21363636363636362,143.26152523545562,2746.9742044821874,144.59843774472571,0,TRUE,FALSE
ergun_full_phi0.214_d6_Re5.0e+03,,,411365.93807240267,134.07382392519688,0.1666567055,1.0,6,0.21363636363636362,137.30665481018704,4826.946153397837,143.10618283994546,0,TRUE,FALSE
ergun_full_phi0.214_d6_Re9.1e+03,,,1866826.2852592731,273.5415547089724,0.1666567055,1.0,6,0.21363636363636362,149.6954277745347,9848.084559992903,142.10135758484992,0,TRUE,FALSE
ergun_full_phi0.214_d6_Re1.6e+04,,,4332998.42517715,442.8498021088314,0.1666567055,1.0,6,0.21363636363636362,132.56438815177333,15943.545773818192,141.73205490211276,0,TRUE,FALSE
ergun_full_phi0.214_d6_Re2.9e+04,,,14795519.108265407,792.5851684286596,0.1666567055,1.0,6,0.21363636363636362,141.31542704677187,28534.771501120053,141.4687728405525,0,TRUE,FALSE
ergun_full_phi0.214_d6_Re5.3e+04,,,49082889.14389798,1470.7141128825435,0.1666567055,1.0,6,0.21363636363636362,136.1522582588869,52948.87265904379,141.31505573617065,0,TRUE,FALSE
ergun_full_phi0.214_d6_Re9.5e+04,,,163664847.8462136,2544.6753360997855,0.1666567055,1.0,6,0.21363636363636362,151.649820461287,91613.78758083461,141.23923079626505,0,TRUE,FALSE
ergun_full_phi0.214_d6_Re1.7e+05,,,537919824.2967184,4826.130155050875,0.1666567055,1.0,6,0.21363636363636362,138.57048595525947,173751.0701620419,141.1901440126333,0,TRUE,FALSE
ergun_full_phi0.214_d6_Re3.1e+05,,,1661109018.282192,8514.483059807726,0.1666567055,1.0,6,0.21363636363636362,137.47787636363887,306539.7111119922,141.16642703923634,0,TRUE,FALSE
ergun_full_phi0.214_d6_Re5.6e+05,,,4723371278.763572,14128.600427348327,0.1666567055,1.0,6,0.21363636363636362,141.97276773545806,508660.016467744,141.15409575883666,0,TRUE,FALSE
ergun_full_phi0.214_d6_Re1.0e+06,,,16187847166.03347,26898.223390100084,0.1666567055,1.0,6,0.21363636363636362,134.24346509771777,968393.9200430221,141.14521726188983,0,TRUE,FALSE
ergun_full_phi0.214_d10_Re1.0e-06,,,2.6885493966885035e-07,1.6348613226782185e-08,0.1666567055,1.0,10,0.21363636363636362,10059031802.89558,9.809754235650713e-07,9697380835.093805,0,TRUE,FALSE
ergun_full_phi0.214_d10_Re1.8e-06,,,4.274463755216091e-07,2.896618427183227e-08,0.1666567055,1.0,10,0.21363636363636362,5094470603.079024,1.7380749358346262e-06,5473234889.302044,0,TRUE,FALSE
ergun_full_phi0.214_d10_Re3.2e-06,,,9.063875168399134e-07,5.505510775684768e-08,0.1666567055,1.0,10,0.21363636363636362,2990326996.280818,3.3035039059288062e-06,2879637158.2597833,0,TRUE,FALSE
ergun_full_phi0.214_d10_Re5.8e-06,,,1.5404023136255977e-06,9.446837624924507e-08,0.1666567055,1.0,10,0.21363636363636362,1726081353.4377542,5.6684413606895084e-06,1678220224.6488714,0,TRUE,FALSE
ergun_full_phi0.214_d10_Re1.1e-05,,,2.7924002338480253e-06,1.7350011118924028e-07,0.1666567055,1.0,10,0.21363636363636362,927637188.17539,1.0410628883410891e-05,913767430.3417339,0,TRUE,FALSE
ergun_full_phi0.214_d10_Re1.9e-05,,,5.014310803394582e-06,3.033819191546346e-07,0.1666567055,1.0,10,0.21363636363636362,544793429.1771712,1.8204003147934218e-05,522571580.857822,0,TRUE,FALSE
ergun_full_phi0.214_d10_Re3.4e-05,,,9.624633687274806e-06,5.88050668071329e-07,0.1666567055,1.0,10,0.21363636363636362,278326599.69900775,3.528514897177834e-05,269600593.7602693,0,TRUE,FALSE
ergun_full_phi0.214_d10_Re6.1e-05,,,1.3631800001974212e-05,1.038320321380578e-06,0.1666567055,1.0,10,0.21363636363636362,126441750.01442465,6.230294294282555e-05,152687826.24936083,0,TRUE,FALSE
ergun_full_phi0.214_d10_Re1.1e-04,,,2.9332915327400548e-05,1.8525574536710618e-06,0.1666567055,1.0,10,0.21363636363636362,85469636.55269308,0.00011116009092541805,85578445.85367803,0,TRUE,FALSE
ergun_full_phi0.214_d10_Re2.0e-04,,,5.0608458889198634e-05,3.2944225441905936e-06,0.1666567055,1.0,10,0.21363636363636362,46629902.791089416,0.000197677167222689,48123514.54963879,0,TRUE,FALSE
ergun_full_phi0.214_d10_Re3.6e-04,,,9.656557038841923e-05,5.966719513811213e-06,0.1666567055,1.0,10,0.21363636363636362,27123833.167741265,0.0003580245688830812,26570642.04655954,0,TRUE,FALSE
ergun_full_phi0.214_d10_Re6.4e-04,,,0.00016480678994439677,1.0638896364954684e-05,0.1666567055,1.0,10,0.21363636363636362,14560689.593948428,0.0006383719354727484,14901943.055434115,0,TRUE,FALSE
ergun_full_phi0.214_d10_Re1.2e-03,,,0.0003004797471863986,2.0029718163827937e-05,0.1666567055,1.0,10,0.21363636363636362,7489719.073091876,0.001201854921092745,7915316.225810235,0,TRUE,FALSE
ergun_full_phi0.214_d10_Re2.1e-03,,,0.0005733002163895962,3.58421002379518e-05,0.1666567055,1.0,10,0.21363636363636362,4462674.441151316,0.0021506545524477443,4423395.499001752,0,TRUE,FALSE
ergun_full_phi0.214_d10_Re3.8e-03,,,0.0009542755783442563,6.106772094354396e-05,0.1666567055,1.0,10,0.21363636363636362,2558882.739519401,0.003664282259770457,2596254.4965746203,0,TRUE,FALSE
ergun_full_phi0.214_d10_Re6.8e-03,,,0.0017966361746811978,0.00010955282525547473,0.1666567055,1.0,10,0.21363636363636362,1496969.5820498688,0.006573562397432291,1447285.249739477,0,TRUE,FALSE
ergun_full_phi0.214_d10_Re1.2e-02,,,0.003159263252145969,0.00020486224601215893,0.1666567055,1.0,10,0.21363636363636362,752769.3991985396,0.012292469444750839,774020.8002150081,0,TRUE,FALSE
ergun_full_phi0.214_d10_Re2.2e-02,,,0.005684748320612435,0.0003530918590639617,0.1666567055,1.0,10,0.21363636363636362,455969.5414802218,0.021186777813987312,449142.49922786135,0,TRUE,FALSE
ergun_full_phi0.214_d10_Re3.9e-02,,,0.010665122919040114,0.0006761469476034483,0.1666567055,1.0,10,0.21363636363636362,233283.31689030767,0.04057124167760824,234614.90894314618,0,TRUE,FALSE
ergun_full_phi0.214_d10_Re7.1e-02,,,0.018653919734059513,0.0011976702659044173,0.1666567055,1.0,10,0.21363636363636362,130045.57176623525,0.07186451108049878,132513.73475759922,0,TRUE,FALSE
ergun_full_phi0.214_d10_Re1.3e-01,,,0.0333979965771529,0.002133467930474012,0.1666567055,1.0,10,0.21363636363636362,73375.01071829037,0.128015726944393,74451.47491850142,0,TRUE,FALSE
ergun_full_phi0.214_d10_Re2.3e-01,,,0.05704261794347535,0.0038668377204853282,0.1666567055,1.0,10,0.21363636363636362,38149.38632009017,0.2320241306153342,41140.71637927934,0,TRUE,FALSE
ergun_full_phi0.214_d10_Re4.1e-01,,,0.11094067162645942,0.007034562954765293,0.1666567055,1.0,10,0.21363636363636362,22419.01613042302,0.422099004877142,22678.2464124225,0,TRUE,FALSE
ergun_full_phi0.214_d10_Re7.5e-01,,,0.19788295593047486,0.012555541938800535,0.1666567055,1.0,10,0.21363636363636362,12552.709058606617,0.7533775434436711,12768.127287284564,0,TRUE,FALSE
ergun_full_phi0.214_d10_Re1.3e+00,,,0.3460534908608376,0.02257648362131796,0.1666567055,1.0,10,0.21363636363636362,6789.388104551496,1.3546699818398822,7163.430315350848,0,TRUE,FALSE
ergun_full_phi0.214_d10_Re2.4e+00,,,0.629903315813336,0.04171524626268736,0.1666567055,1.0,10,0.21363636363636362,3619.797460206492,2.5030643764098266,3941.6337843372594,0,TRUE,FALSE
ergun_full_phi0.214_d10_Re4.3e+00,,,1.1972205322592058,0.07023936783895071,0.1666567055,1.0,10,0.21363636363636362,2426.6825540456744,4.214613965169899,2398.256025186193,0,TRUE,FALSE
ergun_full_phi0.214_d10_Re7.8e+00,,,2.45703065352126,0.13630096907793549,0.1666567055,1.0,10,0.21363636363636362,1322.5517895180192,8.178546951891803,1304.2872581144427,0,TRUE,FALSE
ergun_full_phi0.214_d10_Re1.4e+01,,,4.155354132651343,0.23309287811298854,0.1666567055,1.0,10,0.21363636363636362,764.8037927138197,13.986408612462853,821.2879904094747,0,TRUE,FALSE
ergun_full_phi0.214_d10_Re2.5e+01,,,9.148186265805773,0.4203257528472858,0.1666567055,1.0,10,0.21363636363636362,517.8011368940425,25.221052557485354,518.3160096507319,0,TRUE,FALSE
ergun_full_phi0.214_d10_Re4.6e+01,,,22.42624195375045,0.800614404286131,0.1666567055,1.0,10,0.21363636363636362,349.87241638076506,48.03973544803638,339.15672029990196,0,TRUE,FALSE
ergun_full_phi0.214_d10_Re8.2e+01,,,49.702875619124576,1.3085614184777596,0.1666567055,1.0,10,0.21363636363636362,290.26407846820047,78.5183779165585,262.2903691488731,0,TRUE,FALSE
ergun_full_phi0.214_d10_Re1.5e+02,,,117.20292321899683,2.437188050080905,0.1666567055,1.0,10,0.21363636363636362,197.31511897730806,146.2400233323288,206.18524766589118,0,TRUE,FALSE
ergun_full_phi0.214_d10_Re2.7e+02,,,376.5643466322256,4.640555033484181,0.1666567055,1.0,10,0.21363636363636362,174.86357111979754,278.44994412686145,175.29913618839572,0,TRUE,FALSE
ergun_full_phi0.214_d10_Re4.8e+02,,,1018.2801664971141,7.904729783740317,0.1666567055,1.0,10,0.21363636363636362,162.96458229538746,474.31213523780576,161.19157931667556,0,TRUE,FALSE
ergun_full_phi0.214_d10_Re8.6e+02,,,3475.9097129197644,14.757096634019064,0.1666567055,1.0,10,0.21363636363636362,159.61240618778845,885.4787204478288,151.8786132530453,0,TRUE,FALSE
ergun_full_phi0.214_d10_Re1.6e+03,,,10069.782464332677,24.853918486738166,0.1666567055,1.0,10,0.21363636363636362,163.01604388965262,1491.3242411802125,147.51421606248508,0,TRUE,FALSE
ergun_full_phi0.214_d10_Re2.8e+03,,,32612.939143823496,47.96978874626616,0.1666567055,1.0,10,0.21363636363636362,141.72756586640844,2878.3593556795804,144.44036417432253,0,TRUE,FALSE
ergun_full_phi0.214_d10_Re5.0e+03,,,91427.90600589741,81.90006911414658,0.1666567055,1.0,10,0.21363636363636362,136.30451337643927,4914.297859688974,143.07115204158944,0,TRUE,FALSE
ergun_full_phi0.214_d10_Re9.1e+03,,,316609.1180958269,151.6621045154513,0.1666567055,1.0,10,0.21363636363636362,137.64779597200007,9100.270166774135,142.18073561868357,0,TRUE,FALSE
ergun_full_phi0.214_d10_Re1.6e+04,,,1043109.7598823992,265.84183958637436,0.1666567055,1.0,10,0.21363636363636362,147.59897510080137,15951.463746316187,141.73175873208427,0,TRUE,FALSE
ergun_full_phi0.214_d10_Re2.9e+04,,,3399130.358706153,495.0599416564014,0.1666567055,1.0,10,0.21363636363636362,138.69226723376855,29705.37190034645,141.4556353672318,0,TRUE,FALSE
ergun_full_phi0.214_d10_Re5.3e+04,,,12287289.574185036,901.142428498352,0.1666567055,1.0,10,0.21363636363636362,151.31055257125323,54071.77741782206,141.3113247114114,0,TRUE,FALSE
ergun_full_phi0.214_d10_Re9.5e+04,,,32316592.576064307,1535.6285766533995,0.1666567055,1.0,10,0.21363636363636362,137.04184354754528,92143.2217231367,141.23863417286105,0,TRUE,FALSE
ergun_full_phi0.214_d10_Re1.7e+05,,,126388259.73182079,2938.6415134009935,0.1666567055,1.0,10,0.21363636363636362,146.3570054743857,176329.02946116342,141.18934355689288,0,TRUE,FALSE
ergun_full_phi0.214_d10_Re3.1e+05,,,401095729.53519887,5177.714698739788,0.1666567055,1.0,10,0.21363636363636362,149.6138522760162,310681.4504226347,141.16601333185977,0,TRUE,FALSE
ergun_full_phi0.214_d10_Re5.6e+05,,,1052500563.9595358,8960.361120518703,0.1666567055,1.0,10,0.21363636363636362,131.09052758079986,537653.8011858576,141.15308723269325,0,TRUE,FALSE
ergun_full_phi0.214_d10_Re1.0e+06,,,3744496390.0594697,16238.025214635334,0.1666567055,1.0,10,0.21363636363636362,142.01263749812946,974339.7462417337,141.14515731559996,0,TRUE,FALSE
ergun_full_phi0.277_d6_Re1.0e-06,,,4.5035877925194453e-07,2.712061035371913e-08,0.1666567055,1.0,6,0.2772727272727272,3673761557.008339,9.76400329252367e-07,3764356733.736912,0,TRUE,FALSE
ergun_full_phi0.277_d6_Re1.8e-06,,,8.010398381537783e-07,4.8560994893486655e-08,0.1666567055,1.0,6,0.2772727272727272,2038122175.3533382,1.748300306829958e-06,2102338588.90477,0,TRUE,FALSE
ergun_full_phi0.277_d6_Re3.2e-06,,,1.5136904045955818e-06,8.73410952247372e-08,0.1666567055,1.0,6,0.2772727272727272,1190559325.838813,3.144467363471452e-06,1168884538.4684534,0,TRUE,FALSE
ergun_full_phi0.277_d6_Re5.8e-06,,,2.756714298662101e-06,1.6595314718902849e-07,0.1666567055,1.0,6,0.2772727272727272,600581601.1181868,5.974670386930041e-06,615183635.7103924,0,TRUE,FALSE
ergun_full_phi0.277_d6_Re1.1e-05,,,4.791481241461289e-06,2.8989965998622603e-07,0.1666567055,1.0,6,0.2772727272727272,342078383.01411253,1.0437011548373349e-05,352162081.8879475,0,TRUE,FALSE
ergun_full_phi0.277_d6_Re1.9e-05,,,9.119306400667964e-06,5.335668885270472e-07,0.1666567055,1.0,6,0.2772727272727272,192192004.62908205,1.9209556084512204e-05,191338114.21192464,0,TRUE,FALSE
ergun_full_phi0.277_d6_Re3.4e-05,,,1.5973783512699437e-05,9.916454920491442e-07,0.1666567055,1.0,6,0.2772727272727272,97464433.03431198,3.57013714776383e-05,102951821.24468066,0,TRUE,FALSE
ergun_full_phi0.277_d6_Re6.1e-05,,,2.9930166281409004e-05,1.7203965762018574e-06,0.1666567055,1.0,6,0.2772727272727272,60674085.727198765,6.193797859043328e-05,59341987.82201067,0,TRUE,FALSE
ergun_full_phi0.277_d6_Re1.1e-04,,,5.309329035225923e-05,3.0305999947841446e-06,0.1666567055,1.0,6,0.2772727272727272,34684357.568385586,0.00010910812087728966,33687002.76745882,0,TRUE,FALSE
ergun_full_phi0.277_d6_Re2.0e-04,,,9.991970436856397e-05,5.28203906624054e-06,0.1666567055,1.0,6,0.2772727272727272,21488157.22114488,0.00019016477196258534,19328134.970994912,0,TRUE,FALSE
ergun_full_phi0.277_d6_Re3.6e-04,,,0.0001698996558696314,9.536252819873325e-06,0.1666567055,1.0,6,0.2772727272727272,11209551.509053502,0.0003433256210578334,10705695.238469804,0,TRUE,FALSE
ergun_full_phi0.277_d6_Re6.4e-04,,,0.00031146532391963295,1.728125419808029e-05,0.1666567055,1.0,6,0.2772727272727272,6257638.004152622,0.0006221623359072205,5907712.18135806,0,TRUE,FALSE
ergun_full_phi0.277_d6_Re1.2e-03,,,0.000545475544163917,3.180447068603322e-05,0.1666567055,1.0,6,0.2772727272727272,3235565.4580175746,0.0011450293796681306,3210037.313260783,0,TRUE,FALSE
ergun_full_phi0.277_d6_Re2.1e-03,,,0.001042968613294775,5.801168566767633e-05,0.1666567055,1.0,6,0.2772727272727272,1859480.0330037347,0.002088545510135852,1759905.6360699902,0,TRUE,FALSE
ergun_full_phi0.277_d6_Re3.8e-03,,,0.001514899076858781,0.00010326430788546837,0.1666567055,1.0,6,0.2772727272727272,852382.4006538582,0.0037177372818809878,988703.4503625883,0,TRUE,FALSE
ergun_full_phi0.277_d6_Re6.8e-03,,,0.003150871103377294,0.00018346621268815246,0.1666567055,1.0,6,0.2772727272727272,561655.0860246106,0.0066051784284726234,556519.5605852593,0,TRUE,FALSE
ergun_full_phi0.277_d6_Re1.2e-02,,,0.005897646198412884,0.00033345646174840106,0.1666567055,1.0,6,0.2772727272727272,318237.7466360521,0.012005150134750541,306221.19240198977,0,TRUE,FALSE
ergun_full_phi0.277_d6_Re2.2e-02,,,0.01059531804858326,0.0006270838286327377,0.1666567055,1.0,6,0.2772727272727272,161664.2700708009,0.02257636715251416,162863.16477694706,0,TRUE,FALSE
ergun_full_phi0.277_d6_Re3.9e-02,,,0.01910591473254232,0.0010471475467148403,0.1666567055,1.0,6,0.2772727272727272,104545.0143145827,0.03769956487162793,97554.3327869473,0,TRUE,FALSE
ergun_full_phi0.277_d6_Re7.1e-02,,,0.03417449276484389,0.0020363212648563406,0.1666567055,1.0,6,0.2772727272727272,49449.36677471042,0.07331194716997477,50194.668171578654,0,TRUE,FALSE
ergun_full_phi0.277_d6_Re1.3e-01,,,0.0633489450440337,0.003780272103314202,0.1666567055,1.0,6,0.2772727272727272,26597.72641330209,0.13609792988428668,27065.76139533719,0,TRUE,FALSE
ergun_full_phi0.277_d6_Re2.3e-01,,,0.10460875544538584,0.006173882005531922,0.1666567055,1.0,6,0.2772727272727272,16466.550694382855,0.22227303679173913,16595.38698606081,0,TRUE,FALSE
ergun_full_phi0.277_d6_Re4.1e-01,,,0.1941805798058641,0.011877792542645954,0.1666567055,1.0,6,0.2772727272727272,8258.20334832286,0.4276260894637433,8654.502655260565,0,TRUE,FALSE
ergun_full_phi0.277_d6_Re7.5e-01,,,0.3616682577952526,0.021949981373300547,0.1666567055,1.0,6,0.2772727272727272,4503.947633527136,0.7902465601049774,4710.436480902738,0,TRUE,FALSE
ergun_full_phi0.277_d6_Re1.3e+00,,,0.6854899999930583,0.03835006693485436,0.1666567055,1.0,6,0.2772727272727272,2796.5341135462495,1.3806849290509116,2721.4306468867057,0,TRUE,FALSE
ergun_full_phi0.277_d6_Re2.4e+00,,,1.245895630726031,0.0667794874575497,0.1666567055,1.0,6,0.2772727272727272,1676.280721245805,2.4042052406064047,1588.1198525502145,0,TRUE,FALSE
ergun_full_phi0.277_d6_Re4.3e+00,,,2.2436371396523227,0.11545926385039533,0.1666567055,1.0,6,0.2772727272727272,1009.8254283474141,4.15678193700026,943.5545335365732,0,TRUE,FALSE
ergun_full_phi0.277_d6_Re7.8e+00,,,4.0466992183293184,0.2169995506732287,0.1666567055,1.0,6,0.2772727272727272,515.6256421012033,7.8124507509802665,529.8016890212823,0,TRUE,FALSE
ergun_full_phi0.277_d6_Re1.4e+01,,,8.852305448791986,0.40028431876127585,0.1666567055,1.0,6,0.2772727272727272,331.4900426587235,14.411096783427386,314.3801181962604,0,TRUE,FALSE
ergun_full_phi0.277_d6_Re2.5e+01,,,19.240182764587246,0.7210350861582727,0.1666567055,1.0,6,0.2772727272727272,222.0483993069348,25.95881458216895,200.92268492646508,0,TRUE,FALSE
ergun_full_phi0.277_d6_Re4.6e+01,,,41.86979718469172,1.310166863692162,0.1666567055,1.0,6,0.2772727272727272,146.35207529420367,47.16882623215525,137.25491108179577,0,TRUE,FALSE
ergun_full_phi0.277_d6_Re8.2e+01,,,88.60942243393897,2.2466290029839473,0.1666567055,1.0,6,0.2772727272727272,105.33396539299054,80.88347827026787,104.77442822373695,0,TRUE,FALSE
ergun_full_phi0.277_d6_Re1.5e+02,,,243.7283830265701,4.180414205058104,0.1666567055,1.0,6,0.2772727272727272,83.67943284770078,150.50390654907443,83.75369879917169,0,TRUE,FALSE
ergun_full_phi0.277_d6_Re2.7e+02,,,692.9809167214057,7.466780977544869,0.1666567055,1.0,6,0.2772727272727272,74.57713595574579,268.820181767419,73.005058509397,0,TRUE,FALSE
ergun_full_phi0.277_d6_Re4.8e+02,,,2067.7325089277915,13.662246602558662,0.1666567055,1.0,6,0.2772727272727272,66.46627897550393,491.8702753028559,66.80481645179253,0,TRUE,FALSE
ergun_full_phi0.277_d6_Re8.6e+02,,,5729.59851551487,23.72926457732021,0.1666567055,1.0,6,0.2772727272727272,61.05298245184454,854.3045840055998,63.63463098427244,0,TRUE,FALSE
ergun_full_phi0.277_d6_Re1.6e+03,,,19280.159165395078,42.02838198798144,0.1666567055,1.0,6,0.2772727272727272,65.49023119577973,1513.1121857433372,61.761390998188006,0,TRUE,FALSE
ergun_full_phi0.277_d6_Re2.8e+03,,,63171.45791409241,77.51376574624254,0.1666567055,1.0,6,0.2772727272727272,63.083310761137476,2790.6623563817852,60.649356591172435,0,TRUE,FALSE
ergun_full_phi0.277_d6_Re5.0e+03,,,164574.92748925785,134.5538295482022,0.1666567055,1.0,6,0.2772727272727272,54.540962433521486,4844.227388673618,60.09102097905946,0,TRUE,FALSE
ergun_full_phi0.277_d6_Re9.1e+03,,,628043.5380534615,244.0337617187885,0.1666567055,1.0,6,0.2772727272727272,63.27631405267357,8785.74051923,59.75062943110815,0,TRUE,FALSE
ergun_full_phi0.277_d6_Re1.6e+04,,,2211311.5997664644,468.11580404203124,0.1666567055,1.0,6,0.2772727272727272,60.54727295317093,16853.176209295627,59.550369500451104,0,TRUE,FALSE
ergun_full_phi0.277_d6_Re2.9e+04,,,6249524.628636372,796.7192421728427,0.1666567055,1.0,6,0.2772727272727272,59.07280887082213,28683.607051364972,59.46041897208813,0,TRUE,FALSE
ergun_full_phi0.277_d6_Re5.3e+04,,,20632617.472102642,1456.1171779015247,0.1666567055,1.0,6,0.2772727272727272,58.386565088541424,52423.35159090942,59.40239116252121,0,TRUE,FALSE
ergun_full_phi0.277_d6_Re9.5e+04,,,57056115.27864864,2453.2611263249323,0.1666567055,1.0,6,0.2772727272727272,56.880826073620426,88322.67932927303,59.37389358256211,0,TRUE,FALSE
ergun_full_phi0.277_d6_Re1.7e+05,,,239166753.5462792,4734.097500047011,0.1666567055,1.0,6,0.2772727272727272,64.02913910719096,170437.6965515022,59.35384409022892,0,TRUE,FALSE
ergun_full_phi0.277_d6_Re3.1e+05,,,786867337.0965552,8612.466364647782,0.1666567055,1.0,6,0.2772727272727272,63.64989489698021,310067.3209208896,59.34413285217505,0,TRUE,FALSE
ergun_full_phi0.277_d6_Re5.6e+05,,,2270635496.02688,15248.349964964595,0.1666567055,1.0,6,0.2772727272727272,58.593976333689824,548973.409232475,59.33897417209898,0,TRUE,FALSE
ergun_full_phi0.277_d6_Re1.0e+06,,,6179656776.495793,24709.651587447388,0.1666567055,1.0,6,0.2772727272727272,60.72707475297148,889600.6259087147,59.336410563966496,0,TRUE,FALSE
ergun_full_phi0.277_d10_Re1.0e-06,,,1.1334225155854482e-07,1.6941459081151212e-08,0.1666567055,1.0,10,0.2772727272727272,3949028002.9715614,1.0165483009113734e-06,3615685701.6345577,0,TRUE,FALSE
ergun_full_phi0.277_d10_Re1.8e-06,,,1.819642324497172e-07,2.9566506335910282e-08,0.1666567055,1.0,10,0.2772727272727272,2081545985.4427724,1.7740964125749073e-06,2071769705.1416707,0,TRUE,FALSE
ergun_full_phi0.277_d10_Re3.2e-06,,,3.053994733316894e-07,5.2877252764021864e-08,0.1666567055,1.0,10,0.2772727272727272,1092271286.5849218,3.172824796060898e-06,1158437518.8715615,0,TRUE,FALSE
ergun_full_phi0.277_d10_Re5.8e-06,,,5.729797078446123e-07,9.516763427228428e-08,0.1666567055,1.0,10,0.2772727272727272,632645895.2681907,5.710399349774994e-06,643653658.8755147,0,TRUE,FALSE
ergun_full_phi0.277_d10_Re1.1e-05,,,1.1167314384843192e-06,1.8228845573217415e-07,0.1666567055,1.0,10,0.2772727272727272,336070514.6649836,1.0937961073049901e-05,336033353.99888355,0,TRUE,FALSE
ergun_full_phi0.277_d10_Re1.9e-05,,,1.8981962136335288e-06,3.07693739241838e-07,0.1666567055,1.0,10,0.2772727272727272,200495109.4392832,1.846272781636368e-05,199077851.7836405,0,TRUE,FALSE
ergun_full_phi0.277_d10_Re3.4e-05,,,3.3808812014384827e-06,5.709162271774305e-07,0.1666567055,1.0,10,0.2772727272727272,103725404.3107082,3.4257021070024124e-05,107292491.11725433,0,TRUE,FALSE
ergun_full_phi0.277_d10_Re6.1e-05,,,5.889640435611406e-06,1.0567003142629271e-06,0.1666567055,1.0,10,0.2772727272727272,52745462.963071965,6.34058084307281e-05,57968235.86499506,0,TRUE,FALSE
ergun_full_phi0.277_d10_Re1.1e-04,,,1.1565854286595922e-05,1.8263909489075812e-06,0.1666567055,1.0,10,0.2772727272727272,34672904.548447356,0.00010959000680039132,33538875.540281054,0,TRUE,FALSE
ergun_full_phi0.277_d10_Re2.0e-04,,,1.9826417881673603e-05,3.178753980816127e-06,0.1666567055,1.0,10,0.2772727272727272,19621419.431865986,0.00019073663860564715,19270185.529224526,0,TRUE,FALSE
ergun_full_phi0.277_d10_Re3.6e-04,,,3.880204351109759e-05,6.192402413655207e-06,0.1666567055,1.0,10,0.2772727272727272,10118968.776642317,0.0003715663522254858,9892018.263160609,0,TRUE,FALSE
ergun_full_phi0.277_d10_Re6.4e-04,,,6.020683898143237e-05,1.0193248608019212e-05,0.1666567055,1.0,10,0.2772727272727272,5794561.7203415455,0.0006116314718593313,6009428.152262327,0,TRUE,FALSE
ergun_full_phi0.277_d10_Re1.2e-03,,,0.00012454784752597223,2.0031250250434502e-05,0.1666567055,1.0,10,0.2772727272727272,3103988.5679214173,0.0012019468517835607,3058030.731644826,0,TRUE,FALSE
ergun_full_phi0.277_d10_Re2.1e-03,,,0.00021756043430956685,3.474107702189132e-05,0.1666567055,1.0,10,0.2772727272727272,1802575.0725617418,0.00208458921095685,1763245.6123349841,0,TRUE,FALSE
ergun_full_phi0.277_d10_Re3.8e-03,,,0.00037798062996149376,6.392714436580352e-05,0.1666567055,1.0,10,0.2772727272727272,924908.849441769,0.0038358579196684957,958259.3421034889,0,TRUE,FALSE
ergun_full_phi0.277_d10_Re6.8e-03,,,0.0006888397795866888,0.0001116417027872099,0.1666567055,1.0,10,0.2772727272727272,552669.2677091645,0.006698902540540734,548734.1449170056,0,TRUE,FALSE
ergun_full_phi0.277_d10_Re1.2e-02,,,0.0012138626452895234,0.0001994536738486606,0.1666567055,1.0,10,0.2772727272727272,305130.39162353735,0.011967935718533725,307173.2057784228,0,TRUE,FALSE
ergun_full_phi0.277_d10_Re2.2e-02,,,0.0022153543764028218,0.00037945307849614483,0.1666567055,1.0,10,0.2772727272727272,153860.46700333446,0.02276854551742863,161489.0157647789,0,TRUE,FALSE
ergun_full_phi0.277_d10_Re3.9e-02,,,0.004687197856415859,0.0006960968086850415,0.1666567055,1.0,10,0.2772727272727272,96732.85391416913,0.04176830488738069,88057.13602561256,0,TRUE,FALSE
ergun_full_phi0.277_d10_Re7.1e-02,,,0.006840912836105088,0.0011234726474426044,0.1666567055,1.0,10,0.2772727272727272,54198.722512741886,0.06741238788274286,54582.23543886697,0,TRUE,FALSE
ergun_full_phi0.277_d10_Re1.3e-01,,,0.012711417398200368,0.002151149742216656,0.1666567055,1.0,10,0.2772727272727272,27469.622679236767,0.12907669906007208,28534.797820540116,0,TRUE,FALSE
ergun_full_phi0.277_d10_Re2.3e-01,,,0.022773490783598402,0.0037486034868734206,0.1666567055,1.0,10,0.2772727272727272,16206.55083993315,0.22492965258295117,16400.081727039196,0,TRUE,FALSE
ergun_full_phi0.277_d10_Re4.1e-01,,,0.04241019107624637,0.007054637423504026,0.1666567055,1.0,10,0.2772727272727272,8521.593890015742,0.42330354499321515,8742.271837973463,0,TRUE,FALSE
ergun_full_phi0.277_d10_Re7.5e-01,,,0.08258207170647626,0.01312087835643896,0.1666567055,1.0,10,0.2772727272727272,4796.892162422963,0.7872997559308504,4727.845216487214,0,TRUE,FALSE
ergun_full_phi0.277_d10_Re1.3e+00,,,0.1499806457179732,0.022291840677244597,0.1666567055,1.0,10,0.2772727272727272,3018.16763848093,1.3375903843991803,2807.19824683657,0,TRUE,FALSE
ergun_full_phi0.277_d10_Re2.4e+00,,,0.2660982043214529,0.041016748499153335,0.1666567055,1.0,10,0.2772727272727272,1581.683136467563,2.46115200562112,1552.7463743926344,0,TRUE,FALSE
ergun_full_phi0.277_d10_Re4.3e+00,,,0.514655800034631,0.07174742046109528,0.1666567055,1.0,10,0.2772727272727272,999.7796405846852,4.3051025307286706,913.0910616778873,0,TRUE,FALSE
ergun_full_phi0.277_d10_Re7.8e+00,,,0.9154102038406664,0.1336647537853612,0.1666567055,1.0,10,0.2772727272727272,512.367935815643,8.02036458025154,517.605597979309,0,TRUE,FALSE
ergun_full_phi0.277_d10_Re1.4e+01,,,1.701071663484873,0.22398033812773654,0.1666567055,1.0,10,0.2772727272727272,339.0805026454345,13.439623533643928,332.8160626747864,0,TRUE,FALSE
ergun_full_phi0.277_d10_Re2.5e+01,,,3.205069391175313,0.4084853741402328,0.1666567055,1.0,10,0.2772727272727272,192.08100273987293,24.510587372689468,209.2886647160036,0,TRUE,FALSE
ergun_full_phi0.277_d10_Re4.6e+01,,,8.115357404015889,0.7546754835501229,0.1666567055,1.0,10,0.2772727272727272,142.49091251851232,45.28323545614088,140.49960406761718,0,TRUE,FALSE
ergun_full_phi0.277_d10_Re8.2e+01,,,21.042690310109148,1.4237234721479006,0.1666567055,1.0,10,0.2772727272727272,103.812577373151,85.42851413487834,102.35677879517232,0,TRUE,FALSE
ergun_full_phi0.277_d10_Re1.5e+02,,,50.18078785981949,2.5266032666738103,0.1666567055,1.0,10,0.2772727272727272,78.60738862118578,151.60525699182324,83.57628713062114,0,TRUE,FALSE
ergun_full_phi0.277_d10_Re2.7e+02,,,144.8660380768151,4.436710988053088,0.1666567055,1.0,10,0.2772727272727272,73.59432126851105,266.2185703684805,73.13867525597998,0,TRUE,FALSE
ergun_full_phi0.277_d10_Re4.8e+02,,,451.978325826046,8.201776282610542,0.1666567055,1.0,10,0.2772727272727272,67.18955599301944,492.1359904483736,66.80078186290251,0,TRUE,FALSE
ergun_full_phi0.277_d10_Re8.6e+02,,,1344.87904061124,14.73904065447474,0.1666567055,1.0,10,0.2772727272727272,61.907717453609585,884.3952969221956,63.48824752713861,0,TRUE,FALSE
ergun_full_phi0.277_d10_Re1.6e+03,,,4315.673465604119,26.180376586321962,0.1666567055,1.0,10,0.2772727272727272,62.96465076992599,1570.9164841448255,61.67200806712341,0,TRUE,FALSE
ergun_full_phi0.277_d10_Re2.8e+03,,,12350.078837563702,44.91053017265326,0.1666567055,1.0,10,0.2772727272727272,61.23128392319409,2694.7928700446596,60.696212719469216,0,TRUE,FALSE
ergun_full_phi0.277_d10_Re5.0e+03,,,37744.82531237907,83.13358355693899,0.1666567055,1.0,10,0.2772727272727272,54.61405414199585,4988.313149928371,60.069104967600744,0,TRUE,FALSE
ergun_full_phi0.277_d10_Re9.1e+03,,,141846.98475010792,155.509355996515,0.1666567055,1.0,10,0.2772727272727272,58.65527330127159,9331.11905278333,59.72617798100123,0,TRUE,FALSE
ergun_full_phi0.277_d10_Re1.6e+04,,,410914.6735520096,265.14479185677203,0.1666567055,1.0,10,0.2772727272727272,58.45012553881086,15909.638382763544,59.56330359195709,0,TRUE,FALSE
ergun_full_phi0.277_d10_Re2.9e+04,,,1550110.8044064152,491.7093737866054,0.1666567055,1.0,10,0.2772727272727272,64.11295114766263,29504.325812237144,59.45685451340478,0,TRUE,FALSE
ergun_full_phi0.277_d10_Re5.3e+04,,,4679402.097571829,877.1323554358863,0.1666567055,1.0,10,0.2772727272727272,60.82191675910662,52631.086928325625,59.402114428890634,0,TRUE,FALSE
ergun_full_phi0.277_d10_Re9.5e+04,,,16673725.857459005,1653.6452012942646,0.1666567055,1.0,10,0.2772727272727272,60.97446337578654,99224.6424368604,59.369321315241855,0,TRUE,FALSE
ergun_full_phi0.277_d10_Re1.7e+05,,,50427879.492807135,2949.7654945156073,0.1666567055,1.0,10,0.2772727272727272,57.955642418307235,176996.5082212433,59.35304496748862,0,TRUE,FALSE
ergun_full_phi0.277_d10_Re3.1e+05,,,163899647.13247156,5262.963626500026,0.1666567055,1.0,10,0.2772727272727272,59.172140735835725,315796.691810881,59.343917790983525,0,TRUE,FALSE
ergun_full_phi0.277_d10_Re5.6e+05,,,515881367.8611721,9560.970310262552,0.1666567055,1.0,10,0.2772727272727272,56.43465878288977,573692.5064957888,59.33868568871507,0,TRUE,FALSE
ergun_full_phi0.277_d10_Re1.0e+06,,,1675717680.7490191,16280.437202050953,0.1666567055,1.0,10,0.2772727272727272,63.22207201039952,976884.6175859964,59.33604140371615,0,TRUE,FALSE
ergun_full_phi0.341_d6_Re1.0e-06,,,2.0649451411837315e-07,2.7613203680851852e-08,0.1666567055,1.0,6,0.3409090909090909,1624898269.0132968,9.941347489622078e-07,1654325284.2534928,0,TRUE,FALSE
ergun_full_phi0.341_d6_Re1.8e-06,,,3.6865114040717563e-07,5.0118881363599387e-08,0.1666567055,1.0,6,0.3409090909090909,880570422.5115498,1.8043875719215887e-06,911457327.873065,0,TRUE,FALSE
ergun_full_phi0.341_d6_Re3.2e-06,,,6.700770332111448e-07,9.368358108940574e-08,0.1666567055,1.0,6,0.3409090909090909,458088106.62244034,3.3728105019838787e-06,487611835.72072023,0,TRUE,FALSE
ergun_full_phi0.341_d6_Re5.8e-06,,,1.2496469882042455e-06,1.613120730385303e-07,0.1666567055,1.0,6,0.3409090909090909,288140862.8927812,5.807581731124415e-06,283185406.15224427,0,TRUE,FALSE
ergun_full_phi0.341_d6_Re1.1e-05,,,2.1269260368031036e-06,2.9079525394833197e-07,0.1666567055,1.0,6,0.3409090909090909,150913819.1256425,1.0469254858095054e-05,157090695.4976276,0,TRUE,FALSE
ergun_full_phi0.341_d6_Re1.9e-05,,,3.97902893715546e-06,5.116266845314243e-07,0.1666567055,1.0,6,0.3409090909090909,91205698.29578306,1.8419661531042e-05,89286263.79362768,0,TRUE,FALSE
ergun_full_phi0.341_d6_Re3.4e-05,,,7.207425432317933e-06,9.16559105829842e-07,0.1666567055,1.0,6,0.3409090909090909,51476671.25997129,3.299810000731745e-05,49839935.70806901,0,TRUE,FALSE
ergun_full_phi0.341_d6_Re6.1e-05,,,1.2038802747257861e-05,1.625727334204716e-06,0.1666567055,1.0,6,0.3409090909090909,27329968.646550946,5.8529682174884325e-05,28098972.436018337,0,TRUE,FALSE
ergun_full_phi0.341_d6_Re1.1e-04,,,2.193284246286387e-05,3.0668868870393157e-06,0.1666567055,1.0,6,0.3409090909090909,13991061.073334211,0.00011041452707845527,14895009.56163701,0,TRUE,FALSE
ergun_full_phi0.341_d6_Re2.0e-04,,,4.277837281755446e-05,5.623915982692606e-06,0.1666567055,1.0,6,0.3409090909090909,8115174.510695871,0.00020247307658530212,8122700.28339078,0,TRUE,FALSE
ergun_full_phi0.341_d6_Re3.6e-04,,,6.791583889141069e-05,9.624190235650366e-06,0.1666567055,1.0,6,0.3409090909090909,4399404.777610286,0.000346491557244315,4746529.243776422,0,TRUE,FALSE
ergun_full_phi0.341_d6_Re6.4e-04,,,0.00013016185485695237,1.705235540103575e-05,0.1666567055,1.0,6,0.3409090909090909,2685753.9811199023,0.0006139214866827816,2678909.4863077174,0,TRUE,FALSE
ergun_full_phi0.341_d6_Re1.2e-03,,,0.00022099693162289918,3.1076291121761286e-05,0.1666567055,1.0,6,0.3409090909090909,1373027.1713900776,0.001118813348500806,1469999.258579403,0,TRUE,FALSE
ergun_full_phi0.341_d6_Re2.1e-03,,,0.0004907559050127043,5.751854264186065e-05,0.1666567055,1.0,6,0.3409090909090909,890022.6046014556,0.002070791300090616,794229.0014512874,0,TRUE,FALSE
ergun_full_phi0.341_d6_Re3.8e-03,,,0.0008316445957986897,0.00010513701788838357,0.1666567055,1.0,6,0.3409090909090909,451416.79301840975,0.0037851588715720856,434521.36897034885,0,TRUE,FALSE
ergun_full_phi0.341_d6_Re6.8e-03,,,0.0014957920254952287,0.00018889925631796498,0.1666567055,1.0,6,0.3409090909090909,251513.886193159,0.00680077968964645,241857.59274184206,0,TRUE,FALSE
ergun_full_phi0.341_d6_Re1.2e-02,,,0.0024188384150324164,0.00032454808078118987,0.1666567055,1.0,6,0.3409090909090909,137784.38976867238,0.011684429251405903,140782.43279761483,0,TRUE,FALSE
ergun_full_phi0.341_d6_Re2.2e-02,,,0.004665188529580641,0.000613058856482007,0.1666567055,1.0,6,0.3409090909090909,74475.95964462415,0.022071437976985825,74542.70814164726,0,TRUE,FALSE
ergun_full_phi0.341_d6_Re3.9e-02,,,0.008023116928075209,0.0010887164249070718,0.1666567055,1.0,6,0.3409090909090909,40612.97671207001,0.0391961339319913,41987.898380874096,0,TRUE,FALSE
ergun_full_phi0.341_d6_Re7.1e-02,,,0.014344483453696487,0.0019560004082418325,0.1666567055,1.0,6,0.3409090909090909,22495.63630852635,0.07042022350220402,23383.513897141067,0,TRUE,FALSE
ergun_full_phi0.341_d6_Re1.3e-01,,,0.023717080533087135,0.0032999006080854858,0.1666567055,1.0,6,0.3409090909090909,13068.049176771594,0.11880352242120203,13872.322651535995,0,TRUE,FALSE
ergun_full_phi0.341_d6_Re2.3e-01,,,0.05354988924818572,0.006479938335324384,0.1666567055,1.0,6,0.3409090909090909,7651.878778103759,0.2332917232180994,7078.749811459035,0,TRUE,FALSE
ergun_full_phi0.341_d6_Re4.1e-01,,,0.09361745884056022,0.012142878635734355,0.1666567055,1.0,6,0.3409090909090909,3809.472036814664,0.4371697592114355,3791.087887026136,0,TRUE,FALSE
ergun_full_phi0.341_d6_Re7.5e-01,,,0.17171190032370764,0.02126433055834236,0.1666567055,1.0,6,0.3409090909090909,2278.4957101213267,0.7655616554237847,2177.367445838313,0,TRUE,FALSE
ergun_full_phi0.341_d6_Re1.3e+00,,,0.26122495437208465,0.03650159029524464,0.1666567055,1.0,6,0.3409090909090909,1176.3656649582724,1.3141357925827224,1280.597456930151,0,TRUE,FALSE
ergun_full_phi0.341_d6_Re2.4e+00,,,0.4881709605013591,0.06715103195541969,0.1666567055,1.0,6,0.3409090909090909,649.5578106498091,2.417581641997106,709.3874774987265,0,TRUE,FALSE
ergun_full_phi0.341_d6_Re4.3e+00,,,1.0104110818211824,0.1196192580563481,0.1666567055,1.0,6,0.3409090909090909,423.6889547620731,4.306550679643002,411.00021368834797,0,TRUE,FALSE
ergun_full_phi0.341_d6_Re7.8e+00,,,1.7997746828848487,0.20834674169518197,0.1666567055,1.0,6,0.3409090909090909,248.76882953970645,7.500931009170175,248.36744945201275,0,TRUE,FALSE
ergun_full_phi0.341_d6_Re1.4e+01,,,3.964456205070599,0.4062222459029243,0.1666567055,1.0,6,0.3409090909090909,144.14761764387728,14.624874937405657,141.56546684774378,0,TRUE,FALSE
ergun_full_phi0.341_d6_Re2.5e+01,,,8.302329834152022,0.7157017911472594,0.1666567055,1.0,6,0.3409090909090909,97.2494211922697,25.76680448590505,92.9388741672303,0,TRUE,FALSE
ergun_full_phi0.341_d6_Re4.6e+01,,,18.976183467032648,1.3360554995727485,0.1666567055,1.0,6,0.3409090909090909,63.78390773477212,48.10087282948535,63.30281345866197,0,TRUE,FALSE
ergun_full_phi0.341_d6_Re8.2e+01,,,45.12456560278403,2.369103979224007,0.1666567055,1.0,6,0.3409090909090909,48.238749405688154,85.29284094928927,48.39377009893647,0,TRUE,FALSE
ergun_full_phi0.341_d6_Re1.5e+02,,,111.86607038688356,4.043601647832005,0.1666567055,1.0,6,0.3409090909090909,41.04997558924051,145.5783601038005,40.40886504725486,0,TRUE,FALSE
ergun_full_phi0.341_d6_Re2.7e+02,,,302.6974301067537,7.266251432177589,0.1666567055,1.0,6,0.3409090909090909,34.3984711834865,261.600686646632,35.39846939726538,0,TRUE,FALSE
ergun_full_phi0.341_d6_Re4.8e+02,,,828.869982656801,13.079900905342456,0.1666567055,1.0,6,0.3409090909090909,29.06891051225694,470.90457714619066,32.60417819224889,0,TRUE,FALSE
ergun_full_phi0.341_d6_Re8.6e+02,,,2807.6883309134505,24.05560533591661,0.1666567055,1.0,6,0.3409090909090909,29.111700021249423,866.053553515731,31.01068814357571,0,TRUE,FALSE
ergun_full_phi0.341_d6_Re1.6e+03,,,10011.159574396232,43.02920399503182,0.1666567055,1.0,6,0.3409090909090909,32.442103850708534,1549.1439315065,30.17333664094982,0,TRUE,FALSE
ergun_full_phi0.341_d6_Re2.8e+03,,,28206.44528575521,76.50538863808839,0.1666567055,1.0,6,0.3409090909090909,28.914491347145788,2754.358610722269,29.70880177794139,0,TRUE,FALSE
ergun_full_phi0.341_d6_Re5.0e+03,,,107045.66184947819,145.73684087894694,0.1666567055,1.0,6,0.3409090909090909,30.23998836992286,5246.839859519973,29.42515375483081,0,TRUE,FALSE
ergun_full_phi0.341_d6_Re9.1e+03,,,322480.93780719786,259.3231930177443,0.1666567055,1.0,6,0.3409090909090909,28.77216735500553,9336.192944882532,29.287859255750625,0,TRUE,FALSE
ergun_full_phi0.341_d6_Re1.6e+04,,,1011234.9539075651,463.6434745372815,0.1666567055,1.0,6,0.3409090909090909,28.22506948049786,16692.16272383165,29.210230314630778,0,TRUE,FALSE
ergun_full_phi0.341_d6_Re2.9e+04,,,3203415.0639352784,799.740580876398,0.1666567055,1.0,6,0.3409090909090909,30.051502900734153,28792.38174583013,29.168823751525405,0,TRUE,FALSE
ergun_full_phi0.341_d6_Re5.3e+04,,,10510067.869374538,1443.0443950515457,0.1666567055,1.0,6,0.3409090909090909,30.282894690964543,51952.70327907253,29.143359847049858,0,TRUE,FALSE
ergun_full_phi0.341_d6_Re9.5e+04,,,36029099.87900504,2841.5533094903944,0.1666567055,1.0,6,0.3409090909090909,26.772753927822542,102302.03342728605,29.127779847716933,0,TRUE,FALSE
ergun_full_phi0.341_d6_Re1.7e+05,,,111227944.17239636,4654.9363704866155,0.1666567055,1.0,6,0.3409090909090909,30.79907425447072,167587.7255531113,29.1215172041662,0,TRUE,FALSE
ergun_full_phi0.341_d6_Re3.1e+05,,,374537283.6365803,8533.811480019425,0.1666567055,1.0,6,0.3409090909090909,30.85746304017804,307235.57582935994,29.11705667175692,0,TRUE,FALSE
ergun_full_phi0.341_d6_Re5.6e+05,,,1105456885.1291056,14968.987745131211,0.1666567055,1.0,6,0.3409090909090909,29.60112341828937,538915.7682034418,29.114755427775,0,TRUE,FALSE
ergun_full_phi0.341_d6_Re1.0e+06,,,3736018911.9271007,27650.944380776928,0.1666567055,1.0,6,0.3409090909090909,29.318407650997703,995493.4953677071,29.113355770974746,0,TRUE,FALSE
ergun_full_phi0.341_d10_Re1.0e-06,,,4.34043943797048e-08,1.683204362843693e-08,0.1666567055,1.0,10,0.3409090909090909,1532004371.6505046,1.0099829813590626e-06,1628366301.1940026,0,TRUE,FALSE
ergun_full_phi0.341_d10_Re1.8e-06,,,8.53926201186367e-08,2.9050069906340243e-08,0.1666567055,1.0,10,0.3409090909090909,1011872925.3681256,1.7431083747386476e-06,943499725.4336886,0,TRUE,FALSE
ergun_full_phi0.341_d10_Re3.2e-06,,,1.5013417993064304e-07,5.448554798483686e-08,0.1666567055,1.0,10,0.3409090909090909,505727919.03817785,3.2693282770333445e-06,503045940.3392501,0,TRUE,FALSE
ergun_full_phi0.341_d10_Re5.8e-06,,,2.7091759412774416e-07,9.709704139713035e-08,0.1666567055,1.0,10,0.3409090909090909,287359273.1012618,5.826170696571844e-06,282281875.6065085,0,TRUE,FALSE
ergun_full_phi0.341_d10_Re1.1e-05,,,4.4079260642907004e-07,1.6905922730904273e-07,0.1666567055,1.0,10,0.3409090909090909,154225626.0854302,1.0144159924548774e-05,162125058.13872567,0,TRUE,FALSE
ergun_full_phi0.341_d10_Re1.9e-05,,,9.0487534750899e-07,3.27653460456516e-07,0.1666567055,1.0,10,0.3409090909090909,84286736.42831762,1.9660382669481966e-05,83651616.6657499,0,TRUE,FALSE
ergun_full_phi0.341_d10_Re3.4e-05,,,1.5472251044580595e-06,5.818568015215444e-07,0.1666567055,1.0,10,0.3409090909090909,45700533.79994194,3.491349476613435e-05,47105660.708844356,0,TRUE,FALSE
ergun_full_phi0.341_d10_Re6.1e-05,,,2.9674337013433528e-06,1.064128223510795e-06,0.1666567055,1.0,10,0.3409090909090909,26205539.23767543,6.385150962382339e-05,25757011.709474646,0,TRUE,FALSE
ergun_full_phi0.341_d10_Re1.1e-04,,,5.2535318419976544e-06,1.8648592366870736e-06,0.1666567055,1.0,10,0.3409090909090909,15106340.061830454,0.00011189824202345543,14697509.541087816,0,TRUE,FALSE
ergun_full_phi0.341_d10_Re2.0e-04,,,8.066550451287253e-06,3.2308071203414128e-06,0.1666567055,1.0,10,0.3409090909090909,7727976.481056298,0.00019386001365192068,8483584.80346783,0,TRUE,FALSE
ergun_full_phi0.341_d10_Re3.6e-04,,,1.7151764963643985e-05,5.767808805274741e-06,0.1666567055,1.0,10,0.3409090909090909,5155693.668868226,0.0003460892130304796,4752047.2628079485,0,TRUE,FALSE
ergun_full_phi0.341_d10_Re6.4e-04,,,3.003589758477905e-05,1.1150127327651815e-05,0.1666567055,1.0,10,0.3409090909090909,2415911.166960323,0.0006690476266286095,2458183.2950009685,0,TRUE,FALSE
ergun_full_phi0.341_d10_Re1.2e-03,,,5.5224204693460395e-05,1.9130313567847345e-05,0.1666567055,1.0,10,0.3409090909090909,1508986.2858660445,0.0011478874198582634,1432767.3696291146,0,TRUE,FALSE
ergun_full_phi0.341_d10_Re2.1e-03,,,8.881153371015004e-05,3.4576222493722145e-05,0.1666567055,1.0,10,0.3409090909090909,742872.499972114,0.0020746973480597303,792733.7554727256,0,TRUE,FALSE
ergun_full_phi0.341_d10_Re3.8e-03,,,0.0001824148327861473,6.497995839186639e-05,0.1666567055,1.0,10,0.3409090909090909,432017.45243035036,0.0038990305368700805,421831.9692782514,0,TRUE,FALSE
ergun_full_phi0.341_d10_Re6.8e-03,,,0.00028181319987955166,0.00010442994585258889,0.1666567055,1.0,10,0.3409090909090909,258411.13618581262,0.006266171261413114,262489.5765731775,0,TRUE,FALSE
ergun_full_phi0.341_d10_Re1.2e-02,,,0.0005717866751229298,0.00020361090330721504,0.1666567055,1.0,10,0.3409090909090909,137921.4991469551,0.012217384394846029,134642.39463486988,0,TRUE,FALSE
ergun_full_phi0.341_d10_Re2.2e-02,,,0.0009738313519915278,0.0003666322608642643,0.1666567055,1.0,10,0.3409090909090909,72447.33233401769,0.02199925048105936,74787.2141962495,0,TRUE,FALSE
ergun_full_phi0.341_d10_Re3.9e-02,,,0.0018224332380025327,0.0006547255177952173,0.1666567055,1.0,10,0.3409090909090909,42514.1100106135,0.039285879066847225,41892.04722371083,0,TRUE,FALSE
ergun_full_phi0.341_d10_Re7.1e-02,,,0.003160450039816612,0.0011732615581879562,0.1666567055,1.0,10,0.3409090909090909,22959.331931595534,0.07039990108216534,23390.255639158193,0,TRUE,FALSE
ergun_full_phi0.341_d10_Re1.3e-01,,,0.005792567648156161,0.0022106447920773355,0.1666567055,1.0,10,0.3409090909090909,11853.133708952493,0.13264661541490363,12427.635533942646,0,TRUE,FALSE
ergun_full_phi0.341_d10_Re2.3e-01,,,0.009429711112969525,0.003792903717407615,0.1666567055,1.0,10,0.3409090909090909,6554.729158653307,0.22758782528601076,7255.430686959588,0,TRUE,FALSE
ergun_full_phi0.341_d10_Re4.1e-01,,,0.02018318161487404,0.007012813301544682,0.1666567055,1.0,10,0.3409090909090909,4103.9784727111055,0.42079394768455214,3937.490688886049,0,TRUE,FALSE
ergun_full_phi0.341_d10_Re7.5e-01,,,0.03672072804019312,0.012627266954611641,0.1666567055,1.0,10,0.3409090909090909,2302.9926877715275,0.757681301615052,2199.7106332491376,0,TRUE,FALSE
ergun_full_phi0.341_d10_Re1.3e+00,,,0.064696198153377,0.022658140321739014,0.1666567055,1.0,10,0.3409090909090909,1260.1731909985601,1.3595696767052086,1238.7755042437486,0,TRUE,FALSE
ergun_full_phi0.341_d10_Re2.4e+00,,,0.11521203108113667,0.04082972864866595,0.1666567055,1.0,10,0.3409090909090909,691.1062899367381,2.449930143894867,700.4052205088907,0,TRUE,FALSE
ergun_full_phi0.341_d10_Re4.3e+00,,,0.21839866773480204,0.0750936461195794,0.1666567055,1.0,10,0.3409090909090909,387.29652593724023,4.505888070587079,394.1057285126561,0,TRUE,FALSE
ergun_full_phi0.341_d10_Re7.8e+00,,,0.4043970650588175,0.12484957620122865,0.1666567055,1.0,10,0.3409090909090909,259.43815670192106,7.491422311911035,248.64574593856017,0,TRUE,FALSE
ergun_full_phi0.341_d10_Re1.4e+01,,,0.8194877392106367,0.2482398286067035,0.1666567055,1.0,10,0.3409090909090909,132.98404376477535,14.895279962599734,139.52401057887977,0,TRUE,FALSE
ergun_full_phi0.341_d10_Re2.5e+01,,,1.6159223124336393,0.42145768406132617,0.1666567055,1.0,10,0.3409090909090909,90.97300175445042,25.288972489698363,94.14488063061015,0,TRUE,FALSE
ergun_full_phi0.341_d10_Re4.6e+01,,,3.7186993518886178,0.7523825324614195,0.1666567055,1.0,10,0.3409090909090909,65.69217777915618,45.145650167758745,65.54095471926993,0,TRUE,FALSE
ergun_full_phi0.341_d10_Re8.2e+01,,,8.569412502393815,1.3198880371118071,0.1666567055,1.0,10,0.3409090909090909,49.190004642149376,79.19801565451004,49.87765609065051,0,TRUE,FALSE
ergun_full_phi0.341_d10_Re1.5e+02,,,22.049206385093278,2.3601288403577922,0.1666567055,1.0,10,0.3409090909090909,39.58416960136653,141.61619439655803,40.72493924664523,0,TRUE,FALSE
ergun_full_phi0.341_d10_Re2.7e+02,,,61.82196314573277,4.284514353358224,0.1666567055,1.0,10,0.3409090909090909,33.677480065060266,257.08622647399113,35.50886563952063,0,TRUE,FALSE
ergun_full_phi0.341_d10_Re4.8e+02,,,200.38146156920317,7.590413311619278,0.1666567055,1.0,10,0.3409090909090909,34.779768800454264,455.452019698018,32.72267072348479,0,TRUE,FALSE
ergun_full_phi0.341_d10_Re8.6e+02,,,600.9038017134593,14.6091669349528,0.1666567055,1.0,10,0.3409090909090909,28.154903834575588,876.6024079932864,30.987836152378,0,TRUE,FALSE
ergun_full_phi0.341_d10_Re1.6e+03,,,1889.5715364068826,25.441117639437355,0.1666567055,1.0,10,0.3409090909090909,29.193822692987695,1526.5582961759287,30.18904364305752,0,TRUE,FALSE
ergun_full_phi0.341_d10_Re2.8e+03,,,5764.601428254702,45.66979964389185,0.1666567055,1.0,10,0.3409090909090909,27.63828382054742,2740.3517612372248,29.711853744835555,0,TRUE,FALSE
ergun_full_phi0.341_d10_Re5.0e+03,,,21269.950058051203,85.85769375697825,0.1666567055,1.0,10,0.3409090909090909,28.854133242385117,5151.769531228268,29.43093813611632,0,TRUE,FALSE
ergun_full_phi0.341_d10_Re9.1e+03,,,70616.17629665745,153.23890342422587,0.1666567055,1.0,10,0.3409090909090909,30.072264100779666,9194.883756071002,29.290566456714195,0,TRUE,FALSE
ergun_full_phi0.341_d10_Re1.6e+04,,,214346.60800487408,283.4713676805876,0.1666567055,1.0,10,0.3409090909090909,26.674618515030087,17009.298655588005,29.208393300113492,0,TRUE,FALSE
ergun_full_phi0.341_d10_Re2.9e+04,,,827048.8730222041,515.8932645929042,0.1666567055,1.0,10,0.3409090909090909,31.075022982382873,30955.445989714717,29.16483239139145,0,TRUE,FALSE
ergun_full_phi0.341_d10_Re5.3e+04,,,2640397.0254709385,896.7955191378036,0.1666567055,1.0,10,0.3409090909090909,32.830868799766044,53810.94726715353,29.14226667101327,0,TRUE,FALSE
ergun_full_phi0.341_d10_Re9.5e+04,,,7737407.682568857,1596.6761157226288,0.1666567055,1.0,10,0.3409090909090909,30.350218545218816,95806.29299807134,29.1288698226585,0,TRUE,FALSE
ergun_full_phi0.341_d10_Re1.7e+05,,,24062211.468922228,2794.1175427332905,0.1666567055,1.0,10,0.3409090909090909,30.820962365906997,167657.0729242749,29.121513145044517,0,TRUE,FALSE
ergun_full_phi0.341_d10_Re3.1e+05,,,76048592.68547857,5168.577959381079,0.1666567055,1.0,10,0.3409090909090909,28.467480976822245,310133.21329462377,29.11700665789153,0,TRUE,FALSE
ergun_full_phi0.341_d10_Re5.6e+05,,,279035986.7439915,9864.7229764637,0.1666567055,1.0,10,0.3409090909090909,28.674141855358116,591918.7557960997,29.114482163088752,0,TRUE,FALSE
ergun_full_phi0.341_d10_Re1.0e+06,,,801096363.7113131,16670.10153793722,0.1666567055,1.0,10,0.3409090909090909,28.827585583721138,1000265.875166794,29.11334788877796,0,TRUE,FALSE
ergun_full_phi0.405_d6_Re1.0e-06,,,1.0369773619893266e-07,2.7153513381999246e-08,0.1666567055,1.0,6,0.40454545454545454,843856236.5380915,9.775849090692333e-07,821735464.7359512,0,TRUE,FALSE
ergun_full_phi0.405_d6_Re1.8e-06,,,1.9351437319339043e-07,5.112240863069877e-08,0.1666567055,1.0,6,0.40454545454545454,444264757.6345321,1.8405167128675337e-06,436462324.7040274,0,TRUE,FALSE
ergun_full_phi0.405_d6_Re3.2e-06,,,3.2798158614230327e-07,8.385988383273435e-08,0.1666567055,1.0,6,0.40454545454545454,279828664.17972803,3.0191362626954493e-06,266074847.84015778,0,TRUE,FALSE
ergun_full_phi0.405_d6_Re5.8e-06,,,5.611261596948942e-07,1.6034882848639508e-07,0.1666567055,1.0,6,0.40454545454545454,130942365.94487293,5.772902854595133e-06,139152915.83475274,0,TRUE,FALSE
ergun_full_phi0.405_d6_Re1.1e-05,,,1.1361539931271124e-06,2.9703538279504074e-07,0.1666567055,1.0,6,0.40454545454545454,77263091.00285153,1.069391292371518e-05,75119027.8274422,0,TRUE,FALSE
ergun_full_phi0.405_d6_Re1.9e-05,,,2.14176821660928e-06,5.089525000982614e-07,0.1666567055,1.0,6,0.40454545454545454,49609998.704067156,1.8323385137296913e-05,43841051.01562372,0,TRUE,FALSE
ergun_full_phi0.405_d6_Re3.4e-05,,,3.1088646744090318e-06,9.116463794361982e-07,0.1666567055,1.0,6,0.40454545454545454,22443999.243901964,3.282123128623342e-05,24475519.634318754,0,TRUE,FALSE
ergun_full_phi0.405_d6_Re6.1e-05,,,6.563381659021966e-06,1.6438722947811854e-06,0.1666567055,1.0,6,0.40454545454545454,14572791.702680664,5.918293979888563e-05,13573457.290440192,0,TRUE,FALSE
ergun_full_phi0.405_d6_Re1.1e-04,,,1.1124030050276909e-05,3.0474285033930233e-06,0.1666567055,1.0,6,0.40454545454545454,7186978.624356932,0.00010971398339779458,7321928.127357899,0,TRUE,FALSE
ergun_full_phi0.405_d6_Re2.0e-04,,,1.9869512991235366e-05,5.50470487173905e-06,0.1666567055,1.0,6,0.40454545454545454,3934326.4576161476,0.00019818122007958627,4053458.2090686313,0,TRUE,FALSE
ergun_full_phi0.405_d6_Re3.6e-04,,,3.5023187402633884e-05,9.724554253335771e-06,0.1666567055,1.0,6,0.40454545454545454,2222120.0150625845,0.0003501048778383215,2294517.2587793316,0,TRUE,FALSE
ergun_full_phi0.405_d6_Re6.4e-04,,,7.14459029074632e-05,1.8256016331860444e-05,0.1666567055,1.0,6,0.40454545454545454,1286223.8202650968,0.0006572558701585677,1222243.2014529856,0,TRUE,FALSE
ergun_full_phi0.405_d6_Re1.2e-03,,,0.00011731831701587707,3.1171284781415765e-05,0.1666567055,1.0,6,0.40454545454545454,724448.7523503609,0.0011222333246500818,715834.9513228481,0,TRUE,FALSE
ergun_full_phi0.405_d6_Re2.1e-03,,,0.00020894160425452449,5.9304807399412905e-05,0.1666567055,1.0,6,0.40454545454545454,356448.15872449527,0.0021351006749409035,376258.50085143826,0,TRUE,FALSE
ergun_full_phi0.405_d6_Re3.8e-03,,,0.00036265089880996743,0.00010270504333176717,0.1666567055,1.0,6,0.40454545454545454,206279.6891345459,0.003697602554555496,217268.98981477588,0,TRUE,FALSE
ergun_full_phi0.405_d6_Re6.8e-03,,,0.0006750131260881905,0.0001805669152921132,0.1666567055,1.0,6,0.40454545454545454,124218.73743359113,0.006500797483679283,123587.68197808159,0,TRUE,FALSE
ergun_full_phi0.405_d6_Re1.2e-02,,,0.0012688194105555531,0.0003305118066847788,0.1666567055,1.0,6,0.40454545454545454,69691.06606733738,0.011899136216326277,67526.20050226344,0,TRUE,FALSE
ergun_full_phi0.405_d6_Re2.2e-02,,,0.002308164563110645,0.0006077342892098482,0.1666567055,1.0,6,0.40454545454545454,37496.483312150056,0.02187974209810051,36730.80522755553,0,TRUE,FALSE
ergun_full_phi0.405_d6_Re3.9e-02,,,0.003913438568023643,0.0010854457365547948,0.1666567055,1.0,6,0.40454545454545454,19929.36847272336,0.039078382113636394,20572.27541299406,0,TRUE,FALSE
ergun_full_phi0.405_d6_Re7.1e-02,,,0.007319040260768888,0.001965866429834521,0.1666567055,1.0,6,0.40454545454545454,11363.11425606697,0.07077542150866006,11365.953190602935,0,TRUE,FALSE
ergun_full_phi0.405_d6_Re1.3e-01,,,0.013230957116785597,0.0034742258418262416,0.1666567055,1.0,6,0.40454545454545454,6576.978461102545,0.12507960593855283,6438.17855268003,0,TRUE,FALSE
ergun_full_phi0.405_d6_Re2.3e-01,,,0.024600116118896148,0.006532823584072145,0.1666567055,1.0,6,0.40454545454545454,3458.490177944565,0.23519570596835584,3431.2615548796575,0,TRUE,FALSE
ergun_full_phi0.405_d6_Re4.1e-01,,,0.04399328129387944,0.012106472161135572,0.1666567055,1.0,6,0.40454545454545454,1800.9530476879368,0.4358590477885898,1858.8033978401206,0,TRUE,FALSE
ergun_full_phi0.405_d6_Re7.5e-01,,,0.07775358834836464,0.0210278433037247,0.1666567055,1.0,6,0.40454545454545454,1055.0723147201952,0.7570476053983209,1076.856392906357,0,TRUE,FALSE
ergun_full_phi0.405_d6_Re1.3e+00,,,0.13744235097886387,0.03753082104721447,0.1666567055,1.0,6,0.40454545454545454,585.4579326089477,1.351190314291235,610.2640905309646,0,TRUE,FALSE
ergun_full_phi0.405_d6_Re2.4e+00,,,0.27299582052836985,0.06937117063613099,0.1666567055,1.0,6,0.40454545454545454,340.3683756363094,2.497511411665257,337.3859217549342,0,TRUE,FALSE
ergun_full_phi0.405_d6_Re4.3e+00,,,0.4755136225731355,0.12517078345751007,0.1666567055,1.0,6,0.40454545454545454,182.09929838103025,4.5064175395274475,193.9997581930626,0,TRUE,FALSE
ergun_full_phi0.405_d6_Re7.8e+00,,,0.8769996152781189,0.21421931945940884,0.1666567055,1.0,6,0.40454545454545454,114.66566198412931,7.712356444946362,119.89890110727065,0,TRUE,FALSE
ergun_full_phi0.405_d6_Re1.4e+01,,,1.7596722813458483,0.3851918855357564,0.1666567055,1.0,6,0.40454545454545454,71.15882758435932,13.867736712307316,73.6662584737034,0,TRUE,FALSE
ergun_full_phi0.405_d6_Re2.5e+01,,,3.9002164151997802,0.7020311023183993,0.1666567055,1.0,6,0.40454545454545454,47.48180823622489,25.274630272289855,47.52277217501519,0,TRUE,FALSE
ergun_full_phi0.405_d6_Re4.6e+01,,,8.676446646519425,1.2668115812155778,0.1666567055,1.0,6,0.40454545454545454,32.43912273143276,45.607942773676555,33.35278842306591,0,TRUE,FALSE
ergun_full_phi0.405_d6_Re8.2e+01,,,23.371074053122243,2.29618613705466,0.1666567055,1.0,6,0.40454545454545454,26.595964259675625,82.66764173091109,25.45669338872906,0,TRUE,FALSE
ergun_full_phi0.405_d6_Re1.5e+02,,,56.864897341551064,4.000632962783771,0.1666567055,1.0,6,0.40454545454545454,21.317589348937904,144.0313949845998,21.316642202835695,0,TRUE,FALSE
ergun_full_phi0.405_d6_Re2.7e+02,,,174.48661455664475,7.383094029163807,0.1666567055,1.0,6,0.40454545454545454,19.205984222376145,265.807271553096,18.76144895513095,0,TRUE,FALSE
ergun_full_phi0.405_d6_Re4.8e+02,,,512.7164449463787,13.295069222342953,0.1666567055,1.0,6,0.40454545454545454,17.40392855978063,478.65109954461275,17.41756535566024,0,TRUE,FALSE
ergun_full_phi0.405_d6_Re8.6e+02,,,1509.5190558516097,23.27710318994092,0.1666567055,1.0,6,0.40454545454545454,16.715985528313844,838.0258011259291,16.697855314492664,0,TRUE,FALSE
ergun_full_phi0.405_d6_Re1.6e+03,,,4906.274815001426,41.99038177847272,0.1666567055,1.0,6,0.40454545454545454,16.695655485591086,1511.7440964344294,16.270657343651962,0,TRUE,FALSE
ergun_full_phi0.405_d6_Re2.8e+03,,,16063.675470052762,77.47029865409705,0.1666567055,1.0,6,0.40454545454545454,16.05926673680586,2789.0974475346407,16.027293759186517,0,TRUE,FALSE
ergun_full_phi0.405_d6_Re5.0e+03,,,51187.01821526609,136.2034253813767,0.1666567055,1.0,6,0.40454545454545454,16.555222509629573,4903.616388170232,15.903094811869707,0,TRUE,FALSE
ergun_full_phi0.405_d6_Re9.1e+03,,,182056.38928192962,257.12150046156086,0.1666567055,1.0,6,0.40454545454545454,16.52267604681635,9256.92727538866,15.826053644545038,0,TRUE,FALSE
ergun_full_phi0.405_d6_Re1.6e+04,,,616420.2636951162,484.68295157043053,0.1666567055,1.0,6,0.40454545454545454,15.74391257251962,17449.629168522013,15.785309930982548,0,TRUE,FALSE
ergun_full_phi0.405_d6_Re2.9e+04,,,1869574.4263459651,846.1270604771338,0.1666567055,1.0,6,0.40454545454545454,15.668334684974887,30462.39482312821,15.765644391028717,0,TRUE,FALSE
ergun_full_phi0.405_d6_Re5.3e+04,,,5910186.299748506,1486.6553409404512,0.1666567055,1.0,6,0.40454545454545454,16.04470846693658,53522.791170516124,15.754282503589028,0,TRUE,FALSE
ergun_full_phi0.405_d6_Re9.5e+04,,,19277144.87472369,2665.890263563343,0.1666567055,1.0,6,0.40454545454545454,16.27456632632015,95977.78579260381,15.747643455392222,0,TRUE,FALSE
ergun_full_phi0.405_d6_Re1.7e+05,,,58527646.93384146,4717.958955726112,0.1666567055,1.0,6,0.40454545454545454,15.776257912022269,169856.67422998874,15.744003018382793,0,TRUE,FALSE
ergun_full_phi0.405_d6_Re3.1e+05,,,217206938.1277419,8709.790419915009,0.1666567055,1.0,6,0.40454545454545454,17.1794610131771,313571.1963266312,15.74183547206304,0,TRUE,FALSE
ergun_full_phi0.405_d6_Re5.6e+05,,,542512340.2507685,15044.489912316458,0.1666567055,1.0,6,0.40454545454545454,14.381557989851023,541634.0086831894,15.740756776485018,0,TRUE,FALSE
ergun_full_phi0.405_d6_Re1.0e+06,,,1974866036.3174064,27375.65204929926,0.1666567055,1.0,6,0.40454545454545454,15.81102213875271,985582.3790768237,15.740088709328264,0,TRUE,FALSE
ergun_full_phi0.405_d10_Re1.0e-06,,,2.2532757141437203e-08,1.6753383883622435e-08,0.1666567055,1.0,10,0.40454545454545454,802803497.7442307,1.005263114577915e-06,799110380.5154397,0,TRUE,FALSE
ergun_full_phi0.405_d10_Re1.8e-06,,,4.3697469654715835e-08,3.108510352035117e-08,0.1666567055,1.0,10,0.40454545454545454,452221965.7044559,1.86521768968673e-06,430682277.99108756,0,TRUE,FALSE
ergun_full_phi0.405_d10_Re3.2e-06,,,7.052326845234554e-08,5.392860506837902e-08,0.1666567055,1.0,10,0.40454545454545454,242490125.3818238,3.2359097047180627e-06,248250507.0972745,0,TRUE,FALSE
ergun_full_phi0.405_d10_Re5.8e-06,,,1.2654484351596658e-07,9.622150529190585e-08,0.1666567055,1.0,10,0.40454545454545454,136678486.06318125,5.773635390380728e-06,139135260.67087469,0,TRUE,FALSE
ergun_full_phi0.405_d10_Re1.1e-05,,,2.1513932874150959e-07,1.7384415360809893e-07,0.1666567055,1.0,10,0.40454545454545454,71186825.98413658,1.0431272662359148e-05,77010386.39952095,0,TRUE,FALSE
ergun_full_phi0.405_d10_Re1.9e-05,,,4.0728181870115853e-07,3.107504122895695e-07,0.1666567055,1.0,10,0.40454545454545454,42176602.862510376,1.8646139161173413e-05,43082187.72365507,0,TRUE,FALSE
ergun_full_phi0.405_d10_Re3.4e-05,,,7.45528639727545e-07,5.639970010412032e-07,0.1666567055,1.0,10,0.40454545454545454,23437470.706763856,3.3841842687884117e-05,23737380.799302768,0,TRUE,FALSE
ergun_full_phi0.405_d10_Re6.1e-05,,,1.3582231769766446e-06,1.0418670534331256e-06,0.1666567055,1.0,10,0.40454545454545454,12512570.217274645,6.251575958539067e-05,12849834.401224442,0,TRUE,FALSE
ergun_full_phi0.405_d10_Re1.1e-04,,,2.4953996392769602e-06,1.8141025240580107e-06,0.1666567055,1.0,10,0.40454545454545454,7582570.42820731,0.00010885265724024593,7379864.743909366,0,TRUE,FALSE
ergun_full_phi0.405_d10_Re2.0e-04,,,4.446727236218784e-06,3.2857101896888497e-06,0.1666567055,1.0,10,0.40454545454545454,4118906.953219964,0.00019715439470803948,4074569.468476541,0,TRUE,FALSE
ergun_full_phi0.405_d10_Re3.6e-04,,,8.310177566133033e-06,6.077639636407755e-06,0.1666567055,1.0,10,0.40454545454545454,2249781.8671581307,0.00036468017402442626,2202812.1384345586,0,TRUE,FALSE
ergun_full_phi0.405_d10_Re6.4e-04,,,1.4323260859513272e-05,1.0804203503476395e-05,0.1666567055,1.0,10,0.40454545454545454,1227033.4155248362,0.0006482909566141876,1239144.8154863368,0,TRUE,FALSE
ergun_full_phi0.405_d10_Re1.2e-03,,,2.661143210966667e-05,1.9703204502970308e-05,0.1666567055,1.0,10,0.40454545454545454,685479.5722058633,0.001182262930486785,679489.1063829574,0,TRUE,FALSE
ergun_full_phi0.405_d10_Re2.1e-03,,,4.5482684035371e-05,3.422899008511964e-05,0.1666567055,1.0,10,0.40454545454545454,388202.1302481395,0.0020538621582867926,391140.4167234958,0,TRUE,FALSE
ergun_full_phi0.405_d10_Re3.8e-03,,,7.696269133288498e-05,6.031426939698935e-05,0.1666567055,1.0,10,0.40454545454545454,211563.1883229211,0.003619072464923372,221983.15826628462,0,TRUE,FALSE
ergun_full_phi0.405_d10_Re6.8e-03,,,0.00013774538251852815,0.00010643339839403608,0.1666567055,1.0,10,0.40454545454545454,121596.53256600701,0.006386385598750245,125801.46920883146,0,TRUE,FALSE
ergun_full_phi0.405_d10_Re1.2e-02,,,0.0002748291579849098,0.00021102299158176982,0.1666567055,1.0,10,0.40454545454545454,61716.77957392483,0.012662136272804804,63458.12821015254,0,TRUE,FALSE
ergun_full_phi0.405_d10_Re2.2e-02,,,0.0005004194809150443,0.0003736879237251405,0.1666567055,1.0,10,0.40454545454545454,35835.71563084575,0.022422615555972362,35841.89756374442,0,TRUE,FALSE
ergun_full_phi0.405_d10_Re3.9e-02,,,0.0009215908656300797,0.0006433393835274231,0.1666567055,1.0,10,0.40454545454545454,22266.803903275497,0.03860267017743388,20825.59958884821,0,TRUE,FALSE
ergun_full_phi0.405_d10_Re7.1e-02,,,0.0014782762619482029,0.001203572027847141,0.1666567055,1.0,10,0.40454545454545454,10204.962932082104,0.07221863796216355,11139.130642601896,0,TRUE,FALSE
ergun_full_phi0.405_d10_Re1.3e-01,,,0.0027942462317406052,0.0021967165799727643,0.1666567055,1.0,10,0.40454545454545454,5790.507361429865,0.13181087273879682,6110.199901167404,0,TRUE,FALSE
ergun_full_phi0.405_d10_Re2.3e-01,,,0.0053011038983267105,0.003812474158589057,0.1666567055,1.0,10,0.40454545454545454,3647.140540107354,0.22876212194108547,3527.3178836411867,0,TRUE,FALSE
ergun_full_phi0.405_d10_Re4.1e-01,,,0.009759366258059395,0.006838129666765444,0.1666567055,1.0,10,0.40454545454545454,2087.1177585761425,0.4103123031413485,1973.5557174486441,0,TRUE,FALSE
ergun_full_phi0.405_d10_Re7.5e-01,,,0.01595842199343981,0.012708128494209575,0.1666567055,1.0,10,0.40454545454545454,988.1588174494439,0.762533283979358,1069.2226966790345,0,TRUE,FALSE
ergun_full_phi0.405_d10_Re1.3e+00,,,0.030709605128196676,0.022045862805698785,0.1666567055,1.0,10,0.40454545454545454,631.8587898515788,1.322830829972142,623.0097998385064,0,TRUE,FALSE
ergun_full_phi0.405_d10_Re2.4e+00,,,0.05483628032519368,0.03956488913583393,0.1666567055,1.0,10,0.40454545454545454,350.3064078993909,2.3740352371140525,354.11511643803595,0,TRUE,FALSE
ergun_full_phi0.405_d10_Re4.3e+00,,,0.10976466380114062,0.07422341460111485,0.1666567055,1.0,10,0.40454545454545454,199.24190785818064,4.453671058625052,196.11096333602543,0,TRUE,FALSE
ergun_full_phi0.405_d10_Re7.8e+00,,,0.19694066979543773,0.1268952076150636,0.1666567055,1.0,10,0.40454545454545454,122.30521329495522,7.614167532854751,121.24209725584103,0,TRUE,FALSE
ergun_full_phi0.405_d10_Re1.4e+01,,,0.36920521976368004,0.23055885296754344,0.1666567055,1.0,10,0.40454545454545454,69.4551137107989,13.834358016128157,73.80602117357168,0,TRUE,FALSE
ergun_full_phi0.405_d10_Re2.5e+01,,,0.8216430064886475,0.40865310294911694,0.1666567055,1.0,10,0.40454545454545454,49.20095824407487,24.520651702737336,48.5000739633179,0,TRUE,FALSE
ergun_full_phi0.405_d10_Re4.6e+01,,,1.9285170825027873,0.7603805013934984,0.1666567055,1.0,10,0.40454545454545454,33.35504622689555,45.625556986274304,33.3459885456629,0,TRUE,FALSE
ergun_full_phi0.405_d10_Re8.2e+01,,,4.488366362405195,1.3236788858835171,0.1666567055,1.0,10,0.40454545454545454,25.616690197167266,79.42548017568468,25.853360108901718,0,TRUE,FALSE
ergun_full_phi0.405_d10_Re1.5e+02,,,11.644152337222032,2.3906856419498603,0.1666567055,1.0,10,0.40454545454545454,20.373372795284748,143.44971207593326,21.339258211751485,0,TRUE,FALSE
ergun_full_phi0.405_d10_Re2.7e+02,,,34.1841158842236,4.417771997787557,0.1666567055,1.0,10,0.40454545454545454,17.515307084207258,265.0821630328914,18.76971584507994,0,TRUE,FALSE
ergun_full_phi0.405_d10_Re4.8e+02,,,130.87762324669112,8.15443036885588,0.1666567055,1.0,10,0.40454545454545454,19.68240402104558,489.2950658295523,17.381056341639987,0,TRUE,FALSE
ergun_full_phi0.405_d10_Re8.6e+02,,,336.4292076045706,14.587166406067889,0.1666567055,1.0,10,0.40454545454545454,15.810726207763707,875.2822973611396,16.657053170331,0,TRUE,FALSE
ergun_full_phi0.405_d10_Re1.6e+03,,,992.9165718512431,25.69087658729447,0.1666567055,1.0,10,0.40454545454545454,15.043708632069293,1541.5447287414709,16.26038480986361,0,TRUE,FALSE
ergun_full_phi0.405_d10_Re2.8e+03,,,3494.3281691212987,46.10111206302143,0.1666567055,1.0,10,0.40454545454545454,16.441479143086276,2766.2320531724076,16.029674504345007,0,TRUE,FALSE
ergun_full_phi0.405_d10_Re5.0e+03,,,11018.998621926206,85.43374585537671,0.1666567055,1.0,10,0.40454545454545454,15.096741953470175,5126.331136755653,15.895977559837537,0,TRUE,FALSE
ergun_full_phi0.405_d10_Re9.1e+03,,,38980.392598928505,152.4639334622858,0.1666567055,1.0,10,0.40454545454545454,16.7691854940772,9148.382779130709,15.827083279171015,0,TRUE,FALSE
ergun_full_phi0.405_d10_Re1.6e+04,,,125303.93629398741,286.71838882392,0.1666567055,1.0,10,0.40454545454545454,15.24240928715008,17204.13156876667,15.785966854492228,0,TRUE,FALSE
ergun_full_phi0.405_d10_Re2.9e+04,,,359945.3730208423,477.14280556377827,0.1666567055,1.0,10,0.40454545454545454,15.81028998100188,28630.27947974036,15.767331913998119,0,TRUE,FALSE
ergun_full_phi0.405_d10_Re5.3e+04,,,1000151.1117087767,807.3789932418991,0.1666567055,1.0,10,0.40454545454545454,15.343015752563751,48445.63504478367,15.755855448899831,0,TRUE,FALSE
ergun_full_phi0.405_d10_Re9.5e+04,,,3813082.8759027584,1574.0397970688348,0.1666567055,1.0,10,0.40454545454545454,15.3902199778507,94448.03269970044,15.747779019340282,0,TRUE,FALSE
ergun_full_phi0.405_d10_Re1.7e+05,,,11541090.41745276,2724.1393741726365,0.1666567055,1.0,10,0.40454545454545454,15.552069792233022,163458.13185252462,15.744188149070482,0,TRUE,FALSE
ergun_full_phi0.405_d10_Re3.1e+05,,,41270442.02931184,5024.191556782716,0.1666567055,1.0,10,0.40454545454545454,16.349585311508992,301469.51133524696,15.74193830986733,0,TRUE,FALSE
ergun_full_phi0.405_d10_Re5.6e+05,,,125883447.86261432,9006.10460777867,0.1666567055,1.0,10,0.40454545454545454,15.520105005960891,540398.5744683205,15.74076016715886,0,TRUE,FALSE
ergun_full_phi0.405_d10_Re1.0e+06,,,443513831.64142674,16549.609563580747,0.1666567055,1.0,10,0.40454545454545454,16.193162112041446,993035.9245929499,15.740082591581038,0,TRUE,FALSE
ergun_full_phi0.468_d6_Re1.0e-06,,,4.841713481376405e-08,2.5733648964028587e-08,0.1666567055,1.0,6,0.46818181818181814,438679753.9043598,9.264667348423705e-07,446215002.2511569,0,TRUE,FALSE
ergun_full_phi0.468_d6_Re1.8e-06,,,9.614527125785084e-08,5.115494133463904e-08,0.1666567055,1.0,6,0.46818181818181814,220446900.78513718,1.8416879602113235e-06,224469819.7549065,0,TRUE,FALSE
ergun_full_phi0.468_d6_Re3.2e-06,,,1.6726378895204712e-07,8.598360128519675e-08,0.1666567055,1.0,6,0.46818181818181814,135744398.99973887,3.0955946606731677e-06,133545706.45084107,0,TRUE,FALSE
ergun_full_phi0.468_d6_Re5.8e-06,,,3.090554177795837e-07,1.636875418300741e-07,0.1666567055,1.0,6,0.46818181818181814,69208009.41795175,5.893103719012642e-06,70150369.13092336,0,TRUE,FALSE
ergun_full_phi0.468_d6_Re1.1e-05,,,5.195749117345696e-07,2.817327610300544e-07,0.1666567055,1.0,6,0.46818181818181814,39275771.073238455,1.0142985612903085e-05,40757569.372047074,0,TRUE,FALSE
ergun_full_phi0.468_d6_Re1.9e-05,,,9.529319975414263e-07,5.202108488524061e-07,0.1666567055,1.0,6,0.46818181818181814,21127803.55734272,1.872870991749226e-05,22073251.144494057,0,TRUE,FALSE
ergun_full_phi0.468_d6_Re3.4e-05,,,1.6434575320575626e-06,8.924188802683998e-07,0.1666567055,1.0,6,0.46818181818181814,12381470.77748964,3.212899994360202e-05,12866993.677785832,0,TRUE,FALSE
ergun_full_phi0.468_d6_Re6.1e-05,,,3.16946037878783e-06,1.6986391641108098e-06,0.1666567055,1.0,6,0.46818181818181814,6590742.003310181,6.115466493884855e-05,6759973.30365481,0,TRUE,FALSE
ergun_full_phi0.468_d6_Re1.1e-04,,,5.874244875076848e-06,3.0566105478644153e-06,0.1666567055,1.0,6,0.46818181818181814,3772446.4366400857,0.00011004455675614259,3756699.6310163466,0,TRUE,FALSE
ergun_full_phi0.468_d6_Re2.0e-04,,,1.2105336687328135e-05,5.6653300522644945e-06,0.1666567055,1.0,6,0.46818181818181814,2262964.239482599,0.0002039640722022251,2026853.028820808,0,TRUE,FALSE
ergun_full_phi0.468_d6_Re3.6e-04,,,1.8105078473392823e-05,1.0148392523991523e-05,0.1666567055,1.0,6,0.46818181818181814,1054768.4930021234,0.00036536396757194466,1131492.697516408,0,TRUE,FALSE
ergun_full_phi0.468_d6_Re6.4e-04,,,3.1435039171778674e-05,1.650309061883478e-05,0.1666567055,1.0,6,0.46818181818181814,692523.7745602858,0.000594146772648213,695802.3759403508,0,TRUE,FALSE
ergun_full_phi0.468_d6_Re1.2e-03,,,5.822466776094449e-05,3.224270259043089e-05,0.1666567055,1.0,6,0.46818181818181814,336043.4190901277,0.0011608066711878287,356143.6071522179,0,TRUE,FALSE
ergun_full_phi0.468_d6_Re2.1e-03,,,0.00010755365354783322,5.8393531325583934e-05,0.1666567055,1.0,6,0.46818181818181814,189254.815388926,0.002102292775453332,196653.1104574892,0,TRUE,FALSE
ergun_full_phi0.468_d6_Re3.8e-03,,,0.00019872288532621663,0.00010553243146107118,0.1666567055,1.0,6,0.46818181818181814,107060.00167662461,0.0037993946110162794,108816.75810642749,0,TRUE,FALSE
ergun_full_phi0.468_d6_Re6.8e-03,,,0.00033322968031673306,0.0001899491044431664,0.1666567055,1.0,6,0.46818181818181814,55414.11813489195,0.0068385764811545405,60460.7359006845,0,TRUE,FALSE
ergun_full_phi0.468_d6_Re1.2e-02,,,0.0006336466456293647,0.0003334764830397596,0.1666567055,1.0,6,0.46818181818181814,34187.548933334685,0.012005870944320075,34442.50154614417,0,TRUE,FALSE
ergun_full_phi0.468_d6_Re2.2e-02,,,0.0012260303332904904,0.000582817544713091,0.1666567055,1.0,6,0.46818181818181814,21656.44823349424,0.020982685681846424,19711.18689134625,0,TRUE,FALSE
ergun_full_phi0.468_d6_Re3.9e-02,,,0.0022121628593518646,0.001077384133767206,0.1666567055,1.0,6,0.46818181818181814,11434.763739264083,0.03878814706680516,10667.050305424613,0,TRUE,FALSE
ergun_full_phi0.468_d6_Re7.1e-02,,,0.0036613611951093715,0.0019323232021038316,0.1666567055,1.0,6,0.46818181818181814,5883.480081234242,0.06956779313403018,5951.522059480172,0,TRUE,FALSE
ergun_full_phi0.468_d6_Re1.3e-01,,,0.007165236477757987,0.0036768793770185545,0.1666567055,1.0,6,0.46818181818181814,3179.9699289029436,0.13237556926331612,3132.0269981054416,0,TRUE,FALSE
ergun_full_phi0.468_d6_Re2.3e-01,,,0.012524007277909826,0.006425041156924193,0.1666567055,1.0,6,0.46818181818181814,1820.2990136232481,0.23131530667120476,1796.2544007707081,0,TRUE,FALSE
ergun_full_phi0.468_d6_Re4.1e-01,,,0.02089768989532932,0.011038075842257482,0.1666567055,1.0,6,0.46818181818181814,1029.11233372381,0.39739448139723904,1049.353533765672,0,TRUE,FALSE
ergun_full_phi0.468_d6_Re7.5e-01,,,0.0394982074860951,0.0201164154130777,0.1666567055,1.0,6,0.46818181818181814,585.635569481999,0.7242342401786299,579.883382356967,0,TRUE,FALSE
ergun_full_phi0.468_d6_Re1.3e+00,,,0.07204075988383964,0.03666430481729945,0.1666567055,1.0,6,0.46818181818181814,321.5456404584016,1.3199938654961394,322.25477218667396,0,TRUE,FALSE
ergun_full_phi0.468_d6_Re2.4e+00,,,0.13462316004407118,0.066933453487954,0.1666567055,1.0,6,0.46818181818181814,180.29536590656588,2.4097483489959184,180.62353479958207,0,TRUE,FALSE
ergun_full_phi0.468_d6_Re4.3e+00,,,0.2447779413582624,0.12064704794204328,0.1666567055,1.0,6,0.46818181818181814,100.8997589452683,4.343553327065257,104.24526538016659,0,TRUE,FALSE
ergun_full_phi0.468_d6_Re7.8e+00,,,0.45484085882728525,0.2106474156532566,0.1666567055,1.0,6,0.46818181818181814,61.503304516250765,7.583760222114432,63.5806208824296,0,TRUE,FALSE
ergun_full_phi0.468_d6_Re1.4e+01,,,1.0396871032177748,0.4041742190558936,0.1666567055,1.0,6,0.46818181818181814,38.187101143935195,14.551141564090031,37.479334530060335,0,TRUE,FALSE
ergun_full_phi0.468_d6_Re2.5e+01,,,2.3031563152623034,0.7170908902339311,0.1666567055,1.0,6,0.46818181818181814,26.873625097535765,25.816815042006134,25.081911529937823,0,TRUE,FALSE
ergun_full_phi0.468_d6_Re4.6e+01,,,4.727530144608678,1.2242761797503514,0.1666567055,1.0,6,0.46818181818181814,18.924602134341526,44.076576795778,18.448169560355286,0,TRUE,FALSE
ergun_full_phi0.468_d6_Re8.2e+01,,,11.426405101086416,2.2108444946710835,0.1666567055,1.0,6,0.46818181818181814,14.026343633645801,79.59515897202529,14.262787596664959,0,TRUE,FALSE
ergun_full_phi0.468_d6_Re1.5e+02,,,37.15274071785923,4.170550542013358,0.1666567055,1.0,6,0.46818181818181814,12.816083542588744,150.14879345541934,11.822253503781877,0,TRUE,FALSE
ergun_full_phi0.468_d6_Re2.7e+02,,,92.358397727174,7.227910384695389,0.1666567055,1.0,6,0.46818181818181814,10.607233317509031,260.2203264372842,10.657628955076525,0,TRUE,FALSE
ergun_full_phi0.468_d6_Re4.8e+02,,,291.32490193816363,13.790722631245446,0.1666567055,1.0,6,0.46818181818181814,9.19083166588398,496.4956887826675,9.901604701571598,0,TRUE,FALSE
ergun_full_phi0.468_d6_Re8.6e+02,,,920.3279031453031,24.241509748293197,0.1666567055,1.0,6,0.46818181818181814,9.396681612642803,872.7465123793604,9.542643223510536,0,TRUE,FALSE
ergun_full_phi0.468_d6_Re1.6e+03,,,2772.195937622051,42.04103950689528,0.1666567055,1.0,6,0.46818181818181814,9.41083765313208,1513.5678836599327,9.342094015912703,0,TRUE,FALSE
ergun_full_phi0.468_d6_Re2.8e+03,,,9182.452710577918,79.10997425607722,0.1666567055,1.0,6,0.46818181818181814,8.803339778160549,2848.1292973624954,9.214111410212777,0,TRUE,FALSE
ergun_full_phi0.468_d6_Re5.0e+03,,,30799.237851140027,141.49791012085163,0.1666567055,1.0,6,0.46818181818181814,9.229776168341264,5094.2292311491165,9.150113634571275,0,TRUE,FALSE
ergun_full_phi0.468_d6_Re9.1e+03,,,96666.65930833347,242.62691181537036,0.1666567055,1.0,6,0.46818181818181814,9.852581125549028,8735.090895530886,9.116289066827813,0,TRUE,FALSE
ergun_full_phi0.468_d6_Re1.6e+04,,,318552.43047153036,468.4224064586242,0.1666567055,1.0,6,0.46818181818181814,8.71077611465856,16864.21455602184,9.093475973775144,0,TRUE,FALSE
ergun_full_phi0.468_d6_Re2.9e+04,,,1011709.6421278632,801.8876625819586,0.1666567055,1.0,6,0.46818181818181814,9.440175669790365,28869.681307193197,9.08328196671721,0,TRUE,FALSE
ergun_full_phi0.468_d6_Re5.3e+04,,,2891201.9721361976,1447.5070035598999,0.1666567055,1.0,6,0.46818181818181814,8.27919924787894,52113.3667877492,9.076895099930207,0,TRUE,FALSE
ergun_full_phi0.468_d6_Re9.5e+04,,,11269892.484733462,2729.358964065097,0.1666567055,1.0,6,0.46818181818181814,9.07715409140736,98262.79557884685,9.073169449771857,0,TRUE,FALSE
ergun_full_phi0.468_d6_Re1.7e+05,,,39119973.58852037,5041.507570970742,0.1666567055,1.0,6,0.46818181818181814,9.234831079021335,181505.1205714879,9.071239970161356,0,TRUE,FALSE
ergun_full_phi0.468_d6_Re3.1e+05,,,129697744.8430243,8620.285578030083,0.1666567055,1.0,6,0.46818181818181814,10.472258835936495,310348.8294275714,9.070294390301129,0,TRUE,FALSE
ergun_full_phi0.468_d6_Re5.6e+05,,,339625331.88834596,15350.16902026873,0.1666567055,1.0,6,0.46818181818181814,8.648185620304632,552639.1143116193,9.06971038302459,0,TRUE,FALSE
ergun_full_phi0.468_d6_Re1.0e+06,,,1251422796.2005513,27967.762598942765,0.1666567055,1.0,6,0.46818181818181814,9.599306602225603,1006899.632932301,9.069372900585483,0,TRUE,FALSE
ergun_full_phi0.468_d10_Re1.0e-06,,,1.05953839591571e-08,1.609320838658017e-08,0.1666567055,1.0,10,0.46818181818181814,409101837.0529344,9.656502172113422e-07,428108800.84769493,0,TRUE,FALSE
ergun_full_phi0.468_d10_Re1.8e-06,,,1.7855389921244536e-08,3.040899118117053e-08,0.1666567055,1.0,10,0.46818181818181814,193092459.03550884,1.824648524638604e-06,226566025.5860877,0,TRUE,FALSE
ergun_full_phi0.468_d10_Re3.2e-06,,,3.747100054839563e-08,5.226666152252697e-08,0.1666567055,1.0,10,0.46818181818181814,137165777.0030707,3.136187131847927e-06,131817190.3758794,0,TRUE,FALSE
ergun_full_phi0.468_d10_Re5.8e-06,,,6.067557570113441e-08,9.552910346437214e-08,0.1666567055,1.0,10,0.46818181818181814,66487882.50331815,5.7320887976134954e-06,72120899.44025862,0,TRUE,FALSE
ergun_full_phi0.468_d10_Re1.1e-05,,,1.190569583850727e-07,1.8543310793908066e-07,0.1666567055,1.0,10,0.46818181818181814,34624238.33229071,1.112665148292402e-05,37154345.07073835,0,TRUE,FALSE
ergun_full_phi0.468_d10_Re1.9e-05,,,2.0975044516761454e-07,3.101699313842526e-07,0.1666567055,1.0,10,0.46818181818181814,21802359.8426628,1.8611308225113847e-05,22212491.005797785,0,TRUE,FALSE
ergun_full_phi0.468_d10_Re3.4e-05,,,3.8458679081557725e-07,5.686184674922419e-07,0.1666567055,1.0,10,0.46818181818181814,11894671.231383767,3.411914724860812e-05,12116470.971100962,0,TRUE,FALSE
ergun_full_phi0.468_d10_Re6.1e-05,,,7.03797625316606e-07,1.0185959716903096e-06,0.1666567055,1.0,10,0.46818181818181814,6783344.730471489,6.111941122526927e-05,6763872.455138088,0,TRUE,FALSE
ergun_full_phi0.468_d10_Re1.1e-04,,,1.2690242945153836e-06,1.833355522171305e-06,0.1666567055,1.0,10,0.46818181818181814,3775518.0805226304,0.00011000790617280652,3757951.2219728744,0,TRUE,FALSE
ergun_full_phi0.468_d10_Re2.0e-04,,,2.1700845000632237e-06,3.0810624691712787e-06,0.1666567055,1.0,10,0.46818181818181814,2285996.9013017425,0.00018487479756230262,2236135.1024845676,0,TRUE,FALSE
ergun_full_phi0.468_d10_Re3.6e-04,,,3.5307566426461356e-06,5.711048494209476e-06,0.1666567055,1.0,10,0.46818181818181814,1082520.399258218,0.00034268339081078715,1206380.1941957658,0,TRUE,FALSE
ergun_full_phi0.468_d10_Re6.4e-04,,,7.221365810219312e-06,1.1177142396366725e-05,0.1666567055,1.0,10,0.46818181818181814,578039.8474310059,0.0006706686276338712,616413.8488157004,0,TRUE,FALSE
ergun_full_phi0.468_d10_Re1.2e-03,,,1.2865538883227571e-05,1.9408682892681894e-05,0.1666567055,1.0,10,0.46818181818181814,341535.5007395539,0.0011645905776459678,354986.47965617804,0,TRUE,FALSE
ergun_full_phi0.468_d10_Re2.1e-03,,,2.4035368314543865e-05,3.4051175146139294e-05,0.1666567055,1.0,10,0.46818181818181814,207293.92394324337,0.0020431926242619317,202341.1167889775,0,TRUE,FALSE
ergun_full_phi0.468_d10_Re3.8e-03,,,4.25556945816676e-05,6.0622484060588335e-05,0.1666567055,1.0,10,0.46818181818181814,115795.11205530379,0.0036375664500693213,113657.39771336637,0,TRUE,FALSE
ergun_full_phi0.468_d10_Re6.8e-03,,,8.31988968005757e-05,0.00011391213865897184,0.1666567055,1.0,10,0.46818181818181814,64117.644076794786,0.006835136835161538,60491.15699377589,0,TRUE,FALSE
ergun_full_phi0.468_d10_Re1.2e-02,,,0.00014574258047195165,0.0002007006176183136,0.1666567055,1.0,10,0.46818181818181814,36181.70570484652,0.012042756816545468,34337.0350641819,0,TRUE,FALSE
ergun_full_phi0.468_d10_Re2.2e-02,,,0.00028677266724196293,0.00038429697928368237,0.1666567055,1.0,10,0.46818181818181814,19417.969479674746,0.02305919693604422,17936.985052288073,0,TRUE,FALSE
ergun_full_phi0.468_d10_Re3.9e-02,,,0.000471558692190778,0.0006686569651701232,0.1666567055,1.0,10,0.46818181818181814,10547.001525881797,0.04012181587077654,10312.773787223763,0,TRUE,FALSE
ergun_full_phi0.468_d10_Re7.1e-02,,,0.0009940664467361832,0.001288284255326843,0.1666567055,1.0,10,0.46818181818181814,5989.519963898771,0.07730167540884474,5356.991185034107,0,TRUE,FALSE
ergun_full_phi0.468_d10_Re1.3e-01,,,0.0015054218244848706,0.0020807391630023033,0.1666567055,1.0,10,0.46818181818181814,3477.1459888053278,0.12485181179837394,3320.221133984793,0,TRUE,FALSE
ergun_full_phi0.468_d10_Re2.3e-01,,,0.0027124338400963247,0.0039027231739168187,0.1666567055,1.0,10,0.46818181818181814,1780.8349056002987,0.23417738651486897,1774.4116964157918,0,TRUE,FALSE
ergun_full_phi0.468_d10_Re4.1e-01,,,0.0049382735090070145,0.006931728587149248,0.1666567055,1.0,10,0.46818181818181814,1027.7607803950239,0.41592857403203903,1002.9976644714977,0,TRUE,FALSE
ergun_full_phi0.468_d10_Re7.5e-01,,,0.009048275563012919,0.012775441167405996,0.1666567055,1.0,10,0.46818181818181814,554.3882356689645,0.7665722857701635,548.3571096387652,0,TRUE,FALSE
ergun_full_phi0.468_d10_Re1.3e+00,,,0.0171815266366909,0.022589649001090957,0.1666567055,1.0,10,0.46818181818181814,336.6997422810863,1.355459951840399,314.0601553268461,0,TRUE,FALSE
ergun_full_phi0.468_d10_Re2.4e+00,,,0.03031131220673506,0.04063881542023476,0.1666567055,1.0,10,0.46818181818181814,183.5365895171541,2.4384746655294203,178.6025456044943,0,TRUE,FALSE
ergun_full_phi0.468_d10_Re4.3e+00,,,0.06129013246054952,0.07464869308604452,0.1666567055,1.0,10,0.46818181818181814,109.98821211475293,4.479189292869138,101.36319700980309,0,TRUE,FALSE
ergun_full_phi0.468_d10_Re7.8e+00,,,0.11194777703654672,0.13534017284053473,0.1666567055,1.0,10,0.46818181818181814,61.11699892512884,8.120895732007298,59.97508911870445,0,TRUE,FALSE
ergun_full_phi0.468_d10_Re1.4e+01,,,0.20077595754047267,0.2363015420359571,0.1666567055,1.0,10,0.46818181818181814,35.95659797828658,14.17893995486171,38.22511568755818,0,TRUE,FALSE
ergun_full_phi0.468_d10_Re2.5e+01,,,0.43557434471867323,0.4264649525210496,0.1666567055,1.0,10,0.46818181818181814,23.949453064116447,25.58942655451986,25.224203124124404,0,TRUE,FALSE
ergun_full_phi0.468_d10_Re4.6e+01,,,1.0355264930740489,0.7379980598405943,0.1666567055,1.0,10,0.46818181818181814,19.013005518729436,44.28253022441958,18.404547845940208,0,TRUE,FALSE
ergun_full_phi0.468_d10_Re8.2e+01,,,2.695812629297953,1.365859431570082,0.1666567055,1.0,10,0.46818181818181814,14.450327558300915,81.95646418619994,14.113144651408462,0,TRUE,FALSE
ergun_full_phi0.468_d10_Re1.5e+02,,,7.411960265186666,2.4202875102240258,0.1666567055,1.0,10,0.46818181818181814,12.653164760097097,145.22593033161968,11.915584464426615,0,TRUE,FALSE
ergun_full_phi0.468_d10_Re2.7e+02,,,22.393934272365364,4.458901629139625,0.1666567055,1.0,10,0.46818181818181814,11.263532507956747,267.5500884145118,10.614106083184364,0,TRUE,FALSE
ergun_full_phi0.468_d10_Re4.8e+02,,,66.48480592442485,8.155451340656025,0.1666567055,1.0,10,0.46818181818181814,9.99600359475961,489.35632779900516,9.913752361922716,0,TRUE,FALSE
ergun_full_phi0.468_d10_Re8.6e+02,,,192.49515294068922,14.182681520822271,0.1666567055,1.0,10,0.46818181818181814,9.569805188154401,851.0117536688177,9.5547409881787,0,TRUE,FALSE
ergun_full_phi0.468_d10_Re1.6e+03,,,681.0181790817056,26.55217890381284,0.1666567055,1.0,10,0.46818181818181814,9.659582897238314,1593.2259565645163,9.328437984476963,0,TRUE,FALSE
ergun_full_phi0.468_d10_Re2.8e+03,,,1964.3175279337647,44.98360204754378,0.1666567055,1.0,10,0.46818181818181814,9.707406919915318,2699.1774445909577,9.222121340966144,0,TRUE,FALSE
ergun_full_phi0.468_d10_Re5.0e+03,,,6630.189036880269,83.39950649696621,0.1666567055,1.0,10,0.46818181818181814,9.53232738017629,5004.269479991984,9.15157245911946,0,TRUE,FALSE
ergun_full_phi0.468_d10_Re9.1e+03,,,20606.142695479266,147.97288518099546,0.1666567055,1.0,10,0.46818181818181814,9.410927319698251,8878.903776301726,9.115522508868775,0,TRUE,FALSE
ergun_full_phi0.468_d10_Re1.6e+04,,,64569.46785772379,265.58900141155925,0.1666567055,1.0,10,0.46818181818181814,9.153918367113604,15936.292549090336,9.094903328941776,0,TRUE,FALSE
ergun_full_phi0.468_d10_Re2.9e+04,,,210904.38025310542,485.3163444829094,0.1666567055,1.0,10,0.46818181818181814,8.954385019626281,29120.72112711417,9.083158522005757,0,TRUE,FALSE
ergun_full_phi0.468_d10_Re5.3e+04,,,676539.8022721924,866.6526638948768,0.1666567055,1.0,10,0.46818181818181814,9.00747778272666,52002.26785323539,9.076912047696538,0,TRUE,FALSE
ergun_full_phi0.468_d10_Re9.5e+04,,,2150538.5414919425,1506.1483674428232,0.1666567055,1.0,10,0.46818181818181814,9.480073828144182,90374.30344756355,9.073536676182034,0,TRUE,FALSE
ergun_full_phi0.468_d10_Re1.7e+05,,,7670878.11189459,2940.322727831786,0.1666567055,1.0,10,0.46818181818181814,8.872685343526888,176429.90835623987,9.071305489138016,0,TRUE,FALSE
ergun_full_phi0.468_d10_Re3.1e+05,,,21379480.43622659,4934.0994630257555,0.1666567055,1.0,10,0.46818181818181814,8.781755614001815,296063.66261846904,9.070358662637329,0,TRUE,FALSE
ergun_full_phi0.468_d10_Re5.6e+05,,,84893639.85398161,9524.670350747885,0.1666567055,1.0,10,0.46818181818181814,9.357832067925022,571514.3787447475,9.06968567726263,0,TRUE,FALSE
ergun_full_phi0.468_d10_Re1.0e+06,,,258750214.8744219,16516.17726920272,0.1666567055,1.0,10,0.46818181818181814,9.485531007226815,991029.8670342261,9.069379475219522,0,TRUE,FALSE
ergun_full_phi0.532_d6_Re1.0e-06,,,2.6421054009885542e-08,2.692168643666234e-08,0.1666567055,1.0,6,0.5318181818181817,218724214.73716038,9.692386402056534e-07,225527805.95765778,0,TRUE,FALSE
ergun_full_phi0.532_d6_Re1.8e-06,,,5.1079031498363015e-08,5.071941902133882e-08,0.1666567055,1.0,6,0.5318181818181817,119136644.54474306,1.8260082198014704e-06,119709356.32787862,0,TRUE,FALSE
ergun_full_phi0.532_d6_Re3.2e-06,,,7.892850653987148e-08,8.84367788411507e-08,0.1666567055,1.0,6,0.5318181818181817,60550718.95753956,3.183914331289263e-06,68654572.1065136,0,TRUE,FALSE
ergun_full_phi0.532_d6_Re5.8e-06,,,1.7004146782952235e-07,1.6533856168760384e-07,0.1666567055,1.0,6,0.5318181818181817,37321387.83008635,5.952543986450176e-06,36722163.09815809,0,TRUE,FALSE
ergun_full_phi0.532_d6_Re1.1e-05,,,2.88686849760579e-07,2.7684704430975176e-07,0.1666567055,1.0,6,0.5318181818181817,22599481.190947656,9.967089298177147e-06,21931208.44486413,0,TRUE,FALSE
ergun_full_phi0.532_d6_Re1.9e-05,,,5.386246985580824e-07,5.249043158508675e-07,0.1666567055,1.0,6,0.5318181818181817,11729438.62633154,1.889768482856038e-05,11567044.514475543,0,TRUE,FALSE
ergun_full_phi0.532_d6_Re3.4e-05,,,9.483884104458876e-07,9.725259565879668e-07,0.1666567055,1.0,6,0.5318181818181817,6016377.600896468,3.5013027060755145e-05,6243117.712575996,0,TRUE,FALSE
ergun_full_phi0.532_d6_Re6.1e-05,,,1.820555704598272e-06,1.7386112863264508e-06,0.1666567055,1.0,6,0.5318181818181817,3613684.501526557,6.259374734824999e-05,3492211.4253982417,0,TRUE,FALSE
ergun_full_phi0.532_d6_Re1.1e-04,,,3.442096495824645e-06,3.1343420990715685e-06,0.1666567055,1.0,6,0.5318181818181817,2102236.1485164883,0.00011284305985773498,1937122.8823041124,0,TRUE,FALSE
ergun_full_phi0.532_d6_Re2.0e-04,,,5.534592448186491e-06,5.6250505499483066e-06,0.1666567055,1.0,6,0.5318181818181817,1049503.8529524975,0.00020251392344780174,1079389.2986797488,0,TRUE,FALSE
ergun_full_phi0.532_d6_Re3.6e-04,,,1.0032382364260715e-05,1.0478373729047367e-05,0.1666567055,1.0,6,0.5318181818181817,548236.0098721312,0.0003772440009879122,579445.4331889544,0,TRUE,FALSE
ergun_full_phi0.532_d6_Re6.4e-04,,,1.6996840563037944e-05,1.7625986419338523e-05,0.1666567055,1.0,6,0.5318181818181817,328255.93619381095,0.0006345734376468347,344473.47193215985,0,TRUE,FALSE
ergun_full_phi0.532_d6_Re1.2e-03,,,3.4263061156150037e-05,3.207469060046254e-05,0.1666567055,1.0,6,0.5318181818181817,199826.2140766748,0.0011547578780307477,189300.76417108419,0,TRUE,FALSE
ergun_full_phi0.532_d6_Re2.1e-03,,,6.236900661200566e-05,6.02183867435858e-05,0.1666567055,1.0,6,0.5318181818181817,103195.75770093862,0.002167991497116897,100831.60759170157,0,TRUE,FALSE
ergun_full_phi0.532_d6_Re3.8e-03,,,0.00010077881218939591,0.0001023764278162715,0.1666567055,1.0,6,0.5318181818181817,57692.65720213311,0.0036857716889023046,59311.95793119518,0,TRUE,FALSE
ergun_full_phi0.532_d6_Re6.8e-03,,,0.00019566512088313066,0.00018433161724390568,0.1666567055,1.0,6,0.5318181818181817,34551.348265166795,0.00663633485460586,32943.848083854326,0,TRUE,FALSE
ergun_full_phi0.532_d6_Re1.2e-02,,,0.00034755130130075435,0.00032882647293419517,0.1666567055,1.0,6,0.5318181818181817,19285.753920135172,0.011838460574904206,18469.862888784686,0,TRUE,FALSE
ergun_full_phi0.532_d6_Re2.2e-02,,,0.0006205778190421849,0.000607676457249969,0.1666567055,1.0,6,0.5318181818181817,10083.299728994481,0.021877660023105486,9996.929636701452,0,TRUE,FALSE
ergun_full_phi0.532_d6_Re3.9e-02,,,0.0011334117344681963,0.0011458087947759357,0.1666567055,1.0,6,0.5318181818181817,5179.819810286425,0.04125158209524077,5304.4016225574605,0,TRUE,FALSE
ergun_full_phi0.532_d6_Re7.1e-02,,,0.001957661146079663,0.0020719809519709046,0.1666567055,1.0,6,0.5318181818181817,2736.0073181843723,0.07459577263649574,2935.777450087623,0,TRUE,FALSE
ergun_full_phi0.532_d6_Re1.3e-01,,,0.0032473739470606842,0.003461854502573502,0.1666567055,1.0,6,0.5318181818181817,1625.795549476252,0.12463421110554121,1759.3014644113573,0,TRUE,FALSE
ergun_full_phi0.532_d6_Re2.3e-01,,,0.006544541414922758,0.006246603958789659,0.1666567055,1.0,6,0.5318181818181817,1006.3348817280449,0.2248911835877972,977.4294103995179,0,TRUE,FALSE
ergun_full_phi0.532_d6_Re4.1e-01,,,0.012208831543907945,0.011757217933988888,0.1666567055,1.0,6,0.5318181818181817,529.9272042364063,0.42328514410680784,521.8607978017051,0,TRUE,FALSE
ergun_full_phi0.532_d6_Re7.5e-01,,,0.020287109797912827,0.02086853031022945,0.1666567055,1.0,6,0.5318181818181817,279.5037899803878,0.7513119948322553,296.3917921381386,0,TRUE,FALSE
ergun_full_phi0.532_d6_Re1.3e+00,,,0.03797766356447214,0.03581327554331726,0.1666567055,1.0,6,0.5318181818181817,177.6607147341537,1.2893549804385371,174.9816539757987,0,TRUE,FALSE
ergun_full_phi0.532_d6_Re2.4e+00,,,0.0737655755357345,0.06985711072873657,0.1666567055,1.0,6,0.5318181818181817,90.6950838946895,2.5150063006160854,92.36146921558945,0,TRUE,FALSE
ergun_full_phi0.532_d6_Re4.3e+00,,,0.1203335314892194,0.11626300962784453,0.1666567055,1.0,6,0.5318181818181817,53.413961688427975,4.185718514440856,57.66994711043094,0,TRUE,FALSE
ergun_full_phi0.532_d6_Re7.8e+00,,,0.2778576954998382,0.2130200413948392,0.1666567055,1.0,6,0.5318181818181817,36.739458444871744,7.669179854086551,33.94950074720232,0,TRUE,FALSE
ergun_full_phi0.532_d6_Re1.4e+01,,,0.5040911147438586,0.3889565668129225,0.1666567055,1.0,6,0.5318181818181817,19.992084401134136,14.003273338902856,21.057011319310742,0,TRUE,FALSE
ergun_full_phi0.532_d6_Re2.5e+01,,,1.107456030162118,0.6918089343377383,0.1666567055,1.0,6,0.5318181818181817,13.88370604227202,24.906610229532166,14.223466541158233,0,TRUE,FALSE
ergun_full_phi0.532_d6_Re4.6e+01,,,2.687570140037932,1.2785174010040852,0.1666567055,1.0,6,0.5318181818181817,9.865015480209994,46.02937747395055,10.196000457224594,0,TRUE,FALSE
ergun_full_phi0.532_d6_Re8.2e+01,,,6.673611579928015,2.2231577669246314,0.1666567055,1.0,6,0.5318181818181817,8.10161515288397,80.03846326812088,8.178136333923488,0,TRUE,FALSE
ergun_full_phi0.532_d6_Re1.5e+02,,,20.724034874172744,4.1686029930109205,0.1666567055,1.0,6,0.5318181818181817,7.1555742542443195,150.07867750071134,6.903575601822629,0,TRUE,FALSE
ergun_full_phi0.532_d6_Re2.7e+02,,,57.65492705012149,7.522743383434771,0.1666567055,1.0,6,0.5318181818181817,6.1127295668541235,270.83494879603643,6.254168850855683,0,TRUE,FALSE
ergun_full_phi0.532_d6_Re4.8e+02,,,152.12279697509837,12.660117252558905,0.1666567055,1.0,6,0.5318181818181817,5.694690116138422,455.7914623804527,5.926655096782445,0,TRUE,FALSE
ergun_full_phi0.532_d6_Re8.6e+02,,,519.6451486587749,24.18482806192836,0.1666567055,1.0,6,0.5318181818181817,5.330551200211483,870.7058497059404,5.69812066044136,0,TRUE,FALSE
ergun_full_phi0.532_d6_Re1.6e+03,,,1710.3866084926588,43.49629222050792,0.1666567055,1.0,6,0.5318181818181817,5.424267046731239,1565.9601126763396,5.5866598217668875,0,TRUE,FALSE
ergun_full_phi0.532_d6_Re2.8e+03,,,5680.743091193156,76.36513693257318,0.1666567055,1.0,6,0.5318181818181817,5.844752557570075,2749.3092475384324,5.526578509042509,0,TRUE,FALSE
ergun_full_phi0.532_d6_Re5.0e+03,,,19430.716583183643,140.81503672606829,0.1666567055,1.0,6,0.5318181818181817,5.879521759963248,5069.644319570506,5.490188645682507,0,TRUE,FALSE
ergun_full_phi0.532_d6_Re9.1e+03,,,57849.574204847835,244.83921522282265,0.1666567055,1.0,6,0.5318181818181817,5.790145264133754,8814.738578502236,5.471869440404979,0,TRUE,FALSE
ergun_full_phi0.532_d6_Re1.6e+04,,,170050.3293857815,465.8882502117057,0.1666567055,1.0,6,0.5318181818181817,4.700728979666119,16772.979478285884,5.460103456961738,0,TRUE,FALSE
ergun_full_phi0.532_d6_Re2.9e+04,,,650591.3188444496,813.9665986741857,0.1666567055,1.0,6,0.5318181818181817,5.891777622860849,29304.5489972506,5.454530431666859,0,TRUE,FALSE
ergun_full_phi0.532_d6_Re5.3e+04,,,2009908.8459058248,1503.879288037435,0.1666567055,1.0,6,0.5318181818181817,5.332141375973825,54142.890327473855,5.4511084560007905,0,TRUE,FALSE
ergun_full_phi0.532_d6_Re9.5e+04,,,5869818.17310791,2626.4065860453165,0.1666567055,1.0,6,0.5318181818181817,5.105661067207781,94556.28844332279,5.449382918825415,0,TRUE,FALSE
ergun_full_phi0.532_d6_Re1.7e+05,,,19053654.637376096,4790.731661936078,0.1666567055,1.0,6,0.5318181818181817,4.9811067324484375,172476.64824153428,5.448338532846748,0,TRUE,FALSE
ergun_full_phi0.532_d6_Re3.1e+05,,,66371606.28081582,8313.903524880227,0.1666567055,1.0,6,0.5318181818181817,5.761341485320172,299318.4162594727,5.447801464757997,0,TRUE,FALSE
ergun_full_phi0.532_d6_Re5.6e+05,,,211992455.0293419,15420.002867998599,0.1666567055,1.0,6,0.5318181818181817,5.349371329656988,555153.2830942202,5.447464918949863,0,TRUE,FALSE
ergun_full_phi0.532_d6_Re1.0e+06,,,798274105.2335452,27688.003646934085,0.1666567055,1.0,6,0.5318181818181817,6.247697662422003,996827.7086912923,5.4472904572728025,0,TRUE,FALSE
ergun_full_phi0.532_d10_Re1.0e-06,,,6.024497860117012e-09,1.7191354080438367e-08,0.1666567055,1.0,10,0.5318181818181817,203845291.22170717,1.03154289705063e-06,211906131.03859276,0,TRUE,FALSE
ergun_full_phi0.532_d10_Re1.8e-06,,,1.1438872181530086e-08,3.153971378368646e-08,0.1666567055,1.0,10,0.5318181818181817,114992022.22120881,1.892495935825784e-06,115503692.69809385,0,TRUE,FALSE
ergun_full_phi0.532_d10_Re3.2e-06,,,1.9535019701091796e-08,5.5220297198453506e-08,0.1666567055,1.0,10,0.5318181818181817,64064342.62526665,3.3134158648332037e-06,65971277.27426651,0,TRUE,FALSE
ergun_full_phi0.532_d10_Re5.8e-06,,,3.5844954936608435e-08,9.452813047751561e-08,0.1666567055,1.0,10,0.5318181818181817,40114917.30197111,5.672026828678406e-06,38538303.18399933,0,TRUE,FALSE
ergun_full_phi0.532_d10_Re1.1e-05,,,5.99196530607504e-08,1.7103369958425266e-07,0.1666567055,1.0,10,0.5318181818181817,20483582.257056985,1.0262635341981644e-05,21299627.952536177,0,TRUE,FALSE
ergun_full_phi0.532_d10_Re1.9e-05,,,1.1125923506664614e-07,3.2368030264450793e-07,0.1666567055,1.0,10,0.5318181818181817,10619486.734396392,1.9421978952086505e-05,11254793.604071498,0,TRUE,FALSE
ergun_full_phi0.532_d10_Re3.4e-05,,,2.0348675296672008e-07,5.435587441861374e-07,0.1666567055,1.0,10,0.5318181818181817,6887207.513888063,3.2615473980201616e-05,6702046.902244945,0,TRUE,FALSE
ergun_full_phi0.532_d10_Re6.1e-05,,,3.3779449531582154e-07,9.627684759395419e-07,0.1666567055,1.0,10,0.5318181818181817,3644255.7249012864,5.7769561269740925e-05,3783836.4800748443,0,TRUE,FALSE
ergun_full_phi0.532_d10_Re1.1e-04,,,6.192326513833012e-07,1.8180760307993836e-06,0.1666567055,1.0,10,0.5318181818181817,1873396.7640064529,0.00010909108189465461,2003746.3111184975,0,TRUE,FALSE
ergun_full_phi0.532_d10_Re2.0e-04,,,1.2051795615150945e-06,3.199903170140573e-06,0.1666567055,1.0,10,0.5318181818181817,1177004.3951957196,0.00019200566581106292,1138462.7825466236,0,TRUE,FALSE
ergun_full_phi0.532_d10_Re3.6e-04,,,2.0880757003633114e-06,6.009309943723478e-06,0.1666567055,1.0,10,0.5318181818181817,578225.2209647724,0.00036058014741707935,606223.6769467383,0,TRUE,FALSE
ergun_full_phi0.532_d10_Re6.4e-04,,,4.2823621708599795e-06,1.0895119811188328e-05,0.1666567055,1.0,10,0.5318181818181817,360760.82637245004,0.0006537462611240883,334371.0437777535,0,TRUE,FALSE
ergun_full_phi0.532_d10_Re1.2e-03,,,6.787971054117919e-06,1.8575656445526725e-05,0.1666567055,1.0,10,0.5318181818181817,196721.4157317752,0.001114606003388608,196119.8211467623,0,TRUE,FALSE
ergun_full_phi0.532_d10_Re2.1e-03,,,1.3850769472033948e-05,3.687441946707667e-05,0.1666567055,1.0,10,0.5318181818181817,101864.65476373033,0.0022125974083339038,98798.95458958264,0,TRUE,FALSE
ergun_full_phi0.532_d10_Re3.8e-03,,,2.3122633719274488e-05,6.410447349876259e-05,0.1666567055,1.0,10,0.5318181818181817,56267.889313251966,0.0038464983035898658,56833.82484309098,0,TRUE,FALSE
ergun_full_phi0.532_d10_Re6.8e-03,,,4.24195914701142e-05,0.00010995462170818352,0.1666567055,1.0,10,0.5318181818181817,35086.45606684052,0.006597671625531054,33136.87147392168,0,TRUE,FALSE
ergun_full_phi0.532_d10_Re1.2e-02,,,7.514766165652328e-05,0.00020675044330441275,0.1666567055,1.0,10,0.5318181818181817,17580.149846156393,0.012405768053804037,17625.49749831325,0,TRUE,FALSE
ergun_full_phi0.532_d10_Re2.2e-02,,,0.00012020469079851574,0.0003599030624741386,0.1666567055,1.0,10,0.5318181818181817,9280.050324589529,0.02159547444516948,10127.487188902965,0,TRUE,FALSE
ergun_full_phi0.532_d10_Re3.9e-02,,,0.00023252005802941125,0.0006600833066154103,0.1666567055,1.0,10,0.5318181818181817,5336.5787598791285,0.03960736561034505,5524.3765765045755,0,TRUE,FALSE
ergun_full_phi0.532_d10_Re7.1e-02,,,0.00044458692406518203,0.0011780635387450067,0.1666567055,1.0,10,0.5318181818181817,3203.4596338321708,0.07068803713661595,3097.770292326776,0,TRUE,FALSE
ergun_full_phi0.532_d10_Re1.3e-01,,,0.0008267433141753919,0.002182174369925496,0.1666567055,1.0,10,0.5318181818181817,1736.168171881147,0.13093828798418772,1674.861434690853,0,TRUE,FALSE
ergun_full_phi0.532_d10_Re2.3e-01,,,0.0015933626968062866,0.004101151189388647,0.1666567055,1.0,10,0.5318181818181817,947.3339151972231,0.24608377905254145,893.722842687309,0,TRUE,FALSE
ergun_full_phi0.532_d10_Re4.1e-01,,,0.0023832380624414997,0.006747199320192973,0.1666567055,1.0,10,0.5318181818181817,523.5044123861096,0.40485615624946897,545.3678685242983,0,TRUE,FALSE
ergun_full_phi0.532_d10_Re7.5e-01,,,0.004787518180402581,0.013319757197942508,0.1666567055,1.0,10,0.5318181818181817,269.84714007938675,0.7992331996471937,278.94704438563286,0,TRUE,FALSE
ergun_full_phi0.532_d10_Re1.3e+00,,,0.009173062052874596,0.022330956972522128,0.1666567055,1.0,10,0.5318181818181817,183.9499448092187,1.3399375023960334,168.58173850069235,0,TRUE,FALSE
ergun_full_phi0.532_d10_Re2.4e+00,,,0.016371946720286377,0.04237893927633633,0.1666567055,1.0,10,0.5318181818181817,91.15912711051025,2.5428883373874407,91.40847792352244,0,TRUE,FALSE
ergun_full_phi0.532_d10_Re4.3e+00,,,0.027177328329560678,0.07299160292890558,0.1666567055,1.0,10,0.5318181818181817,51.01066191806909,4.379757940727178,55.35628114455483,0,TRUE,FALSE
ergun_full_phi0.532_d10_Re7.8e+00,,,0.05402615662677026,0.12694192761340817,0.1666567055,1.0,10,0.5318181818181817,33.52693834024538,7.616970900304288,34.144864763670746,0,TRUE,FALSE
ergun_full_phi0.532_d10_Re1.4e+01,,,0.11370932895069777,0.234793039050723,0.1666567055,1.0,10,0.5318181818181817,20.626505752546,14.088424365902457,20.96266418719169,0,TRUE,FALSE
ergun_full_phi0.532_d10_Re2.5e+01,,,0.28225837056897196,0.42468050448011485,0.1666567055,1.0,10,0.5318181818181817,15.65028248591326,25.482353272614937,14.02517447121324,0,TRUE,FALSE
ergun_full_phi0.532_d10_Re4.6e+01,,,0.6149268682949365,0.7716974775202574,0.1666567055,1.0,10,0.5318181818181817,10.325933123449778,46.304616139208235,10.167772408554226,0,TRUE,FALSE
ergun_full_phi0.532_d10_Re8.2e+01,,,1.5085380655892207,1.370061948760607,0.1666567055,1.0,10,0.5318181818181817,8.036664971346415,82.20863028884288,8.106040891798001,0,TRUE,FALSE
ergun_full_phi0.532_d10_Re1.5e+02,,,4.282190431960286,2.5591714928816494,0.1666567055,1.0,10,0.5318181818181817,6.538335443987219,153.55946736158475,6.870560471326766,0,TRUE,FALSE
ergun_full_phi0.532_d10_Re2.7e+02,,,11.613392089124636,4.423016427799785,0.1666567055,1.0,10,0.5318181818181817,5.936383974630989,265.3968476413801,6.270706646468963,0,TRUE,FALSE
ergun_full_phi0.532_d10_Re4.8e+02,,,38.122329086914164,8.013256687466965,0.1666567055,1.0,10,0.5318181818181817,5.936921638766351,480.8241386643134,5.901686988506915,0,TRUE,FALSE
ergun_full_phi0.532_d10_Re8.6e+02,,,132.23572046363108,14.79061157796863,0.1666567055,1.0,10,0.5318181818181817,6.044724636813344,887.4897372772457,5.693372902554891,0,TRUE,FALSE
ergun_full_phi0.532_d10_Re1.6e+03,,,422.81320481228306,26.421113061084252,0.1666567055,1.0,10,0.5318181818181817,6.056843095025619,1585.3615359679754,5.584951556218927,0,TRUE,FALSE
ergun_full_phi0.532_d10_Re2.8e+03,,,1341.422203011031,48.90211573120732,0.1666567055,1.0,10,0.5318181818181817,5.609319688742293,2934.302318319098,5.521565969450792,0,TRUE,FALSE
ergun_full_phi0.532_d10_Re5.0e+03,,,3590.5015058572635,84.88182849293392,0.1666567055,1.0,10,0.5318181818181817,4.98339899636305,5093.214115704089,5.489989111546277,0,TRUE,FALSE
ergun_full_phi0.532_d10_Re9.1e+03,,,12730.227676791736,152.56046247640916,0.1666567055,1.0,10,0.5318181818181817,5.4695573174442345,9154.174866153775,5.470949921988226,0,TRUE,FALSE
ergun_full_phi0.532_d10_Re1.6e+04,,,35735.23926004264,258.5768408695216,0.1666567055,1.0,10,0.5318181818181817,5.34462752258229,15515.537769317156,5.46115964590621,0,TRUE,FALSE
ergun_full_phi0.532_d10_Re2.9e+04,,,130197.73165540933,503.94369632048466,0.1666567055,1.0,10,0.5318181818181817,5.1267174610387185,30238.429039417475,5.45430006076014,0,TRUE,FALSE
ergun_full_phi0.532_d10_Re5.3e+04,,,468743.67159219895,916.3738644939415,0.1666567055,1.0,10,0.5318181818181817,5.582002526539726,54985.7182010562,5.451046572003869,0,TRUE,FALSE
ergun_full_phi0.532_d10_Re9.5e+04,,,1343995.5662139663,1576.0520855260013,0.1666567055,1.0,10,0.5318181818181817,5.410740480154747,94568.7772236684,5.449382613535372,0,TRUE,FALSE
ergun_full_phi0.532_d10_Re1.7e+05,,,4350473.595714991,2928.723206079704,0.1666567055,1.0,10,0.5318181818181817,5.072007421289863,175733.89545251176,5.448315042161544,0,TRUE,FALSE
ergun_full_phi0.532_d10_Re3.1e+05,,,15635057.370492104,5467.304267054665,0.1666567055,1.0,10,0.5318181818181817,5.230617846073757,328057.86305758124,5.447737487544887,0,TRUE,FALSE
ergun_full_phi0.532_d10_Re5.6e+05,,,47399044.33151373,9047.589642742849,0.1666567055,1.0,10,0.5318181818181817,5.790336404639507,542887.8253412282,5.44747381488382,0,TRUE,FALSE
ergun_full_phi0.532_d10_Re1.0e+06,,,169509128.60686806,17065.39140162197,0.1666567055,1.0,10,0.5318181818181817,5.820503897974916,1023984.684589962,5.4472846416176255,0,TRUE,FALSE
ergun_full_phi0.595_d6_Re1.0e-06,,,1.572074635603298e-08,2.866153568853165e-08,0.1666567055,1.0,6,0.5954545454545455,114822103.4702476,1.031876956977227e-06,112681382.0110502,0,TRUE,FALSE
ergun_full_phi0.595_d6_Re1.8e-06,,,2.5298436665331042e-08,4.8123908586926565e-08,0.1666567055,1.0,6,0.5954545454545455,65542522.00180249,1.7325642592974415e-06,67110540.5200065,0,TRUE,FALSE
ergun_full_phi0.595_d6_Re3.2e-06,,,4.869928190018298e-08,9.055142173144502e-08,0.1666567055,1.0,6,0.5954545454545455,35635533.15053883,3.2600460255028272e-06,35666161.80859434,0,TRUE,FALSE
ergun_full_phi0.595_d6_Re5.8e-06,,,8.640980438151606e-08,1.5236444050519944e-07,0.1666567055,1.0,6,0.5954545454545455,22332998.14557549,5.48544770694028e-06,21196690.356587645,0,TRUE,FALSE
ergun_full_phi0.595_d6_Re1.1e-05,,,1.7794911231941682e-07,3.0725779267726737e-07,0.1666567055,1.0,6,0.5954545454545455,11309444.241230074,1.1061941675449743e-05,10511116.27793339,0,TRUE,FALSE
ergun_full_phi0.595_d6_Re1.9e-05,,,2.8020330138557823e-07,5.093376287473927e-07,0.1666567055,1.0,6,0.5954545454545455,6480566.539228928,1.833725059736259e-05,6340829.503778657,0,TRUE,FALSE
ergun_full_phi0.595_d6_Re3.4e-05,,,5.194929754871383e-07,8.869122309657607e-07,0.1666567055,1.0,6,0.5954545454545455,3962503.3436124646,3.193074871982612e-05,3641424.9539807905,0,TRUE,FALSE
ergun_full_phi0.595_d6_Re6.1e-05,,,8.821580787320864e-07,1.6055774110349266e-06,0.1666567055,1.0,6,0.5954545454545455,2053218.4932536543,5.7804241583364076e-05,2011504.8439652743,0,TRUE,FALSE
ergun_full_phi0.595_d6_Re1.1e-04,,,1.8214375060778666e-06,3.172282035104251e-06,0.1666567055,1.0,6,0.5954545454545455,1085980.2870813855,0.00011420897919181238,1018078.4550030297,0,TRUE,FALSE
ergun_full_phi0.595_d6_Re2.0e-04,,,2.7929984210328614e-06,5.572183594567142e-06,0.1666567055,1.0,6,0.5954545454545455,539723.2240527782,0.00020061059929810536,579600.4359283751,0,TRUE,FALSE
ergun_full_phi0.595_d6_Re3.6e-04,,,5.256820985626881e-06,9.897940269712085e-06,0.1666567055,1.0,6,0.5954545454545455,321947.2953258883,0.0003563471475096003,326295.6188467387,0,TRUE,FALSE
ergun_full_phi0.595_d6_Re6.4e-04,,,1.021971085290814e-05,1.8070970243828437e-05,0.1666567055,1.0,6,0.5954545454545455,187770.30740295848,0.0006505938128182345,178722.11109004737,0,TRUE,FALSE
ergun_full_phi0.595_d6_Re1.2e-03,,,1.9643208415208423e-05,3.2819121391521704e-05,0.1666567055,1.0,6,0.5954545454545455,109423.29149671414,0.001181558988330837,98410.05084814616,0,TRUE,FALSE
ergun_full_phi0.595_d6_Re2.1e-03,,,3.119012618915504e-05,5.907900879957231e-05,0.1666567055,1.0,6,0.5954545454545455,53616.9347022917,0.002126971439486627,54669.493026830794,0,TRUE,FALSE
ergun_full_phi0.595_d6_Re3.8e-03,,,5.802246781517352e-05,0.00010949048028837343,0.1666567055,1.0,6,0.5954545454545455,29039.873820600777,0.003941892885493531,29500.176552953737,0,TRUE,FALSE
ergun_full_phi0.595_d6_Re6.8e-03,,,0.00010283533688714286,0.00018929150711661678,0.1666567055,1.0,6,0.5954545454545455,17219.92943499903,0.006814901562419885,17064.98161184008,0,TRUE,FALSE
ergun_full_phi0.595_d6_Re1.2e-02,,,0.0001722080412294143,0.00031542767384896297,0.1666567055,1.0,6,0.5954545454545455,10384.966283285077,0.011356074977095823,10242.218156275125,0,TRUE,FALSE
ergun_full_phi0.595_d6_Re2.2e-02,,,0.0003270328584435631,0.0006135756825000402,0.1666567055,1.0,6,0.5954545454545455,5212.023467249385,0.022090044825710545,5266.960360927961,0,TRUE,FALSE
ergun_full_phi0.595_d6_Re3.9e-02,,,0.0005510318392019502,0.0010903738268453966,0.1666567055,1.0,6,0.5954545454545455,2780.847080264672,0.03925580396807004,2965.29274488911,0,TRUE,FALSE
ergun_full_phi0.595_d6_Re7.1e-02,,,0.0011490419371820285,0.0019761038876621125,0.1666567055,1.0,6,0.5954545454545455,1765.4994430772028,0.07114399201880703,1637.691038767327,0,TRUE,FALSE
ergun_full_phi0.595_d6_Re1.3e-01,,,0.0018577879788849781,0.0035297577857717616,0.1666567055,1.0,6,0.5954545454545455,894.6591110541821,0.1270788754109301,918.3228817242734,0,TRUE,FALSE
ergun_full_phi0.595_d6_Re2.3e-01,,,0.003759030167420206,0.006272716655241042,0.1666567055,1.0,6,0.5954545454545455,573.2125898348671,0.2258312968477962,518.2212447169277,0,TRUE,FALSE
ergun_full_phi0.595_d6_Re4.1e-01,,,0.006270963851518422,0.011041690649091022,0.1666567055,1.0,6,0.5954545454545455,308.61312817833937,0.3975246222213731,295.84657485138473,0,TRUE,FALSE
ergun_full_phi0.595_d6_Re7.5e-01,,,0.012573092089321258,0.02077129307365259,0.1666567055,1.0,6,0.5954545454545455,174.85025898174126,0.7478112450861782,158.8380490180057,0,TRUE,FALSE
ergun_full_phi0.595_d6_Re1.3e+00,,,0.021608967162855704,0.03876282107452984,0.1666567055,1.0,6,0.5954545454545455,86.28881538707998,1.3955449662190702,86.67070084262927,0,TRUE,FALSE
ergun_full_phi0.595_d6_Re2.4e+00,,,0.03949803434201717,0.064057019221497,0.1666567055,1.0,6,0.5954545454545455,57.75549123902291,2.306190526063063,53.77111564692838,0,TRUE,FALSE
ergun_full_phi0.595_d6_Re4.3e+00,,,0.07268363714407568,0.12617288220620596,0.1666567055,1.0,6,0.5954545454545455,27.394025405545182,4.542495250737065,28.949995206803305,0,TRUE,FALSE
ergun_full_phi0.595_d6_Re7.8e+00,,,0.14151767126270623,0.22233000979628625,0.1666567055,1.0,6,0.5954545454545455,17.177729105319187,8.004358749175667,17.879450789472624,0,TRUE,FALSE
ergun_full_phi0.595_d6_Re1.4e+01,,,0.26530736835943375,0.38237972557679245,0.1666567055,1.0,6,0.5954545454545455,10.887065801140634,13.766492902745846,11.799310904739064,0,TRUE,FALSE
ergun_full_phi0.595_d6_Re2.5e+01,,,0.6927509578584278,0.7245719691983382,0.1666567055,1.0,6,0.5954545454545455,7.9170853620551735,26.086149982066157,7.810482228466873,0,TRUE,FALSE
ergun_full_phi0.595_d6_Re4.6e+01,,,1.7410484602798058,1.2873266653077773,0.1666567055,1.0,6,0.5954545454545455,6.303540963210174,46.34652994413515,5.861982085928982,0,TRUE,FALSE
ergun_full_phi0.595_d6_Re8.2e+01,,,4.414009658771714,2.3295742581973067,0.1666567055,1.0,6,0.5954545454545455,4.880130235525675,83.8696859346223,4.739557463771068,0,TRUE,FALSE
ergun_full_phi0.595_d6_Re1.5e+02,,,11.510001628906927,4.2038428558786505,0.1666567055,1.0,6,0.5954545454545455,3.907812240761309,151.3473883909934,4.121455099075769,0,TRUE,FALSE
ergun_full_phi0.595_d6_Re2.7e+02,,,32.49499125911279,7.3918716330859695,0.1666567055,1.0,6,0.5954545454545455,3.5682793132425683,266.12328418142056,3.790115798212273,0,TRUE,FALSE
ergun_full_phi0.595_d6_Re4.8e+02,,,100.46831589843036,12.965754281048632,0.1666567055,1.0,6,0.5954545454545455,3.585789565505556,466.7950530576868,3.602289142513103,0,TRUE,FALSE
ergun_full_phi0.595_d6_Re8.6e+02,,,394.3954136112523,24.755796997521454,0.1666567055,1.0,6,0.5954545454545455,3.8612620874359,891.2619599643335,3.4836597552630786,0,TRUE,FALSE
ergun_full_phi0.595_d6_Re1.6e+03,,,1006.9621425189471,41.78516309227086,0.1666567055,1.0,6,0.5954545454545455,3.4603512932896847,1504.3557821537827,3.4304916632145317,0,TRUE,FALSE
ergun_full_phi0.595_d6_Re2.8e+03,,,3493.2550191182113,77.5454235256528,0.1666567055,1.0,6,0.5954545454545455,3.485532989379616,2791.8021045598834,3.394848683183558,0,TRUE,FALSE
ergun_full_phi0.595_d6_Re5.0e+03,,,11611.308380973118,142.3597850197854,0.1666567055,1.0,6,0.5954545454545455,3.437619172774035,5125.258582041947,3.3758868920079688,0,TRUE,FALSE
ergun_full_phi0.595_d6_Re9.1e+03,,,34246.75130858709,244.6341976721047,0.1666567055,1.0,6,0.5954545454545455,3.433494021874618,8807.357505531802,3.366402399204479,0,TRUE,FALSE
ergun_full_phi0.595_d6_Re1.6e+04,,,118354.41059498607,465.65414852797045,0.1666567055,1.0,6,0.5954545454545455,3.2749806962030803,16764.551313945318,3.3601362253192466,0,TRUE,FALSE
ergun_full_phi0.595_d6_Re2.9e+04,,,414714.8617322854,866.0238084765278,0.1666567055,1.0,6,0.5954545454545455,3.3177311170512724,31178.720563746934,3.3569298123297564,0,TRUE,FALSE
ergun_full_phi0.595_d6_Re5.3e+04,,,1179420.9057496742,1441.5089318903158,0.1666567055,1.0,6,0.5954545454545455,3.4055353801190216,51897.42330134982,3.355441004856367,0,TRUE,FALSE
ergun_full_phi0.595_d6_Re9.5e+04,,,3596313.6571979565,2624.453337644903,0.1666567055,1.0,6,0.5954545454545455,3.132788686019323,94485.967298024,3.3544311481596845,0,TRUE,FALSE
ergun_full_phi0.595_d6_Re1.7e+05,,,13702286.299272433,4757.439813566924,0.1666567055,1.0,6,0.5954545454545455,3.6324335851564107,171278.07006482285,3.3538794169493795,0,TRUE,FALSE
ergun_full_phi0.595_d6_Re3.1e+05,,,45007915.32257084,9101.729120100095,0.1666567055,1.0,6,0.5954545454545455,3.259810361106326,327681.8328837094,3.353555395963915,0,TRUE,FALSE
ergun_full_phi0.595_d6_Re5.6e+05,,,141418632.92635033,15854.299788305725,0.1666567055,1.0,6,0.5954545454545455,3.375699295365464,570788.906719594,3.3534042662800236,0,TRUE,FALSE
ergun_full_phi0.595_d6_Re1.0e+06,,,467287684.2024911,28013.685836310833,0.1666567055,1.0,6,0.5954545454545455,3.572687887286355,1008552.9682924459,3.3533158472115008,0,TRUE,FALSE
ergun_full_phi0.595_d10_Re1.0e-06,,,3.3387060792377955e-09,1.7097172412174077e-08,0.1666567055,1.0,10,0.5954545454545455,114216699.27219015,1.0258916591972398e-06,113338792.17661726,0,TRUE,FALSE
ergun_full_phi0.595_d10_Re1.8e-06,,,5.3448735170998096e-09,2.9177057129623366e-08,0.1666567055,1.0,10,0.5954545454545455,62784792.153966665,1.7507280635415756e-06,66414268.674480334,0,TRUE,FALSE
ergun_full_phi0.595_d10_Re3.2e-06,,,1.0615906432928631e-08,5.390474660732021e-08,0.1666567055,1.0,10,0.5954545454545455,36534491.26971578,3.2344781114925022e-06,35948095.78404033,0,TRUE,FALSE
ergun_full_phi0.595_d10_Re5.8e-06,,,1.9889284679807304e-08,9.870427944755404e-08,0.1666567055,1.0,10,0.5954545454545455,20414897.27915892,5.922610743529551e-06,19632108.712224714,0,TRUE,FALSE
ergun_full_phi0.595_d10_Re1.1e-05,,,3.097298677963558e-08,1.802445909333535e-07,0.1666567055,1.0,10,0.5954545454545455,9533636.871559083,1.0815321855342537e-05,10750799.277042996,0,TRUE,FALSE
ergun_full_phi0.595_d10_Re1.9e-05,,,5.953157518243546e-08,3.237347441045841e-07,0.1666567055,1.0,10,0.5954545454545455,5680267.008752192,1.9425245634930908e-05,5985684.06492218,0,TRUE,FALSE
ergun_full_phi0.595_d10_Re3.4e-05,,,1.155755952927369e-07,5.864793173842482e-07,0.1666567055,1.0,10,0.5954545454545455,3360166.0303629423,3.5190862295321694e-05,3304080.3360745497,0,TRUE,FALSE
ergun_full_phi0.595_d10_Re6.1e-05,,,1.9625913554482183e-07,1.0405723804760006e-06,0.1666567055,1.0,10,0.5954545454545455,1812530.372663969,6.243807456496255e-05,1862221.5418233704,0,TRUE,FALSE
ergun_full_phi0.595_d10_Re1.1e-04,,,3.2720267599934237e-07,1.8537817448759197e-06,0.1666567055,1.0,10,0.5954545454545455,952137.4438515668,0.00011123355278830468,1045311.3129197586,0,TRUE,FALSE
ergun_full_phi0.595_d10_Re2.0e-04,,,6.517578581704229e-07,3.4195182006930644e-06,0.1666567055,1.0,10,0.5954545454545455,557386.4884525831,0.0002051833552351762,566683.4232490824,0,TRUE,FALSE
ergun_full_phi0.595_d10_Re3.6e-04,,,1.126259341940085e-06,5.5116493895188706e-06,0.1666567055,1.0,10,0.5954545454545455,370744.9464797559,0.00033071872943743453,351581.01653775893,0,TRUE,FALSE
ergun_full_phi0.595_d10_Re6.4e-04,,,2.091540412369647e-06,1.1276643165291438e-05,0.1666567055,1.0,10,0.5954545454545455,164477.53339661058,0.0006766390306024283,171842.86120815974,0,TRUE,FALSE
ergun_full_phi0.595_d10_Re1.2e-03,,,3.7367147518041133e-06,2.0019479231212323e-05,0.1666567055,1.0,10,0.5954545454545455,93236.1634726103,0.0012012405484165965,96797.71988317407,0,TRUE,FALSE
ergun_full_phi0.595_d10_Re2.1e-03,,,6.180125972128811e-06,3.246695854220801e-05,0.1666567055,1.0,10,0.5954545454545455,58629.21976939182,0.0019481339466540701,59687.81089257879,0,TRUE,FALSE
ergun_full_phi0.595_d10_Re3.8e-03,,,1.2325098931247563e-05,6.317424426892296e-05,0.1666567055,1.0,10,0.5954545454545455,30882.347345677194,0.0037906812137794813,30676.81571563405,0,TRUE,FALSE
ergun_full_phi0.595_d10_Re6.8e-03,,,2.2222057981932926e-05,0.00011296913071987516,0.1666567055,1.0,10,0.5954545454545455,17412.643260156023,0.006778552976968284,17156.47105809182,0,TRUE,FALSE
ergun_full_phi0.595_d10_Re1.2e-02,,,3.913051965099023e-05,0.00020405659863279978,0.1666567055,1.0,10,0.5954545454545455,9397.543157997889,0.012244127712748996,9499.60486056124,0,TRUE,FALSE
ergun_full_phi0.595_d10_Re2.2e-02,,,6.858251100862631e-05,0.00035843715859255746,0.1666567055,1.0,10,0.5954545454545455,5338.107679152749,0.021507514955199775,5409.524874026553,0,TRUE,FALSE
ergun_full_phi0.595_d10_Re3.9e-02,,,0.00012422209864708145,0.0006501081185846258,0.1666567055,1.0,10,0.5954545454545455,2939.1901460607673,0.03900881855513613,2984.0463469857077,0,TRUE,FALSE
ergun_full_phi0.595_d10_Re7.1e-02,,,0.0002162201001652759,0.001144238152668647,0.1666567055,1.0,10,0.5954545454545455,1651.4415806748782,0.0686583926662733,1696.8580089615646,0,TRUE,FALSE
ergun_full_phi0.595_d10_Re1.3e-01,,,0.0004215993988445349,0.002134406242832598,0.1666567055,1.0,10,0.5954545454545455,925.4347814945013,0.12807202905091616,911.2276129442029,0,TRUE,FALSE
ergun_full_phi0.595_d10_Re2.3e-01,,,0.0007393854783912222,0.0038255219435812207,0.1666567055,1.0,10,0.5954545454545455,505.23045512803554,0.22954503583302988,509.8913519754107,0,TRUE,FALSE
ergun_full_phi0.595_d10_Re4.1e-01,,,0.0014322989824145332,0.007011441710501533,0.1666567055,1.0,10,0.5954545454545455,291.35268691839013,0.42071164730311633,279.72614830884817,0,TRUE,FALSE
ergun_full_phi0.595_d10_Re7.5e-01,,,0.002300128641575811,0.012677215298237027,0.1666567055,1.0,10,0.5954545454545455,143.12134002354009,0.7606783813590402,156.20796936476142,0,TRUE,FALSE
ergun_full_phi0.595_d10_Re1.3e+00,,,0.004596664323611155,0.022057128296104966,0.1666567055,1.0,10,0.5954545454545455,94.481080548038,1.3235067997972014,91.20565295027092,0,TRUE,FALSE
ergun_full_phi0.595_d10_Re2.4e+00,,,0.008775378679502548,0.040880532311483336,0.1666567055,1.0,10,0.5954545454545455,52.50888327377429,2.4529785458577504,50.75407094823225,0,TRUE,FALSE
ergun_full_phi0.595_d10_Re4.3e+00,,,0.015301984689369072,0.07315033147918948,0.1666567055,1.0,10,0.5954545454545455,28.59665040642869,4.38928222298199,29.843481250634447,0,TRUE,FALSE
ergun_full_phi0.595_d10_Re7.8e+00,,,0.030235835836233987,0.1353219989711234,0.1666567055,1.0,10,0.5954545454545455,16.511448322083734,8.119805234666865,17.672918183344933,0,TRUE,FALSE
ergun_full_phi0.595_d10_Re1.4e+01,,,0.06643509717274484,0.24188126858536446,0.1666567055,1.0,10,0.5954545454545455,11.355155848153808,14.5137435580331,11.36445676359055,0,TRUE,FALSE
ergun_full_phi0.595_d10_Re2.5e+01,,,0.1306230331257578,0.404474496826882,0.1666567055,1.0,10,0.5954545454545455,7.984311592951609,24.269920349942478,8.144041091799368,0,TRUE,FALSE
ergun_full_phi0.595_d10_Re4.6e+01,,,0.3511544974695192,0.7890067936741746,0.1666567055,1.0,10,0.5954545454545455,5.640748670730989,47.34323718370723,5.809165234817739,0,TRUE,FALSE
ergun_full_phi0.595_d10_Re8.2e+01,,,0.8292010913171893,1.3211242706898125,0.1666567055,1.0,10,0.5954545454545455,4.750863172488222,79.27219410261368,4.819960997617419,0,TRUE,FALSE
ergun_full_phi0.595_d10_Re1.5e+02,,,2.2621851970030984,2.406450845317373,0.1666567055,1.0,10,0.5954545454545455,3.9063771053781644,144.3956808156977,4.158441530174564,0,TRUE,FALSE
ergun_full_phi0.595_d10_Re2.7e+02,,,7.968759265477776,4.498371450446544,0.1666567055,1.0,10,0.5954545454545455,3.938039597237584,269.9184192409554,3.7839726370917077,0,TRUE,FALSE
ergun_full_phi0.595_d10_Re4.8e+02,,,22.835346961091386,7.861138337335315,0.1666567055,1.0,10,0.5954545454545455,3.6951896847639274,471.69649212436366,3.5997008414973797,0,TRUE,FALSE
ergun_full_phi0.595_d10_Re8.6e+02,,,70.22526586974129,14.221666632986972,0.1666567055,1.0,10,0.5954545454545455,3.472101429866687,853.3510002084478,3.489455533673609,0,TRUE,FALSE
ergun_full_phi0.595_d10_Re1.6e+03,,,249.61686822154897,25.996803028682955,0.1666567055,1.0,10,0.5954545454545455,3.6934654666126323,1559.901412348689,3.4277394488721638,0,TRUE,FALSE
ergun_full_phi0.595_d10_Re2.8e+03,,,723.6385410152824,47.341738634226424,0.1666567055,1.0,10,0.5954545454545455,3.228741549232547,2840.6740966223183,3.394132153698212,0,TRUE,FALSE
ergun_full_phi0.595_d10_Re5.0e+03,,,2426.2351575986854,85.24542997210679,0.1666567055,1.0,10,0.5954545454545455,3.338802117857577,5115.03150841457,3.3759322514134764,0,TRUE,FALSE
ergun_full_phi0.595_d10_Re9.1e+03,,,7166.25701112511,149.0024701979856,0.1666567055,1.0,10,0.5954545454545455,3.2277912730540215,8940.682569654275,3.3662055310064956,0,TRUE,FALSE
ergun_full_phi0.595_d10_Re1.6e+04,,,24749.668716901877,271.79822060946265,0.1666567055,1.0,10,0.5954545454545455,3.3502419453306844,16308.867968679644,3.3603300135825966,0,TRUE,FALSE
ergun_full_phi0.595_d10_Re2.9e+04,,,73300.249717436,483.8023029252562,0.1666567055,1.0,10,0.5954545454545455,3.131623847583232,29029.87320394715,3.35720585880408,0,TRUE,FALSE
ergun_full_phi0.595_d10_Re5.3e+04,,,236868.55431871937,837.49955024837,0.1666567055,1.0,10,0.5954545454545455,3.377055860619211,50252.976484547755,3.355514319767559,0,TRUE,FALSE
ergun_full_phi0.595_d10_Re9.5e+04,,,952267.2391061088,1595.394155896659,0.1666567055,1.0,10,0.5954545454545455,3.7413027212742502,95729.3708111048,3.354415164374349,0,TRUE,FALSE
ergun_full_phi0.595_d10_Re1.7e+05,,,2849724.911943539,2841.434012750736,0.1666567055,1.0,10,0.5954545454545455,3.529618681537474,170496.2308132712,3.353882529962801,0,TRUE,FALSE
ergun_full_phi0.595_d10_Re3.1e+05,,,9499347.505047731,5330.360793903998,0.1666567055,1.0,10,0.5954545454545455,3.3433401475725457,319840.7635571554,3.3535640949609355,0,TRUE,FALSE
ergun_full_phi0.595_d10_Re5.6e+05,,,28259285.7066585,9279.066154027936,0.1666567055,1.0,10,0.5954545454545455,3.2821062660827627,556777.2461473466,3.3534093926821678,0,TRUE,FALSE
ergun_full_phi0.595_d10_Re1.0e+06,,,96077283.52073692,17577.25478163367,0.1666567055,1.0,10,0.5954545454545455,3.1097009023023943,1054698.323052694,3.353310803141698,0,TRUE,FALSE
ergun_full_phi0.659_d6_Re1.0e-06,,,8.380378118008153e-09,2.774310073949743e-08,0.1666567055,1.0,6,0.6590909090909091,65328827.97415794,9.98811322578224e-07,60960569.82759203,0,TRUE,FALSE
ergun_full_phi0.659_d6_Re1.8e-06,,,1.3653461597190264e-08,4.984111451744884e-08,0.1666567055,1.0,6,0.6590909090909091,32977561.059257187,1.7943873677779682e-06,33932533.25661852,0,TRUE,FALSE
ergun_full_phi0.659_d6_Re3.2e-06,,,2.6232533039743167e-08,9.064503670754655e-08,0.1666567055,1.0,6,0.6590909090909091,19155937.903887957,3.263416366077627e-06,18657782.294148132,0,TRUE,FALSE
ergun_full_phi0.659_d6_Re5.8e-06,,,4.71184241501742e-08,1.6482463043642452e-07,0.1666567055,1.0,6,0.6590909090909091,10406334.611502102,5.934041355560981e-06,10260817.88277859,0,TRUE,FALSE
ergun_full_phi0.659_d6_Re1.1e-05,,,8.816769752264642e-08,2.983465023286453e-07,0.1666567055,1.0,6,0.6590909090909091,5943179.513898854,1.0741116048114077e-05,5668696.567672443,0,TRUE,FALSE
ergun_full_phi0.659_d6_Re1.9e-05,,,1.404984018877467e-07,5.079791563097097e-07,0.1666567055,1.0,6,0.6590909090909091,3266862.456103622,1.8288342666525697e-05,3329341.7840818036,0,TRUE,FALSE
ergun_full_phi0.659_d6_Re3.4e-05,,,2.802728435138378e-07,9.703256233164053e-07,0.1666567055,1.0,6,0.6590909090909091,1786065.0419028525,3.493381032843249e-05,1742958.3979939236,0,TRUE,FALSE
ergun_full_phi0.659_d6_Re6.1e-05,,,4.995954939999711e-07,1.71380793976211e-06,0.1666567055,1.0,6,0.6590909090909091,1020576.2605364495,6.170077350156583e-05,986830.9650825917,0,TRUE,FALSE
ergun_full_phi0.659_d6_Re1.1e-04,,,8.512406800601727e-07,3.1523191976856015e-06,0.1666567055,1.0,6,0.6590909090909091,513976.48108190554,0.00011349027408989318,536507.1347682811,0,TRUE,FALSE
ergun_full_phi0.659_d6_Re2.0e-04,,,1.4143664567603957e-06,5.3156726306508066e-06,0.1666567055,1.0,6,0.6590909090909091,300328.6368303682,0.00019137565265206111,318162.2281834663,0,TRUE,FALSE
ergun_full_phi0.659_d6_Re3.6e-04,,,2.806991160092831e-06,1.0497343021759927e-05,0.1666567055,1.0,6,0.6590909090909091,152838.76422923684,0.00037792693634256175,161112.8684790657,0,TRUE,FALSE
ergun_full_phi0.659_d6_Re6.4e-04,,,4.9563323546712115e-06,1.7747034088272737e-05,0.1666567055,1.0,6,0.6590909090909091,94419.15390612753,0.0006389314141916505,95298.86197343619,0,TRUE,FALSE
ergun_full_phi0.659_d6_Re1.2e-03,,,8.575475016132979e-06,3.31844666109096e-05,0.1666567055,1.0,6,0.6590909090909091,46723.97184231977,0.0011947122023569438,50966.74716006534,0,TRUE,FALSE
ergun_full_phi0.659_d6_Re2.1e-03,,,1.7328567899444885e-05,5.78507320756753e-05,0.1666567055,1.0,6,0.6590909090909091,31066.77732193536,0.0020827508344934357,29236.548207077278,0,TRUE,FALSE
ergun_full_phi0.659_d6_Re3.8e-03,,,3.102158648209121e-05,0.00010781159508461806,0.1666567055,1.0,6,0.6590909090909091,16013.42801097165,0.0038814494056328766,15689.034380581626,0,TRUE,FALSE
ergun_full_phi0.659_d6_Re6.8e-03,,,5.732961769627874e-05,0.00018623403111083726,0.1666567055,1.0,6,0.6590909090909091,9917.7283437708,0.006704825847316557,9083.31964200064,0,TRUE,FALSE
ergun_full_phi0.659_d6_Re1.2e-02,,,9.517456473337432e-05,0.0003213619115040711,0.1666567055,1.0,6,0.6590909090909091,5529.467957734899,0.011569720301619827,5264.795676605201,0,TRUE,FALSE
ergun_full_phi0.659_d6_Re2.2e-02,,,0.00017944664342181525,0.000617615290572323,0.1666567055,1.0,6,0.6590909090909091,2822.607626423357,0.022235479408501437,2740.414849011213,0,TRUE,FALSE
ergun_full_phi0.659_d6_Re3.9e-02,,,0.00031475873564409674,0.0011037720742065758,0.1666567055,1.0,6,0.6590909090909091,1550.1375562814114,0.039738169702625344,1534.3159792655104,0,TRUE,FALSE
ergun_full_phi0.659_d6_Re7.1e-02,,,0.0005407050664252342,0.0020270406332651997,0.1666567055,1.0,6,0.6590909090909091,789.5629852207115,0.07297782446318188,836.4208107372358,0,TRUE,FALSE
ergun_full_phi0.659_d6_Re1.3e-01,,,0.0009754814757562408,0.003418325397613641,0.1666567055,1.0,6,0.6590909090909091,500.8912827070527,0.12306706966364367,496.8391913979908,0,TRUE,FALSE
ergun_full_phi0.659_d6_Re2.3e-01,,,0.0018326090502696448,0.006398131084988275,0.1666567055,1.0,6,0.6590909090909091,268.605443675998,0.23034648617801728,266.4164117980239,0,TRUE,FALSE
ergun_full_phi0.659_d6_Re4.1e-01,,,0.0033519236813327837,0.01206186064576572,0.1666567055,1.0,6,0.6590909090909091,138.23459959610128,0.4342529372428661,142.29718269466926,0,TRUE,FALSE
ergun_full_phi0.659_d6_Re7.5e-01,,,0.0062428978124381375,0.021173895983081403,0.1666567055,1.0,6,0.6590909090909091,83.54797459877312,0.7623058161226426,81.95732031274098,0,TRUE,FALSE
ergun_full_phi0.659_d6_Re1.3e+00,,,0.01103232005643909,0.0400096420757081,0.1666567055,1.0,6,0.6590909090909091,41.351262208847366,1.4404332050968607,44.35441614161602,0,TRUE,FALSE
ergun_full_phi0.659_d6_Re2.4e+00,,,0.01966176590999472,0.06599885923999056,0.1666567055,1.0,6,0.6590909090909091,27.083258409200095,2.376100945064844,27.70894451669484,0,TRUE,FALSE
ergun_full_phi0.659_d6_Re4.3e+00,,,0.039258712582262247,0.12565371431781505,0.1666567055,1.0,6,0.6590909090909091,14.918894482240509,4.523804089640367,15.543218345040405,0,TRUE,FALSE
ergun_full_phi0.659_d6_Re7.8e+00,,,0.08940750844084,0.22850180137048326,0.1666567055,1.0,6,0.6590909090909091,10.27415199803599,8.226556525941284,9.485134757463149,0,TRUE,FALSE
ergun_full_phi0.659_d6_Re1.4e+01,,,0.1730014066717883,0.401685020177343,0.1666567055,1.0,6,0.6590909090909091,6.433237910224224,14.46152504835191,6.294077881629245,0,TRUE,FALSE
ergun_full_phi0.659_d6_Re2.5e+01,,,0.3497460546865167,0.6724371102201144,0.1666567055,1.0,6,0.6590909090909091,4.640884160451952,24.209182878157197,4.598809311041807,0,TRUE,FALSE
ergun_full_phi0.659_d6_Re4.6e+01,,,0.8398766594770816,1.2150832268625849,0.1666567055,1.0,6,0.6590909090909091,3.4131447810900406,43.745610710968414,3.475594032400292,0,TRUE,FALSE
ergun_full_phi0.659_d6_Re8.2e+01,,,2.442312752702772,2.297266210786623,0.1666567055,1.0,6,0.6590909090909091,2.7767058668310742,82.70652670930026,2.819920954014129,0,TRUE,FALSE
ergun_full_phi0.659_d6_Re1.5e+02,,,7.356499475820788,4.229336076981649,0.1666567055,1.0,6,0.6590909090909091,2.4676187683670507,152.26519920550027,2.4836082234413115,0,TRUE,FALSE
ergun_full_phi0.659_d6_Re2.7e+02,,,18.321566748148946,7.063618502475623,0.1666567055,1.0,6,0.6590909090909091,2.2032277276277297,254.30546516385886,2.323155278197884,0,TRUE,FALSE
ergun_full_phi0.659_d6_Re4.8e+02,,,59.74839152930551,12.82109340895896,0.1666567055,1.0,6,0.6590909090909091,2.1808577557059983,461.5869503897865,2.21563663978041,0,TRUE,FALSE
ergun_full_phi0.659_d6_Re8.6e+02,,,227.92811333976897,24.89409435584793,0.1666567055,1.0,6,0.6590909090909091,2.206767012843485,896.240962444128,2.151663474256954,0,TRUE,FALSE
ergun_full_phi0.659_d6_Re1.6e+03,,,630.8917946138226,43.60982223531291,0.1666567055,1.0,6,0.6590909090909091,1.9903868631956878,1570.0474374964615,2.122507330942276,0,TRUE,FALSE
ergun_full_phi0.659_d6_Re2.8e+03,,,2437.6705327948707,83.43485129805056,0.1666567055,1.0,6,0.6590909090909091,2.101025219012702,3003.83417688707,2.1039963987179373,0,TRUE,FALSE
ergun_full_phi0.659_d6_Re5.0e+03,,,7564.2919021865755,150.41417175180806,0.1666567055,1.0,6,0.6590909090909091,2.0060512166506377,5415.233835345727,2.0949701252720154,0,TRUE,FALSE
ergun_full_phi0.659_d6_Re9.1e+03,,,24322.135048426815,247.5825163741862,0.1666567055,1.0,6,0.6590909090909091,2.3807456558797426,8913.503322823799,2.0905572660116323,0,TRUE,FALSE
ergun_full_phi0.659_d6_Re1.6e+04,,,68461.58020957101,438.9667049541494,0.1666567055,1.0,6,0.6590909090909091,2.1317437968244626,15803.745920831827,2.0875790341628093,0,TRUE,FALSE
ergun_full_phi0.659_d6_Re2.9e+04,,,217852.69707960045,807.8862708449647,0.1666567055,1.0,6,0.6590909090909091,2.0026900297671473,29085.644112110378,2.085819677531753,0,TRUE,FALSE
ergun_full_phi0.659_d6_Re5.3e+04,,,812033.7551341793,1567.5887772991716,0.1666567055,1.0,6,0.6590909090909091,1.9827184222040724,56436.569027191224,2.0848051468450586,0,TRUE,FALSE
ergun_full_phi0.659_d6_Re9.5e+04,,,2710028.9679205143,2716.986486105449,0.1666567055,1.0,6,0.6590909090909091,2.2026740072345095,97817.35974993634,2.0843487373139764,0,TRUE,FALSE
ergun_full_phi0.659_d6_Re1.7e+05,,,6739551.639512945,4618.824932770102,0.1666567055,1.0,6,0.6590909090909091,1.8954802021076014,166287.63609287006,2.084092431389612,0,TRUE,FALSE
ergun_full_phi0.659_d6_Re3.1e+05,,,22031152.964316946,8125.191053605803,0.1666567055,1.0,6,0.6590909090909091,2.0022638798335755,292524.36123330676,2.0839344171665166,0,TRUE,FALSE
ergun_full_phi0.659_d6_Re5.6e+05,,,85212449.72530432,15532.932470434853,0.1666567055,1.0,6,0.6590909090909091,2.119080196399743,559218.9917771362,2.0838351506503896,0,TRUE,FALSE
ergun_full_phi0.659_d6_Re1.0e+06,,,263531446.92379197,27619.03404975422,0.1666567055,1.0,6,0.6590909090909091,2.0728445116966894,994344.6547881346,2.0837875044467764,0,TRUE,FALSE
ergun_full_phi0.659_d10_Re1.0e-06,,,1.8094600197528165e-09,1.7159850273913178e-08,0.1666567055,1.0,10,0.6590909090909091,61450016.44729324,1.0296525556790858e-06,59134614.97575422,0,TRUE,FALSE
ergun_full_phi0.659_d10_Re1.8e-06,,,2.985620994861263e-09,3.034426814012585e-08,0.1666567055,1.0,10,0.6590909090909091,32425101.27678193,1.8207649100639306e-06,33440950.421879426,0,TRUE,FALSE
ergun_full_phi0.659_d10_Re3.2e-06,,,5.660856906052164e-09,5.528304515368665e-08,0.1666567055,1.0,10,0.6590909090909091,18522442.809684213,3.317180967176064e-06,18355378.499986243,0,TRUE,FALSE
ergun_full_phi0.659_d10_Re5.8e-06,,,9.372706576326155e-09,9.506853879252685e-08,0.1666567055,1.0,10,0.6590909090909091,10370301.511221984,5.704453265609937e-06,10673786.661898224,0,TRUE,FALSE
ergun_full_phi0.659_d10_Re1.1e-05,,,2.020852475988996e-08,1.8159640067740708e-07,0.1666567055,1.0,10,0.6590909090909091,6128019.492659919,1.0896435287892276e-05,5587894.241542932,0,TRUE,FALSE
ergun_full_phi0.659_d10_Re1.9e-05,,,2.836270627315852e-08,3.1011074557798274e-07,0.1666567055,1.0,10,0.6590909090909091,2949266.6311414284,1.8607756864483484e-05,3272191.5118666785,0,TRUE,FALSE
ergun_full_phi0.659_d10_Re3.4e-05,,,5.599294595106691e-08,5.772868349361543e-07,0.1666567055,1.0,10,0.6590909090909091,1680157.5606082613,3.463928038203985e-05,1757778.3603067705,0,TRUE,FALSE
ergun_full_phi0.659_d10_Re6.1e-05,,,1.039424159031026e-07,1.0437594780321147e-06,0.1666567055,1.0,10,0.6590909090909091,954095.708478778,6.26293118480081e-05,972200.3004516308,0,TRUE,FALSE
ergun_full_phi0.659_d10_Re1.1e-04,,,2.0054849942260423e-07,1.9652828004250436e-06,0.1666567055,1.0,10,0.6590909090909091,519241.3974491795,0.00011792401599016628,516335.45977451664,0,TRUE,FALSE
ergun_full_phi0.659_d10_Re2.0e-04,,,3.2466236868853975e-07,3.3998380110978263e-06,0.1666567055,1.0,10,0.6590909090909091,280876.5633166801,0.0002040024732816902,298469.5695066733,0,TRUE,FALSE
ergun_full_phi0.659_d10_Re3.6e-04,,,5.592178326203221e-07,5.473715239985549e-06,0.1666567055,1.0,10,0.6590909090909091,186645.10796036053,0.00032844254442468553,185386.42667131778,0,TRUE,FALSE
ergun_full_phi0.659_d10_Re6.4e-04,,,1.1369791564689145e-06,1.0808029076767041e-05,0.1666567055,1.0,10,0.6590909090909091,97332.86214629376,0.0006485205047310288,93889.79405953556,0,TRUE,FALSE
ergun_full_phi0.659_d10_Re1.2e-03,,,1.806164612567386e-06,1.898615673916658e-05,0.1666567055,1.0,10,0.6590909090909091,50105.24676929915,0.0011392374931572483,53448.45084382911,0,TRUE,FALSE
ergun_full_phi0.659_d10_Re2.1e-03,,,3.45553448494219e-06,3.312219725539938e-05,0.1666567055,1.0,10,0.6590909090909091,31497.56297808417,0.0019874506192851258,30638.369580391573,0,TRUE,FALSE
ergun_full_phi0.659_d10_Re3.8e-03,,,6.207840223609781e-06,6.390651580238973e-05,0.1666567055,1.0,10,0.6590909090909091,15200.233164473726,0.003834620131884806,15880.607073885712,0,TRUE,FALSE
ergun_full_phi0.659_d10_Re6.8e-03,,,1.0848560147419698e-05,0.00011084863530813565,0.1666567055,1.0,10,0.6590909090909091,8828.997618581196,0.006651315647670453,9156.378683643674,0,TRUE,FALSE
ergun_full_phi0.659_d10_Re1.2e-02,,,1.9637518056618727e-05,0.00019153000975508677,0.1666567055,1.0,10,0.6590909090909091,5353.193424241575,0.011492487456803037,5300.162625397046,0,TRUE,FALSE
ergun_full_phi0.659_d10_Re2.2e-02,,,3.759325379673604e-05,0.0003743440444576319,0.1666567055,1.0,10,0.6590909090909091,2682.6749889260514,0.02246198515292455,2712.8016293776527,0,TRUE,FALSE
ergun_full_phi0.659_d10_Re3.9e-02,,,6.333505363646832e-05,0.0006295559270767688,0.1666567055,1.0,10,0.6590909090909091,1597.9953403401994,0.0377756133596898,1613.9200375327823,0,TRUE,FALSE
ergun_full_phi0.659_d10_Re7.1e-02,,,0.0001394332927029113,0.0012321496542738882,0.1666567055,1.0,10,0.6590909090909091,918.4162605021935,0.07393339803383357,825.6371799542087,0,TRUE,FALSE
ergun_full_phi0.659_d10_Re1.3e-01,,,0.0002103029559989264,0.00214640560207964,0.1666567055,1.0,10,0.6590909090909091,456.48003835111996,0.12879203363825287,474.84670371001584,0,TRUE,FALSE
ergun_full_phi0.659_d10_Re2.3e-01,,,0.0003417035512782936,0.003611230302929753,0.1666567055,1.0,10,0.6590909090909091,262.0228223550435,0.21668676889390165,283.07968003398736,0,TRUE,FALSE
ergun_full_phi0.659_d10_Re4.1e-01,,,0.0007162055654556922,0.006881545215638418,0.1666567055,1.0,10,0.6590909090909091,151.2396821346999,0.41291739177205916,149.54204724815386,0,TRUE,FALSE
ergun_full_phi0.659_d10_Re7.5e-01,,,0.0012858003683551221,0.012517192665803492,0.1666567055,1.0,10,0.6590909090909091,82.06532086499111,0.7510764495343689,83.15151281975474,0,TRUE,FALSE
ergun_full_phi0.659_d10_Re1.3e+00,,,0.0020899335557859554,0.02134892352394301,0.1666567055,1.0,10,0.6590909090909091,45.8543473040309,1.2810119736792114,49.6149801103083,0,TRUE,FALSE
ergun_full_phi0.659_d10_Re2.4e+00,,,0.004263922080644459,0.04043160488839131,0.1666567055,1.0,10,0.6590909090909091,26.08358601565435,2.4260412905132887,27.18144638365235,0,TRUE,FALSE
ergun_full_phi0.659_d10_Re4.3e+00,,,0.008208829923821746,0.07535657494270065,0.1666567055,1.0,10,0.6590909090909091,14.455694311708246,4.521664742898728,15.549586468762978,0,TRUE,FALSE
ergun_full_phi0.659_d10_Re7.8e+00,,,0.01726298179863123,0.13722104842772354,0.1666567055,1.0,10,0.6590909090909091,9.167994545389071,8.233755012499245,9.478663962616105,0,TRUE,FALSE
ergun_full_phi0.659_d10_Re1.4e+01,,,0.03603533656979617,0.23641055096046784,0.1666567055,1.0,10,0.6590909090909091,6.4475522824678135,14.1854808812639,6.376009753625488,0,TRUE,FALSE
ergun_full_phi0.659_d10_Re2.5e+01,,,0.07137552835139796,0.4184042565543775,0.1666567055,1.0,10,0.6590909090909091,4.077154302460654,25.10575588897487,4.508991040502583,0,TRUE,FALSE
ergun_full_phi0.659_d10_Re4.6e+01,,,0.20864482226881917,0.7500879882438691,0.1666567055,1.0,10,0.6590909090909091,3.70837111890611,45.00796928593246,3.4365556969030937,0,TRUE,FALSE
ergun_full_phi0.659_d10_Re8.2e+01,,,0.45229869619366553,1.3183452714376493,0.1666567055,1.0,10,0.6590909090909091,2.602357778420245,79.10544418134134,2.8534344225379753,0,TRUE,FALSE
ergun_full_phi0.659_d10_Re1.5e+02,,,1.4688792810406375,2.4501004595204185,0.1666567055,1.0,10,0.6590909090909091,2.44691183495603,147.01481420562575,2.4978893298808535,0,TRUE,FALSE
ergun_full_phi0.659_d10_Re2.7e+02,,,4.077698190707131,4.270812311637039,0.1666567055,1.0,10,0.6590909090909091,2.2356000284344844,256.2640548319875,2.321325356393454,0,TRUE,FALSE
ergun_full_phi0.659_d10_Re4.8e+02,,,13.450450796392502,7.877818241405807,0.1666567055,1.0,10,0.6590909090909091,2.1673294245432038,472.69734618663796,2.21253618569631,0,TRUE,FALSE
ergun_full_phi0.659_d10_Re8.6e+02,,,46.64447735853549,14.458184362254897,0.1666567055,1.0,10,0.6590909090909091,2.2313757790962447,867.5429121725256,2.153910815886493,0,TRUE,FALSE
ergun_full_phi0.659_d10_Re1.6e+03,,,148.24137720516242,26.20325775552962,0.1666567055,1.0,10,0.6590909090909091,2.1590309258830644,1572.2894363545197,2.122452031267644,0,TRUE,FALSE
ergun_full_phi0.659_d10_Re2.8e+03,,,534.514870862449,49.036741941166625,0.1666567055,1.0,10,0.6590909090909091,2.2228828616115193,2942.380373717793,2.104419755435896,0,TRUE,FALSE
ergun_full_phi0.659_d10_Re5.0e+03,,,1218.133557717781,76.91296252374681,0.1666567055,1.0,10,0.6590909090909091,2.0591871904220307,4615.053579332084,2.0969196391408484,0,TRUE,FALSE
ergun_full_phi0.659_d10_Re9.1e+03,,,4195.649845046712,144.12157163570427,0.1666567055,1.0,10,0.6590909090909091,2.0199529672163368,8647.81115187137,2.0907671390208433,0,TRUE,FALSE
ergun_full_phi0.659_d10_Re1.6e+04,,,16014.040678794321,278.37802128968275,0.1666567055,1.0,10,0.6590909090909091,2.0664792094654283,16703.67960619999,2.087371461202968,0,TRUE,FALSE
ergun_full_phi0.659_d10_Re2.9e+04,,,52062.9276885355,483.422083671217,0.1666567055,1.0,10,0.6590909090909091,2.2277969986844885,29007.058685149455,2.0858253489555034,0,TRUE,FALSE
ergun_full_phi0.659_d10_Re5.3e+04,,,147340.99013398052,842.6254533764455,0.1666567055,1.0,10,0.6590909090909091,2.0751736124199627,50560.5490549221,2.0849305311965733,0,TRUE,FALSE
ergun_full_phi0.659_d10_Re9.5e+04,,,543109.7453507341,1613.2284966823363,0.1666567055,1.0,10,0.6590909090909091,2.086872065861365,96799.49521637078,2.0843552826720932,0,TRUE,FALSE
ergun_full_phi0.659_d10_Re1.7e+05,,,1584330.2935765102,2758.7301761391473,0.1666567055,1.0,10,0.6590909090909091,2.081743779088701,165533.7040212371,2.084094099090982,0,TRUE,FALSE
ergun_full_phi0.659_d10_Re3.1e+05,,,5889104.559083433,5268.723855864928,0.1666567055,1.0,10,0.6590909090909091,2.121477310328949,316142.32623030746,2.083918867171638,0,TRUE,FALSE
ergun_full_phi0.659_d10_Re5.6e+05,,,18485237.249817036,9346.36618505801,0.1666567055,1.0,10,0.6590909090909091,2.116115869249593,560815.4893628333,2.0838348406952703,0,TRUE,FALSE
ergun_full_phi0.659_d10_Re1.0e+06,,,54836286.28677627,16733.399609155753,0.1666567055,1.0,10,0.6590909090909091,1.9583921968554232,1004063.9864416227,2.0837869116981884,0,TRUE,FALSE
ergun_full_phi0.723_d6_Re1.0e-06,,,3.97651265616842e-09,2.75197383708799e-08,0.1666567055,1.0,6,0.7227272727272727,31503950.60707217,9.907697966901152e-07,30832553.678094793,0,TRUE,FALSE
ergun_full_phi0.723_d6_Re1.8e-06,,,6.688931296090013e-09,4.554201752699076e-08,0.1666567055,1.0,6,0.7227272727272727,19350110.676906183,1.6396106255799262e-06,18631230.66933454,0,TRUE,FALSE
ergun_full_phi0.723_d6_Re3.2e-06,,,1.2180525137131915e-08,9.092976889792989e-08,0.1666567055,1.0,6,0.7227272727272727,8839039.77380423,3.2736673376012427e-06,9331420.307291329,0,TRUE,FALSE
ergun_full_phi0.723_d6_Re5.8e-06,,,2.2181003592083957e-08,1.584546238751433e-07,0.1666567055,1.0,6,0.7227272727272727,5300570.4214835195,5.704707412753097e-06,5354870.423303068,0,TRUE,FALSE
ergun_full_phi0.723_d6_Re1.1e-05,,,4.099355201574961e-08,2.95348461805635e-07,0.1666567055,1.0,6,0.7227272727272727,2819664.096776383,1.0633180138280184e-05,2872891.7347119683,0,TRUE,FALSE
ergun_full_phi0.723_d6_Re1.9e-05,,,7.851375925654347e-08,5.43841039014256e-07,0.1666567055,1.0,6,0.7227272727272727,1592770.00483806,1.9579447609358483e-05,1560206.7760821194,0,TRUE,FALSE
ergun_full_phi0.723_d6_Re3.4e-05,,,1.2752927112444164e-07,9.23290414868987e-07,0.1666567055,1.0,6,0.7227272727272727,897603.3690912954,3.3240441616757635e-05,919001.1595948034,0,TRUE,FALSE
ergun_full_phi0.723_d6_Re6.1e-05,,,2.512990105877946e-07,1.713447024889959e-06,0.1666567055,1.0,6,0.7227272727272727,513571.204870188,6.168777978957321e-05,495204.0916413845,0,TRUE,FALSE
ergun_full_phi0.723_d6_Re1.1e-04,,,4.4001745689736346e-07,3.1266879688563944e-06,0.1666567055,1.0,6,0.7227272727272727,270054.9063922003,0.00011256749470028595,271375.9103879583,0,TRUE,FALSE
ergun_full_phi0.723_d6_Re2.0e-04,,,7.824430539660183e-07,5.539768654940263e-06,0.1666567055,1.0,6,0.7227272727272727,152975.0953736449,0.00019944359172299595,153167.20761388005,0,TRUE,FALSE
ergun_full_phi0.723_d6_Re3.6e-04,,,1.3698272378221052e-06,1.0175894647211153e-05,0.1666567055,1.0,6,0.7227272727272727,79372.82611899056,0.0003663541031852866,83384.9881678608,0,TRUE,FALSE
ergun_full_phi0.723_d6_Re6.4e-04,,,2.3459923817521143e-06,1.8198538757340726e-05,0.1666567055,1.0,6,0.7227272727272727,42501.5542350699,0.000655186553799027,46626.115315418334,0,TRUE,FALSE
ergun_full_phi0.723_d6_Re1.2e-03,,,4.6715966319859e-06,3.261202472931091e-05,0.1666567055,1.0,6,0.7227272727272727,26354.881091561492,0.0011741030628729515,26019.411554765888,0,TRUE,FALSE
ergun_full_phi0.723_d6_Re2.1e-03,,,7.362871326445246e-06,5.791827296577307e-05,0.1666567055,1.0,6,0.7227272727272727,13169.43837582582,0.002085182451867431,14651.303932854173,0,TRUE,FALSE
ergun_full_phi0.723_d6_Re3.8e-03,,,1.6167221347511395e-05,0.00010928290111512077,0.1666567055,1.0,6,0.7227272727272727,8122.3594208194545,0.0039344195885998995,7765.572046718362,0,TRUE,FALSE
ergun_full_phi0.723_d6_Re6.8e-03,,,2.7187991825430812e-05,0.00018784097687495733,0.1666567055,1.0,6,0.7227272727272727,4623.253475077245,0.006762679352555328,4518.424206135457,0,TRUE,FALSE
ergun_full_phi0.723_d6_Re1.2e-02,,,4.7684950215086444e-05,0.0003285026447770814,0.1666567055,1.0,6,0.7227272727272727,2651.2754054027023,0.011826802064453915,2584.2288638580617,0,TRUE,FALSE
ergun_full_phi0.723_d6_Re2.2e-02,,,8.506738109589295e-05,0.0006374163381903415,0.1666567055,1.0,6,0.7227272727272727,1256.226443267234,0.022948359729468244,1332.446359225597,0,TRUE,FALSE
ergun_full_phi0.723_d6_Re3.9e-02,,,0.0001645488121594224,0.001187133920115616,0.1666567055,1.0,6,0.7227272727272727,700.5619948140405,0.04273937552841938,716.0351877648727,0,TRUE,FALSE
ergun_full_phi0.723_d6_Re7.1e-02,,,0.0002750468653066878,0.002020763700656204,0.1666567055,1.0,6,0.7227272727272727,404.1353927888122,0.07275184138292728,421.17797658127574,0,TRUE,FALSE
ergun_full_phi0.723_d6_Re1.3e-01,,,0.00047900054847293904,0.0035903852498793353,0.1666567055,1.0,6,0.7227272727272727,222.94881017001927,0.12926159457337894,237.61201722403288,0,TRUE,FALSE
ergun_full_phi0.723_d6_Re2.3e-01,,,0.0008839501328257995,0.006263076922937593,0.1666567055,1.0,6,0.7227272727272727,135.20835354314886,0.22548424574266862,136.76249554941484,0,TRUE,FALSE
ergun_full_phi0.723_d6_Re4.1e-01,,,0.0016023735332811428,0.011275822412642538,0.1666567055,1.0,6,0.7227272727272727,75.61684596242898,0.4059538695000498,76.53518631391982,0,TRUE,FALSE
ergun_full_phi0.723_d6_Re7.5e-01,,,0.002919450075993654,0.021317069238859242,0.1666567055,1.0,6,0.7227272727272727,38.547597160765164,0.7674603614023526,41.08931157327911,0,TRUE,FALSE
ergun_full_phi0.723_d6_Re1.3e+00,,,0.005374134708628442,0.035954383489538826,0.1666567055,1.0,6,0.7227272727272727,24.943426123510104,1.2944351701302108,24.884804165793955,0,TRUE,FALSE
ergun_full_phi0.723_d6_Re2.4e+00,,,0.009758170589090861,0.06596286822464485,0.1666567055,1.0,6,0.7227272727272727,13.456142985490297,2.3748051910690693,14.148706155427975,0,TRUE,FALSE
ergun_full_phi0.723_d6_Re4.3e+00,,,0.019731984901589585,0.1212522057226248,0.1666567055,1.0,6,0.7227272727272727,8.052722427829499,4.365340309308759,8.283193370683676,0,TRUE,FALSE
ergun_full_phi0.723_d6_Re7.8e+00,,,0.0413081242055004,0.21961807383046775,0.1666567055,1.0,6,0.7227272727272727,5.138668100629337,7.906723219023471,5.148893952329773,0,TRUE,FALSE
ergun_full_phi0.723_d6_Re1.4e+01,,,0.08714035106564094,0.38903270825447506,0.1666567055,1.0,6,0.7227272727272727,3.4546044058904726,14.00601459463538,3.466411640510278,0,TRUE,FALSE
ergun_full_phi0.723_d6_Re2.5e+01,,,0.2304826641975444,0.7265382627126821,0.1666567055,1.0,6,0.7227272727272727,2.6198265168522266,26.15694077953613,2.4532235042551322,0,TRUE,FALSE
ergun_full_phi0.723_d6_Re4.6e+01,,,0.49377112694294145,1.2623115390256676,0.1666567055,1.0,6,0.7227272727272727,1.8592758877805948,45.44593157191629,1.9575339313628148,0,TRUE,FALSE
ergun_full_phi0.723_d6_Re8.2e+01,,,1.1882389200488146,2.1821007114545634,0.1666567055,1.0,6,0.7227272727272727,1.497288337735621,78.56032092706513,1.6741986032047562,0,TRUE,FALSE
ergun_full_phi0.723_d6_Re1.5e+02,,,3.7698507180947445,3.967920594452749,0.1666567055,1.0,6,0.7227272727272727,1.4366449755293367,142.85367933615186,1.4991923086434964,0,TRUE,FALSE
ergun_full_phi0.723_d6_Re2.7e+02,,,11.59423622263739,7.387865493595986,0.1666567055,1.0,6,0.7227272727272727,1.2745457674149627,265.97905453960817,1.4002023972716535,0,TRUE,FALSE
ergun_full_phi0.723_d6_Re4.8e+02,,,45.751940156903,13.904321970123567,0.1666567055,1.0,6,0.7227272727272727,1.4199110347028943,500.5855094185898,1.3463758550228464,0,TRUE,FALSE
ergun_full_phi0.723_d6_Re8.6e+02,,,132.8098684821733,24.89229121849844,0.1666567055,1.0,6,0.7227272727272727,1.2860322233392607,896.1760456196623,1.319438402304704,0,TRUE,FALSE
ergun_full_phi0.723_d6_Re1.6e+03,,,392.21313472069,43.4850481924012,0.1666567055,1.0,6,0.7227272727272727,1.2444959066829144,1565.5553034702657,1.3048639332433631,0,TRUE,FALSE
ergun_full_phi0.723_d6_Re2.8e+03,,,1347.0449174252287,81.40897091414702,0.1666567055,1.0,6,0.7227272727272727,1.2195196380411657,2930.8981238974634,1.2957741231223547,0,TRUE,FALSE
ergun_full_phi0.723_d6_Re5.0e+03,,,4386.0182607732795,137.75496547360308,0.1666567055,1.0,6,0.7227272727272727,1.3867786961894495,4959.475170002196,1.2915109074795224,0,TRUE,FALSE
ergun_full_phi0.723_d6_Re9.1e+03,,,15741.61903781932,271.3674166768252,0.1666567055,1.0,6,0.7227272727272727,1.2825823157234582,9769.810912654524,1.288478163510194,0,TRUE,FALSE
ergun_full_phi0.723_d6_Re1.6e+04,,,37944.582722139065,447.7550680824854,0.1666567055,1.0,6,0.7227272727272727,1.135585951262948,16120.145903729705,1.287246410177598,0,TRUE,FALSE
ergun_full_phi0.723_d6_Re2.9e+04,,,160686.72073356478,859.0962919568514,0.1666567055,1.0,6,0.7227272727272727,1.3063139033614324,30929.31506282001,1.2863390626503317,0,TRUE,FALSE
ergun_full_phi0.723_d6_Re5.3e+04,,,431577.52458462835,1388.4499980694452,0.1666567055,1.0,6,0.7227272727272727,1.3432275218655105,49987.18751473622,1.2859625083183774,0,TRUE,FALSE
ergun_full_phi0.723_d6_Re9.5e+04,,,1527803.6616548365,2693.9721631159164,0.1666567055,1.0,6,0.7227272727272727,1.2630850338767463,96988.79460145993,1.2856663563111514,0,TRUE,FALSE
ergun_full_phi0.723_d6_Re1.7e+05,,,4871678.203153741,4682.158782022846,0.1666567055,1.0,6,0.7227272727272727,1.333329748244422,168567.7909439838,1.2855326131191451,0,TRUE,FALSE
ergun_full_phi0.723_d6_Re3.1e+05,,,16354521.883593636,8631.400711452661,0.1666567055,1.0,6,0.7227272727272727,1.3171236392479913,310748.9981476681,1.2854496967833606,0,TRUE,FALSE
ergun_full_phi0.723_d6_Re5.6e+05,,,58272372.66491369,16007.81991326076,0.1666567055,1.0,6,0.7227272727272727,1.3644246980633514,576315.9615534615,1.285404398066571,0,TRUE,FALSE
ergun_full_phi0.723_d6_Re1.0e+06,,,178135422.89407626,28417.125241726888,0.1666567055,1.0,6,0.7227272727272727,1.3235527564747265,1023077.6549843734,1.2853812513753513,0,TRUE,FALSE
ergun_full_phi0.723_d10_Re1.0e-06,,,7.722407127602531e-10,1.603871370488626e-08,0.1666567055,1.0,10,0.7227272727272727,30020202.929438442,9.623803408790088e-07,31742089.48895511,0,TRUE,FALSE
ergun_full_phi0.723_d10_Re1.8e-06,,,1.6168332472253052e-09,3.074725419550421e-08,0.1666567055,1.0,10,0.7227272727272727,17102222.585954074,1.8449455185890621e-06,16557651.014194075,0,TRUE,FALSE
ergun_full_phi0.723_d10_Re3.2e-06,,,2.912496359434487e-09,5.485451686809879e-08,0.1666567055,1.0,10,0.7227272727272727,9679225.379410185,3.29146773323794e-06,9280955.601602439,0,TRUE,FALSE
ergun_full_phi0.723_d10_Re5.8e-06,,,5.007656281859275e-09,9.562296840295091e-08,0.1666567055,1.0,10,0.7227272727272727,5476587.985605478,5.737721030549887e-06,5324059.653289869,0,TRUE,FALSE
ergun_full_phi0.723_d10_Re1.1e-05,,,8.67711202164926e-09,1.699086233432346e-07,0.1666567055,1.0,10,0.7227272727272727,3005691.2153921537,1.0195126732733511e-05,2996331.04822872,0,TRUE,FALSE
ergun_full_phi0.723_d10_Re1.9e-05,,,1.594534904323073e-08,3.239862439522496e-07,0.1666567055,1.0,10,0.7227272727272727,1519080.8480833708,1.9440336527728227e-05,1571371.2882329992,0,TRUE,FALSE
ergun_full_phi0.723_d10_Re3.4e-05,,,3.2405125833603314e-08,6.014254476983654e-07,0.1666567055,1.0,10,0.7227272727272727,895880.5581659097,3.608768371449449e-05,846494.0086659185,0,TRUE,FALSE
ergun_full_phi0.723_d10_Re6.1e-05,,,5.3598765228174566e-08,1.0639808021864674e-06,0.1666567055,1.0,10,0.7227272727272727,473464.25967201346,6.384266381567631e-05,478489.4911974458,0,TRUE,FALSE
ergun_full_phi0.723_d10_Re1.1e-04,,,8.667959403829633e-08,1.7631107424834234e-06,0.1666567055,1.0,10,0.7227272727272727,278841.6766990486,0.00010579296747729261,288753.57573546283,0,TRUE,FALSE
ergun_full_phi0.723_d10_Re2.0e-04,,,1.68901285360147e-07,3.3642070023633586e-06,0.1666567055,1.0,10,0.7227272727272727,149233.91545905688,0.0002018644849764751,151330.33993548987,0,TRUE,FALSE
ergun_full_phi0.723_d10_Re3.6e-04,,,3.122422154864599e-07,6.087133534992356e-06,0.1666567055,1.0,10,0.7227272727272727,84268.63546948897,0.00036524984198684743,83637.08242504524,0,TRUE,FALSE
ergun_full_phi0.723_d10_Re6.4e-04,,,5.620208596053157e-07,1.0535365975394988e-05,0.1666567055,1.0,10,0.7227272727272727,50635.27600397939,0.0006321597408149286,48324.45383759785,0,TRUE,FALSE
ergun_full_phi0.723_d10_Re1.2e-03,,,9.867176365867019e-07,2.0103155756375686e-05,0.1666567055,1.0,10,0.7227272727272727,24415.432159252112,0.0012062614400100262,25325.780234808306,0,TRUE,FALSE
ergun_full_phi0.723_d10_Re2.1e-03,,,1.810862223834832e-06,3.5289157349010856e-05,0.1666567055,1.0,10,0.7227272727272727,14541.286548431744,0.002117475996128512,14427.877067873846,0,TRUE,FALSE
ergun_full_phi0.723_d10_Re3.8e-03,,,3.1956848688393727e-06,6.308853055930084e-05,0.1666567055,1.0,10,0.7227272727272727,8029.030768939064,0.0037855380838127057,8070.9338370916485,0,TRUE,FALSE
ergun_full_phi0.723_d10_Re6.8e-03,,,5.926801874987501e-06,0.00010846485684973778,0.1666567055,1.0,10,0.7227272727272727,5037.816155314895,0.006508280391378418,4694.992418172044,0,TRUE,FALSE
ergun_full_phi0.723_d10_Re1.2e-02,,,9.58180654750525e-06,0.00019648635205788065,0.1666567055,1.0,10,0.7227272727272727,2481.8905135832206,0.011789885769575629,2592.316533766297,0,TRUE,FALSE
ergun_full_phi0.723_d10_Re2.2e-02,,,1.913893051904694e-05,0.000372219194697934,0.1666567055,1.0,10,0.7227272727272727,1381.4021748976775,0.022334486547133502,1369.0339047845216,0,TRUE,FALSE
ergun_full_phi0.723_d10_Re3.9e-02,,,3.165376912813935e-05,0.0006414990807389228,0.1666567055,1.0,10,0.7227272727272727,769.1895115563119,0.03849224541036681,794.8987491021583,0,TRUE,FALSE
ergun_full_phi0.723_d10_Re7.1e-02,,,5.880894309470942e-05,0.0011771152299820654,0.1666567055,1.0,10,0.7227272727272727,424.4293581260337,0.07063113520998202,433.78529033270775,0,TRUE,FALSE
ergun_full_phi0.723_d10_Re1.3e-01,,,0.00010484008915454362,0.0021708471990258917,0.1666567055,1.0,10,0.7227272727272727,222.4686761882396,0.1302586171083222,235.80313105072028,0,TRUE,FALSE
ergun_full_phi0.723_d10_Re2.3e-01,,,0.00021504374912584626,0.0038748827435077854,0.1666567055,1.0,10,0.7227272727272727,143.22198646571715,0.23250686084801944,132.67055677601184,0,TRUE,FALSE
ergun_full_phi0.723_d10_Re4.1e-01,,,0.0003439767665764758,0.006941727857183175,0.1666567055,1.0,10,0.7227272727272727,71.38285971068707,0.41652856609380023,74.62476710669368,0,TRUE,FALSE
ergun_full_phi0.723_d10_Re7.5e-01,,,0.0006391797625688046,0.012154661519619416,0.1666567055,1.0,10,0.7227272727272727,43.26505674551482,0.7293232806416791,43.17070247948181,0,TRUE,FALSE
ergun_full_phi0.723_d10_Re1.3e+00,,,0.0012542488924804154,0.021945707416495725,0.1666567055,1.0,10,0.7227272727272727,26.042612958466798,1.3168211474392624,24.483613149598145,0,TRUE,FALSE
ergun_full_phi0.723_d10_Re2.4e+00,,,0.0023072576171441267,0.03809109533194274,0.1666567055,1.0,10,0.7227272727272727,15.901905416156811,2.2856023235106337,14.65073930418386,0,TRUE,FALSE
ergun_full_phi0.723_d10_Re4.3e+00,,,0.004061084895783797,0.06819262487295544,0.1666567055,1.0,10,0.7227272727272727,8.733076270463966,4.091802047110276,8.751001322245605,0,TRUE,FALSE
ergun_full_phi0.723_d10_Re7.8e+00,,,0.008833460125730344,0.12627865514857767,0.1666567055,1.0,10,0.7227272727272727,5.539504976270589,7.5771721737639695,5.316929528109536,0,TRUE,FALSE
ergun_full_phi0.723_d10_Re1.4e+01,,,0.017431511123716194,0.22944267955338563,0.1666567055,1.0,10,0.7227272727272727,3.3112092415419725,13.767383608419262,3.5042161045091116,0,TRUE,FALSE
ergun_full_phi0.723_d10_Re2.5e+01,,,0.04291947318918764,0.4184542492392609,0.1666567055,1.0,10,0.7227272727272727,2.451085258509381,25.10875562935335,2.5019772626228733,0,TRUE,FALSE
ergun_full_phi0.723_d10_Re4.6e+01,,,0.10520438020923381,0.71810189565392,0.1666567055,1.0,10,0.7227272727272727,2.0401480087225203,43.088689020911914,1.9943068599128493,0,TRUE,FALSE
ergun_full_phi0.723_d10_Re8.2e+01,,,0.29049024775363047,1.27509718785513,0.1666567055,1.0,10,0.7227272727272727,1.7866726159587518,76.51040406862778,1.684616852360676,0,TRUE,FALSE
ergun_full_phi0.723_d10_Re1.5e+02,,,0.9342584073542275,2.4419411743330786,0.1666567055,1.0,10,0.7227272727272727,1.5667388741219195,146.52522783327663,1.4938340006855508,0,TRUE,FALSE
ergun_full_phi0.723_d10_Re2.7e+02,,,2.5622357531818194,4.36043818410896,0.1666567055,1.0,10,0.7227272727272727,1.3475932247889137,261.64192859968426,1.4021062330778815,0,TRUE,FALSE
ergun_full_phi0.723_d10_Re4.8e+02,,,8.695152132779596,8.150145740368172,0.1666567055,1.0,10,0.7227272727272727,1.3090204619348824,489.03797275460795,1.3478168110585615,0,TRUE,FALSE
ergun_full_phi0.723_d10_Re8.6e+02,,,24.839148281818265,13.73502650064467,0.1666567055,1.0,10,0.7227272727272727,1.3166722929472356,824.1508470623565,1.3224173759466162,0,TRUE,FALSE
ergun_full_phi0.723_d10_Re1.6e+03,,,80.60269298726044,24.85252630440838,0.1666567055,1.0,10,0.7227272727272727,1.3049938585241685,1491.240705247733,1.3058363226245815,0,TRUE,FALSE
ergun_full_phi0.723_d10_Re2.8e+03,,,321.10412784947897,48.59563679672256,0.1666567055,1.0,10,0.7227272727272727,1.3597257857378677,2915.912483144734,1.2958276882748994,0,TRUE,FALSE
ergun_full_phi0.723_d10_Re5.0e+03,,,902.4370399449675,83.94108487424018,0.1666567055,1.0,10,0.7227272727272727,1.2807600035294042,5036.766124855395,1.291416387546808,0,TRUE,FALSE
ergun_full_phi0.723_d10_Re9.1e+03,,,2796.4690884871493,149.67258394828883,0.1666567055,1.0,10,0.7227272727272727,1.2483187976493704,8980.891797857412,1.2887528321604198,0,TRUE,FALSE
ergun_full_phi0.723_d10_Re1.6e+04,,,9652.69465834702,274.92545257345853,0.1666567055,1.0,10,0.7227272727272727,1.2770816690230764,16496.513101506047,1.2872031754349813,0,TRUE,FALSE
ergun_full_phi0.723_d10_Re2.9e+04,,,30556.997401983732,484.09968904982577,0.1666567055,1.0,10,0.7227272727272727,1.303890346232643,29047.71743791766,1.286403040063973,0,TRUE,FALSE
ergun_full_phi0.723_d10_Re5.3e+04,,,97627.79290172317,829.716929255206,0.1666567055,1.0,10,0.7227272727272727,1.4181219149902335,49785.991314655264,1.2859649779725888,0,TRUE,FALSE
ergun_full_phi0.723_d10_Re9.5e+04,,,313599.4221354468,1617.1716010520372,0.1666567055,1.0,10,0.7227272727272727,1.199121090286111,97036.09561944912,1.2856662027795256,0,TRUE,FALSE
ergun_full_phi0.723_d10_Re1.7e+05,,,998372.5643620357,2866.581326786972,0.1666567055,1.0,10,0.7227272727272727,1.2149659391749112,172005.15983960647,1.2855289915872945,0,TRUE,FALSE
ergun_full_phi0.723_d10_Re3.1e+05,,,3147282.482571123,5060.092507088926,0.1666567055,1.0,10,0.7227272727272727,1.2291894140980122,303623.6971028403,1.2854520037433033,0,TRUE,FALSE
ergun_full_phi0.723_d10_Re5.6e+05,,,10685387.880223494,9565.976672999523,0.1666567055,1.0,10,0.7227272727272727,1.1677010123252776,573992.906213997,1.2854046125899454,0,TRUE,FALSE
ergun_full_phi0.723_d10_Re1.0e+06,,,32183574.339041572,16489.423013615367,0.1666567055,1.0,10,0.7227272727272727,1.1836501482899338,989424.5157519549,1.2853822669609944,0,TRUE,FALSE
ergun_full_phi0.786_d6_Re1.0e-06,,,1.7807289815780105e-09,2.7759082476714745e-08,0.1666567055,1.0,6,0.7863636363636363,13865606.241223171,9.993866995066003e-07,14087625.720580911,0,TRUE,FALSE
ergun_full_phi0.786_d6_Re1.8e-06,,,3.3575144036516737e-09,4.793610798145411e-08,0.1666567055,1.0,6,0.7863636363636363,8766850.383516004,1.725803033402245e-06,8157933.471427085,0,TRUE,FALSE
ergun_full_phi0.786_d6_Re3.2e-06,,,5.977510255914942e-09,9.433648250407605e-08,0.1666567055,1.0,6,0.7863636363636363,4030066.59487766,3.3963163577864937e-06,4145369.904479836,0,TRUE,FALSE
ergun_full_phi0.786_d6_Re5.8e-06,,,1.0648528248514866e-08,1.6459972481338563e-07,0.1666567055,1.0,6,0.7863636363636363,2358210.822385037,5.925944269193019e-06,2375822.1341640064,0,TRUE,FALSE
ergun_full_phi0.786_d6_Re1.1e-05,,,2.0676716656289438e-08,2.938460698132947e-07,0.1666567055,1.0,6,0.7863636363636363,1436789.1971933814,1.0579090793798083e-05,1330832.0547175547,0,TRUE,FALSE
ergun_full_phi0.786_d6_Re1.9e-05,,,3.713434070840633e-08,5.20915418897811e-07,0.1666567055,1.0,6,0.7863636363636363,821093.3654659962,1.8754075955178806e-05,750716.7752310819,0,TRUE,FALSE
ergun_full_phi0.786_d6_Re3.4e-05,,,6.07984535553584e-08,9.371985166773636e-07,0.1666567055,1.0,6,0.7863636363636363,415317.8509865219,3.374116320848657e-05,417265.13278081204,0,TRUE,FALSE
ergun_full_phi0.786_d6_Re6.1e-05,,,1.1901196611778369e-07,1.8010310022574572e-06,0.1666567055,1.0,6,0.7863636363636363,220140.2741588079,6.484099143280342e-05,217131.70243757643,0,TRUE,FALSE
ergun_full_phi0.786_d6_Re1.1e-04,,,1.8998815872237695e-07,2.8823777873473717e-06,0.1666567055,1.0,6,0.7863636363636363,137206.90866125136,0.00010377180247382383,135673.3183192299,0,TRUE,FALSE
ergun_full_phi0.786_d6_Re2.0e-04,,,3.182995576242622e-07,5.3069235197008675e-06,0.1666567055,1.0,6,0.7863636363636363,67811.23089496269,0.00019106066583204602,73689.32710732549,0,TRUE,FALSE
ergun_full_phi0.786_d6_Re3.6e-04,,,6.393845202662287e-07,9.651203955675763e-06,0.1666567055,1.0,6,0.7863636363636363,41186.072626098925,0.0003474641092917475,40520.018547233645,0,TRUE,FALSE
ergun_full_phi0.786_d6_Re6.4e-04,,,1.0504000950311782e-06,1.7285275163344385e-05,0.1666567055,1.0,6,0.7863636363636363,21093.731220763548,0.0006223070993088023,22624.622927044664,0,TRUE,FALSE
ergun_full_phi0.786_d6_Re1.2e-03,,,2.1157204569754804e-06,3.180925363762388e-05,0.1666567055,1.0,6,0.7863636363636363,12545.921837739523,0.0011452015762170654,12294.661296095723,0,TRUE,FALSE
ergun_full_phi0.786_d6_Re2.1e-03,,,3.463527516554846e-06,5.672147042069014e-05,0.1666567055,1.0,6,0.7863636363636363,6459.143469907312,0.002042094985035816,6895.15187939318,0,TRUE,FALSE
ergun_full_phi0.786_d6_Re3.8e-03,,,6.125647354624265e-06,9.76859208263987e-05,0.1666567055,1.0,6,0.7863636363636363,3851.5832773534244,0.003516903344512545,4004.0022725808367,0,TRUE,FALSE
ergun_full_phi0.786_d6_Re6.8e-03,,,1.3197000355607942e-05,0.00019251258735605923,0.1666567055,1.0,6,0.7863636363636363,2136.5261705410658,0.00693086738196895,2032.1141701349868,0,TRUE,FALSE
ergun_full_phi0.786_d6_Re1.2e-02,,,2.236911554591985e-05,0.00034599374506433315,0.1666567055,1.0,6,0.7863636363636363,1121.1496043382626,0.01245651931110566,1131.0191777457878,0,TRUE,FALSE
ergun_full_phi0.786_d6_Re2.2e-02,,,4.245442100271323e-05,0.00061063595380111,0.1666567055,1.0,6,0.7863636363636363,683.1395501022422,0.021984208267015456,641.1824089307469,0,TRUE,FALSE
ergun_full_phi0.786_d6_Re3.9e-02,,,7.095872090686721e-05,0.0010668377344163701,0.1666567055,1.0,6,0.7863636363636363,374.0763844009572,0.03840845399705936,367.32838651766036,0,TRUE,FALSE
ergun_full_phi0.786_d6_Re7.1e-02,,,0.00012614082836237138,0.0018636303407075774,0.1666567055,1.0,6,0.7863636363636363,217.91512985580314,0.06709470231454602,210.60635844558243,0,TRUE,FALSE
ergun_full_phi0.786_d6_Re1.3e-01,,,0.00021684748319434507,0.0035008858922536902,0.1666567055,1.0,6,0.7863636363636363,106.1572660045652,0.12603942511945396,112.4718769702525,0,TRUE,FALSE
ergun_full_phi0.786_d6_Re2.3e-01,,,0.00040827348727647005,0.006537968069434116,0.1666567055,1.0,6,0.7863636363636363,57.30820929495374,0.23538091851098483,60.58247317692685,0,TRUE,FALSE
ergun_full_phi0.786_d6_Re4.1e-01,,,0.0008059712689800666,0.011204517239602389,0.1666567055,1.0,6,0.7863636363636363,38.519843371792795,0.4033867298403684,35.67080616259793,0,TRUE,FALSE
ergun_full_phi0.786_d6_Re7.5e-01,,,0.0013153197614136425,0.02006242747762441,0.1666567055,1.0,6,0.7863636363636363,19.607202568758183,0.7222905583342787,20.26098727859841,0,TRUE,FALSE
ergun_full_phi0.786_d6_Re1.3e+00,,,0.0026525883156546825,0.036511452192229094,0.1666567055,1.0,6,0.7863636363636363,11.938860814932337,1.3144908420944068,11.479451909327642,0,TRUE,FALSE
ergun_full_phi0.786_d6_Re2.4e+00,,,0.004955212532982259,0.06349367662711855,0.1666567055,1.0,6,0.7863636363636363,7.374839705724616,2.2859089804983053,6.92788369207143,0,TRUE,FALSE
ergun_full_phi0.786_d6_Re4.3e+00,,,0.00950452264775446,0.11989437196930876,0.1666567055,1.0,6,0.7863636363636363,3.9671988193785874,4.316455372483363,4.030552955458183,0,TRUE,FALSE
ergun_full_phi0.786_d6_Re7.8e+00,,,0.019392570793119023,0.2116439456908228,0.1666567055,1.0,6,0.7863636363636363,2.5976159175732296,7.61963744774096,2.6165761128443266,0,TRUE,FALSE
ergun_full_phi0.786_d6_Re1.4e+01,,,0.04861430938313389,0.4090394784647575,0.1666567055,1.0,6,0.7863636363636363,1.7433513361784017,14.726301371585345,1.724895892887599,0,TRUE,FALSE
ergun_full_phi0.786_d6_Re2.5e+01,,,0.10300169325107374,0.685136254810406,0.1666567055,1.0,6,0.7863636363636363,1.3165632125458024,24.66637940867273,1.3396286819501186,0,TRUE,FALSE
ergun_full_phi0.786_d6_Re4.6e+01,,,0.29814140292003066,1.2888705802302616,0.1666567055,1.0,6,0.7863636363636363,1.0768492748283922,46.40211420344902,1.0722649486252547,0,TRUE,FALSE
ergun_full_phi0.786_d6_Re8.2e+01,,,0.8302305258630126,2.2657537210020133,0.1666567055,1.0,6,0.7863636363636363,0.970341361820561,81.57200927035055,0.9414481579525065,0,TRUE,FALSE
ergun_full_phi0.786_d6_Re1.5e+02,,,2.352978662585352,4.1551704770089115,0.1666567055,1.0,6,0.7863636363636363,0.8176953840243018,149.5950780213489,0.8629663313457373,0,TRUE,FALSE
ergun_full_phi0.786_d6_Re2.7e+02,,,6.879993993858711,6.986414181617487,0.1666567055,1.0,6,0.7863636363636363,0.8457278885778858,251.52594348929406,0.8248266582111007,0,TRUE,FALSE
ergun_full_phi0.786_d6_Re4.8e+02,,,25.276865581685865,14.083900161927042,0.1666567055,1.0,6,0.7863636363636363,0.7645899650383982,507.0507107292017,0.7966187965425328,0,TRUE,FALSE
ergun_full_phi0.786_d6_Re8.6e+02,,,79.84687914416934,23.878362249317934,0.1666567055,1.0,6,0.7863636363636363,0.8402337532726136,859.6724210170325,0.7852295235279211,0,TRUE,FALSE
ergun_full_phi0.786_d6_Re1.6e+03,,,268.9000171337325,45.48061268990221,0.1666567055,1.0,6,0.7863636363636363,0.7799907762960266,1637.3999193174573,0.7774507515337259,0,TRUE,FALSE
ergun_full_phi0.786_d6_Re2.8e+03,,,871.4568391644702,80.67937335235868,0.1666567055,1.0,6,0.7863636363636363,0.8032895186380288,2904.631041768386,0.7736994546372996,0,TRUE,FALSE
ergun_full_phi0.786_d6_Re5.0e+03,,,2200.7540613266788,137.58071762547266,0.1666567055,1.0,6,0.7863636363636363,0.6976018466163116,4953.201872533332,0.7716947733883689,0,TRUE,FALSE
ergun_full_phi0.786_d6_Re9.1e+03,,,7855.051199009285,245.058386280806,0.1666567055,1.0,6,0.7863636363636363,0.7848038625094937,8822.629208188902,0.7704481536874144,0,TRUE,FALSE
ergun_full_phi0.786_d6_Re1.6e+04,,,26367.33864750039,459.09218637673143,0.1666567055,1.0,6,0.7863636363636363,0.7506158745495299,16528.306556860316,0.7697041830763139,0,TRUE,FALSE
ergun_full_phi0.786_d6_Re2.9e+04,,,74882.92242797978,795.3930970625057,0.1666567055,1.0,6,0.7863636363636363,0.7101832095918512,28635.862973872565,0.7693440282716558,0,TRUE,FALSE
ergun_full_phi0.786_d6_Re5.3e+04,,,248636.0033638324,1396.956902742636,0.1666567055,1.0,6,0.7863636363636363,0.7644502915694387,50293.45438762328,0.7691323093072983,0,TRUE,FALSE
ergun_full_phi0.786_d6_Re9.5e+04,,,815093.1336148516,2522.771979530153,0.1666567055,1.0,6,0.7863636363636363,0.7684267728398572,90825.21961398618,0.7690073844269615,0,TRUE,FALSE
ergun_full_phi0.786_d6_Re1.7e+05,,,2710939.6424897336,4648.548157685608,0.1666567055,1.0,6,0.7863636363636363,0.7527251549940618,167357.73614649815,0.7689364976727491,0,TRUE,FALSE
ergun_full_phi0.786_d6_Re3.1e+05,,,10720437.554607531,9135.331425076087,0.1666567055,1.0,6,0.7863636363636363,0.7707528617831623,328891.5881662891,0.7688951799537698,0,TRUE,FALSE
ergun_full_phi0.786_d6_Re5.6e+05,,,29627488.00730598,15271.310201755812,0.1666567055,1.0,6,0.7863636363636363,0.7622430680210865,549800.0271614325,0.7688779800455199,0,TRUE,FALSE
ergun_full_phi0.786_d6_Re1.0e+06,,,96765888.7023952,26574.891870058098,0.1666567055,1.0,6,0.7863636363636363,0.822111129724662,956753.2895959509,0.7688670879570618,0,TRUE,FALSE
ergun_full_phi0.786_d10_Re1.0e-06,,,3.905807973627193e-10,1.709499004146909e-08,0.1666567055,1.0,10,0.7863636363636363,13365129.876868136,1.025760709128448e-06,13725409.510972375,0,TRUE,FALSE
ergun_full_phi0.786_d10_Re1.8e-06,,,6.853940904720876e-10,3.020850959438684e-08,0.1666567055,1.0,10,0.7863636363636363,7510723.217264926,1.8126189104576314e-06,7767207.059798711,0,TRUE,FALSE
ergun_full_phi0.786_d10_Re3.2e-06,,,1.1991019444521817e-09,5.465427941728221e-08,0.1666567055,1.0,10,0.7863636363636363,4014280.924357491,3.279452768090523e-06,4293090.50058599,0,TRUE,FALSE
ergun_full_phi0.786_d10_Re5.8e-06,,,2.478900009915131e-09,9.800879974404097e-08,0.1666567055,1.0,10,0.7863636363636363,2580648.5762306466,5.880879467165571e-06,2394027.900848756,0,TRUE,FALSE
ergun_full_phi0.786_d10_Re1.1e-05,,,4.0410542045554395e-09,1.7738378310170417e-07,0.1666567055,1.0,10,0.7863636363636363,1284301.0865406161,1.0643663125916296e-05,1322758.2479117988,0,TRUE,FALSE
ergun_full_phi0.786_d10_Re1.9e-05,,,8.385771724165681e-09,3.2418501243040683e-07,0.1666567055,1.0,10,0.7863636363636363,797915.9934925666,1.9452263349248004e-05,723771.8155228407,0,TRUE,FALSE
ergun_full_phi0.786_d10_Re3.4e-05,,,1.3669961079307874e-08,5.797768955809929e-07,0.1666567055,1.0,10,0.7863636363636363,406673.1213211028,3.4788692950671155e-05,404700.7966561822,0,TRUE,FALSE
ergun_full_phi0.786_d10_Re6.1e-05,,,2.3903428878358882e-08,9.967927375556013e-07,0.1666567055,1.0,10,0.7863636363636363,240574.988351583,5.981113898567983e-05,235391.4543192661,0,TRUE,FALSE
ergun_full_phi0.786_d10_Re1.1e-04,,,4.130682288619736e-08,1.9472462630175577e-06,0.1666567055,1.0,10,0.7863636363636363,108938.15969210488,0.00011684175906246734,120496.94348517434,0,TRUE,FALSE
ergun_full_phi0.786_d10_Re2.0e-04,,,8.054458022686255e-08,3.407438882692088e-06,0.1666567055,1.0,10,0.7863636363636363,69371.35423671674,0.00020445855283585264,68860.61750687212,0,TRUE,FALSE
ergun_full_phi0.786_d10_Re3.6e-04,,,1.4533040748577727e-07,6.2334941373651855e-06,0.1666567055,1.0,10,0.7863636363636363,37401.875525277625,0.0003740320030126352,37641.89284977343,0,TRUE,FALSE
ergun_full_phi0.786_d10_Re6.4e-04,,,2.604921268673518e-07,1.0049458206431842e-05,0.1666567055,1.0,10,0.7863636363636363,25793.44227119804,0.0006030035320980134,23348.8659280401,0,TRUE,FALSE
ergun_full_phi0.786_d10_Re1.2e-03,,,4.55351294073815e-07,1.864434676693288e-05,0.1666567055,1.0,10,0.7863636363636363,13099.424965641025,0.0011187276690125666,12585.587655344962,0,TRUE,FALSE
ergun_full_phi0.786_d10_Re2.1e-03,,,8.107620877670281e-07,3.461861081654583e-05,0.1666567055,1.0,10,0.7863636363636363,6765.099048161127,0.00207724079944361,6778.502569217481,0,TRUE,FALSE
ergun_full_phi0.786_d10_Re3.8e-03,,,1.4345449143528147e-06,6.281797840510015e-05,0.1666567055,1.0,10,0.7863636363636363,3635.350072337182,0.0037693039842972387,3735.937218481355,0,TRUE,FALSE
ergun_full_phi0.786_d10_Re6.8e-03,,,2.6994628174018895e-06,0.0001132507264768455,0.1666567055,1.0,10,0.7863636363636363,2104.724985490056,0.006795449732254878,2072.5942000855275,0,TRUE,FALSE
ergun_full_phi0.786_d10_Re1.2e-02,,,4.906564082446761e-06,0.00020766968127462095,0.1666567055,1.0,10,0.7863636363636363,1137.7092330944943,0.012460925628619302,1130.6195090572871,0,TRUE,FALSE
ergun_full_phi0.786_d10_Re2.2e-02,,,9.25038608710237e-06,0.00036846862324926914,0.1666567055,1.0,10,0.7863636363636363,681.3320773202477,0.02210943880978549,637.555028879401,0,TRUE,FALSE
ergun_full_phi0.786_d10_Re3.9e-02,,,1.5088342605989442e-05,0.0006394626459898113,0.1666567055,1.0,10,0.7863636363636363,368.98709395572024,0.03837005202228789,367.6952510185035,0,TRUE,FALSE
ergun_full_phi0.786_d10_Re7.1e-02,,,2.9764661487479523e-05,0.0011998265744613116,0.1666567055,1.0,10,0.7863636363636363,206.75879588164014,0.07199389732694024,196.3268861384012,0,TRUE,FALSE
ergun_full_phi0.786_d10_Re1.3e-01,,,5.04594556794399e-05,0.0021250902066187764,0.1666567055,1.0,10,0.7863636363636363,111.73463679315721,0.12751303346859788,111.18097748183044,0,TRUE,FALSE
ergun_full_phi0.786_d10_Re2.3e-01,,,9.587860969628674e-05,0.0037934176761513353,0.1666567055,1.0,10,0.7863636363636363,66.62855593608721,0.22761866465381048,62.62223783992691,0,TRUE,FALSE
ergun_full_phi0.786_d10_Re4.1e-01,,,0.00016964944066610654,0.006833757624995279,0.1666567055,1.0,10,0.7863636363636363,36.32731411251586,0.41004996495597223,35.1036559517162,0,TRUE,FALSE
ergun_full_phi0.786_d10_Re7.5e-01,,,0.0003028128051839923,0.012383286021116964,0.1666567055,1.0,10,0.7863636363636363,19.747059204190556,0.7430415706325698,19.71662805679823,0,TRUE,FALSE
ergun_full_phi0.786_d10_Re1.3e+00,,,0.0005430162637353731,0.021554966082374644,0.1666567055,1.0,10,0.7863636363636363,11.68740650243932,1.2933752661020077,11.654312589263132,0,TRUE,FALSE
ergun_full_phi0.786_d10_Re2.4e+00,,,0.0009916470813907288,0.04021751771958186,0.1666567055,1.0,10,0.7863636363636363,6.130933624436025,2.413195292617966,6.60301964758831,0,TRUE,FALSE
ergun_full_phi0.786_d10_Re4.3e+00,,,0.002003110923157162,0.07087182060561578,0.1666567055,1.0,10,0.7863636363636363,3.9880245255351454,4.252563399293632,4.079557865350595,0,TRUE,FALSE
ergun_full_phi0.786_d10_Re7.8e+00,,,0.0038741747132960912,0.12460130033260293,0.1666567055,1.0,10,0.7863636363636363,2.495364847996284,7.476524869418046,2.6519444842623447,0,TRUE,FALSE
ergun_full_phi0.786_d10_Re1.4e+01,,,0.009867665486659204,0.24541757450786025,0.1666567055,1.0,10,0.7863636363636363,1.6383364713861226,14.725934595404578,1.7249197048900737,0,TRUE,FALSE
ergun_full_phi0.786_d10_Re2.5e+01,,,0.021187914425272687,0.4120183853892658,0.1666567055,1.0,10,0.7863636363636363,1.248116195086181,24.722580717837708,1.3383311484849416,0,TRUE,FALSE
ergun_full_phi0.786_d10_Re4.6e+01,,,0.06957966675337472,0.789566322955862,0.1666567055,1.0,10,0.7863636363636363,1.1161051493817806,47.3768109472116,1.0660227545228058,0,TRUE,FALSE
ergun_full_phi0.786_d10_Re8.2e+01,,,0.18029572984745174,1.3831280884402404,0.1666567055,1.0,10,0.7863636363636363,0.9424550348452283,82.99264552785968,0.9384937295325745,0,TRUE,FALSE
ergun_full_phi0.786_d10_Re1.5e+02,,,0.5038461037563319,2.430116066064763,0.1666567055,1.0,10,0.7863636363636363,0.8531862960976307,145.81567892956835,0.8654056726627524,0,TRUE,FALSE
ergun_full_phi0.786_d10_Re2.7e+02,,,1.6096116013123691,4.350821407573204,0.1666567055,1.0,10,0.7863636363636363,0.8503125325390811,261.06488751952463,0.822781436493097,0,TRUE,FALSE
ergun_full_phi0.786_d10_Re4.8e+02,,,5.55892610553367,8.16004102362426,0.1666567055,1.0,10,0.7863636363636363,0.8348457041777968,489.63172523677775,0.7976066061783127,0,TRUE,FALSE
ergun_full_phi0.786_d10_Re8.6e+02,,,19.017424376086357,15.29986924715188,0.1666567055,1.0,10,0.7863636363636363,0.812411868243164,918.047023745581,0.7841881719896469,0,TRUE,FALSE
ergun_full_phi0.786_d10_Re1.6e+03,,,56.98865813971329,26.398504221246544,0.1666567055,1.0,10,0.7863636363636363,0.8177673962347852,1584.0049244971149,0.7777405930566749,0,TRUE,FALSE
ergun_full_phi0.786_d10_Re2.8e+03,,,153.45961287165238,44.5185193717748,0.1666567055,1.0,10,0.7863636363636363,0.7743060892348224,2671.270816149357,0.7741228921096621,0,TRUE,FALSE
ergun_full_phi0.786_d10_Re5.0e+03,,,537.3166916028069,80.21291552397646,0.1666567055,1.0,10,0.7863636363636363,0.8351062382769026,4813.062593750628,0.7717775339989941,0,TRUE,FALSE
ergun_full_phi0.786_d10_Re9.1e+03,,,1866.0685771053081,148.8833938694047,0.1666567055,1.0,10,0.7863636363636363,0.8418507040427309,8933.537562903804,0.770428342335437,0,TRUE,FALSE
ergun_full_phi0.786_d10_Re1.6e+04,,,5904.203732409836,280.81426043666124,0.1666567055,1.0,10,0.7863636363636363,0.7487261781246134,16849.862691943184,0.7696879274607111,0,TRUE,FALSE
ergun_full_phi0.786_d10_Re2.9e+04,,,15786.497008420754,465.8896643786496,0.1666567055,1.0,10,0.7863636363636363,0.7273101022472229,27955.050652231308,0.7693560019667408,0,TRUE,FALSE
ergun_full_phi0.786_d10_Re5.3e+04,,,62593.95947418337,909.4113586415909,0.1666567055,1.0,10,0.7863636363636363,0.7568532423776103,54567.94288073761,0.7691103809322369,0,TRUE,FALSE
ergun_full_phi0.786_d10_Re9.5e+04,,,175204.1015787705,1517.9126430291665,0.1666567055,1.0,10,0.7863636363636363,0.7604150649156871,91080.20217219321,0.7690069504652856,0,TRUE,FALSE
ergun_full_phi0.786_d10_Re1.7e+05,,,752783.0858525301,3005.5179896100526,0.1666567055,1.0,10,0.7863636363636363,0.8333571940291459,180341.85786842238,0.7689304408956287,0,TRUE,FALSE
ergun_full_phi0.786_d10_Re3.1e+05,,,2007248.7764963892,5070.149127165391,0.1666567055,1.0,10,0.7863636363636363,0.7808358331336758,304227.13037282444,0.7688986504550751,0,TRUE,FALSE
ergun_full_phi0.786_d10_Re5.6e+05,,,6349088.247787764,9429.463987942627,0.1666567055,1.0,10,0.7863636363636363,0.714064349614652,565801.6555441045,0.7688772558321206,0,TRUE,FALSE
ergun_full_phi0.786_d10_Re1.0e+06,,,20267793.3237865,16401.343847815246,0.1666567055,1.0,10,0.7863636363636363,0.7534381382881467,984139.4499314188,0.7688666784646225,0,TRUE,FALSE
ergun_full_phi0.850_d6_Re1.0e-06,,,6.97255814186577e-10,2.8114856490055707e-08,0.1666567055,1.0,6,0.85,5292631.444750597,1.012195329520265e-06,5429410.83351293,0,TRUE,FALSE
ergun_full_phi0.850_d6_Re1.8e-06,,,1.2398289659416292e-09,4.7949531377885534e-08,0.1666567055,1.0,6,0.85,3235521.534994016,1.7262863045574438e-06,3183495.4482631953,0,TRUE,FALSE
ergun_full_phi0.850_d6_Re3.2e-06,,,2.1126093825907904e-09,8.829685445265758e-08,0.1666567055,1.0,6,0.85,1625848.1835803138,3.1788767522225233e-06,1728794.678814436,0,TRUE,FALSE
ergun_full_phi0.850_d6_Re5.8e-06,,,3.929697001131973e-09,1.561936942138384e-07,0.1666567055,1.0,6,0.85,966458.7499088177,5.623309080011967e-06,977294.0061618212,0,TRUE,FALSE
ergun_full_phi0.850_d6_Re1.1e-05,,,7.68424430359591e-09,3.04686856029861e-07,0.1666567055,1.0,6,0.85,496643.75091228855,1.0969382424154341e-05,500997.07816745766,0,TRUE,FALSE
ergun_full_phi0.850_d6_Re1.9e-05,,,1.2331408360979221e-08,5.423115521414066e-07,0.1666567055,1.0,6,0.85,251574.26863261726,1.9524382790876902e-05,281475.3357067924,0,TRUE,FALSE
ergun_full_phi0.850_d6_Re3.4e-05,,,2.2023237888637327e-08,9.218487253019754e-07,0.1666567055,1.0,6,0.85,155493.8086775972,3.318853769020324e-05,165588.43575452917,0,TRUE,FALSE
ergun_full_phi0.850_d6_Re6.1e-05,,,4.462645225902296e-08,1.6878290228169842e-06,0.1666567055,1.0,6,0.85,93991.09558194639,6.076547659165088e-05,90440.33120068465,0,TRUE,FALSE
ergun_full_phi0.850_d6_Re1.1e-04,,,7.204802345890056e-08,3.0137339310124543e-06,0.1666567055,1.0,6,0.85,47595.23833111137,0.00010850090629011459,50650.91546544567,0,TRUE,FALSE
ergun_full_phi0.850_d6_Re2.0e-04,,,1.3895894780887301e-07,5.674032543549483e-06,0.1666567055,1.0,6,0.85,25897.27822586243,0.00020427738061398854,26903.180148261185,0,TRUE,FALSE
ergun_full_phi0.850_d6_Re3.6e-04,,,2.46333443374883e-07,1.0009540607392108e-05,0.1666567055,1.0,6,0.85,14751.844862864116,0.00036036499980105895,15250.587297864236,0,TRUE,FALSE
ergun_full_phi0.850_d6_Re6.4e-04,,,4.53054533886708e-07,1.815180160330423e-05,0.1666567055,1.0,6,0.85,8250.157870419054,0.0006535039156874812,8409.9009281658,0,TRUE,FALSE
ergun_full_phi0.850_d6_Re1.2e-03,,,8.648157875778921e-07,3.295044687356892e-05,0.1666567055,1.0,6,0.85,4779.167389744915,0.0011862869882629087,4633.05336136689,0,TRUE,FALSE
ergun_full_phi0.850_d6_Re2.1e-03,,,1.5690350271897293e-06,6.191003223248705e-05,0.1666567055,1.0,6,0.85,2456.1892657366884,0.0022288943746996263,2466.0552022165284,0,TRUE,FALSE
ergun_full_phi0.850_d6_Re3.8e-03,,,2.4315279735536348e-06,0.00010125866483538019,0.1666567055,1.0,6,0.85,1422.8729640085,0.003645529816454227,1507.9240515584127,0,TRUE,FALSE
ergun_full_phi0.850_d6_Re6.8e-03,,,4.781759350766717e-06,0.00018436413098200908,0.1666567055,1.0,6,0.85,844.0848489629536,0.006637505419138712,828.3926906267411,0,TRUE,FALSE
ergun_full_phi0.850_d6_Re1.2e-02,,,9.086589049469421e-06,0.00033073306604853615,0.1666567055,1.0,6,0.85,498.4216556135379,0.0119071020295143,461.9691157686471,0,TRUE,FALSE
ergun_full_phi0.850_d6_Re2.2e-02,,,1.4851561541495375e-05,0.0006119373847404127,0.1666567055,1.0,6,0.85,237.9629791297665,0.022031062581172146,249.87631600362235,0,TRUE,FALSE
ergun_full_phi0.850_d6_Re3.9e-02,,,2.669136611997855e-05,0.0010799023383631457,0.1666567055,1.0,6,0.85,137.32610102228205,0.03887880785078206,141.78012178776382,0,TRUE,FALSE
ergun_full_phi0.850_d6_Re7.1e-02,,,4.816515493070406e-05,0.0019817916140157294,0.1666567055,1.0,6,0.85,73.58143262770754,0.07134876240604898,77.45223321332936,0,TRUE,FALSE
ergun_full_phi0.850_d6_Re1.3e-01,,,9.311481273306432e-05,0.003687712212218001,0.1666567055,1.0,6,0.85,41.082416529806466,0.13276557463994754,41.820877464836315,0,TRUE,FALSE
ergun_full_phi0.850_d6_Re2.3e-01,,,0.00017199317494854386,0.0063428171523211415,0.1666567055,1.0,6,0.85,25.65063258831082,0.22835506558076565,24.493572493619194,0,TRUE,FALSE
ergun_full_phi0.850_d6_Re4.1e-01,,,0.00029506125632495237,0.011244524655031765,0.1666567055,1.0,6,0.85,14.001715066783268,0.4048270828814062,14.002675055533485,0,TRUE,FALSE
ergun_full_phi0.850_d6_Re7.5e-01,,,0.0006020228818833515,0.02184552188566269,0.1666567055,1.0,6,0.85,7.569015593941726,0.7864857937802937,7.415006542572488,0,TRUE,FALSE
ergun_full_phi0.850_d6_Re1.3e+00,,,0.00103234259933625,0.03759752761009775,0.1666567055,1.0,6,0.85,4.3818400982111,1.353591894090253,4.487467527171032,0,TRUE,FALSE
ergun_full_phi0.850_d6_Re2.4e+00,,,0.0021377200340882293,0.065117313724948,0.1666567055,1.0,6,0.85,3.0248867878656935,2.3443634096660335,2.7716233986772654,0,TRUE,FALSE
ergun_full_phi0.850_d6_Re4.3e+00,,,0.004493913762784646,0.12019416770296636,0.1666567055,1.0,6,0.85,1.8664192091188063,4.327248663977689,1.6974415826143616,0,TRUE,FALSE
ergun_full_phi0.850_d6_Re7.8e+00,,,0.009211224210474869,0.21299931746018588,0.1666567055,1.0,6,0.85,1.2181820067286167,7.6684337478465,1.144092732726213,0,TRUE,FALSE
ergun_full_phi0.850_d6_Re1.4e+01,,,0.021110814598018997,0.38898483840206005,0.1666567055,1.0,6,0.85,0.8371261219770981,14.004291176944934,0.8198616890265147,0,TRUE,FALSE
ergun_full_phi0.850_d6_Re2.5e+01,,,0.05789922941778692,0.7307673859424945,0.1666567055,1.0,6,0.85,0.6505275906548773,26.309198315785537,0.6363234358728949,0,TRUE,FALSE
ergun_full_phi0.850_d6_Re4.6e+01,,,0.14179172538784574,1.2992797003267416,0.1666567055,1.0,6,0.85,0.503960886566418,46.77686492464865,0.544923349008404,0,TRUE,FALSE
ergun_full_phi0.850_d6_Re8.2e+01,,,0.4636319280640054,2.2519708004623396,0.1666567055,1.0,6,0.85,0.5485283473042817,81.07579447365252,0.4952211914334344,0,TRUE,FALSE
ergun_full_phi0.850_d6_Re1.5e+02,,,1.3117770749976445,4.082243700567576,0.1666567055,1.0,6,0.85,0.4722950915536891,146.9695571499549,0.4648303511052894,0,TRUE,FALSE
ergun_full_phi0.850_d6_Re2.7e+02,,,3.9259909557590884,7.3634032913879075,0.1666567055,1.0,6,0.85,0.43445357029248705,265.0983626238036,0.4481679194330725,0,TRUE,FALSE
ergun_full_phi0.850_d6_Re4.8e+02,,,11.221520179359642,12.736695326032661,0.1666567055,1.0,6,0.85,0.4150394938532484,458.54843780165794,0.43942223829271765,0,TRUE,FALSE
ergun_full_phi0.850_d6_Re8.6e+02,,,45.77603723789903,25.221080269687643,0.1666567055,1.0,6,0.85,0.43177955604058926,908.013158931225,0.43348977241801756,0,TRUE,FALSE
ergun_full_phi0.850_d6_Re1.6e+03,,,119.16299409249051,41.65547707620786,0.1666567055,1.0,6,0.85,0.41204858930528077,1499.6868065248484,0.4311019253219189,0,TRUE,FALSE
ergun_full_phi0.850_d6_Re2.8e+03,,,434.3238305796644,79.77371357336493,0.1666567055,1.0,6,0.85,0.40949187621363087,2872.025340979692,0.4293509121222262,0,TRUE,FALSE
ergun_full_phi0.850_d6_Re5.0e+03,,,1273.225352415301,137.29401197759768,0.1666567055,1.0,6,0.85,0.4052782861801194,4942.879852293649,0.4285492372581379,0,TRUE,FALSE
ergun_full_phi0.850_d6_Re9.1e+03,,,4556.128774643229,242.50089806268724,0.1666567055,1.0,6,0.85,0.46485824506136264,8730.554129285385,0.4280668811735857,0,TRUE,FALSE
ergun_full_phi0.850_d6_Re1.6e+04,,,14298.385846737512,451.44190788937095,0.1666567055,1.0,6,0.85,0.4209538806247943,16252.880069900493,0.4277755432588715,0,TRUE,FALSE
ergun_full_phi0.850_d6_Re2.9e+04,,,47448.924826451665,801.5312527673071,0.1666567055,1.0,6,0.85,0.44313566497147183,28856.849786964274,0.4276278552954923,0,TRUE,FALSE
ergun_full_phi0.850_d6_Re5.3e+04,,,156649.1884873212,1471.8945493315732,0.1666567055,1.0,6,0.85,0.4338364180340485,52991.370911201884,0.4275411188516671,0,TRUE,FALSE
ergun_full_phi0.850_d6_Re9.5e+04,,,493601.91207782895,2655.6947115733497,0.1666567055,1.0,6,0.85,0.41992505353882165,95610.72398278087,0.42749489010796193,0,TRUE,FALSE
ergun_full_phi0.850_d6_Re1.7e+05,,,1438728.2270807559,4692.979735207048,0.1666567055,1.0,6,0.85,0.39195179429956856,168957.3685424994,0.4274699376399789,0,TRUE,FALSE
ergun_full_phi0.850_d6_Re3.1e+05,,,5662035.672836049,8445.511293338981,0.1666567055,1.0,6,0.85,0.47629054210456356,304056.579109767,0.4274554852966733,0,TRUE,FALSE
ergun_full_phi0.850_d6_Re5.6e+05,,,15748333.50115399,14866.337172801026,0.1666567055,1.0,6,0.85,0.42754112592223853,535220.1267221507,0.4274476789198865,0,TRUE,FALSE
ergun_full_phi0.850_d6_Re1.0e+06,,,59531392.311332166,28057.2856017989,0.1666567055,1.0,6,0.85,0.4537388691661054,1010122.653665402,0.4274428515015806,0,TRUE,FALSE
ergun_full_phi0.850_d10_Re1.0e-06,,,1.6206176068452286e-10,1.8049161798553576e-08,0.1666567055,1.0,10,0.85,4974695.20034812,1.0830144364370371e-06,5074377.711971294,0,TRUE,FALSE
ergun_full_phi0.850_d10_Re1.8e-06,,,2.8221201927463974e-10,2.922229413229232e-08,0.1666567055,1.0,10,0.85,3304813.0026330235,1.7534424459322052e-06,3134191.611087386,0,TRUE,FALSE
ergun_full_phi0.850_d10_Re3.2e-06,,,5.503566203292892e-10,5.435460548805728e-08,0.1666567055,1.0,10,0.85,1862822.6041653748,3.261471257636092e-06,1685014.15926517,0,TRUE,FALSE
ergun_full_phi0.850_d10_Re5.8e-06,,,8.801319452296997e-10,9.936433622110097e-08,0.1666567055,1.0,10,0.85,891428.9067506439,5.962216517060633e-06,921742.1721984185,0,TRUE,FALSE
ergun_full_phi0.850_d10_Re1.1e-05,,,1.6276603300068955e-09,1.7399527778302644e-07,0.1666567055,1.0,10,0.85,537636.6363886842,1.0440340654821503e-05,526384.0040633715,0,TRUE,FALSE
ergun_full_phi0.850_d10_Re1.9e-05,,,2.7679316956201755e-09,3.1984674053311235e-07,0.1666567055,1.0,10,0.85,270564.93407306535,1.9191951477350687e-05,286350.87291264086,0,TRUE,FALSE
ergun_full_phi0.850_d10_Re3.4e-05,,,4.52566938694059e-09,5.353866244626939e-07,0.1666567055,1.0,10,0.85,157887.5153132766,3.212511748965864e-05,171069.80506217622,0,TRUE,FALSE
ergun_full_phi0.850_d10_Re6.1e-05,,,9.453923547001918e-09,1.0401541635983333e-06,0.1666567055,1.0,10,0.85,87380.9299181189,6.24129800524788e-05,88053.0064114877,0,TRUE,FALSE
ergun_full_phi0.850_d10_Re1.1e-04,,,1.550072859696079e-08,1.7396830730532538e-06,0.1666567055,1.0,10,0.85,51216.72877896429,0.00010438722329436987,52646.945676341566,0,TRUE,FALSE
ergun_full_phi0.850_d10_Re2.0e-04,,,2.8222101702844006e-08,3.1221810360228387e-06,0.1666567055,1.0,10,0.85,28951.64131068279,0.00018734205903421261,29335.131472422916,0,TRUE,FALSE
ergun_full_phi0.850_d10_Re3.6e-04,,,5.169816609689079e-08,5.804163725563203e-06,0.1666567055,1.0,10,0.85,15346.022415615906,0.0003482706386250509,15780.178141560802,0,TRUE,FALSE
ergun_full_phi0.850_d10_Re6.4e-04,,,9.886933560290759e-08,1.069631994494072e-05,0.1666567055,1.0,10,0.85,8641.573852773805,0.000641817556206325,8563.022526834913,0,TRUE,FALSE
ergun_full_phi0.850_d10_Re1.2e-03,,,1.8895392942539077e-07,1.933875523289445e-05,0.1666567055,1.0,10,0.85,5052.413588363602,0.0011603946672817463,4736.4228793341745,0,TRUE,FALSE
ergun_full_phi0.850_d10_Re2.1e-03,,,3.570014521741881e-07,3.734688029980853e-05,0.1666567055,1.0,10,0.85,2559.5364772382127,0.0022409467526530776,2452.7944329997777,0,TRUE,FALSE
ergun_full_phi0.850_d10_Re3.8e-03,,,5.917180441654274e-07,6.220426867894718e-05,0.1666567055,1.0,10,0.85,1529.235727875624,0.003732479199821166,1472.8064007931653,0,TRUE,FALSE
ergun_full_phi0.850_d10_Re6.8e-03,,,9.688684910691898e-07,0.0001101880739096272,0.1666567055,1.0,10,0.85,797.9866925214344,0.006611679594831977,831.6267985194386,0,TRUE,FALSE
ergun_full_phi0.850_d10_Re1.2e-02,,,1.837241704944264e-06,0.00019750489954334827,0.1666567055,1.0,10,0.85,470.9887652449779,0.011851002271453654,464.15394165068585,0,TRUE,FALSE
ergun_full_phi0.850_d10_Re2.2e-02,,,3.88407795619285e-06,0.00037877788181491054,0.1666567055,1.0,10,0.85,270.7189866819197,0.02272803129514105,242.22681649985813,0,TRUE,FALSE
ergun_full_phi0.850_d10_Re3.9e-02,,,6.504208645685489e-06,0.000683630118098174,0.1666567055,1.0,10,0.85,139.17207060979348,0.04102025874369477,134.40084526818643,0,TRUE,FALSE
ergun_full_phi0.850_d10_Re7.1e-02,,,1.0709386484731717e-05,0.0011585599931693029,0.1666567055,1.0,10,0.85,79.78615506272186,0.06951775445778885,79.48096694368748,0,TRUE,FALSE
ergun_full_phi0.850_d10_Re1.3e-01,,,1.9899211202075645e-05,0.0021641452817969184,0.1666567055,1.0,10,0.85,42.487681924947026,0.1298564780399381,42.74818981413951,0,TRUE,FALSE
ergun_full_phi0.850_d10_Re2.3e-01,,,3.630521333539622e-05,0.0040531794906706175,0.1666567055,1.0,10,0.85,22.099239074594006,0.2432053050917065,23.024082056535498,0,TRUE,FALSE
ergun_full_phi0.850_d10_Re4.1e-01,,,6.502933034804845e-05,0.0067536676593125235,0.1666567055,1.0,10,0.85,14.257057805920365,0.4052442797936218,13.988699417849476,0,TRUE,FALSE
ergun_full_phi0.850_d10_Re7.5e-01,,,0.00011714753516439142,0.013191964948277618,0.1666567055,1.0,10,0.85,6.731536080080757,0.7915652063743465,7.370167852893917,0,TRUE,FALSE
ergun_full_phi0.850_d10_Re1.3e+00,,,0.0002346091030651021,0.021800148349990483,0.1666567055,1.0,10,0.85,4.936577519705485,1.3080870814400254,4.628704997072125,0,TRUE,FALSE
ergun_full_phi0.850_d10_Re2.4e+00,,,0.0004741177830929244,0.039441695462761606,0.1666567055,1.0,10,0.85,3.047720203700488,2.366643174928332,2.7495550471441694,0,TRUE,FALSE
ergun_full_phi0.850_d10_Re4.3e+00,,,0.0009086111116329264,0.07069964302615066,0.1666567055,1.0,10,0.85,1.8177895466488345,4.242232127056577,1.7228931263574756,0,TRUE,FALSE
ergun_full_phi0.850_d10_Re7.8e+00,,,0.001959642412332051,0.1301040943343065,0.1666567055,1.0,10,0.85,1.1576969856633426,7.806712243829067,1.131398782067102,0,TRUE,FALSE
ergun_full_phi0.850_d10_Re1.4e+01,,,0.003968265015543634,0.2276473437007435,0.1666567055,1.0,10,0.85,0.7657297032216823,13.65965701876565,0.8297625826242113,0,TRUE,FALSE
ergun_full_phi0.850_d10_Re2.5e+01,,,0.011653184290192405,0.43269573896043917,0.1666567055,1.0,10,0.85,0.622414035991078,25.96329608594352,0.6391063699643253,0,TRUE,FALSE
ergun_full_phi0.850_d10_Re4.6e+01,,,0.028584051494265943,0.740334112267933,0.1666567055,1.0,10,0.85,0.5215167529409886,44.422701747691335,0.5511494689494426,0,TRUE,FALSE
ergun_full_phi0.850_d10_Re8.2e+01,,,0.0936344720118634,1.3277026175051745,0.1666567055,1.0,10,0.85,0.531170739380828,79.66691850302864,0.4964199191025204,0,TRUE,FALSE
ergun_full_phi0.850_d10_Re1.5e+02,,,0.26078215371532687,2.398913518234557,0.1666567055,1.0,10,0.85,0.4531569907817369,143.94341416010752,0.46561646823596425,0,TRUE,FALSE
ergun_full_phi0.850_d10_Re2.7e+02,,,0.9699840569180926,4.709538079800949,0.1666567055,1.0,10,0.85,0.4373286912281532,282.58917429523706,0.44688480793163116,0,TRUE,FALSE
ergun_full_phi0.850_d10_Re4.8e+02,,,2.854619406870397,7.990982144922805,0.1666567055,1.0,10,0.85,0.44704155327460876,479.4875862299345,0.43889886274387746,0,TRUE,FALSE
ergun_full_phi0.850_d10_Re8.6e+02,,,8.524717479531327,14.260556774339836,0.1666567055,1.0,10,0.85,0.41918625211845617,855.6845481587799,0.43385989908229733,0,TRUE,FALSE
ergun_full_phi0.850_d10_Re1.6e+03,,,31.711045339014333,26.913769756017423,0.1666567055,1.0,10,0.85,0.4377856209275211,1614.922704446322,0.4308404368910055,0,TRUE,FALSE
ergun_full_phi0.850_d10_Re2.8e+03,,,83.8841195846548,45.75407029004672,0.1666567055,1.0,10,0.85,0.40070086563007873,2745.408302220802,0.4294391619653641,0,TRUE,FALSE
ergun_full_phi0.850_d10_Re5.0e+03,,,267.6121405798086,81.07133680510952,0.1666567055,1.0,10,0.85,0.4071656604759705,4864.570949118487,0.42856713521863227,0,TRUE,FALSE
ergun_full_phi0.850_d10_Re9.1e+03,,,910.7099411423224,141.63795323071432,0.1666567055,1.0,10,0.85,0.4539633505643686,8498.785140734364,0.4280840473537518,0,TRUE,FALSE
ergun_full_phi0.850_d10_Re1.6e+04,,,3271.18235114472,272.84688681193944,0.1666567055,1.0,10,0.85,0.4394067749325975,16371.791701590995,0.42777308733558317,0,TRUE,FALSE
ergun_full_phi0.850_d10_Re2.9e+04,,,9191.365771401932,469.26873486383545,0.1666567055,1.0,10,0.85,0.4173849726213438,28157.806999481065,0.4276325832469893,0,TRUE,FALSE
ergun_full_phi0.850_d10_Re5.3e+04,,,32871.37869281434,875.1829147359804,0.1666567055,1.0,10,0.85,0.42916100936110924,52514.113495180085,0.4275420613671476,0,TRUE,FALSE
ergun_full_phi0.850_d10_Re9.5e+04,,,99911.4829544567,1577.0974552833347,0.1666567055,1.0,10,0.85,0.4016967732492825,94631.50315804934,0.42749548488650874,0,TRUE,FALSE
ergun_full_phi0.850_d10_Re1.7e+05,,,385930.7764158619,2951.826779151614,0.1666567055,1.0,10,0.85,0.44292243256826963,177120.19269165344,0.4274684386034094,0,TRUE,FALSE
ergun_full_phi0.850_d10_Re3.1e+05,,,1195707.418783707,5154.182990013184,0.1666567055,1.0,10,0.85,0.4500961075629004,309269.4635088166,0.42745518064494364,0,TRUE,FALSE
ergun_full_phi0.850_d10_Re5.6e+05,,,4223166.1066485895,9599.394126178835,0.1666567055,1.0,10,0.85,0.45830069670380935,575998.0732475739,0.4274469519960922,0,TRUE,FALSE
ergun_full_phi0.850_d10_Re1.0e+06,,,11801468.355469052,16747.378018542026,0.1666567055,1.0,10,0.85,0.42076770549730225,1004902.7411346509,0.4274428797622266,0,TRUE,FALSE
