filename,tau,delta_p,dP_L,v,mu,rho,d,phi,f,Re_p,f_ergun,regime_true,steps,converged,stalled
ergun_comb_phi0.150_d6_Re1.0e-06,,,4.117339421544444e-06,2.7881084343439468e-08,0.1666567055,1.0,6,0.15,31779612720.081615,1.0037790292250605e-06,31990219578.81299,viscous,0,TRUE,FALSE
ergun_comb_phi0.150_d6_Re1.6e-06,,,6.75863269512088e-06,4.522778647801283e-08,0.1666567055,1.0,6,0.15,19824371560.502674,1.6282976316730142e-06,19720664824.510777,viscous,0,TRUE,FALSE
ergun_comb_phi0.150_d6_Re2.6e-06,,,1.0556006090890169e-05,6.973841223970922e-08,0.1666567055,1.0,6,0.15,13022871992.36849,2.5107328996027427e-06,12789537358.901909,viscous,0,TRUE,FALSE
ergun_comb_phi0.150_d6_Re4.1e-06,,,1.8347288338474078e-05,1.1771468213262497e-07,0.1666567055,1.0,6,0.15,7944414001.369474,4.237981848235622e-06,7576982188.427974,viscous,0,TRUE,FALSE
ergun_comb_phi0.150_d6_Re6.5e-06,,,2.4703551780630973e-05,1.770361735172935e-07,0.1666567055,1.0,6,0.15,4729188458.834797,6.373683182545337e-06,5038078141.096018,viscous,0,TRUE,FALSE
ergun_comb_phi0.150_d6_Re1.0e-05,,,4.222534656285051e-05,2.8346546434000797e-07,0.1666567055,1.0,6,0.15,3153001400.4160647,1.0205366660389479e-05,3146493083.258459,viscous,0,TRUE,FALSE
ergun_comb_phi0.150_d6_Re1.7e-05,,,6.326198292275946e-05,4.3024723099799665e-07,0.1666567055,1.0,6,0.15,2050491073.786544,1.548982609636418e-05,2073045735.8488848,viscous,0,TRUE,FALSE
ergun_comb_phi0.150_d6_Re2.7e-05,,,0.00010172843931368265,7.098516367601943e-07,0.1666567055,1.0,6,0.15,1211318795.429253,2.555618633995597e-05,1256491166.076657,viscous,0,TRUE,FALSE
ergun_comb_phi0.150_d6_Re4.2e-05,,,0.00016943636613750058,1.1579748467581684e-06,0.1666567055,1.0,6,0.15,758157834.7817726,4.168958614478918e-05,770243421.7957281,viscous,0,TRUE,FALSE
ergun_comb_phi0.150_d6_Re6.8e-05,,,0.0002980965887632201,1.9034570540356871e-06,0.1666567055,1.0,6,0.15,493653353.13429654,6.852854969111412e-05,468580488.8498701,viscous,0,TRUE,FALSE
ergun_comb_phi0.150_d6_Re1.1e-04,,,0.00047615005011963815,2.9915425902153617e-06,0.1666567055,1.0,6,0.15,319230739.77158105,0.00010770197027141025,298148292.91271806,viscous,0,TRUE,FALSE
ergun_comb_phi0.150_d6_Re1.7e-04,,,0.0007113814633725189,4.702111966225471e-06,0.1666567055,1.0,6,0.15,193049136.014503,0.0001692861485093549,189685842.6112702,viscous,0,TRUE,FALSE
ergun_comb_phi0.150_d6_Re2.8e-04,,,0.0011758161934617595,7.872645058124703e-06,0.1666567055,1.0,6,0.15,113828062.69280185,0.0002834321619825145,113294256.39844339,viscous,0,TRUE,FALSE
ergun_comb_phi0.150_d6_Re4.4e-04,,,0.001699086898896273,1.196884960718171e-05,0.1666567055,1.0,6,0.15,71164273.75912103,0.0004309043397182135,74520718.56414331,viscous,0,TRUE,FALSE
ergun_comb_phi0.150_d6_Re7.0e-04,,,0.00289818947192756,1.9282597459734426e-05,0.1666567055,1.0,6,0.15,46767801.49800268,0.0006942149996983263,46255723.50626024,viscous,0,TRUE,FALSE
ergun_comb_phi0.150_d6_Re1.1e-03,,,0.0044566116145411065,3.0294574109389743e-05,0.1666567055,1.0,6,0.15,29135758.943457007,0.001090669854003195,29442082.4925967,viscous,0,TRUE,FALSE
ergun_comb_phi0.150_d6_Re1.8e-03,,,0.007581670470251887,4.9640290437059405e-05,0.1666567055,1.0,6,0.15,18460672.893989366,0.0017871572687626206,17968143.792047456,viscous,0,TRUE,FALSE
ergun_comb_phi0.150_d6_Re2.9e-03,,,0.012134030211365053,8.0185421934097e-05,0.1666567055,1.0,6,0.15,11323103.699868027,0.0028868477278556426,11123684.547910064,viscous,0,TRUE,FALSE
ergun_comb_phi0.150_d6_Re4.6e-03,,,0.01843137546470257,0.0001247871501125457,0.1666567055,1.0,6,0.15,7101813.509862307,0.004492605913629285,7147987.560659924,viscous,0,TRUE,FALSE
ergun_comb_phi0.150_d6_Re7.3e-03,,,0.033338214584727036,0.0002081098366143341,0.1666567055,1.0,6,0.15,4618578.94634004,0.007492401916501371,4286264.094716073,viscous,0,TRUE,FALSE
ergun_comb_phi0.150_d6_Re1.2e-02,,,0.05013963288513241,0.0003126540046623641,0.1666567055,1.0,6,0.15,3077544.9768693526,0.011256216918161654,2853185.2591322223,viscous,0,TRUE,FALSE
ergun_comb_phi0.150_d6_Re1.9e-02,,,0.08349310812589839,0.0005399992675533001,0.1666567055,1.0,6,0.15,1717969.848221955,0.01944113557026843,1652150.3847092255,viscous,0,TRUE,FALSE
ergun_comb_phi0.150_d6_Re3.0e-02,,,0.1222450832925136,0.0008350132401284764,0.1666567055,1.0,6,0.15,1051952.0095298921,0.030062273376518043,1068593.861063086,viscous,0,TRUE,FALSE
ergun_comb_phi0.150_d6_Re4.8e-02,,,0.22681544085236105,0.0013824007278452225,0.1666567055,1.0,6,0.15,712124.5521955972,0.049769400770203844,645638.60557691,viscous,0,TRUE,FALSE
ergun_comb_phi0.150_d6_Re7.6e-02,,,0.35457812496396385,0.00223100568350384,0.1666567055,1.0,6,0.15,427426.88551466365,0.08032100515165314,400225.4676684293,viscous,0,TRUE,FALSE
ergun_comb_phi0.150_d6_Re1.2e-01,,,0.4783464990093343,0.0034125070313587463,0.1666567055,1.0,6,0.15,246460.16807726707,0.12285759595885255,261809.28584775847,viscous,0,TRUE,FALSE
ergun_comb_phi0.150_d6_Re1.9e-01,,,0.8304921110697903,0.005391990309788868,0.1666567055,1.0,6,0.15,171391.21428430013,0.19412325331688027,165856.83882505432,viscous,0,TRUE,FALSE
ergun_comb_phi0.150_d6_Re3.1e-01,,,1.261657775516191,0.008287262921444391,0.1666567055,1.0,6,0.15,110222.58293971086,0.29835929721211457,108066.38341773817,viscous,0,TRUE,FALSE
ergun_comb_phi0.150_d6_Re5.0e-01,,,2.1600223598988015,0.013937581474279669,0.1666567055,1.0,6,0.15,66716.71571039032,0.501782923134035,64434.770092221224,viscous,0,TRUE,FALSE
ergun_comb_phi0.150_d6_Re7.9e-01,,,3.0823649972178724,0.02121040444171216,0.1666567055,1.0,6,0.15,41109.04758259757,0.7636201991900827,42491.89541837901,viscous,0,TRUE,FALSE
ergun_comb_phi0.150_d6_Re1.3e+00,,,4.9411343171319055,0.03464816306464681,0.1666567055,1.0,6,0.15,24695.480506774053,1.2474084241865735,26183.000042901982,viscous,0,TRUE,FALSE
ergun_comb_phi0.150_d6_Re2.0e+00,,,8.81702331594788,0.059076971523610335,0.1666567055,1.0,6,0.15,15157.821619566765,2.1268980931683066,15538.366345960598,viscous,0,TRUE,FALSE
ergun_comb_phi0.150_d6_Re3.2e+00,,,13.867040521379542,0.09045492317108239,0.1666567055,1.0,6,0.15,10168.821333143092,3.256571869689902,10301.143764540368,viscous,0,TRUE,FALSE
ergun_comb_phi0.150_d6_Re5.2e+00,,,25.590130898014692,0.15002607756027678,0.1666567055,1.0,6,0.15,6821.6628023207,5.401261609372571,6385.8538334652485,viscous,0,TRUE,FALSE
ergun_comb_phi0.150_d6_Re8.2e+00,,,34.579139903934895,0.2329043637982021,0.1666567055,1.0,6,0.15,3824.8128137643625,8.385058246511495,4270.304014731183,viscous,0,TRUE,FALSE
ergun_comb_phi0.150_d6_Re1.3e+01,,,66.39542452712455,0.36558930864586436,0.1666567055,1.0,6,0.15,2980.5912977842304,13.162001764610581,2880.4236769222325,viscous,0,TRUE,FALSE
ergun_comb_phi0.150_d6_Re2.1e+01,,,112.3201443105779,0.6008774272221257,0.1666567055,1.0,6,0.15,1866.5392390211173,21.632880312354153,1925.1066988315379,viscous,0,TRUE,FALSE
ergun_comb_phi0.150_d6_Re3.4e+01,,,203.41044949925273,0.9836349585159209,0.1666567055,1.0,6,0.15,1261.4109580603335,35.412975033852,1347.5019230592393,viscous,0,TRUE,FALSE
ergun_comb_phi0.150_d6_Re5.4e+01,,,390.87498702458055,1.4583647625384988,0.1666567055,1.0,6,0.15,1102.6985558136996,52.50426947405961,1052.3312158158392,viscous,0,TRUE,FALSE
ergun_comb_phi0.150_d6_Re8.6e+01,,,850.7657723880517,2.3796553189595944,0.1666567055,1.0,6,0.15,901.4323654520475,85.67271188351654,815.5521644151828,inertial,0,TRUE,FALSE
ergun_comb_phi0.150_d6_Re1.4e+02,,,1586.5965916989726,3.8169893453240635,0.1666567055,1.0,6,0.15,653.3950981971249,137.41982960262214,674.4123382384748,inertial,0,TRUE,FALSE
ergun_comb_phi0.150_d6_Re2.2e+02,,,3343.001025680303,5.9942572940963785,0.1666567055,1.0,6,0.15,558.2349192175111,215.80616067427465,589.5368224224763,inertial,0,TRUE,FALSE
ergun_comb_phi0.150_d6_Re3.5e+02,,,8014.164686927401,9.319610026843018,0.1666567055,1.0,6,0.15,553.6228837480695,335.5260143496483,536.4445304255801,inertial,0,TRUE,FALSE
ergun_comb_phi0.150_d6_Re5.6e+02,,,21912.076073014614,15.740052152668499,0.1666567055,1.0,6,0.15,530.6674422068189,566.6757460053775,497.4064994880834,inertial,0,TRUE,FALSE
ergun_comb_phi0.150_d6_Re8.9e+02,,,50540.242652837645,24.15418845507591,0.1666567055,1.0,6,0.15,519.7609795841046,869.602757930766,477.66692435533747,inertial,0,TRUE,FALSE
ergun_comb_phi0.150_d6_Re1.4e+03,,,127955.76653301502,39.12637274395143,0.1666567055,1.0,6,0.15,501.5011546239163,1408.633608587136,463.53666930254667,inertial,0,TRUE,FALSE
ergun_comb_phi0.150_d6_Re2.3e+03,,,283067.87718404597,62.225020765277684,0.1666567055,1.0,6,0.15,438.643540178002,2240.2346396537046,455.0745567360487,inertial,0,TRUE,FALSE
ergun_comb_phi0.150_d6_Re3.6e+03,,,811901.9812472262,101.44905084353536,0.1666567055,1.0,6,0.15,473.32438067799035,3652.384122409117,449.5325627493007,inertial,0,TRUE,FALSE
ergun_comb_phi0.150_d6_Re5.8e+03,,,1886618.231026259,161.61481652063407,0.1666567055,1.0,6,0.15,433.3840564426945,5818.481147905593,446.2595540349404,inertial,0,TRUE,FALSE
ergun_comb_phi0.150_d6_Re9.2e+03,,,4204774.2391266115,246.77360598227827,0.1666567055,1.0,6,0.15,414.2824335251322,8884.38080814978,444.3550737825725,inertial,0,TRUE,FALSE
ergun_comb_phi0.150_d6_Re1.5e+04,,,13460237.96176848,416.5934516130638,0.1666567055,1.0,6,0.15,465.34934836244395,14998.26065911511,442.8817297421285,inertial,0,TRUE,FALSE
ergun_comb_phi0.150_d6_Re2.4e+04,,,29707933.656310324,652.2473613692223,0.1666567055,1.0,6,0.15,418.98553918599083,23482.308476422713,442.1082004665745,inertial,0,TRUE,FALSE
ergun_comb_phi0.150_d6_Re3.8e+04,,,79740766.88713898,1074.774738188615,0.1666567055,1.0,6,0.15,414.18728094898364,38694.203211233464,441.570609518134,inertial,0,TRUE,FALSE
ergun_comb_phi0.150_d6_Re6.0e+04,,,203300273.46705744,1636.9752482998022,0.1666567055,1.0,6,0.15,455.2028659292497,58934.63128490088,441.285600535585,inertial,0,TRUE,FALSE
ergun_comb_phi0.150_d6_Re9.6e+04,,,467288445.1581381,2496.9260056426997,0.1666567055,1.0,6,0.15,449.70213289758124,89894.70894020642,441.09794876209907,inertial,0,TRUE,FALSE
ergun_comb_phi0.150_d6_Re1.5e+05,,,1299220042.3377993,4193.089359138324,0.1666567055,1.0,6,0.15,443.36941048060663,150960.23936960608,440.9534531161663,inertial,0,TRUE,FALSE
ergun_comb_phi0.150_d6_Re2.5e+05,,,3432270646.003165,6800.107021860374,0.1666567055,1.0,6,0.15,445.3498197547017,244818.4848533577,440.87190367613084,inertial,0,TRUE,FALSE
ergun_comb_phi0.150_d6_Re3.9e+05,,,8740081463.05025,11115.68246899291,0.1666567055,1.0,6,0.15,424.418656740744,400188.4869490443,440.82098070805193,inertial,0,TRUE,FALSE
ergun_comb_phi0.150_d6_Re6.3e+05,,,25086392011.343475,18146.60771729239,0.1666567055,1.0,6,0.15,457.0866665065837,653316.9246151595,440.7898916350483,inertial,0,TRUE,FALSE
ergun_comb_phi0.150_d6_Re1.0e+06,,,63195519254.27292,28488.159693735604,0.1666567055,1.0,6,0.15,467.2063606172396,1025635.0481044017,440.77204925654326,inertial,0,TRUE,FALSE
ergun_comb_phi0.150_d10_Re1.0e-06,,,9.525575341309731e-07,1.7064129916508503e-08,0.1666567055,1.0,10,0.15,32713191691.90636,1.0239089909591728e-06,31361294652.084873,viscous,0,TRUE,FALSE
ergun_comb_phi0.150_d10_Re1.6e-06,,,1.329516263326278e-06,2.6680718423211226e-08,0.1666567055,1.0,10,0.15,18676634303.274124,1.600938788701258e-06,20057676185.583466,viscous,0,TRUE,FALSE
ergun_comb_phi0.150_d10_Re2.6e-06,,,2.180777289804188e-06,4.2348981810905677e-08,0.1666567055,1.0,10,0.15,12159770257.421732,2.54109078202711e-06,12636743424.592363,viscous,0,TRUE,FALSE
ergun_comb_phi0.150_d10_Re4.1e-06,,,3.528141518253691e-06,6.508120971527741e-08,0.1666567055,1.0,10,0.15,8329803625.995587,3.905105979385714e-06,8222853106.102283,viscous,0,TRUE,FALSE
ergun_comb_phi0.150_d10_Re6.5e-06,,,5.421142487239721e-06,1.0665336876555741e-07,0.1666567055,1.0,10,0.15,4765864239.942213,6.399584609906825e-06,5017687223.317499,viscous,0,TRUE,FALSE
ergun_comb_phi0.150_d10_Re1.0e-05,,,9.109397323810341e-06,1.679511015020857e-07,0.1666567055,1.0,10,0.15,3229415549.7352195,1.0077668402132531e-05,3186363578.4994802,viscous,0,TRUE,FALSE
ergun_comb_phi0.150_d10_Re1.7e-05,,,1.5996680755131124e-05,2.797917166408291e-07,0.1666567055,1.0,10,0.15,2043431914.6268754,1.6788506397111584e-05,1912684651.6861374,viscous,0,TRUE,FALSE
ergun_comb_phi0.150_d10_Re2.7e-05,,,2.4915629297696494e-05,4.4194712599922784e-07,0.1666567055,1.0,10,0.15,1275649116.7107015,2.6518412485912718e-05,1210899137.19059,viscous,0,TRUE,FALSE
ergun_comb_phi0.150_d10_Re4.2e-05,,,4.175084131457185e-05,7.365653976498202e-07,0.1666567055,1.0,10,0.15,769560212.4524848,4.4196565355110785e-05,726552625.3529295,viscous,0,TRUE,FALSE
ergun_comb_phi0.150_d10_Re6.8e-05,,,5.979613908537381e-05,1.0507856032273887e-06,0.1666567055,1.0,10,0.15,541557925.0306584,6.305090455705598e-05,509289107.361743,viscous,0,TRUE,FALSE
ergun_comb_phi0.150_d10_Re1.1e-04,,,9.950085327553953e-05,1.8203124955350424e-06,0.1666567055,1.0,10,0.15,300285875.2350986,0.00010922527779928077,293990181.559899,viscous,0,TRUE,FALSE
ergun_comb_phi0.150_d10_Re1.7e-04,,,0.0001587589512413011,2.910365868459514e-06,0.1666567055,1.0,10,0.15,187431700.00376818,0.0001746323893615858,183878764.96513948,viscous,0,TRUE,FALSE
ergun_comb_phi0.150_d10_Re2.8e-04,,,0.0002439767466510644,4.641542735816064e-06,0.1666567055,1.0,10,0.15,113246223.68327911,0.0002785092098089065,115296847.395097,viscous,0,TRUE,FALSE
ergun_comb_phi0.150_d10_Re4.4e-04,,,0.00036917310199419487,6.936086450166139e-06,0.1666567055,1.0,10,0.15,76736335.48786363,0.00041619006144137053,77155361.25927086,viscous,0,TRUE,FALSE
ergun_comb_phi0.150_d10_Re7.0e-04,,,0.0006467648391957175,1.145008551660803e-05,0.1666567055,1.0,10,0.15,49332024.81414369,0.0006870461936863398,46738362.30438299,viscous,0,TRUE,FALSE
ergun_comb_phi0.150_d10_Re1.1e-03,,,0.0009981719753195803,1.8574107681017107e-05,0.1666567055,1.0,10,0.15,28932732.681705423,0.0011145130719637983,28812225.832261093,viscous,0,TRUE,FALSE
ergun_comb_phi0.150_d10_Re1.8e-03,,,0.0015219179504186748,2.9173645753525285e-05,0.1666567055,1.0,10,0.15,17881742.18803288,0.0017505233687416968,18344161.07290236,viscous,0,TRUE,FALSE
ergun_comb_phi0.150_d10_Re2.9e-03,,,0.0023743260288422493,4.77858866562644e-05,0.1666567055,1.0,10,0.15,10397790.342803312,0.0028673245707634847,11199420.946375733,viscous,0,TRUE,FALSE
ergun_comb_phi0.150_d10_Re4.6e-03,,,0.0041016601292138,7.704728118243761e-05,0.1666567055,1.0,10,0.15,6909474.763512055,0.004623113180551719,6946217.289364843,viscous,0,TRUE,FALSE
ergun_comb_phi0.150_d10_Re7.3e-03,,,0.00558758679714578,0.00011770123640826894,0.1666567055,1.0,10,0.15,4033315.845309841,0.007062496288711824,4547149.128033653,viscous,0,TRUE,FALSE
ergun_comb_phi0.150_d10_Re1.2e-02,,,0.01043255779565196,0.00019783534007276465,0.1666567055,1.0,10,0.15,2665526.789191227,0.011870829888255809,2705484.2308239117,viscous,0,TRUE,FALSE
ergun_comb_phi0.150_d10_Re1.9e-02,,,0.016201807415019205,0.0003062695646220637,0.1666567055,1.0,10,0.15,1727252.3142324605,0.018377272231753297,1747768.1300378155,viscous,0,TRUE,FALSE
ergun_comb_phi0.150_d10_Re3.0e-02,,,0.028031738810433256,0.0005248867718776796,0.1666567055,1.0,10,0.15,1017463.3679813315,0.03149508867962589,1020000.0579965683,viscous,0,TRUE,FALSE
ergun_comb_phi0.150_d10_Re4.8e-02,,,0.03957207377832486,0.0007960080176160402,0.1666567055,1.0,10,0.15,624530.8928481085,0.04776333572824888,672736.9826491445,viscous,0,TRUE,FALSE
ergun_comb_phi0.150_d10_Re7.6e-02,,,0.07473414496244214,0.001332421502114954,0.1666567055,1.0,10,0.15,420955.12858191115,0.07995006850264144,402080.31044355105,viscous,0,TRUE,FALSE
ergun_comb_phi0.150_d10_Re1.2e-01,,,0.11239066833179676,0.0020915558835448256,0.1666567055,1.0,10,0.15,256916.0924946065,0.12550085382221993,256304.42718703838,viscous,0,TRUE,FALSE
ergun_comb_phi0.150_d10_Re1.9e-01,,,0.18181194324683897,0.0033258398223136045,0.1666567055,1.0,10,0.15,164368.93851491067,0.19956231657979132,161348.42943392185,viscous,0,TRUE,FALSE
ergun_comb_phi0.150_d10_Re3.1e-01,,,0.2807950712920265,0.005264260294380904,0.1666567055,1.0,10,0.15,101324.57022647365,0.3158744965338886,102098.55567505302,viscous,0,TRUE,FALSE
ergun_comb_phi0.150_d10_Re5.0e-01,,,0.4478889092609594,0.007898325080275317,0.1666567055,1.0,10,0.15,71796.00835595092,0.4739278300611383,68196.01712315677,viscous,0,TRUE,FALSE
ergun_comb_phi0.150_d10_Re7.9e-01,,,0.6646812194811422,0.012442785325067787,0.1666567055,1.0,10,0.15,42931.710422031865,0.7466117422480661,43449.85685030497,viscous,0,TRUE,FALSE
ergun_comb_phi0.150_d10_Re1.3e+00,,,1.081706664941795,0.020934038472267092,0.1666567055,1.0,10,0.15,24683.314096879345,1.2561173827036376,26004.522878677493,viscous,0,TRUE,FALSE
ergun_comb_phi0.150_d10_Re2.0e+00,,,1.8668571649988153,0.03426855705332402,0.1666567055,1.0,10,0.15,15897.156694753136,2.0562363182754755,16057.19047743349,viscous,0,TRUE,FALSE
ergun_comb_phi0.150_d10_Re3.2e+00,,,3.0404674537221092,0.05304024036811257,0.1666567055,1.0,10,0.15,10807.603215320953,3.1826046368180827,10530.310378022265,viscous,0,TRUE,FALSE
ergun_comb_phi0.150_d10_Re5.2e+00,,,5.192495453229133,0.08462095644403768,0.1666567055,1.0,10,0.15,7251.373339167846,5.077560857222014,6764.862108077623,viscous,0,TRUE,FALSE
ergun_comb_phi0.150_d10_Re8.2e+00,,,8.068003969626748,0.1385658083525216,0.1666567055,1.0,10,0.15,4201.979641311895,8.314445430611348,4302.827680765318,viscous,0,TRUE,FALSE
ergun_comb_phi0.150_d10_Re1.3e+01,,,12.118775724691444,0.20660239593002577,0.1666567055,1.0,10,0.15,2839.14805791512,12.396884680408242,3030.997239767371,viscous,0,TRUE,FALSE
ergun_comb_phi0.150_d10_Re2.1e+01,,,25.03556204778041,0.36142386765455886,0.1666567055,1.0,10,0.15,1916.565594818432,21.686728209958456,1921.4210351691934,viscous,0,TRUE,FALSE
ergun_comb_phi0.150_d10_Re3.4e+01,,,46.8784589896795,0.5540611914170095,0.1666567055,1.0,10,0.15,1527.0661971131942,33.24565847829084,1406.6145594855077,viscous,0,TRUE,FALSE
ergun_comb_phi0.150_d10_Re5.4e+01,,,76.20902545826821,0.8588650436019686,0.1666567055,1.0,10,0.15,1033.133761526749,51.53498270742959,1063.8342089855994,viscous,0,TRUE,FALSE
ergun_comb_phi0.150_d10_Re8.6e+01,,,167.1315444765757,1.4056231966037858,0.1666567055,1.0,10,0.15,845.9030587973376,84.34243269040175,821.4638250390359,inertial,0,TRUE,FALSE
ergun_comb_phi0.150_d10_Re1.4e+02,,,328.87113173623794,2.2323943899014824,0.1666567055,1.0,10,0.15,659.9087820061523,133.95166928350702,680.4623603582489,inertial,0,TRUE,FALSE
ergun_comb_phi0.150_d10_Re2.2e+02,,,741.6969756231297,3.4665112776934164,0.1666567055,1.0,10,0.15,617.221823433745,208.00310838338373,595.118775572437,inertial,0,TRUE,FALSE
ergun_comb_phi0.150_d10_Re3.5e+02,,,1835.9337227624753,5.952490760601199,0.1666567055,1.0,10,0.15,518.154816122997,357.170792662837,530.6448196037162,inertial,0,TRUE,FALSE
ergun_comb_phi0.150_d10_Re5.6e+02,,,4061.5601828841654,9.32639131047368,0.1666567055,1.0,10,0.15,466.94488903777545,559.6169252531924,498.1212624191779,inertial,0,TRUE,FALSE
ergun_comb_phi0.150_d10_Re8.9e+02,,,10924.953501396361,14.615987376270578,0.1666567055,1.0,10,0.15,511.4030086573412,877.0116589320542,477.3549758926579,inertial,0,TRUE,FALSE
ergun_comb_phi0.150_d10_Re1.4e+03,,,29393.45797466646,23.775714578135617,0.1666567055,1.0,10,0.15,519.976270045651,1426.6281399721788,463.2491367350448,inertial,0,TRUE,FALSE
ergun_comb_phi0.150_d10_Re2.3e+03,,,63948.01185035614,36.94016167122111,0.1666567055,1.0,10,0.15,468.62932666252516,2216.5421763495206,455.22776988628846,inertial,0,TRUE,FALSE
ergun_comb_phi0.150_d10_Re3.6e+03,,,166861.89585993724,60.061699002577335,0.1666567055,1.0,10,0.15,462.55347422397574,3603.9173354820296,449.65079835914514,inertial,0,TRUE,FALSE
ergun_comb_phi0.150_d10_Re5.8e+03,,,403933.4692616301,96.48075673786867,0.1666567055,1.0,10,0.15,433.9387536400086,5789.191406874935,446.2874758293367,inertial,0,TRUE,FALSE
ergun_comb_phi0.150_d10_Re9.2e+03,,,1168151.9852196565,150.18288819952537,0.1666567055,1.0,10,0.15,517.9149497390832,9011.511883002233,444.30408410953555,inertial,0,TRUE,FALSE
ergun_comb_phi0.150_d10_Re1.5e+04,,,2416276.268924833,245.64424949687813,0.1666567055,1.0,10,0.15,400.436249356867,14739.535907655281,442.91931076576,inertial,0,TRUE,FALSE
ergun_comb_phi0.150_d10_Re2.4e+04,,,6804229.4724523695,385.7035519822634,0.1666567055,1.0,10,0.15,457.37421285021315,23143.59634225839,442.12821357064314,inertial,0,TRUE,FALSE
ergun_comb_phi0.150_d10_Re3.8e+04,,,18102355.847399987,618.8415307285326,0.1666567055,1.0,10,0.15,472.689760242744,37132.711154459525,441.60550687584845,inertial,0,TRUE,FALSE
ergun_comb_phi0.150_d10_Re6.0e+04,,,46824445.88194582,1034.0555989515738,0.1666567055,1.0,10,0.15,437.9100030049412,62047.04430279126,441.25826919792894,inertial,0,TRUE,FALSE
ergun_comb_phi0.150_d10_Re9.6e+04,,,104746670.3840352,1580.2333258325841,0.1666567055,1.0,10,0.15,419.4669940512685,94819.66663697094,441.0793952862588,inertial,0,TRUE,FALSE
ergun_comb_phi0.150_d10_Re1.5e+05,,,257449493.5024932,2506.9387430727425,0.1666567055,1.0,10,0.15,409.6421128747247,150425.3150541694,440.9542095381938,inertial,0,TRUE,FALSE
ergun_comb_phi0.150_d10_Re2.5e+05,,,858103246.1719267,4239.7981472658985,0.1666567055,1.0,10,0.15,477.3634718017643,254403.0937456578,440.8669621268031,inertial,0,TRUE,FALSE
ergun_comb_phi0.150_d10_Re3.9e+05,,,1644225323.2484822,6290.383397115751,0.1666567055,1.0,10,0.15,415.5345121475576,377445.5626158859,440.82581555494323,inertial,0,TRUE,FALSE
ergun_comb_phi0.150_d10_Re6.3e+05,,,4112342591.2299995,9894.442149591197,0.1666567055,1.0,10,0.15,420.05548542831804,593702.0127636687,440.79482698336886,inertial,0,TRUE,FALSE
ergun_comb_phi0.150_d10_Re1.0e+06,,,9596554723.47823,15182.764104098558,0.1666567055,1.0,10,0.15,416.3069443554226,911020.2951958965,440.7759881565014,inertial,0,TRUE,FALSE
ergun_comb_phi0.214_d6_Re1.0e-06,,,1.2499583009866763e-06,2.8878114766739507e-08,0.1666567055,1.0,6,0.21363636363636362,8993093306.070307,1.0396742698147063e-06,9149877569.017696,viscous,0,TRUE,FALSE
ergun_comb_phi0.214_d6_Re1.6e-06,,,1.9561882915708926e-06,4.55193035840516e-08,0.1666567055,1.0,6,0.21363636363636362,5664618776.07213,1.6387928747596033e-06,5804816771.866141,viscous,0,TRUE,FALSE
ergun_comb_phi0.214_d6_Re2.6e-06,,,3.3231465235605193e-06,7.471204874459644e-08,0.1666567055,1.0,6,0.21363636363636362,3572065792.8242087,2.689794515754295e-06,3536661428.0887246,viscous,0,TRUE,FALSE
ergun_comb_phi0.214_d6_Re4.1e-06,,,5.5991494835356276e-06,1.1190873559557408e-07,0.1666567055,1.0,6,0.21363636363636362,2682534615.8210874,4.028955280010887e-06,2361131370.594434,viscous,0,TRUE,FALSE
ergun_comb_phi0.214_d6_Re6.5e-06,,,7.418528189188411e-06,1.790619764800105e-07,0.1666567055,1.0,6,0.21363636363636362,1388232648.172314,6.446616448205637e-06,1475641232.8860023,viscous,0,TRUE,FALSE
ergun_comb_phi0.214_d6_Re1.0e-05,,,1.2771472885671774e-05,2.9057038345253625e-07,0.1666567055,1.0,6,0.21363636363636362,907589667.6215664,1.0461159036383431e-05,909353693.7046832,viscous,0,TRUE,FALSE
ergun_comb_phi0.214_d6_Re1.7e-05,,,2.0031959760733245e-05,4.76325126107129e-07,0.1666567055,1.0,6,0.21363636363636362,529746025.8281123,1.7148729467970755e-05,554728825.3504628,viscous,0,TRUE,FALSE
ergun_comb_phi0.214_d6_Re2.7e-05,,,3.4692461581348805e-05,7.548920978285624e-07,0.1666567055,1.0,6,0.21363636363636362,365272189.58033335,2.717773985380609e-05,350025278.7994947,viscous,0,TRUE,FALSE
ergun_comb_phi0.214_d6_Re4.2e-05,,,5.122346217674553e-05,1.1536949692003692e-06,0.1666567055,1.0,6,0.21363636363636362,230907575.691049,4.1535501343522084e-05,229030532.63231117,viscous,0,TRUE,FALSE
ergun_comb_phi0.214_d6_Re6.8e-05,,,9.080884486351395e-05,1.8338182346222922e-06,0.1666567055,1.0,6,0.21363636363636362,162019328.53518584,6.602140234755662e-05,144088145.865267,viscous,0,TRUE,FALSE
ergun_comb_phi0.214_d6_Re1.1e-04,,,0.00012658751916266118,2.940327659185975e-06,0.1666567055,1.0,6,0.21363636363636362,87851803.31066197,0.00010585812255310574,89864687.23061936,viscous,0,TRUE,FALSE
ergun_comb_phi0.214_d6_Re1.7e-04,,,0.00020109027317146108,4.645934155031799e-06,0.1666567055,1.0,6,0.21363636363636362,55897992.82698085,0.00016726362642630537,56873786.27257426,viscous,0,TRUE,FALSE
ergun_comb_phi0.214_d6_Re2.8e-04,,,0.0003505741748838982,7.660779289516314e-06,0.1666567055,1.0,6,0.21363636363636362,35841425.17439696,0.0002758045384324358,34491568.244589135,viscous,0,TRUE,FALSE
ergun_comb_phi0.214_d6_Re4.4e-04,,,0.0005243086591909175,1.2016705260093886e-05,0.1666567055,1.0,6,0.21363636363636362,21785496.516017772,0.0004326272461960033,21988798.15450763,viscous,0,TRUE,FALSE
ergun_comb_phi0.214_d6_Re7.0e-04,,,0.0007916703186809423,1.873587428271572e-05,0.1666567055,1.0,6,0.21363636363636362,13531554.335903723,0.0006745317889191942,14103097.126497222,viscous,0,TRUE,FALSE
ergun_comb_phi0.214_d6_Re1.1e-03,,,0.00157352990269886,3.39175098720192e-05,0.1666567055,1.0,6,0.21363636363636362,8206884.675798662,0.001221103337075838,7790548.257290724,viscous,0,TRUE,FALSE
ergun_comb_phi0.214_d6_Re1.8e-03,,,0.002006923135779086,4.872230045837439e-05,0.1666567055,1.0,6,0.21363636363636362,5072550.9587851,0.00175410765425365,5423349.973608105,viscous,0,TRUE,FALSE
ergun_comb_phi0.214_d6_Re2.9e-03,,,0.003403829158356757,7.737273583611084e-05,0.1666567055,1.0,6,0.21363636363636362,3411482.1073043244,0.00278558497615726,3415184.013335715,viscous,0,TRUE,FALSE
ergun_comb_phi0.214_d6_Re4.6e-03,,,0.005405548681807826,0.0001273916473676897,0.1666567055,1.0,6,0.21363636363636362,1998522.8855070518,0.004586373419016964,2074305.461892752,viscous,0,TRUE,FALSE
ergun_comb_phi0.214_d6_Re7.3e-03,,,0.009248696805988553,0.0001955760884360056,0.1666567055,1.0,6,0.21363636363636362,1450775.7280390987,0.007041160012706681,1351181.6055096616,viscous,0,TRUE,FALSE
ergun_comb_phi0.214_d6_Re1.2e-02,,,0.01422750181389952,0.00032911910028587244,0.1666567055,1.0,6,0.21363636363636362,788086.2055423495,0.011848995789222744,802984.8786906905,viscous,0,TRUE,FALSE
ergun_comb_phi0.214_d6_Re1.9e-02,,,0.02210226481674595,0.0005152085057319111,0.1666567055,1.0,6,0.21363636363636362,499599.4824927349,0.018548614801409635,513003.80657323194,viscous,0,TRUE,FALSE
ergun_comb_phi0.214_d6_Re3.0e-02,,,0.03361359188386517,0.000758568078496313,0.1666567055,1.0,6,0.21363636363636362,350491.1424482255,0.02731008306760197,348470.06980906246,viscous,0,TRUE,FALSE
ergun_comb_phi0.214_d6_Re4.8e-02,,,0.05370895466867279,0.001281414688203642,0.1666567055,1.0,6,0.21363636363636362,196254.01693069874,0.0461336860473451,206343.8681207954,viscous,0,TRUE,FALSE
ergun_comb_phi0.214_d6_Re7.6e-02,,,0.09482020783753801,0.002073411969351078,0.1666567055,1.0,6,0.21363636363636362,132336.89806951504,0.07464729234136017,127579.00802596749,viscous,0,TRUE,FALSE
ergun_comb_phi0.214_d6_Re1.2e-01,,,0.13384741061425803,0.0032596175886680026,0.1666567055,1.0,6,0.21363636363636362,75583.66018916616,0.11735324704356415,81203.16284845526,viscous,0,TRUE,FALSE
ergun_comb_phi0.214_d6_Re1.9e-01,,,0.25213362880228224,0.005497226886940348,0.1666567055,1.0,6,0.21363636363636362,50060.444424308094,0.1979119965361495,48207.40878924897,viscous,0,TRUE,FALSE
ergun_comb_phi0.214_d6_Re3.1e-01,,,0.3807899986351866,0.008369570600855535,0.1666567055,1.0,6,0.21363636363636362,32615.97978330368,0.3013225507756915,31711.597376370628,viscous,0,TRUE,FALSE
ergun_comb_phi0.214_d6_Re5.0e-01,,,0.6142072534258266,0.013639145599688532,0.1666567055,1.0,6,0.21363636363636362,19810.336846877926,0.4910385894921653,19514.138529074608,viscous,0,TRUE,FALSE
ergun_comb_phi0.214_d6_Re7.9e-01,,,0.982535118889024,0.021161565061000667,0.1666567055,1.0,6,0.21363636363636362,13164.481689937767,0.7618618763947904,12627.509142823013,viscous,0,TRUE,FALSE
ergun_comb_phi0.214_d6_Re1.3e+00,,,1.6868322868461207,0.03639515044599065,0.1666567055,1.0,6,0.21363636363636362,7640.75224165319,1.3103037289786332,7401.201837526535,viscous,0,TRUE,FALSE
ergun_comb_phi0.214_d6_Re2.0e+00,,,2.142789439907735,0.057020471831010285,0.1666567055,1.0,6,0.21363636363636362,3954.295626847641,2.052859679180816,4775.106351674512,viscous,0,TRUE,FALSE
ergun_comb_phi0.214_d6_Re3.2e+00,,,4.161721786171303,0.09026966278714693,0.1666567055,1.0,6,0.21363636363636362,3064.366134581425,3.249902097235935,3068.2673040553373,viscous,0,TRUE,FALSE
ergun_comb_phi0.214_d6_Re5.2e+00,,,6.540407613816139,0.14243611420559885,0.1666567055,1.0,6,0.21363636363636362,1934.2643675161648,5.12800659697184,1996.2211769997414,viscous,0,TRUE,FALSE
ergun_comb_phi0.214_d6_Re8.2e+00,,,11.548459869223697,0.22890069977311164,0.1666567055,1.0,6,0.21363636363636362,1322.455536640775,8.240917726761793,1295.48402946098,viscous,0,TRUE,FALSE
ergun_comb_phi0.214_d6_Re1.3e+01,,,18.597249198550113,0.36214188472845343,0.1666567055,1.0,6,0.21363636363636362,850.8293169464137,13.037887085621769,870.7698869083019,viscous,0,TRUE,FALSE
ergun_comb_phi0.214_d6_Re2.1e+01,,,33.35499545332889,0.6049614474263406,0.1666567055,1.0,6,0.21363636363636362,546.8355468277482,21.77991382745799,577.9090289522255,viscous,0,TRUE,FALSE
ergun_comb_phi0.214_d6_Re3.4e+01,,,64.57221206823293,0.9605434001467006,0.1666567055,1.0,6,0.21363636363636362,419.91649052126303,34.58162924551634,416.22052843477536,viscous,0,TRUE,FALSE
ergun_comb_phi0.214_d6_Re5.4e+01,,,111.9169275402341,1.4521314660492168,0.1666567055,1.0,6,0.21363636363636362,318.4455298803982,52.27985738800832,323.09633657591957,viscous,0,TRUE,FALSE
ergun_comb_phi0.214_d6_Re8.6e+01,,,235.28147964995537,2.3114712041678023,0.1666567055,1.0,6,0.21363636363636362,264.21776720090145,83.21793703648375,255.448395060458,inertial,0,TRUE,FALSE
ergun_comb_phi0.214_d6_Re1.4e+02,,,500.7660660133933,3.8352838950377666,0.1666567055,1.0,6,0.21363636363636362,204.26365956988127,138.0784727574409,210.03021828923494,inertial,0,TRUE,FALSE
ergun_comb_phi0.214_d6_Re2.2e+02,,,1083.7593548624907,5.865350545853027,0.1666567055,1.0,6,0.21363636363636362,189.01495338267281,211.16524036362978,186.1849111195814,inertial,0,TRUE,FALSE
ergun_comb_phi0.214_d6_Re3.5e+02,,,2759.3922768720913,9.965934808085718,0.1666567055,1.0,6,0.21363636363636362,166.69731741635263,358.79509719766,167.64883347870992,inertial,0,TRUE,FALSE
ergun_comb_phi0.214_d6_Re5.6e+02,,,6340.499040857426,15.66335890493192,0.1666567055,1.0,6,0.21363636363636362,155.06182565541957,563.9146240628855,158.00477753188943,inertial,0,TRUE,FALSE
ergun_comb_phi0.214_d6_Re8.9e+02,,,15283.674920153046,24.75736572949937,0.1666567055,1.0,6,0.21363636363636362,149.61329147245465,891.3184376910428,151.80822610441228,inertial,0,TRUE,FALSE
ergun_comb_phi0.214_d6_Re1.4e+03,,,36203.13513024169,39.814836924715216,0.1666567055,1.0,6,0.21363636363636362,137.02744159020978,1433.4198004909638,147.77189502711147,inertial,0,TRUE,FALSE
ergun_comb_phi0.214_d6_Re2.3e+03,,,98845.27402952996,64.26829774767934,0.1666567055,1.0,6,0.21363636363636362,143.5864856358888,2313.797007622211,145.2467710358442,inertial,0,TRUE,FALSE
ergun_comb_phi0.214_d6_Re3.6e+03,,,243973.4312763632,101.7807908383598,0.1666567055,1.0,6,0.21363636363636362,141.30650097524907,3664.3274760412137,143.731475217753,inertial,0,TRUE,FALSE
ergun_comb_phi0.214_d6_Re5.8e+03,,,594685.4208687374,162.38927365987854,0.1666567055,1.0,6,0.21363636363636362,135.30812108982752,5846.363271349266,142.76254083608077,inertial,0,TRUE,FALSE
ergun_comb_phi0.214_d6_Re9.2e+03,,,1541945.574622222,266.23584868779113,0.1666567055,1.0,6,0.21363636363636362,130.52305477590892,9585.063423246098,142.12786433367933,inertial,0,TRUE,FALSE
ergun_comb_phi0.214_d6_Re1.5e+04,,,3783445.180948107,397.7617309748334,0.1666567055,1.0,6,0.21363636363636362,143.48044082240196,14320.278195160892,141.79968909613706,inertial,0,TRUE,FALSE
ergun_comb_phi0.214_d6_Re2.4e+04,,,11218473.124329062,684.876126658526,0.1666567055,1.0,6,0.21363636363636362,143.5029888236295,24657.01423547675,141.52120265340213,inertial,0,TRUE,FALSE
ergun_comb_phi0.214_d6_Re3.8e+04,,,23699897.62714937,1039.232620105714,0.1666567055,1.0,6,0.21363636363636362,131.66555679636167,37414.61048283043,141.38964996986013,inertial,0,TRUE,FALSE
ergun_comb_phi0.214_d6_Re6.0e+04,,,65046310.10881552,1662.8016505597313,0.1666567055,1.0,6,0.21363636363636362,141.1539454638621,59864.437337976706,141.29430112521598,inertial,0,TRUE,FALSE
ergun_comb_phi0.214_d6_Re9.6e+04,,,191769815.78019556,2810.273113736195,0.1666567055,1.0,6,0.21363636363636362,145.6915770987092,101175.87907326758,141.22941721231115,inertial,0,TRUE,FALSE
ergun_comb_phi0.214_d6_Re1.5e+05,,,432588466.40547204,4075.5846887839775,0.1666567055,1.0,6,0.21363636363636362,156.2594684193718,146729.81839727933,141.2002266040433,inertial,0,TRUE,FALSE
ergun_comb_phi0.214_d6_Re2.5e+05,,,1021454982.420911,6735.278095416238,0.1666567055,1.0,6,0.21363636363636362,135.10126552794543,242484.5040063355,141.17462481959268,inertial,0,TRUE,FALSE
ergun_comb_phi0.214_d6_Re3.9e+05,,,3038714560.785053,11379.078701269164,0.1666567055,1.0,6,0.21363636363636362,140.80787843253194,409671.31807135703,141.1586146827176,inertial,0,TRUE,FALSE
ergun_comb_phi0.214_d6_Re6.3e+05,,,7035137781.192843,17198.670803434732,0.1666567055,1.0,6,0.21363636363636362,142.70332427484345,619189.1560019371,141.15075735847645,inertial,0,TRUE,FALSE
ergun_comb_phi0.214_d6_Re1.0e+06,,,20065138691.375153,28489.14778115887,0.1666567055,1.0,6,0.21363636363636362,148.3318797048074,1025670.6213777472,141.1446686937251,inertial,0,TRUE,FALSE
ergun_comb_phi0.214_d10_Re1.0e-06,,,2.801801429664436e-07,1.5992100410472825e-08,0.1666567055,1.0,10,0.21363636363636362,10955352012.111917,9.595833760480057e-07,9913565101.906128,viscous,0,TRUE,FALSE
ergun_comb_phi0.214_d10_Re1.6e-06,,,4.2603988089039363e-07,2.7387294114903067e-08,0.1666567055,1.0,10,0.21363636363636362,5680047964.643156,1.6433358641487765e-06,5788769400.823604,viscous,0,TRUE,FALSE
ergun_comb_phi0.214_d10_Re2.6e-06,,,6.266568810747971e-07,4.148931549011322e-08,0.1666567055,1.0,10,0.21363636363636362,3640468465.5105543,2.4895077198146837e-06,3821194210.15227,viscous,0,TRUE,FALSE
ergun_comb_phi0.214_d10_Re4.1e-06,,,1.0463179048471716e-06,6.81710151347115e-08,0.1666567055,1.0,10,0.21363636363636362,2251459477.9510965,4.090505385318054e-06,2325603272.6877875,viscous,0,TRUE,FALSE
ergun_comb_phi0.214_d10_Re6.5e-06,,,1.750524806072088e-06,1.0602705487307736e-07,0.1666567055,1.0,10,0.21363636363636362,1557165858.7485204,6.362003530249634e-06,1495266858.3725543,viscous,0,TRUE,FALSE
ergun_comb_phi0.214_d10_Re1.0e-05,,,2.7232609519994008e-06,1.7519505045326557e-07,0.1666567055,1.0,10,0.21363636363636362,887249154.0409845,1.0512331317701798e-05,904927111.7787906,viscous,0,TRUE,FALSE
ergun_comb_phi0.214_d10_Re1.7e-05,,,4.803478923774445e-06,2.8296203215093365e-07,0.1666567055,1.0,10,0.21363636363636362,599928588.4433011,1.69787366972122e-05,560282823.1378512,viscous,0,TRUE,FALSE
ergun_comb_phi0.214_d10_Re2.7e-05,,,6.581529131661956e-06,4.2785005745972756e-07,0.1666567055,1.0,10,0.21363636363636362,359537023.44651085,2.567253781815143e-05,370547540.89427674,viscous,0,TRUE,FALSE
ergun_comb_phi0.214_d10_Re4.2e-05,,,1.1939054699023882e-05,7.264783902398912e-07,0.1666567055,1.0,10,0.21363636363636362,226216636.73578057,4.35913087361427e-05,218229242.52138206,viscous,0,TRUE,FALSE
ergun_comb_phi0.214_d10_Re6.8e-05,,,1.9083689772228796e-05,1.1357556051514878e-06,0.1666567055,1.0,10,0.21363636363636362,147942369.53842485,6.814940939484057e-05,139588909.6691355,viscous,0,TRUE,FALSE
ergun_comb_phi0.214_d10_Re1.1e-04,,,2.567792558700838e-05,1.7439858903740332e-06,0.1666567055,1.0,10,0.21363636363636362,84425570.10831848,0.00010464540776452787,90906109.55718473,viscous,0,TRUE,FALSE
ergun_comb_phi0.214_d10_Re1.7e-04,,,4.473205056449457e-05,2.8042798218981823e-06,0.1666567055,1.0,10,0.21363636363636362,56882164.38240824,0.0001682668461184829,56534701.28890873,viscous,0,TRUE,FALSE
ergun_comb_phi0.214_d10_Re2.8e-04,,,6.94521937240562e-05,4.4887836690081375e-06,0.1666567055,1.0,10,0.21363636363636362,34468994.65225776,0.00026934311797062,35319002.09387312,viscous,0,TRUE,FALSE
ergun_comb_phi0.214_d10_Re4.4e-04,,,0.00010961074966268425,7.131608169826449e-06,0.1666567055,1.0,10,0.21363636363636362,21551534.619247206,0.00042792206580769405,22230572.54764698,viscous,0,TRUE,FALSE
ergun_comb_phi0.214_d10_Re7.0e-04,,,0.00018378429864732788,1.138123034532433e-05,0.1666567055,1.0,10,0.21363636363636362,14188287.465227645,0.0006829146364785382,13929981.887938013,viscous,0,TRUE,FALSE
ergun_comb_phi0.214_d10_Re1.1e-03,,,0.00029698655330317526,1.9187869413103493e-05,0.1666567055,1.0,10,0.21363636363636362,8066465.448428983,0.001151340976982381,8262586.68706748,viscous,0,TRUE,FALSE
ergun_comb_phi0.214_d10_Re1.8e-03,,,0.0004580253865233512,2.974127952625163e-05,0.1666567055,1.0,10,0.21363636363636362,5178097.842470342,0.001784583430773005,5330736.483131162,viscous,0,TRUE,FALSE
ergun_comb_phi0.214_d10_Re2.9e-03,,,0.0007734984807917287,4.857037931496734e-05,0.1666567055,1.0,10,0.21363636363636362,3278811.689510173,0.002914396943660172,3264244.2475047694,viscous,0,TRUE,FALSE
ergun_comb_phi0.214_d10_Re4.6e-03,,,0.001202231783060503,8.009580080708222e-05,0.1666567055,1.0,10,0.21363636363636362,1873996.2149180167,0.004806035290736155,1979504.9057898594,viscous,0,TRUE,FALSE
ergun_comb_phi0.214_d10_Re7.3e-03,,,0.0019988340501754212,0.00012329701345244846,0.1666567055,1.0,10,0.21363636363636362,1314836.1162898985,0.007398262979130381,1285968.9250469941,viscous,0,TRUE,FALSE
ergun_comb_phi0.214_d10_Re1.2e-02,,,0.003146331200654315,0.00019271844696508794,0.1666567055,1.0,10,0.21363636363636362,847145.2158682703,0.011563797951417439,822785.4062202898,viscous,0,TRUE,FALSE
ergun_comb_phi0.214_d10_Re1.9e-02,,,0.005254443887904083,0.0002980347877849356,0.1666567055,1.0,10,0.21363636363636362,591551.8806642425,0.017883156089686148,532088.1857925636,viscous,0,TRUE,FALSE
ergun_comb_phi0.214_d10_Re3.0e-02,,,0.007928792655808297,0.0004774344890930564,0.1666567055,1.0,10,0.21363636363636362,347839.96907136345,0.02864778153754254,332204.96802473866,viscous,0,TRUE,FALSE
ergun_comb_phi0.214_d10_Re4.8e-02,,,0.012900458473350676,0.0007676830862843554,0.1666567055,1.0,10,0.21363636363636362,218897.70110234435,0.04606373826850642,206656.98693587372,viscous,0,TRUE,FALSE
ergun_comb_phi0.214_d10_Re7.6e-02,,,0.020055128382161422,0.001253619005022528,0.1666567055,1.0,10,0.21363636363636362,127612.82166078765,0.07522163607287485,126605.97490511261,viscous,0,TRUE,FALSE
ergun_comb_phi0.214_d10_Re1.2e-01,,,0.0340474645187364,0.0020289136409471133,0.1666567055,1.0,10,0.21363636363636362,82709.92973857342,0.12174209461659576,78280.84675409683,viscous,0,TRUE,FALSE
ergun_comb_phi0.214_d10_Re1.9e-01,,,0.04392481819156472,0.0032045643509271125,0.1666567055,1.0,10,0.21363636363636362,42773.22324227035,0.19228535337434186,49613.921369471595,viscous,0,TRUE,FALSE
ergun_comb_phi0.214_d10_Re3.1e-01,,,0.081193060310472,0.005051792873737658,0.1666567055,1.0,10,0.21363636363636362,31814.700498210765,0.3031256893373341,31523.80096250044,viscous,0,TRUE,FALSE
ergun_comb_phi0.214_d10_Re5.0e-01,,,0.1352039913053363,0.0081470289447636,0.1666567055,1.0,10,0.21363636363636362,20369.998353048726,0.48885095384077415,19600.833813189456,viscous,0,TRUE,FALSE
ergun_comb_phi0.214_d10_Re7.9e-01,,,0.21652459059433227,0.013594286061973302,0.1666567055,1.0,10,0.21363636363636362,11716.406124980434,0.8157059160138804,11803.294447750492,viscous,0,TRUE,FALSE
ergun_comb_phi0.214_d10_Re1.3e+00,,,0.34835329974052953,0.02014231411319669,0.1666567055,1.0,10,0.21363636363636362,8586.203945926954,1.2086110818503304,8012.064493071867,viscous,0,TRUE,FALSE
ergun_comb_phi0.214_d10_Re2.0e+00,,,0.5596162627863432,0.034755093634189306,0.1666567055,1.0,10,0.21363636363636362,4632.905066337441,2.085430257961586,4702.732262168493,viscous,0,TRUE,FALSE
ergun_comb_phi0.214_d10_Re3.2e+00,,,0.9373753394632885,0.05724873692835732,0.1666567055,1.0,10,0.21363636363636362,2860.1032087312046,3.435129523087646,2910.4318846907995,viscous,0,TRUE,FALSE
ergun_comb_phi0.214_d10_Re5.2e+00,,,1.4014177062013555,0.08296059430467123,0.1666567055,1.0,10,0.21363636363636362,2036.2162133502245,4.977933174412309,2052.1478162008484,viscous,0,TRUE,FALSE
ergun_comb_phi0.214_d10_Re8.2e+00,,,2.4124878717990854,0.14161848584879833,0.1666567055,1.0,10,0.21363636363636362,1202.888146569145,8.497617028004813,1260.6130194866598,viscous,0,TRUE,FALSE
ergun_comb_phi0.214_d10_Re1.3e+01,,,4.247802592905368,0.23221434713317773,0.1666567055,1.0,10,0.21363636363636362,787.7460393780583,13.933693603056236,823.8611954436026,viscous,0,TRUE,FALSE
ergun_comb_phi0.214_d10_Re2.1e+01,,,7.744254954819378,0.35999104744602467,0.1666567055,1.0,10,0.21363636363636362,597.5802577650277,21.60075385901737,581.5316965305841,viscous,0,TRUE,FALSE
ergun_comb_phi0.214_d10_Re3.4e+01,,,13.916306291378396,0.5562106974151881,0.1666567055,1.0,10,0.21363636363636362,449.8267770277508,33.37463654681378,426.16897381932927,viscous,0,TRUE,FALSE
ergun_comb_phi0.214_d10_Re5.4e+01,,,25.47588219209603,0.8532881639801685,0.1666567055,1.0,10,0.21363636363636362,349.8950421884872,51.20034993012438,326.9327985325168,viscous,0,TRUE,FALSE
ergun_comb_phi0.214_d10_Re8.6e+01,,,49.76912763915475,1.4229723244435204,0.1666567055,1.0,10,0.21363636363636362,245.7916479503302,85.38344257882383,252.54917443739254,inertial,0,TRUE,FALSE
ergun_comb_phi0.214_d10_Re1.4e+02,,,119.65833002960122,2.329039624504844,0.1666567055,1.0,10,0.21363636363636362,220.591707693303,139.7507299521677,209.20582284015256,inertial,0,TRUE,FALSE
ergun_comb_phi0.214_d10_Re2.2e+02,,,281.3564315106318,3.7225057772558197,0.1666567055,1.0,10,0.21363636363636362,203.04209517983244,223.36369641339272,183.72464311366335,inertial,0,TRUE,FALSE
ergun_comb_phi0.214_d10_Re3.5e+02,,,643.5322727041446,6.00172752557397,0.1666567055,1.0,10,0.21363636363636362,178.65607218517835,360.1251751357805,167.55090935817236,inertial,0,TRUE,FALSE
ergun_comb_phi0.214_d10_Re5.6e+02,,,1328.7305181575964,9.131701493011306,0.1666567055,1.0,10,0.21363636363636362,159.3431862869264,547.9348380021412,158.49675052366436,inertial,0,TRUE,FALSE
ergun_comb_phi0.214_d10_Re8.9e+02,,,3444.134077841988,15.076840541938813,0.1666567055,1.0,10,0.21363636363636362,151.51630359421034,904.6645015995958,151.65077513717907,inertial,0,TRUE,FALSE
ergun_comb_phi0.214_d10_Re1.4e+03,,,8618.474266845471,23.89434449233196,0.1666567055,1.0,10,0.21363636363636362,150.95244359770447,1433.746360258631,147.7703834527291,inertial,0,TRUE,FALSE
ergun_comb_phi0.214_d10_Re2.3e+03,,,21743.804427316736,38.79310214848448,0.1666567055,1.0,10,0.21363636363636362,144.48624789160513,2327.7252500640893,145.22217008363367,inertial,0,TRUE,FALSE
ergun_comb_phi0.214_d10_Re3.6e+03,,,49306.97922894393,59.78432775600836,0.1666567055,1.0,10,0.21363636363636362,137.95380898354188,3587.2740659696024,143.7872381495308,inertial,0,TRUE,FALSE
ergun_comb_phi0.214_d10_Re5.8e+03,,,133687.20321742623,93.95424866190152,0.1666567055,1.0,10,0.21363636363636362,151.44571501395117,5637.591861666888,142.82279737286285,inertial,0,TRUE,FALSE
ergun_comb_phi0.214_d10_Re9.2e+03,,,349568.3919306736,153.75288401963576,0.1666567055,1.0,10,0.21363636363636362,147.8718870495968,9225.724435050455,142.16652073697946,inertial,0,TRUE,FALSE
ergun_comb_phi0.214_d10_Re1.5e+04,,,721816.269867182,236.81607509729034,0.1666567055,1.0,10,0.21363636363636362,128.70763460753162,14209.813783777834,141.8048532017248,inertial,0,TRUE,FALSE
ergun_comb_phi0.214_d10_Re2.4e+04,,,2177129.5965815713,381.0971599707028,0.1666567055,1.0,10,0.21363636363636362,149.90387420052687,22867.196301963548,141.55139994701835,inertial,0,TRUE,FALSE
ergun_comb_phi0.214_d10_Re3.8e+04,,,6048073.759911085,648.649044906528,0.1666567055,1.0,10,0.21363636363636362,143.7465774495206,38921.26890187014,141.3798076118944,inertial,0,TRUE,FALSE
ergun_comb_phi0.214_d10_Re6.0e+04,,,13469710.777520012,979.5632133809304,0.1666567055,1.0,10,0.21363636363636362,140.37615292309127,58777.30574608835,141.29724023703355,inertial,0,TRUE,FALSE
ergun_comb_phi0.214_d10_Re9.6e+04,,,35030010.91397062,1588.525416005594,0.1666567055,1.0,10,0.21363636363636362,138.81996705062178,95317.22178473005,141.23519634018845,inertial,0,TRUE,FALSE
ergun_comb_phi0.214_d10_Re1.5e+05,,,76284497.96648633,2374.719406019012,0.1666567055,1.0,10,0.21363636363636362,135.27317699738276,142491.6806614188,141.20215492690508,inertial,0,TRUE,FALSE
ergun_comb_phi0.214_d10_Re2.5e+05,,,251789445.41089863,4066.0845375365543,0.1666567055,1.0,10,0.21363636363636362,152.29467334474884,243979.65418418488,141.17438440557427,inertial,0,TRUE,FALSE
ergun_comb_phi0.214_d10_Re3.9e+05,,,652236374.0574348,6563.529266027499,0.1666567055,1.0,10,0.21363636363636362,151.40149474937206,393835.29431568534,141.15954838522273,inertial,0,TRUE,FALSE
ergun_comb_phi0.214_d10_Re6.3e+05,,,1481845844.6855273,10311.062509388938,0.1666567055,1.0,10,0.21363636363636362,139.3786286702195,618700.7284497735,141.15076948702296,inertial,0,TRUE,FALSE
ergun_comb_phi0.214_d10_Re1.0e+06,,,3175160465.940475,14825.790952468433,0.1666567055,1.0,10,0.21363636363636362,144.4541204142085,889600.6259087147,141.14608733289455,inertial,0,TRUE,FALSE
ergun_comb_phi0.277_d6_Re1.0e-06,,,5.247326461043742e-07,2.823576513525202e-08,0.1666567055,1.0,6,0.2772727272727272,3949028002.9715614,1.0165483009113734e-06,3615685701.6345577,viscous,0,TRUE,FALSE
ergun_comb_phi0.277_d6_Re1.6e-06,,,7.474858208565489e-07,4.372395526074876e-08,0.1666567055,1.0,6,0.2772727272727272,2345931499.922912,1.574156471996817e-06,2334913495.0021358,viscous,0,TRUE,FALSE
ergun_comb_phi0.277_d6_Re2.6e-06,,,1.1131556398792813e-06,6.938394610994822e-08,0.1666567055,1.0,6,0.2772727272727272,1387359937.3867292,2.497971356212183e-06,1471401677.758132,viscous,0,TRUE,FALSE
ergun_comb_phi0.277_d6_Re4.1e-06,,,1.853094312554666e-06,1.1080262973744496e-07,0.1666567055,1.0,6,0.2772727272727272,905625490.0343914,3.9891330890653525e-06,921382979.9440343,viscous,0,TRUE,FALSE
ergun_comb_phi0.277_d6_Re6.5e-06,,,3.204628484788015e-06,1.88317483359113e-07,0.1666567055,1.0,6,0.2772727272727272,542185196.4262613,6.779834611303281e-06,542125244.8322667,viscous,0,TRUE,FALSE
ergun_comb_phi0.277_d6_Re1.0e-05,,,4.833266043716278e-06,2.820465664121409e-07,0.1666567055,1.0,6,0.2772727272727272,364544304.59159213,1.015428328188598e-05,361967417.7640367,viscous,0,TRUE,FALSE
ergun_comb_phi0.277_d6_Re1.7e-05,,,7.638360051267447e-06,4.6434976083988534e-07,0.1666567055,1.0,6,0.2772727272727272,212549909.28177413,1.6717590550470304e-05,219859439.4992748,viscous,0,TRUE,FALSE
ergun_comb_phi0.277_d6_Re2.7e-05,,,1.1806727766137562e-05,7.625974648801661e-07,0.1666567055,1.0,6,0.2772727272727272,121812003.29618125,2.745514964761497e-05,133873636.54774025,viscous,0,TRUE,FALSE
ergun_comb_phi0.277_d6_Re4.2e-05,,,2.0572588763277385e-05,1.1695207953408278e-06,0.1666567055,1.0,6,0.2772727272727272,90245238.7705489,4.210526513765128e-05,87293633.765214,viscous,0,TRUE,FALSE
ergun_comb_phi0.277_d6_Re6.8e-05,,,3.1291454975870315e-05,1.8061000341074373e-06,0.1666567055,1.0,6,0.2772727272727272,57556371.35082369,6.502348748664436e-05,56526081.51875376,viscous,0,TRUE,FALSE
ergun_comb_phi0.277_d6_Re1.1e-04,,,5.433827482239176e-05,3.1218694410781766e-06,0.1666567055,1.0,6,0.2772727272727272,33452426.346054006,0.00011239401733204824,32702147.78466831,viscous,0,TRUE,FALSE
ergun_comb_phi0.277_d6_Re1.7e-04,,,7.481116800412691e-05,4.559727232111989e-06,0.1666567055,1.0,6,0.2772727272727272,21589369.472592466,0.0001641599917062559,22389918.506302983,viscous,0,TRUE,FALSE
ergun_comb_phi0.277_d6_Re2.8e-04,,,0.0001373169771543574,7.950693013509778e-06,0.1666567055,1.0,6,0.2772727272727272,13033633.798759172,0.0002862420563153318,12840657.054449338,viscous,0,TRUE,FALSE
ergun_comb_phi0.277_d6_Re4.4e-04,,,0.0002128303212175457,1.2235194795580611e-05,0.1666567055,1.0,6,0.2772727272727272,8530273.869256197,0.0004404933396063303,8344156.202385615,viscous,0,TRUE,FALSE
ergun_comb_phi0.277_d6_Re7.0e-04,,,0.0003280828179247771,1.997669304770133e-05,0.1666567055,1.0,6,0.2772727272727272,4932732.265609949,0.0007192039343787939,5110597.415592829,viscous,0,TRUE,FALSE
ergun_comb_phi0.277_d6_Re1.1e-03,,,0.0005305001897401291,3.0955329063161455e-05,0.1666567055,1.0,6,0.2772727272727272,3321742.3529497758,0.0011144584541122394,3298090.840541723,viscous,0,TRUE,FALSE
ergun_comb_phi0.277_d6_Re1.8e-03,,,0.0008294213140367687,4.9070636919422113e-05,0.1666567055,1.0,6,0.2772727272727272,2066726.7079367905,0.0017666485163810746,2080563.2141949479,viscous,0,TRUE,FALSE
ergun_comb_phi0.277_d6_Re2.9e-03,,,0.0013429268507226247,8.283395866494076e-05,0.1666567055,1.0,6,0.2772727272727272,1174320.8552567125,0.0029822007491300405,1232544.8037496856,viscous,0,TRUE,FALSE
ergun_comb_phi0.277_d6_Re4.6e-03,,,0.002520421119640652,0.00013483128098587427,0.1666567055,1.0,6,0.2772727272727272,831846.2042096629,0.004854216237433336,757240.0833069015,viscous,0,TRUE,FALSE
ergun_comb_phi0.277_d6_Re7.3e-03,,,0.0032627187726591723,0.00019308751924909795,0.1666567055,1.0,6,0.2772727272727272,525076.3848096809,0.006951566167222642,528791.8521019256,viscous,0,TRUE,FALSE
ergun_comb_phi0.277_d6_Re1.2e-02,,,0.005374433369434033,0.0003280446987431025,0.1666567055,1.0,6,0.2772727272727272,299652.4863844752,0.0118103150218496,311271.9535775117,viscous,0,TRUE,FALSE
ergun_comb_phi0.277_d6_Re1.9e-02,,,0.008531278709763985,0.000507227238501214,0.1666567055,1.0,6,0.2772727272727272,198957.46817501934,0.018261272007487776,201333.32320380246,viscous,0,TRUE,FALSE
ergun_comb_phi0.277_d6_Re3.0e-02,,,0.014054897075977985,0.0008469903105599378,0.1666567055,1.0,6,0.2772727272727272,117549.83823379583,0.03049347368359941,120593.94681477263,viscous,0,TRUE,FALSE
ergun_comb_phi0.277_d6_Re4.8e-02,,,0.024150474458643403,0.0013977752135321154,0.1666567055,1.0,6,0.2772727272727272,74165.5544478853,0.050322915336837096,73098.00803348533,viscous,0,TRUE,FALSE
ergun_comb_phi0.277_d6_Re7.6e-02,,,0.03859506669566003,0.0021071285804812132,0.1666567055,1.0,6,0.2772727272727272,52155.602962522236,0.0758611628914462,48509.93540994517,viscous,0,TRUE,FALSE
ergun_comb_phi0.277_d6_Re1.2e-01,,,0.05974511096425203,0.0034401471427041395,0.1666567055,1.0,6,0.2772727272727272,30290.021741011748,0.12385269944163654,29735.86830018947,viscous,0,TRUE,FALSE
ergun_comb_phi0.277_d6_Re1.9e-01,,,0.09978551426937358,0.005339403747534981,0.1666567055,1.0,6,0.2772727272727272,21000.673664340848,0.19223002392309912,19179.753851468424,viscous,0,TRUE,FALSE
ergun_comb_phi0.277_d6_Re3.1e-01,,,0.14942319812580204,0.008826205905005336,0.1666567055,1.0,6,0.2772727272727272,11508.564821545093,0.31776240428580904,11626.21069731198,viscous,0,TRUE,FALSE
ergun_comb_phi0.277_d6_Re5.0e-01,,,0.22923183213627218,0.013123139020709017,0.1666567055,1.0,6,0.2772727272727272,7986.393722680609,0.47246124233659537,7838.846801912922,viscous,0,TRUE,FALSE
ergun_comb_phi0.277_d6_Re7.9e-01,,,0.3357220337962834,0.021236112940945236,0.1666567055,1.0,6,0.2772727272727272,4466.640947632619,0.764545760480495,4866.78696154996,viscous,0,TRUE,FALSE
ergun_comb_phi0.277_d6_Re1.3e+00,,,0.6128853665342106,0.034812037163441965,0.1666567055,1.0,6,0.2772727272727272,3034.391586575187,1.2533082443577512,2991.9860078412644,viscous,0,TRUE,FALSE
ergun_comb_phi0.277_d6_Re2.0e+00,,,1.0396859966835068,0.05827275129981326,0.1666567055,1.0,6,0.2772727272727272,1837.0560116979623,2.0979444346383023,1811.2943593320442,viscous,0,TRUE,FALSE
ergun_comb_phi0.277_d6_Re3.2e+00,,,1.5467857566156624,0.09175877631720819,0.1666567055,1.0,6,0.2772727272727272,1102.265433024374,3.3035133885041854,1171.9413905040353,viscous,0,TRUE,FALSE
ergun_comb_phi0.277_d6_Re5.2e+00,,,2.6512012071678015,0.1429691650088438,0.1666567055,1.0,6,0.2772727272727272,778.2321669868645,5.147197572875715,773.4138824018729,viscous,0,TRUE,FALSE
ergun_comb_phi0.277_d6_Re8.2e+00,,,4.56045133888783,0.2345091767441125,0.1666567055,1.0,6,0.2772727272727272,497.55304942868514,8.442834965705446,494.67409374696047,viscous,0,TRUE,FALSE
ergun_comb_phi0.277_d6_Re1.3e+01,,,7.552413223564536,0.37393130174113126,0.1666567055,1.0,6,0.2772727272727272,324.0808367857256,13.462331465845445,332.3547569020362,viscous,0,TRUE,FALSE
ergun_comb_phi0.277_d6_Re2.1e+01,,,13.744645831202932,0.5893444194263745,0.1666567055,1.0,6,0.2772727272727272,237.43593748507686,21.21766721566596,232.5614590559871,viscous,0,TRUE,FALSE
ergun_comb_phi0.277_d6_Re3.4e+01,,,23.42536725444172,0.8970407035623635,0.1666567055,1.0,6,0.2772727272727272,174.6680047040037,32.29539552714956,173.14166369755958,viscous,0,TRUE,FALSE
ergun_comb_phi0.277_d6_Re5.4e+01,,,42.3102014697157,1.473367721023209,0.1666567055,1.0,6,0.2772727272727272,116.94294909239412,53.04440826198412,128.6236371683338,viscous,0,TRUE,FALSE
ergun_comb_phi0.277_d6_Re8.6e+01,,,98.94143641544706,2.445467265296621,0.1666567055,1.0,6,0.2772727272727272,99.2671958536719,88.0420835618866,101.07957688269407,inertial,0,TRUE,FALSE
ergun_comb_phi0.277_d6_Re1.4e+02,,,194.59423015844888,3.6996369931058393,0.1666567055,1.0,6,0.2772727272727272,85.3027402690133,133.19489241094493,86.92732426203906,inertial,0,TRUE,FALSE
ergun_comb_phi0.277_d6_Re2.2e+02,,,506.8752083657833,6.087727184203186,0.1666567055,1.0,6,0.2772727272727272,82.06196972329465,219.17127784107743,76.10235541464756,inertial,0,TRUE,FALSE
ergun_comb_phi0.277_d6_Re3.5e+02,,,1107.9486048246793,9.635683070980422,0.1666567055,1.0,6,0.2772727272727272,71.59881773161548,346.9053240457974,69.9274437652428,inertial,0,TRUE,FALSE
ergun_comb_phi0.277_d6_Re5.6e+02,,,2920.3579437765825,16.118714098023965,0.1666567055,1.0,6,0.2772727272727272,67.44139603350831,580.3083908204569,65.66601310429628,inertial,0,TRUE,FALSE
ergun_comb_phi0.277_d6_Re8.9e+02,,,6708.581014192768,25.51210125237624,0.1666567055,1.0,6,0.2772727272727272,61.842844843279536,918.4905405096794,63.33397401425616,inertial,0,TRUE,FALSE
ergun_comb_phi0.277_d6_Re1.4e+03,,,16769.47099678229,40.38869202355736,0.1666567055,1.0,6,0.2772727272727272,61.680947345145874,1454.0798188365975,61.86000747989708,inertial,0,TRUE,FALSE
ergun_comb_phi0.277_d6_Re2.3e+03,,,40914.87596745794,65.10316037521982,0.1666567055,1.0,6,0.2772727272727272,57.91997240840781,2343.853858621482,60.900430904768406,inertial,0,TRUE,FALSE
ergun_comb_phi0.277_d6_Re3.6e+03,,,103727.76631267821,98.3641508040378,0.1666567055,1.0,6,0.2772727272727272,64.32393172673052,3541.3210830825333,60.37017381460184,inertial,0,TRUE,FALSE
ergun_comb_phi0.277_d6_Re5.8e+03,,,250986.88951984825,159.89270903893922,0.1666567055,1.0,6,0.2772727272727272,58.904024111271525,5756.481573035988,59.97077988810169,inertial,0,TRUE,FALSE
ergun_comb_phi0.277_d6_Re9.2e+03,,,637716.6031640865,257.50396173100455,0.1666567055,1.0,6,0.2772727272727272,57.704694258588056,9270.696704046075,59.728745242945074,inertial,0,TRUE,FALSE
ergun_comb_phi0.277_d6_Re1.5e+04,,,1701352.0024327172,427.0873528046577,0.1666567055,1.0,6,0.2772727272727272,55.96441970994034,15376.06368216577,59.57132052830307,inertial,0,TRUE,FALSE
ergun_comb_phi0.277_d6_Re2.4e+04,,,4295354.861718283,652.5154234625873,0.1666567055,1.0,6,0.2772727272727272,60.52972994897361,23491.95928858394,59.48873751469283,inertial,0,TRUE,FALSE
ergun_comb_phi0.277_d6_Re3.8e+04,,,10365673.563110566,1043.7149513770387,0.1666567055,1.0,6,0.2772727272727272,57.09327667233851,37575.984053412314,59.43009455767061,inertial,0,TRUE,FALSE
ergun_comb_phi0.277_d6_Re6.0e+04,,,26845556.56526644,1629.3652879100252,0.1666567055,1.0,6,0.2772727272727272,60.67178089401269,58660.65633620815,59.3949362260676,inertial,0,TRUE,FALSE
ergun_comb_phi0.277_d6_Re9.6e+04,,,68557354.93412648,2589.9801180616637,0.1666567055,1.0,6,0.2772727272727272,61.32145391115691,93244.85721560109,59.37169684151566,inertial,0,TRUE,FALSE
ergun_comb_phi0.277_d6_Re1.5e+05,,,159874960.5552155,4076.1892868588734,0.1666567055,1.0,6,0.2772727272727272,57.73285228078054,146751.5852289138,59.35732476938269,inertial,0,TRUE,FALSE
ergun_comb_phi0.277_d6_Re2.5e+05,,,432523099.42600065,6822.995354845328,0.1666567055,1.0,6,0.2772727272727272,55.74557579207992,245642.51409057147,59.34724179172744,inertial,0,TRUE,FALSE
ergun_comb_phi0.277_d6_Re3.9e+05,,,1217806160.2266283,11101.631883621694,0.1666567055,1.0,6,0.2772727272727272,59.28649446668763,399682.63564246544,59.341475007235,inertial,0,TRUE,FALSE
ergun_comb_phi0.277_d6_Re6.3e+05,,,2604759474.521945,16857.100614653475,0.1666567055,1.0,6,0.2772727272727272,54.998787961264476,606891.8942353679,59.33833521274715,inertial,0,TRUE,FALSE
ergun_comb_phi0.277_d6_Re1.0e+06,,,6963436799.448102,26501.700231114446,0.1666567055,1.0,6,0.2772727272727272,59.48773236221765,954118.2331045581,59.336131181169755,inertial,0,TRUE,FALSE
ergun_comb_phi0.277_d10_Re1.0e-06,,,9.209883636279668e-08,1.6097211283169043e-08,0.1666567055,1.0,10,0.2772727272727272,3554289955.7547956,9.658904053619998e-07,3805316973.040004,viscous,0,TRUE,FALSE
ergun_comb_phi0.277_d10_Re1.6e-06,,,1.814666412271007e-07,2.643626023981189e-08,0.1666567055,1.0,10,0.2772727272727272,2596550443.223231,1.5862704210129663e-06,2317082347.2090855,viscous,0,TRUE,FALSE
ergun_comb_phi0.277_d10_Re2.6e-06,,,2.728516262841543e-07,4.287641648115498e-08,0.1666567055,1.0,10,0.2772727272727272,1484190286.8495185,2.572738753746394e-06,1428640682.4658086,viscous,0,TRUE,FALSE
ergun_comb_phi0.277_d10_Re4.1e-06,,,4.3541912659660805e-07,6.835397197342681e-08,0.1666567055,1.0,10,0.2772727272727272,931922914.1344523,4.10148345176707e-06,896143891.0789313,viscous,0,TRUE,FALSE
ergun_comb_phi0.277_d10_Re6.5e-06,,,6.247069041801961e-07,1.0420372274928317e-07,0.1666567055,1.0,10,0.2772727272727272,575320482.9175317,6.25259706392571e-06,587838849.9554418,viscous,0,TRUE,FALSE
ergun_comb_phi0.277_d10_Re1.0e-05,,,1.0688814309896685e-06,1.7465339890831526e-07,0.1666567055,1.0,10,0.2772727272727272,350409158.6401632,1.0479830282515411e-05,350723210.1111878,viscous,0,TRUE,FALSE
ergun_comb_phi0.277_d10_Re1.7e-05,,,1.6305818496690038e-06,2.752075395055274e-07,0.1666567055,1.0,10,0.2772727272727272,215289053.65373027,1.651343932906002e-05,222577502.04852295,viscous,0,TRUE,FALSE
ergun_comb_phi0.277_d10_Re2.7e-05,,,2.585326176844139e-06,4.3871771913865785e-07,0.1666567055,1.0,10,0.2772727272727272,134321332.98022813,2.6324636492868737e-05,139622845.6643035,viscous,0,TRUE,FALSE
ergun_comb_phi0.277_d10_Re4.2e-05,,,3.7895802284981875e-06,6.567313901528047e-07,0.1666567055,1.0,10,0.2772727272727272,87864927.67280702,3.94062386018308e-05,93272577.25641453,viscous,0,TRUE,FALSE
ergun_comb_phi0.277_d10_Re6.8e-05,,,7.576732346217654e-06,1.1442698904017177e-06,0.1666567055,1.0,10,0.2772727272727272,57866205.50716118,6.86602970440765e-05,53532002.16603229,viscous,0,TRUE,FALSE
ergun_comb_phi0.277_d10_Re1.1e-04,,,1.171097750864107e-05,1.9026106932038168e-06,0.1666567055,1.0,10,0.2772727272727272,32351414.968235303,0.00011416346480002971,32195290.116051275,viscous,0,TRUE,FALSE
ergun_comb_phi0.277_d10_Re1.7e-04,,,1.8950029246210095e-05,2.9563147845233624e-06,0.1666567055,1.0,10,0.2772727272727272,21682459.00691886,0.00017738948910899733,20720109.40274052,viscous,0,TRUE,FALSE
ergun_comb_phi0.277_d10_Re2.8e-04,,,2.5336959848963023e-05,4.502787254941774e-06,0.1666567055,1.0,10,0.2772727272727272,12496593.613603638,0.0002701833833467789,13603853.358333135,viscous,0,TRUE,FALSE
ergun_comb_phi0.277_d10_Re4.4e-04,,,4.122606408593265e-05,7.350096055483494e-06,0.1666567055,1.0,10,0.2772727272727272,7631077.154683212,0.00044103212249587483,8333962.71217707,viscous,0,TRUE,FALSE
ergun_comb_phi0.277_d10_Re7.0e-04,,,7.336071696993803e-05,1.1617484708611943e-05,0.1666567055,1.0,10,0.2772727272727272,5435498.09792315,0.0006970907455393052,5272714.46338162,viscous,0,TRUE,FALSE
ergun_comb_phi0.277_d10_Re1.1e-03,,,0.00011015867753793806,1.795429678109029e-05,0.1666567055,1.0,10,0.2772727272727272,3417290.6170308837,0.0010773221951810568,3411776.9342673454,viscous,0,TRUE,FALSE
ergun_comb_phi0.277_d10_Re1.8e-03,,,0.00019374065191214853,3.10610456045705e-05,0.1666567055,1.0,10,0.2772727272727272,2008115.1574510378,0.0018637741284625658,1972143.3097209535,viscous,0,TRUE,FALSE
ergun_comb_phi0.277_d10_Re2.9e-03,,,0.0003112480745911427,4.8557369759826276e-05,0.1666567055,1.0,10,0.2772727272727272,1320068.1890419722,0.002913616323696395,1261556.622234042,viscous,0,TRUE,FALSE
ergun_comb_phi0.277_d10_Re4.6e-03,,,0.0004964570123321911,8.043002996475889e-05,0.1666567055,1.0,10,0.2772727272727272,767441.3375355618,0.004826090238820837,761652.8612905198,viscous,0,TRUE,FALSE
ergun_comb_phi0.277_d10_Re7.3e-03,,,0.0007727692354531329,0.00012654603296724005,0.1666567055,1.0,10,0.2772727272727272,482561.59322831075,0.007593215801763228,484112.35964823054,viscous,0,TRUE,FALSE
ergun_comb_phi0.277_d10_Re1.2e-02,,,0.0011927839792277948,0.00019164763287076245,0.1666567055,1.0,10,0.2772727272727272,324754.27623268735,0.011499545265567634,319682.3270522287,viscous,0,TRUE,FALSE
ergun_comb_phi0.277_d10_Re1.9e-02,,,0.0018194530580423521,0.0003055738582492848,0.1666567055,1.0,10,0.2772727272727272,194853.6115836532,0.01833552735442048,200518.20238748982,viscous,0,TRUE,FALSE
ergun_comb_phi0.277_d10_Re3.0e-02,,,0.0026667551835915376,0.0004880686487254638,0.1666567055,1.0,10,0.2772727272727272,111949.28520898946,0.02928586925207542,125564.19828358383,viscous,0,TRUE,FALSE
ergun_comb_phi0.277_d10_Re4.8e-02,,,0.004583486751255351,0.0007964590093939048,0.1666567055,1.0,10,0.2772727272727272,72255.20237655989,0.04779039685228296,76968.48847765377,viscous,0,TRUE,FALSE
ergun_comb_phi0.277_d10_Re7.6e-02,,,0.008335654676965471,0.001264099131512782,0.1666567055,1.0,10,0.2772727272727272,52164.78825021339,0.07585048124647958,48516.758466734784,viscous,0,TRUE,FALSE
ergun_comb_phi0.277_d10_Re1.2e-01,,,0.01191216014985316,0.001994254258510647,0.1666567055,1.0,10,0.2772727272727272,29952.251058741618,0.11966240737374033,30775.069802330396,viscous,0,TRUE,FALSE
ergun_comb_phi0.277_d10_Re1.9e-01,,,0.02128867025171996,0.0033707654606309825,0.1666567055,1.0,10,0.2772727272727272,18736.629312023706,0.20225801599270077,18231.75960285509,viscous,0,TRUE,FALSE
ergun_comb_phi0.277_d10_Re3.1e-01,,,0.03219071681706916,0.005321955342489743,0.1666567055,1.0,10,0.2772727272727272,11365.490822393303,0.31933640632838156,11569.197810913975,viscous,0,TRUE,FALSE
ergun_comb_phi0.277_d10_Re5.0e-01,,,0.05038059881726328,0.008442764958422326,0.1666567055,1.0,10,0.2772727272727272,7067.957465385323,0.5065961752389451,7314.655702108039,viscous,0,TRUE,FALSE
ergun_comb_phi0.277_d10_Re7.9e-01,,,0.0825678672980434,0.012921721083857455,0.1666567055,1.0,10,0.2772727272727272,4945.046069727206,0.7753496053513103,4799.799122443306,viscous,0,TRUE,FALSE
ergun_comb_phi0.277_d10_Re1.3e+00,,,0.1343190237933486,0.020688147437776392,0.1666567055,1.0,10,0.2772727272727272,3138.299022312871,1.2413630388113241,3020.2059165168807,viscous,0,TRUE,FALSE
ergun_comb_phi0.277_d10_Re2.0e+00,,,0.2106400546511055,0.03614667880354608,0.1666567055,1.0,10,0.2772727272727272,1612.145215646282,2.1689303586735114,1753.9551982769894,viscous,0,TRUE,FALSE
ergun_comb_phi0.277_d10_Re3.2e+00,,,0.3577009610016729,0.05254084127308478,0.1666567055,1.0,10,0.2772727272727272,1295.7644547209327,3.1526389001542325,1225.1870477965813,viscous,0,TRUE,FALSE
ergun_comb_phi0.277_d10_Re5.2e+00,,,0.6007490077619162,0.0854667126301921,0.1666567055,1.0,10,0.2772727272727272,822.4302253006211,5.1283092614711565,776.0439491562892,viscous,0,TRUE,FALSE
ergun_comb_phi0.277_d10_Re8.2e+00,,,0.9351640397046055,0.13302003857619832,0.1666567055,1.0,10,0.2772727272727272,528.5105481101709,7.981679355601944,519.8267353501737,viscous,0,TRUE,FALSE
ergun_comb_phi0.277_d10_Re1.3e+01,,,1.628935631810272,0.21802449379033448,0.1666567055,1.0,10,0.2772727272727272,342.68362288187024,13.082251514346327,340.2869060491737,viscous,0,TRUE,FALSE
ergun_comb_phi0.277_d10_Re2.1e+01,,,2.7330503271894186,0.35332205397481453,0.1666567055,1.0,10,0.2772727272727272,218.93043302561563,21.200590334171373,232.7009935752657,viscous,0,TRUE,FALSE
ergun_comb_phi0.277_d10_Re3.4e+01,,,5.4173448401462725,0.541067890579863,0.1666567055,1.0,10,0.2772727272727272,185.04738746353274,32.46601383104042,172.5435624246462,viscous,0,TRUE,FALSE
ergun_comb_phi0.277_d10_Re5.4e+01,,,10.381376696911655,0.9004437429894379,0.1666567055,1.0,10,0.2772727272727272,128.03885473798024,54.029853781637236,127.3598384762412,viscous,0,TRUE,FALSE
ergun_comb_phi0.277_d10_Re8.6e+01,,,21.1228083829145,1.4238096757249517,0.1666567055,1.0,10,0.2772727272727272,104.19521603871148,85.43368665864763,102.35417390643339,inertial,0,TRUE,FALSE
ergun_comb_phi0.277_d10_Re1.4e+02,,,40.12666738153354,2.199659730970517,0.1666567055,1.0,10,0.2772727272727272,82.93198938810029,131.98747235349117,87.17976345680812,inertial,0,TRUE,FALSE
ergun_comb_phi0.277_d10_Re2.2e+02,,,108.88898789234159,3.7827014438187083,0.1666567055,1.0,10,0.2772727272727272,76.09915434798725,226.9756522829325,75.52572988182342,inertial,0,TRUE,FALSE
ergun_comb_phi0.277_d10_Re3.5e+02,,,239.9184595181908,5.96038211718607,0.1666567055,1.0,10,0.2772727272727272,67.53290910143936,357.6443023581832,69.60930296218271,inertial,0,TRUE,FALSE
ergun_comb_phi0.277_d10_Re5.6e+02,,,624.9993757391331,9.672141273435736,0.1666567055,1.0,10,0.2772727272727272,66.80889996198106,580.3631629713054,65.66541535401392,inertial,0,TRUE,FALSE
ergun_comb_phi0.277_d10_Re8.9e+02,,,1474.1122628163746,15.039915867691741,0.1666567055,1.0,10,0.2772727272727272,65.1688031843354,902.4488887242368,63.40510690628419,inertial,0,TRUE,FALSE
ergun_comb_phi0.277_d10_Re1.4e+03,,,3017.9525015369886,23.11963981251387,0.1666567055,1.0,10,0.2772727272727272,56.461221903794716,1387.2613011970209,61.98175748883577,inertial,0,TRUE,FALSE
ergun_comb_phi0.277_d10_Re2.3e+03,,,8877.15908745063,36.62280206294911,0.1666567055,1.0,10,0.2772727272727272,66.18672062304627,2197.499461727276,61.00487049301848,inertial,0,TRUE,FALSE
ergun_comb_phi0.277_d10_Re3.6e+03,,,23389.428710812568,62.819029464277435,0.1666567055,1.0,10,0.2772727272727272,59.27030600746214,3769.36705161722,60.30738137630033,inertial,0,TRUE,FALSE
ergun_comb_phi0.277_d10_Re5.8e+03,,,57766.0017817945,95.6322042045362,0.1666567055,1.0,10,0.2772727272727272,63.16317866689586,5738.275211766753,59.97280571973063,inertial,0,TRUE,FALSE
ergun_comb_phi0.277_d10_Re9.2e+03,,,131659.5234917186,153.3664280783384,0.1666567055,1.0,10,0.2772727272727272,55.97468691322925,9202.535692651047,59.73168177554012,inertial,0,TRUE,FALSE
ergun_comb_phi0.277_d10_Re1.5e+04,,,399032.47484072164,255.74247818179316,0.1666567055,1.0,10,0.2772727272727272,61.01020766727738,15345.46584336465,59.57179716139325,inertial,0,TRUE,FALSE
ergun_comb_phi0.277_d10_Re2.4e+04,,,779033.7422446589,364.68606993980904,0.1666567055,1.0,10,0.2772727272727272,58.57575826117306,21882.47204609532,59.500245269508135,inertial,0,TRUE,FALSE
ergun_comb_phi0.277_d10_Re3.8e+04,,,2423164.682739728,630.9077090836158,0.1666567055,1.0,10,0.2772727272727272,60.87672245629876,37856.725127907666,59.42936916821775,inertial,0,TRUE,FALSE
ergun_comb_phi0.277_d10_Re6.0e+04,,,5846056.012396505,1008.0130670222476,0.1666567055,1.0,10,0.2772727272727272,57.53480535482083,60484.398992409435,59.39304696509983,inertial,0,TRUE,FALSE
ergun_comb_phi0.277_d10_Re9.6e+04,,,15371067.605315004,1597.222554969694,0.1666567055,1.0,10,0.2772727272727272,60.25223536118828,95839.08131255445,59.370629855709296,inertial,0,TRUE,FALSE
ergun_comb_phi0.277_d10_Re1.5e+05,,,37578133.00658434,2539.6372559760566,0.1666567055,1.0,10,0.2772727272727272,58.262862807111034,152387.34309289802,59.35639849573027,inertial,0,TRUE,FALSE
ergun_comb_phi0.277_d10_Re2.5e+05,,,102040900.72791274,4245.868068072943,0.1666567055,1.0,10,0.2772727272727272,56.603240257572736,254767.31076223895,59.34670587829469,inertial,0,TRUE,FALSE
ergun_comb_phi0.277_d10_Re3.9e+05,,,223991739.70312086,6463.831544091654,0.1666567055,1.0,10,0.2772727272727272,53.610757488097754,387853.07346014073,59.34175548913268,inertial,0,TRUE,FALSE
ergun_comb_phi0.277_d10_Re6.3e+05,,,695474456.054484,10604.279595698612,0.1666567055,1.0,10,0.2772727272727272,61.84702924419146,636294.8051735376,59.338055353734674,inertial,0,TRUE,FALSE
ergun_comb_phi0.277_d10_Re1.0e+06,,,1783127390.9234746,16942.166150033805,0.1666567055,1.0,10,0.2772727272727272,62.121866835814885,1016590.7275800436,59.33589444795735,inertial,0,TRUE,FALSE
ergun_comb_phi0.341_d6_Re1.0e-06,,,2.179904751316195e-07,2.814578962374677e-08,0.1666567055,1.0,6,0.3409090909090909,1651056342.8259096,1.0133089888932228e-06,1623021476.9116943,viscous,0,TRUE,FALSE
ergun_comb_phi0.341_d6_Re1.6e-06,,,3.380790658758513e-07,4.500246992763965e-08,0.1666567055,1.0,6,0.3409090909090909,1001605796.8883998,1.6201857510368096e-06,1015082541.2062433,viscous,0,TRUE,FALSE
ergun_comb_phi0.341_d6_Re2.6e-06,,,5.494789375887858e-07,7.344017955340844e-08,0.1666567055,1.0,6,0.3409090909090909,611272474.837449,2.6440044881389462e-06,622019480.8940395,viscous,0,TRUE,FALSE
ergun_comb_phi0.341_d6_Re4.1e-06,,,8.606520049624022e-07,1.0833986556549493e-07,0.1666567055,1.0,6,0.3409090909090909,439948914.504528,3.900468279645487e-06,421647406.89058477,viscous,0,TRUE,FALSE
ergun_comb_phi0.341_d6_Re6.5e-06,,,1.3870127272515643e-06,1.911363833752685e-07,0.1666567055,1.0,6,0.3409090909090909,227795409.6325882,6.8813210774265e-06,238998065.05820897,viscous,0,TRUE,FALSE
ergun_comb_phi0.341_d6_Re1.0e-05,,,2.1183557730509404e-06,2.879363926327952e-07,0.1666567055,1.0,6,0.3409090909090909,153305251.6380586,1.0366329699207758e-05,158650416.46605462,viscous,0,TRUE,FALSE
ergun_comb_phi0.341_d6_Re1.7e-05,,,3.4804823603729604e-06,4.560914898421393e-07,0.1666567055,1.0,6,0.3409090909090909,100389143.67248617,1.6420275024894428e-05,100158048.37318662,viscous,0,TRUE,FALSE
ergun_comb_phi0.341_d6_Re2.7e-05,,,5.330629620201445e-06,7.099390070090935e-07,0.1666567055,1.0,6,0.3409090909090909,63458190.045552306,2.555933185691446e-05,64345303.52768223,viscous,0,TRUE,FALSE
ergun_comb_phi0.341_d6_Re4.2e-05,,,8.335625427417344e-06,1.1263940290909107e-06,0.1666567055,1.0,6,0.3409090909090909,39419286.74550589,4.055260875504025e-05,40555304.65899669,viscous,0,TRUE,FALSE
ergun_comb_phi0.341_d6_Re6.8e-05,,,1.3101368085962672e-05,1.8143744076066824e-06,0.1666567055,1.0,6,0.3409090909090909,23878886.762015987,6.53213827369226e-05,25177423.608170908,viscous,0,TRUE,FALSE
ergun_comb_phi0.341_d6_Re1.1e-04,,,2.3079510798468895e-05,2.852078110904022e-06,0.1666567055,1.0,6,0.3409090909090909,17023741.59454867,0.00010268094892481917,16016848.5844803,viscous,0,TRUE,FALSE
ergun_comb_phi0.341_d6_Re1.7e-04,,,3.3693235327412644e-05,4.8707083343482235e-06,0.1666567055,1.0,6,0.3409090909090909,8521375.779002272,0.00017535598053742483,9378792.340547355,viscous,0,TRUE,FALSE
ergun_comb_phi0.341_d6_Re2.8e-04,,,5.541198139030724e-05,7.52616161739146e-06,0.1666567055,1.0,6,0.3409090909090909,5869591.129875676,0.00027095801257363003,6069686.202118455,viscous,0,TRUE,FALSE
ergun_comb_phi0.341_d6_Re4.4e-04,,,8.490010536322942e-05,1.1987735221552365e-05,0.1666567055,1.0,6,0.3409090909090909,3544746.6092025544,0.0004315842624725003,3810692.2086395305,viscous,0,TRUE,FALSE
ergun_comb_phi0.341_d6_Re7.0e-04,,,0.00014926357633630456,1.9996681794901033e-05,0.1666567055,1.0,6,0.3409090909090909,2239696.760715354,0.0007199235722885822,2284469.134960748,viscous,0,TRUE,FALSE
ergun_comb_phi0.341_d6_Re1.1e-03,,,0.0002475437699120697,3.1667839433014764e-05,0.1666567055,1.0,6,0.3409090909090909,1481038.6168350475,0.0011401103605644513,1442540.5378852845,viscous,0,TRUE,FALSE
ergun_comb_phi0.341_d6_Re1.8e-03,,,0.0003614270560325611,5.1979162693200334e-05,0.1666567055,1.0,6,0.3409090909090909,802626.2362758823,0.001871361702630093,878866.2814025383,viscous,0,TRUE,FALSE
ergun_comb_phi0.341_d6_Re2.9e-03,,,0.0006809453668733607,8.393645434158041e-05,0.1666567055,1.0,6,0.3409090909090909,579912.2465496857,0.00302189296577378,544264.8741378322,viscous,0,TRUE,FALSE
ergun_comb_phi0.341_d6_Re4.6e-03,,,0.0011105450912577554,0.00012946574449130806,0.1666567055,1.0,6,0.3409090909090909,397537.1327659205,0.00466104537838622,352873.1818019089,viscous,0,TRUE,FALSE
ergun_comb_phi0.341_d6_Re7.3e-03,,,0.0016226699367303539,0.00020452620208048777,0.1666567055,1.0,6,0.3409090909090909,232746.70035329182,0.00736338336223097,223380.54423375367,viscous,0,TRUE,FALSE
ergun_comb_phi0.341_d6_Re1.2e-02,,,0.0025594937190823517,0.00031757585691955545,0.1666567055,1.0,6,0.3409090909090909,152268.60229480843,0.011433414189969888,143872.60367349425,viscous,0,TRUE,FALSE
ergun_comb_phi0.341_d6_Re1.9e-02,,,0.003881303097600448,0.0005212481894098981,0.1666567055,1.0,6,0.3409090909090909,85711.61739065645,0.01876605640964977,87667.24868471241,viscous,0,TRUE,FALSE
ergun_comb_phi0.341_d6_Re3.0e-02,,,0.006622791933531915,0.0008827323923122805,0.1666567055,1.0,6,0.3409090909090909,50995.7794820651,0.03178026553437229,51778.906570693216,viscous,0,TRUE,FALSE
ergun_comb_phi0.341_d6_Re4.8e-02,,,0.009986696084527446,0.0013235888392304825,0.1666567055,1.0,6,0.3409090909090909,34203.211908848396,0.04765204623214453,34542.26176257388,viscous,0,TRUE,FALSE
ergun_comb_phi0.341_d6_Re7.6e-02,,,0.01617619355020124,0.0020662457007891394,0.1666567055,1.0,6,0.3409090909090909,22733.361558754084,0.07438929125317933,22137.43125503339,viscous,0,TRUE,FALSE
ergun_comb_phi0.341_d6_Re1.2e-01,,,0.026808576038716298,0.0034517387747839065,0.1666567055,1.0,6,0.3409090909090909,13500.478286612528,0.12427002313869356,13263.375130103133,viscous,0,TRUE,FALSE
ergun_comb_phi0.341_d6_Re1.9e-01,,,0.04035660615605453,0.005024022223445707,0.1666567055,1.0,6,0.3409090909090909,9593.184195250335,0.18087561043665443,9121.671050162393,viscous,0,TRUE,FALSE
ergun_comb_phi0.341_d6_Re3.1e-01,,,0.06139893122239216,0.008523810151497656,0.1666567055,1.0,6,0.3409090909090909,5070.42689327144,0.30687550648231154,5388.360609145493,viscous,0,TRUE,FALSE
ergun_comb_phi0.341_d6_Re5.0e-01,,,0.110691885284041,0.014010280937913391,0.1666567055,1.0,6,0.3409090909090909,3383.555829096316,0.5044002602552368,3289.6616118064685,viscous,0,TRUE,FALSE
ergun_comb_phi0.341_d6_Re7.9e-01,,,0.18600168316428764,0.021300342763601588,0.1666567055,1.0,6,0.3409090909090909,2459.7724917109863,0.7668581723020412,2173.7354185233694,viscous,0,TRUE,FALSE
ergun_comb_phi0.341_d6_Re1.3e+00,,,0.24145219319989805,0.033853722750059205,0.1666567055,1.0,6,0.3409090909090909,1264.065384521367,1.2188068634319382,1378.482364114383,viscous,0,TRUE,FALSE
ergun_comb_phi0.341_d6_Re2.0e+00,,,0.4580318263195576,0.05416500396739831,0.1666567055,1.0,6,0.3409090909090909,936.719039733395,1.9500566918646416,872.4831959702376,viscous,0,TRUE,FALSE
ergun_comb_phi0.341_d6_Re3.2e+00,,,0.7036331079595196,0.0890953237074847,0.1666567055,1.0,6,0.3409090909090909,531.848203116802,3.2076233634950153,541.8346876235639,viscous,0,TRUE,FALSE
ergun_comb_phi0.341_d6_Re5.2e+00,,,1.1512859831820446,0.142799309061633,0.1666567055,1.0,6,0.3409090909090909,338.75230217572494,5.141082393290187,349.0097517040001,viscous,0,TRUE,FALSE
ergun_comb_phi0.341_d6_Re8.2e+00,,,1.8858499319959625,0.22383729636538532,0.1666567055,1.0,6,0.3409090909090909,225.83615849256563,8.058624308952945,233.19395883440708,viscous,0,TRUE,FALSE
ergun_comb_phi0.341_d6_Re1.3e+01,,,3.697170787006859,0.3728545481746421,0.1666567055,1.0,6,0.3409090909090909,159.5665565368251,13.423566020557464,151.6292388879888,viscous,0,TRUE,FALSE
ergun_comb_phi0.341_d6_Re2.1e+01,,,5.919367381991022,0.5648834019110347,0.1666567055,1.0,6,0.3409090909090909,111.30352468701123,20.337017951349146,109.98010959076838,viscous,0,TRUE,FALSE
ergun_comb_phi0.341_d6_Re3.4e+01,,,11.057787490242161,0.9535965967333482,0.1666567055,1.0,6,0.3409090909090909,72.96088694600827,34.331529374916684,77.0158388286544,viscous,0,TRUE,FALSE
ergun_comb_phi0.341_d6_Re5.4e+01,,,20.48332199228819,1.4653360843305665,0.1666567055,1.0,6,0.3409090909090909,57.237038347108566,52.755252059050214,60.28627226384173,viscous,0,TRUE,FALSE
ergun_comb_phi0.341_d6_Re8.6e+01,,,42.974735768215,2.2858847728471643,0.1666567055,1.0,6,0.3409090909090909,49.346436518356235,82.29677045357761,49.09574697973883,inertial,0,TRUE,FALSE
ergun_comb_phi0.341_d6_Re1.4e+02,,,98.19094415118825,3.712562858134632,0.1666567055,1.0,6,0.3409090909090909,42.74398958422189,133.6602513650901,41.4162011547071,inertial,0,TRUE,FALSE
ergun_comb_phi0.341_d6_Re2.2e+02,,,228.80477758904507,6.057190875598529,0.1666567055,1.0,6,0.3409090909090909,37.41741838177215,218.07190502509468,36.653354802835295,inertial,0,TRUE,FALSE
ergun_comb_phi0.341_d6_Re3.5e+02,,,503.9121138904775,9.599228232763378,0.1666567055,1.0,6,0.3409090909090909,32.812053716854116,345.5928714286283,33.870546718675655,inertial,0,TRUE,FALSE
ergun_comb_phi0.341_d6_Re5.6e+02,,,1271.703578225751,15.425984426391047,0.1666567055,1.0,6,0.3409090909090909,32.06500902627424,555.3686320671104,32.07302007495942,inertial,0,TRUE,FALSE
ergun_comb_phi0.341_d6_Re8.9e+02,,,3088.38546069381,24.189540015403903,0.1666567055,1.0,6,0.3409090909090909,31.668502661178135,870.8754901699615,31.000173686825246,inertial,0,TRUE,FALSE
ergun_comb_phi0.341_d6_Re1.4e+03,,,8275.551201337557,40.35907236755522,0.1666567055,1.0,6,0.3409090909090909,30.483570158910624,1453.0134474867039,30.24357362897312,inertial,0,TRUE,FALSE
ergun_comb_phi0.341_d6_Re2.3e+03,,,21192.968598458418,66.36338568827084,0.1666567055,1.0,6,0.3409090909090909,28.872605439923234,2389.224681569294,29.800053457876686,inertial,0,TRUE,FALSE
ergun_comb_phi0.341_d6_Re3.6e+03,,,50490.075297421434,102.27661369825366,0.1666567055,1.0,6,0.3409090909090909,28.9604021253997,3682.1781658795717,29.558347550941175,inertial,0,TRUE,FALSE
ergun_comb_phi0.341_d6_Re5.8e+03,,,123299.72677093618,161.972153111422,0.1666567055,1.0,6,0.3409090909090909,28.198931587055988,5831.34603406961,29.39373502419362,inertial,0,TRUE,FALSE
ergun_comb_phi0.341_d6_Re9.2e+03,,,347456.50258997706,265.6452133467919,0.1666567055,1.0,6,0.3409090909090909,29.542531322994254,9563.79928007608,29.283666976254654,inertial,0,TRUE,FALSE
ergun_comb_phi0.341_d6_Re1.5e+04,,,826829.7714731678,425.30121520762555,0.1666567055,1.0,6,0.3409090909090909,27.426734910405024,15311.758885367823,29.219112802458127,inertial,0,TRUE,FALSE
ergun_comb_phi0.341_d6_Re2.4e+04,,,1940145.960252981,645.837071119704,0.1666567055,1.0,6,0.3409090909090909,27.9087068750147,23251.524234158245,29.182435506301246,inertial,0,TRUE,FALSE
ergun_comb_phi0.341_d6_Re3.8e+04,,,4983812.544058711,1030.4149376577932,0.1666567055,1.0,6,0.3409090909090909,28.163631768726347,37097.15494133993,29.15603654337357,inertial,0,TRUE,FALSE
ergun_comb_phi0.341_d6_Re6.0e+04,,,13473323.438990233,1666.3339818296927,0.1666567055,1.0,6,0.3409090909090909,29.114000411962614,59991.60886435593,29.139117908012533,inertial,0,TRUE,FALSE
ergun_comb_phi0.341_d6_Re9.6e+04,,,33611313.49966845,2668.0158446817836,0.1666567055,1.0,6,0.3409090909090909,28.33087097209369,96054.31128656687,29.12882549865694,inertial,0,TRUE,FALSE
ergun_comb_phi0.341_d6_Re1.5e+05,,,93367818.79347318,4290.956892339581,0.1666567055,1.0,6,0.3409090909090909,30.425670692899068,154483.6811503962,29.122349632192574,inertial,0,TRUE,FALSE
ergun_comb_phi0.341_d6_Re2.5e+05,,,213565595.76841405,6633.556789631367,0.1666567055,1.0,6,0.3409090909090909,29.119883891938276,238822.3181202163,29.118590087837184,inertial,0,TRUE,FALSE
ergun_comb_phi0.341_d6_Re3.9e+05,,,586142137.7187077,10862.425818962563,0.1666567055,1.0,6,0.3409090909090909,29.80578381049964,391070.70260533487,29.115909138197438,inertial,0,TRUE,FALSE
ergun_comb_phi0.341_d6_Re6.3e+05,,,1460544842.0445764,17356.00268089811,0.1666567055,1.0,6,0.3409090909090909,29.09154112689142,624853.4421280075,29.114335716446764,inertial,0,TRUE,FALSE
ergun_comb_phi0.341_d6_Re1.0e+06,,,3531265550.1623826,26962.41066146242,0.1666567055,1.0,6,0.3409090909090909,29.145008733454304,970704.7999264244,29.113397959488115,inertial,0,TRUE,FALSE
ergun_comb_phi0.341_d10_Re1.0e-06,,,4.559309153420769e-08,1.621107115243188e-08,0.1666567055,1.0,10,0.3409090909090909,1734904675.8290358,9.72722405845943e-07,1690741614.1088665,viscous,0,TRUE,FALSE
ergun_comb_phi0.341_d10_Re1.6e-06,,,7.288233427702462e-08,2.6537976212050124e-08,0.1666567055,1.0,10,0.3409090909090909,1034872086.3369683,1.5923737441245725e-06,1032811721.9008075,viscous,0,TRUE,FALSE
ergun_comb_phi0.341_d10_Re2.6e-06,,,1.1812276963029887e-07,4.139913639344614e-08,0.1666567055,1.0,10,0.3409090909090909,689209187.3849221,2.4840966506112855e-06,662060509.6560154,viscous,0,TRUE,FALSE
ergun_comb_phi0.341_d10_Re4.1e-06,,,1.9843078941863038e-07,6.93445488789417e-08,0.1666567055,1.0,10,0.3409090909090909,412652428.9036568,4.160921618538877e-06,395254343.6593875,viscous,0,TRUE,FALSE
ergun_comb_phi0.341_d10_Re6.5e-06,,,3.1706690625182297e-07,1.1598514210289964e-07,0.1666567055,1.0,10,0.3409090909090909,235692735.65096164,6.959524476073341e-06,236312470.84193835,viscous,0,TRUE,FALSE
ergun_comb_phi0.341_d10_Re1.0e-05,,,4.893854171721982e-07,1.796597873229454e-07,0.1666567055,1.0,10,0.3409090909090909,151617475.62423766,1.0780231541475263e-05,152559110.60218886,viscous,0,TRUE,FALSE
ergun_comb_phi0.341_d10_Re1.7e-05,,,7.818411971088847e-07,2.800891422335143e-07,0.1666567055,1.0,10,0.3409090909090909,99661175.1032041,1.680635299931057e-05,97857203.85328437,viscous,0,TRUE,FALSE
ergun_comb_phi0.341_d10_Re2.7e-05,,,1.2623562413037032e-06,4.4565514856435694e-07,0.1666567055,1.0,10,0.3409090909090909,63560027.31901375,2.6740907137658313e-05,61502139.48350023,viscous,0,TRUE,FALSE
ergun_comb_phi0.341_d10_Re4.2e-05,,,1.922027522174745e-06,6.99812184319214e-07,0.1666567055,1.0,10,0.3409090909090909,39246108.7466061,4.199124074963872e-05,39165869.2455505,viscous,0,TRUE,FALSE
ergun_comb_phi0.341_d10_Re6.8e-05,,,3.4288569598923477e-06,1.1463196253189707e-06,0.1666567055,1.0,10,0.3409090909090909,26093835.05520373,6.878328848994142e-05,23910229.66082001,viscous,0,TRUE,FALSE
ergun_comb_phi0.341_d10_Re1.1e-04,,,4.39963103880314e-06,1.756896476518496e-06,0.1666567055,1.0,10,0.3409090909090909,14253578.554684695,0.00010542008923358297,15600682.02500352,viscous,0,TRUE,FALSE
ergun_comb_phi0.341_d10_Re1.7e-04,,,7.809925378642072e-06,2.8366376196027942e-06,0.1666567055,1.0,10,0.3409090909090909,9705974.989729881,0.00017020843002340486,9662430.803535746,viscous,0,TRUE,FALSE
ergun_comb_phi0.341_d10_Re2.8e-04,,,1.2725476935185036e-05,4.6214739145251695e-06,0.1666567055,1.0,10,0.3409090909090909,5958172.271766048,0.00027730500855995677,5930763.038085835,viscous,0,TRUE,FALSE
ergun_comb_phi0.341_d10_Re4.4e-04,,,2.189717422264727e-05,7.60853364968749e-06,0.1666567055,1.0,10,0.3409090909090909,3782562.7592193894,0.00045653930496588924,3602396.321565519,viscous,0,TRUE,FALSE
ergun_comb_phi0.341_d10_Re7.0e-04,,,3.135716411388049e-05,1.1712200976832008e-05,0.1666567055,1.0,10,0.3409090909090909,2285913.2594096507,0.0007027740613072426,2340215.4002571423,viscous,0,TRUE,FALSE
ergun_comb_phi0.341_d10_Re1.1e-03,,,4.9925521585565714e-05,1.8542238271728682e-05,0.1666567055,1.0,10,0.3409090909090909,1452105.918926453,0.001112600793115323,1478207.2978051358,viscous,0,TRUE,FALSE
ergun_comb_phi0.341_d10_Re1.8e-03,,,7.531366236174256e-05,2.9724926012381635e-05,0.1666567055,1.0,10,0.3409090909090909,852377.942014431,0.001783602161293272,922108.1817524438,viscous,0,TRUE,FALSE
ergun_comb_phi0.341_d10_Re2.9e-03,,,0.00012651080767159479,4.714580846290583e-05,0.1666567055,1.0,10,0.3409090909090909,569169.2822484835,0.0028289175836915745,581390.0646361273,viscous,0,TRUE,FALSE
ergun_comb_phi0.341_d10_Re4.6e-03,,,0.00020548530191396197,7.592395974398818e-05,0.1666567055,1.0,10,0.3409090909090909,356470.06256216293,0.004555709865750837,361031.51762648934,viscous,0,TRUE,FALSE
ergun_comb_phi0.341_d10_Re7.3e-03,,,0.00033218528177376126,0.00012444717483531983,0.1666567055,1.0,10,0.3409090909090909,214491.60673258823,0.007467276786850909,220273.0197798353,viscous,0,TRUE,FALSE
ergun_comb_phi0.341_d10_Re1.2e-02,,,0.000541565416193333,0.000192267219732951,0.1666567055,1.0,10,0.3409090909090909,146500.9464630677,0.011536722699282628,142584.52064358298,viscous,0,TRUE,FALSE
ergun_comb_phi0.341_d10_Re1.9e-02,,,0.0008563968529522025,0.0003089892390754619,0.1666567055,1.0,10,0.3409090909090909,89699.15523574942,0.018540462452347105,88733.59933173611,viscous,0,TRUE,FALSE
ergun_comb_phi0.341_d10_Re3.0e-02,,,0.001420383081048545,0.0005071304962072428,0.1666567055,1.0,10,0.3409090909090909,55228.85447426412,0.030429648461234148,54075.81632854975,viscous,0,TRUE,FALSE
ergun_comb_phi0.341_d10_Re4.8e-02,,,0.0021729029120479103,0.0007999230645457026,0.1666567055,1.0,10,0.3409090909090909,33958.13914884174,0.04799825258430436,34293.322037894526,viscous,0,TRUE,FALSE
ergun_comb_phi0.341_d10_Re7.6e-02,,,0.0035839392211962397,0.0012943836244808215,0.1666567055,1.0,10,0.3409090909090909,21391.17378948202,0.07766765943185056,21204.23445431647,viscous,0,TRUE,FALSE
ergun_comb_phi0.341_d10_Re1.2e-01,,,0.005439067604119023,0.001995220563473428,0.1666567055,1.0,10,0.3409090909090909,13662.891909542506,0.11972038913690322,13766.30579469147,viscous,0,TRUE,FALSE
ergun_comb_phi0.341_d10_Re1.9e-01,,,0.008175855194345218,0.0031195186010151777,0.1666567055,1.0,10,0.3409090909090909,8401.523214708623,0.1871823033856371,8815.317410521704,viscous,0,TRUE,FALSE
ergun_comb_phi0.341_d10_Re3.1e-01,,,0.013007319613499508,0.004884455069015856,0.1666567055,1.0,10,0.3409090909090909,5451.9965685005,0.29308482094144456,5640.532373458559,viscous,0,TRUE,FALSE
ergun_comb_phi0.341_d10_Re5.0e-01,,,0.02311475640161035,0.008592878019782082,0.1666567055,1.0,10,0.3409090909090909,3130.487884282065,0.5156034972611457,3218.8150919824016,viscous,0,TRUE,FALSE
ergun_comb_phi0.341_d10_Re7.9e-01,,,0.03753068217493939,0.01350170503811971,0.1666567055,1.0,10,0.3409090909090909,2058.7766137933395,0.8101507225654182,2059.131768382993,viscous,0,TRUE,FALSE
ergun_comb_phi0.341_d10_Re1.3e+00,,,0.06176618343575464,0.02062482978171381,0.1666567055,1.0,10,0.3409090909090909,1452.0113827606122,1.2375637523756167,1358.0308960000361,viscous,0,TRUE,FALSE
ergun_comb_phi0.341_d10_Re2.0e+00,,,0.0890952194538998,0.0342367870640405,0.1666567055,1.0,10,0.3409090909090909,760.0959148360948,2.0543300049838376,829.6754973650643,viscous,0,TRUE,FALSE
ergun_comb_phi0.341_d10_Re3.2e+00,,,0.15249892102102464,0.05544541334417312,0.1666567055,1.0,10,0.3409090909090909,496.06149748822605,3.3269236408956324,523.4489352547947,viscous,0,TRUE,FALSE
ergun_comb_phi0.341_d10_Re5.2e+00,,,0.2639164160232794,0.08538256310598738,0.1666567055,1.0,10,0.3409090909090909,362.01621994472964,5.12325998823896,350.1225885695206,viscous,0,TRUE,FALSE
ergun_comb_phi0.341_d10_Re8.2e+00,,,0.45072030141531066,0.13588461632188983,0.1666567055,1.0,10,0.3409090909090909,244.09930064875178,8.153564293390513,230.8176280140566,viscous,0,TRUE,FALSE
ergun_comb_phi0.341_d10_Re1.3e+01,,,0.7026691795278619,0.22407078707569728,0.1666567055,1.0,10,0.3409090909090909,139.9524242141304,13.445050794892696,151.43345966515813,viscous,0,TRUE,FALSE
ergun_comb_phi0.341_d10_Re2.1e+01,,,1.3100056526122954,0.34490653591975723,0.1666567055,1.0,10,0.3409090909090909,110.12104426816336,20.69562907084811,108.57883256420499,viscous,0,TRUE,FALSE
ergun_comb_phi0.341_d10_Re3.4e+01,,,2.3579037859363763,0.5492308945264518,0.1666567055,1.0,10,0.3409090909090909,78.16568941511684,32.9558233422808,79.0155463460524,viscous,0,TRUE,FALSE
ergun_comb_phi0.341_d10_Re5.4e+01,,,5.017864385074683,0.9142324178131519,0.1666567055,1.0,10,0.3409090909090909,60.03516186713372,54.85722372047921,59.09175210356934,viscous,0,TRUE,FALSE
ergun_comb_phi0.341_d10_Re8.6e+01,,,9.482888831323576,1.3868567007055015,0.1666567055,1.0,10,0.3409090909090909,49.303469404856926,83.21637563545269,48.874907876724244,inertial,0,TRUE,FALSE
ergun_comb_phi0.341_d10_Re1.4e+02,,,19.4617361388273,2.235830380113903,0.1666567055,1.0,10,0.3409090909090909,38.93174536199477,134.15784101851833,41.37056393681681,inertial,0,TRUE,FALSE
ergun_comb_phi0.341_d10_Re2.2e+02,,,46.291306034926116,3.5162725684791605,0.1666567055,1.0,10,0.3409090909090909,37.43987315138824,210.9889642861781,36.90652950317783,inertial,0,TRUE,FALSE
ergun_comb_phi0.341_d10_Re3.5e+02,,,114.055699469157,5.805363056659938,0.1666567055,1.0,10,0.3409090909090909,33.842171536928866,348.34260279193734,33.832981575088695,inertial,0,TRUE,FALSE
ergun_comb_phi0.341_d10_Re5.6e+02,,,256.2934578890555,8.967094286918798,0.1666567055,1.0,10,0.3409090909090909,31.87381502951012,538.0578153165759,32.16829386075697,inertial,0,TRUE,FALSE
ergun_comb_phi0.341_d10_Re8.9e+02,,,611.5562799438952,14.370181374997546,0.1666567055,1.0,10,0.3409090909090909,29.61501322184069,862.2624173377498,31.01903746794224,inertial,0,TRUE,FALSE
ergun_comb_phi0.341_d10_Re1.4e+03,,,1568.451665329445,23.562087045088393,0.1666567055,1.0,10,0.3409090909090909,28.251637656679208,1413.8097218709506,30.274959406915194,inertial,0,TRUE,FALSE
ergun_comb_phi0.341_d10_Re2.3e+03,,,5029.0699104480145,38.58999907605324,0.1666567055,1.0,10,0.3409090909090909,33.77055021636634,2315.5383373430022,29.821958505232658,inertial,0,TRUE,FALSE
ergun_comb_phi0.341_d10_Re3.6e+03,,,10526.681594578034,61.25235041946976,0.1666567055,1.0,10,0.3409090909090909,28.0573060830158,3675.360690450572,29.559176036554017,inertial,0,TRUE,FALSE
ergun_comb_phi0.341_d10_Re5.8e+03,,,24919.85036304271,95.71972133478499,0.1666567055,1.0,10,0.3409090909090909,27.198351303415873,5743.526553438619,29.398047330205728,inertial,0,TRUE,FALSE
ergun_comb_phi0.341_d10_Re9.2e+03,,,69785.8869177702,152.4068847204636,0.1666567055,1.0,10,0.3409090909090909,30.044046844497192,9144.95965003122,29.291542903127258,inertial,0,TRUE,FALSE
ergun_comb_phi0.341_d10_Re1.5e+04,,,174292.53215288048,250.60706735071432,0.1666567055,1.0,10,0.3409090909090909,27.75186350377464,15037.322776713254,29.22107305399585,inertial,0,TRUE,FALSE
ergun_comb_phi0.341_d10_Re2.4e+04,,,486867.98066925677,396.82741458396225,0.1666567055,1.0,10,0.3409090909090909,30.91774982546626,23811.067991138363,29.18077335748129,inertial,0,TRUE,FALSE
ergun_comb_phi0.341_d10_Re3.8e+04,,,1234208.9190802872,662.1566980574015,0.1666567055,1.0,10,0.3409090909090909,28.14926940374567,39731.77653253211,29.153096824418455,inertial,0,TRUE,FALSE
ergun_comb_phi0.341_d10_Re6.0e+04,,,2793288.7034231946,977.7420432844059,0.1666567055,1.0,10,0.3409090909090909,29.21912754463505,58668.02900915414,29.139736386069195,inertial,0,TRUE,FALSE
ergun_comb_phi0.341_d10_Re9.6e+04,,,6113119.532597622,1467.9931791410886,0.1666567055,1.0,10,0.3409090909090909,28.36709169142404,88084.85531601298,29.130374588912325,inertial,0,TRUE,FALSE
ergun_comb_phi0.341_d10_Re1.5e+05,,,18353550.452323966,2539.4109170549195,0.1666567055,1.0,10,0.3409090909090909,28.461260174981362,152373.7619459254,29.122497046344986,inertial,0,TRUE,FALSE
ergun_comb_phi0.341_d10_Re2.5e+05,,,43739614.140062936,3899.5750113257664,0.1666567055,1.0,10,0.3409090909090909,28.7634112013583,233988.48546935705,29.118732349660046,inertial,0,TRUE,FALSE
ergun_comb_phi0.341_d10_Re3.9e+05,,,123148713.57970819,6381.530161215369,0.1666567055,1.0,10,0.3409090909090909,30.239891398352118,382914.6953355182,29.11599871312032,inertial,0,TRUE,FALSE
ergun_comb_phi0.341_d10_Re6.3e+05,,,295739592.11927766,10150.00615260748,0.1666567055,1.0,10,0.3409090909090909,28.706276161393543,609036.769457049,29.11440406976484,inertial,0,TRUE,FALSE
ergun_comb_phi0.341_d10_Re1.0e+06,,,820337358.9766154,16549.609563580747,0.1666567055,1.0,10,0.3409090909090909,29.951390222282942,993035.9245929499,29.11335985951992,inertial,0,TRUE,FALSE
ergun_comb_phi0.405_d6_Re1.0e-06,,,9.408309736452198e-08,2.5733648964028587e-08,0.1666567055,1.0,6,0.40454545454545454,852432721.5392246,9.264667348423705e-07,867075048.1990837,viscous,0,TRUE,FALSE
ergun_comb_phi0.405_d6_Re1.6e-06,,,1.6577198161265638e-07,4.538980035457319e-08,0.1666567055,1.0,6,0.40454545454545454,482776180.3525657,1.6341304798410233e-06,491586326.68338704,viscous,0,TRUE,FALSE
ergun_comb_phi0.405_d6_Re2.6e-06,,,2.558914686250357e-07,6.769506257674497e-08,0.1666567055,1.0,6,0.40454545454545454,335037229.81814253,2.4371679149775933e-06,329610531.80163044,viscous,0,TRUE,FALSE
ergun_comb_phi0.405_d6_Re4.1e-06,,,4.1952795668493387e-07,1.143477626320209e-07,0.1666567055,1.0,6,0.40454545454545454,192511560.43691587,4.116765501476479e-06,195132863.09195212,viscous,0,TRUE,FALSE
ergun_comb_phi0.405_d6_Re6.5e-06,,,6.258112667278122e-07,1.7463049206455014e-07,0.1666567055,1.0,6,0.40454545454545454,123127333.00751746,6.287073473844116e-06,127772687.32143183,viscous,0,TRUE,FALSE
ergun_comb_phi0.405_d6_Re1.0e-05,,,1.0184219451470504e-06,2.86109852135495e-07,0.1666567055,1.0,6,0.40454545454545454,74647174.47559726,1.03005703110636e-05,77987559.14000744,viscous,0,TRUE,FALSE
ergun_comb_phi0.405_d6_Re1.7e-05,,,1.5584573620348278e-06,4.355046928727531e-07,0.1666567055,1.0,6,0.40454545454545454,49301541.316428706,1.5679106036549597e-05,51234835.65271581,viscous,0,TRUE,FALSE
ergun_comb_phi0.405_d6_Re2.7e-05,,,2.666811153050575e-06,7.355224008997995e-07,0.1666567055,1.0,6,0.40454545454545454,29576835.443556402,2.648038908580727e-05,30336283.517791178,viscous,0,TRUE,FALSE
ergun_comb_phi0.405_d6_Re4.2e-05,,,4.385603174725522e-06,1.1743716539299747e-06,0.1666567055,1.0,6,0.40454545454545454,19079608.668978512,4.227990648464996e-05,18999967.276016813,viscous,0,TRUE,FALSE
ergun_comb_phi0.405_d6_Re6.8e-05,,,8.019073196210644e-06,1.9313516294201063e-06,0.1666567055,1.0,6,0.40454545454545454,12898901.529685803,6.953281442684367e-05,11553067.069182938,viscous,0,TRUE,FALSE
ergun_comb_phi0.405_d6_Re1.1e-04,,,1.0641851853310486e-05,3.0697575235277096e-06,0.1666567055,1.0,6,0.40454545454545454,6775795.87729527,0.00011051787616890253,7268669.481394858,viscous,0,TRUE,FALSE
ergun_comb_phi0.405_d6_Re1.7e-04,,,1.6394558340345403e-05,4.429378381854396e-06,0.1666567055,1.0,6,0.40454545454545454,5013781.557663343,0.0001594671526200689,5037518.202870559,viscous,0,TRUE,FALSE
ergun_comb_phi0.405_d6_Re2.8e-04,,,2.694381035592496e-05,7.67855706510936e-06,0.1666567055,1.0,6,0.40454545454545454,2741896.335027378,0.000276444576606947,2905900.832214168,viscous,0,TRUE,FALSE
ergun_comb_phi0.405_d6_Re4.4e-04,,,4.416114260288212e-05,1.233910330621286e-05,0.1666567055,1.0,6,0.40454545454545454,1740300.9265979151,0.00044423426957325256,1808332.2722553883,viscous,0,TRUE,FALSE
ergun_comb_phi0.405_d6_Re7.0e-04,,,7.239687385330736e-05,1.978679646140862e-05,0.1666567055,1.0,6,0.40454545454545454,1109481.5666112904,0.0007123672486640611,1127687.1414792917,viscous,0,TRUE,FALSE
ergun_comb_phi0.405_d6_Re1.1e-03,,,0.00010771122240760266,3.1600756096482627e-05,0.1666567055,1.0,6,0.40454545454545454,647168.3313413967,0.0011376952161033555,706106.5822480612,viscous,0,TRUE,FALSE
ergun_comb_phi0.405_d6_Re1.8e-03,,,0.0001817152095674602,4.922617800309752e-05,0.1666567055,1.0,6,0.40454545454545454,449935.5348787736,0.0017722483300774544,453290.9155302753,viscous,0,TRUE,FALSE
ergun_comb_phi0.405_d6_Re2.9e-03,,,0.0003119168578629725,7.633684449096953e-05,0.1666567055,1.0,6,0.40454545454545454,321160.1782211195,0.0027482906587627054,292312.3970616647,viscous,0,TRUE,FALSE
ergun_comb_phi0.405_d6_Re4.6e-03,,,0.0004991957226279521,0.00012521110373492553,0.1666567055,1.0,6,0.40454545454545454,191045.32648851207,0.004507869156273182,178218.8206715307,viscous,0,TRUE,FALSE
ergun_comb_phi0.405_d6_Re7.3e-03,,,0.0007326504143675572,0.00019926118949011438,0.1666567055,1.0,6,0.40454545454545454,110714.01815097449,0.007173831580036162,111994.4169473562,viscous,0,TRUE,FALSE
ergun_comb_phi0.405_d6_Re1.2e-02,,,0.0012705752291797825,0.00033642868198636896,0.1666567055,1.0,6,0.40454545454545454,67354.34331185544,0.012112156458764354,66338.87313681969,viscous,0,TRUE,FALSE
ergun_comb_phi0.405_d6_Re1.9e-02,,,0.0019665350302936328,0.0005216271971194508,0.1666567055,1.0,6,0.40454545454545454,43364.314290748,0.01877970150271994,42791.508317150576,viscous,0,TRUE,FALSE
ergun_comb_phi0.405_d6_Re3.0e-02,,,0.0029016140576566657,0.0007951487276555832,0.1666567055,1.0,6,0.40454545454545454,27535.57566123231,0.02862706514940378,28077.161916651155,viscous,0,TRUE,FALSE
ergun_comb_phi0.405_d6_Re4.8e-02,,,0.004833520668622921,0.0012858084383832412,0.1666567055,1.0,6,0.40454545454545454,17541.320643507213,0.04629187050802134,17369.027558831895,viscous,0,TRUE,FALSE
ergun_comb_phi0.405_d6_Re7.6e-02,,,0.007727276163149415,0.0020794084889419555,0.1666567055,1.0,6,0.40454545454545454,10722.549476384584,0.07486317994958645,10746.19681935846,viscous,0,TRUE,FALSE
ergun_comb_phi0.405_d6_Re1.2e-01,,,0.012533083693512798,0.0033682961793910855,0.1666567055,1.0,6,0.40454545454545454,6628.09378419077,0.12126591015773149,6640.158066536733,viscous,0,TRUE,FALSE
ergun_comb_phi0.405_d6_Re1.9e-01,,,0.01946445260659453,0.005387092350672738,0.1666567055,1.0,6,0.40454545454545454,4024.246765556874,0.19394691624956206,4157.6776437920935,viscous,0,TRUE,FALSE
ergun_comb_phi0.405_d6_Re3.1e-01,,,0.030199114260082944,0.008345733985632818,0.1666567055,1.0,6,0.40454545454545454,2601.4553730155244,0.30046438133746084,2689.3213155816043,viscous,0,TRUE,FALSE
ergun_comb_phi0.405_d6_Re5.0e-01,,,0.05437638682136898,0.01420848234160292,0.1666567055,1.0,6,0.40454545454545454,1616.0924935040618,0.5115359372660676,1586.1395440113872,viscous,0,TRUE,FALSE
ergun_comb_phi0.405_d6_Re7.9e-01,,,0.09053055398239225,0.022367836056773307,0.1666567055,1.0,6,0.40454545454545454,1085.671622827357,0.8052902278248855,1013.2879168883237,viscous,0,TRUE,FALSE
ergun_comb_phi0.405_d6_Re1.3e+00,,,0.13235438547701103,0.033884403664973715,0.1666567055,1.0,6,0.40454545454545454,691.6555921375052,1.2199114423862307,674.2429537245648,viscous,0,TRUE,FALSE
ergun_comb_phi0.405_d6_Re2.0e+00,,,0.20616654849910288,0.054293685784150315,0.1666567055,1.0,6,0.40454545454545454,419.6341270920536,1.9546895141576042,426.7079560683896,viscous,0,TRUE,FALSE
ergun_comb_phi0.405_d6_Re3.2e+00,,,0.3898530542289968,0.0908772546965017,0.1666567055,1.0,6,0.40454545454545454,283.23165714651554,3.271776713352888,261.2683071201316,viscous,0,TRUE,FALSE
ergun_comb_phi0.405_d6_Re5.2e+00,,,0.5682294634285205,0.13974788737529809,0.1666567055,1.0,6,0.40454545454545454,174.5759832143318,5.0312246467141915,175.40540477174548,viscous,0,TRUE,FALSE
ergun_comb_phi0.405_d6_Re8.2e+00,,,0.9529590027156828,0.23658662949512244,0.1666567055,1.0,6,0.40454545454545454,102.15157645364805,8.517627734881238,110.05146938344112,viscous,0,TRUE,FALSE
ergun_comb_phi0.405_d6_Re1.3e+01,,,1.7030099613054253,0.3690060774856844,0.1666567055,1.0,6,0.40454545454545454,75.04148170309495,13.285012794844349,76.20712463991087,viscous,0,TRUE,FALSE
ergun_comb_phi0.405_d6_Re2.1e+01,,,2.9792296710177912,0.5678295406923319,0.1666567055,1.0,6,0.40454545454545454,55.4394955659836,20.443085286802287,55.034524965991906,viscous,0,TRUE,FALSE
ergun_comb_phi0.405_d6_Re3.4e+01,,,5.6213713367640645,0.9480832227006344,0.1666567055,1.0,6,0.40454545454545454,37.523263450409765,34.13303604638822,39.27413216113345,viscous,0,TRUE,FALSE
ergun_comb_phi0.405_d6_Re5.4e+01,,,11.634860289535617,1.5046515098547422,0.1666567055,1.0,6,0.40454545454545454,30.834760004217625,54.17069197451795,30.568624069247605,inertial,0,TRUE,FALSE
ergun_comb_phi0.405_d6_Re8.6e+01,,,24.058851392563337,2.2892622764297026,0.1666567055,1.0,6,0.40454545454545454,27.544509073900812,82.41836785006058,25.486083669019155,inertial,0,TRUE,FALSE
ergun_comb_phi0.405_d6_Re1.4e+02,,,52.61479643539019,3.9216147174487084,0.1666567055,1.0,6,0.40454545454545454,20.527180316608007,141.18656812577066,21.429022920736806,inertial,0,TRUE,FALSE
ergun_comb_phi0.405_d6_Re2.2e+02,,,119.75989772904437,5.956778840212937,0.1666567055,1.0,6,0.40454545454545454,20.25068482556819,214.4568556905598,19.485090820756106,inertial,0,TRUE,FALSE
ergun_comb_phi0.405_d6_Re3.5e+02,,,250.16547352511657,9.540899028217796,0.1666567055,1.0,6,0.40454545454545454,16.489216547486684,343.4928945556695,18.07794261261611,inertial,0,TRUE,FALSE
ergun_comb_phi0.405_d6_Re5.6e+02,,,728.0766345512048,15.962465265781828,0.1666567055,1.0,6,0.40454545454545454,17.144641715676723,574.6830966527834,17.137115650511568,inertial,0,TRUE,FALSE
ergun_comb_phi0.405_d6_Re8.9e+02,,,1926.8797872175403,26.161968167509823,0.1666567055,1.0,6,0.40454545454545454,16.891376632512923,941.8871477995161,16.592153072294085,inertial,0,TRUE,FALSE
ergun_comb_phi0.405_d6_Re1.4e+03,,,4941.946487479961,39.69193983554526,0.1666567055,1.0,6,0.40454545454545454,18.82108430629067,1428.9952408381885,16.301428190154798,inertial,0,TRUE,FALSE
ergun_comb_phi0.405_d6_Re2.3e+03,,,10060.094379971455,62.714001806319374,0.1666567055,1.0,6,0.40454545454545454,15.347027706656187,2257.8390092915656,16.09506347930615,inertial,0,TRUE,FALSE
ergun_comb_phi0.405_d6_Re3.6e+03,,,28939.17443916968,101.38641304745931,0.1666567055,1.0,6,0.40454545454545454,16.891875475520198,3650.12902697009,15.959352485129315,inertial,0,TRUE,FALSE
ergun_comb_phi0.405_d6_Re5.8e+03,,,61018.765074483505,155.31136938442452,0.1666567055,1.0,6,0.40454545454545454,15.177776960517482,5591.543487618907,15.882939907845385,inertial,0,TRUE,FALSE
ergun_comb_phi0.405_d6_Re9.2e+03,,,152415.30684975963,260.3954001748638,0.1666567055,1.0,6,0.40454545454545454,13.486933577934977,9374.79470965051,15.82496257678481,inertial,0,TRUE,FALSE
ergun_comb_phi0.405_d6_Re1.5e+04,,,432024.3472652946,397.1245521363018,0.1666567055,1.0,6,0.40454545454545454,16.436373325091587,14297.338385930178,15.79546005585723,inertial,0,TRUE,FALSE
ergun_comb_phi0.405_d6_Re2.4e+04,,,1005278.640490395,644.0333554075978,0.1666567055,1.0,6,0.40454545454545454,14.541894316667033,23186.58658739409,15.77391936990731,inertial,0,TRUE,FALSE
ergun_comb_phi0.405_d6_Re3.8e+04,,,3011757.346428545,1109.2530145552655,0.1666567055,1.0,6,0.40454545454545454,14.686218775538816,39935.49534874006,15.75938898450349,inertial,0,TRUE,FALSE
ergun_comb_phi0.405_d6_Re6.0e+04,,,6984590.050759415,1646.3179593984307,0.1666567055,1.0,6,0.40454545454545454,15.461966915337605,59270.988987542325,15.752826919534636,inertial,0,TRUE,FALSE
ergun_comb_phi0.405_d6_Re9.6e+04,,,18477827.404772222,2677.9697315759827,0.1666567055,1.0,6,0.40454545454545454,15.459335721721216,96412.67263294062,15.747605701830587,inertial,0,TRUE,FALSE
ergun_comb_phi0.405_d6_Re1.5e+05,,,47680545.253442846,4256.546080519648,0.1666567055,1.0,6,0.40454545454545454,15.789842020801874,153244.81788173766,15.74451568644667,inertial,0,TRUE,FALSE
ergun_comb_phi0.405_d6_Re2.5e+05,,,121813361.31731395,6797.868475042156,0.1666567055,1.0,6,0.40454545454545454,15.816145894829312,244737.8923511298,15.742555994897403,inertial,0,TRUE,FALSE
ergun_comb_phi0.405_d6_Re3.9e+05,,,275591787.4656127,10136.71536833235,0.1666567055,1.0,6,0.40454545454545454,16.092481480821625,364943.56484200456,15.74147484839403,inertial,0,TRUE,FALSE
ergun_comb_phi0.405_d6_Re6.3e+05,,,654317912.2844017,16671.830170438694,0.1666567055,1.0,6,0.40454545454545454,14.124513712059054,600221.7595896984,15.740612007451002,inertial,0,TRUE,FALSE
ergun_comb_phi0.405_d6_Re1.0e+06,,,2061948823.1565943,28951.355034018678,0.1666567055,1.0,6,0.40454545454545454,14.760169407744916,1042311.0770308133,15.740044348561575,inertial,0,TRUE,FALSE
ergun_comb_phi0.405_d10_Re1.0e-06,,,2.1582394656568425e-08,1.675584279708075e-08,0.1666567055,1.0,10,0.40454545454545454,768718044.2654245,1.0054106582036539e-06,798993111.3780752,viscous,0,TRUE,FALSE
ergun_comb_phi0.405_d10_Re1.6e-06,,,3.5775420380092386e-08,2.6083928367232852e-08,0.1666567055,1.0,10,0.40454545454545454,525821994.218613,1.565129245113564e-06,513258698.17357624,viscous,0,TRUE,FALSE
ergun_comb_phi0.405_d10_Re2.6e-06,,,5.620140174406445e-08,4.1204562181632177e-08,0.1666567055,1.0,10,0.40454545454545454,331021757.23745847,2.4724215001137276e-06,324910705.17852634,viscous,0,TRUE,FALSE
ergun_comb_phi0.405_d10_Re4.1e-06,,,9.748712595148034e-08,6.869929228503764e-08,0.1666567055,1.0,10,0.40454545454545454,206558342.84709495,4.122203908863279e-06,194875425.09472728,viscous,0,TRUE,FALSE
ergun_comb_phi0.405_d10_Re6.5e-06,,,1.5150858819890906e-07,1.0739934877840533e-07,0.1666567055,1.0,10,0.40454545454545454,131351172.94599177,6.4443460859368376e-06,124654428.0681549,viscous,0,TRUE,FALSE
ergun_comb_phi0.405_d10_Re1.0e-05,,,2.644565671111432e-07,1.8246962998857257e-07,0.1666567055,1.0,10,0.40454545454545454,79427917.00100505,1.0948832178167146e-05,73370048.37054,viscous,0,TRUE,FALSE
ergun_comb_phi0.405_d10_Re1.7e-05,,,3.857097701636756e-07,2.817070235918869e-07,0.1666567055,1.0,10,0.40454545454545454,48603247.66038627,1.6903431682914604e-05,47523867.064584486,viscous,0,TRUE,FALSE
ergun_comb_phi0.405_d10_Re2.7e-05,,,7.20870606422032e-07,4.815891378121486e-07,0.1666567055,1.0,10,0.40454545454545454,31081641.84069703,2.8897075360231972e-05,27799236.39299775,viscous,0,TRUE,FALSE
ergun_comb_phi0.405_d10_Re4.2e-05,,,9.67651286028521e-07,6.901655965615508e-07,0.1666567055,1.0,10,0.40454545454545454,20314786.60376084,4.1412410889254664e-05,19397972.944291625,viscous,0,TRUE,FALSE
ergun_comb_phi0.405_d10_Re6.8e-05,,,1.543310291180956e-06,1.148613970121082e-06,0.1666567055,1.0,10,0.40454545454545454,11697823.489588484,6.892095740612622e-05,11655631.163370721,viscous,0,TRUE,FALSE
ergun_comb_phi0.405_d10_Re1.1e-04,,,2.4832527493532314e-06,1.8101667278857669e-06,0.1666567055,1.0,10,0.40454545454545454,7578508.969899516,0.00010861649535522391,7395910.548429322,viscous,0,TRUE,FALSE
ergun_comb_phi0.405_d10_Re1.7e-04,,,4.006682771532439e-06,2.960217463574122e-06,0.1666567055,1.0,10,0.40454545454545454,4572331.668967208,0.00017762366384796452,4522589.797164793,viscous,0,TRUE,FALSE
ergun_comb_phi0.405_d10_Re2.8e-04,,,6.666064204326301e-06,4.644381372290142e-06,0.1666567055,1.0,10,0.40454545454545454,3090393.226248217,0.0002786795381773668,2882596.1376777347,viscous,0,TRUE,FALSE
ergun_comb_phi0.405_d10_Re4.4e-04,,,1.0199484329688858e-05,7.413616445936628e-06,0.1666567055,1.0,10,0.40454545454545454,1855743.6715475803,0.0004448435737220683,1805855.4133526087,viscous,0,TRUE,FALSE
ergun_comb_phi0.405_d10_Re7.0e-04,,,1.7553482037128833e-05,1.2083199987141269e-05,0.1666567055,1.0,10,0.40454545454545454,1202262.6413342224,0.0007250353324151885,1107984.0523631987,viscous,0,TRUE,FALSE
ergun_comb_phi0.405_d10_Re1.1e-03,,,2.6519633017503915e-05,1.9438249988234306e-05,0.1666567055,1.0,10,0.40454545454545454,701864.3499386857,0.001166364709413646,688750.7187383629,viscous,0,TRUE,FALSE
ergun_comb_phi0.405_d10_Re1.8e-03,,,3.792469862941356e-05,3.0113946440389335e-05,0.1666567055,1.0,10,0.40454545454545454,418202.6601874461,0.0018069447820921515,444587.25144584646,viscous,0,TRUE,FALSE
ergun_comb_phi0.405_d10_Re2.9e-03,,,6.13009513885697e-05,4.822310224108079e-05,0.1666567055,1.0,10,0.40454545454545454,263606.99094955577,0.002893559073810012,277637.91794533515,viscous,0,TRUE,FALSE
ergun_comb_phi0.405_d10_Re4.6e-03,,,0.00010241661805829099,7.404533480070565e-05,0.1666567055,1.0,10,0.40454545454545454,186799.2070764907,0.004442985631964605,180821.22475777366,viscous,0,TRUE,FALSE
ergun_comb_phi0.405_d10_Re7.3e-03,,,0.00016670339729686121,0.00012159596635960933,0.1666567055,1.0,10,0.40454545454545454,112747.29038549386,0.007296194053206539,110116.45319768286,viscous,0,TRUE,FALSE
ergun_comb_phi0.405_d10_Re1.2e-02,,,0.00027185762828979033,0.0001911836742745571,0.1666567055,1.0,10,0.40454545454545454,74377.21560545397,0.011471706085931064,70041.60710611464,viscous,0,TRUE,FALSE
ergun_comb_phi0.405_d10_Re1.9e-02,,,0.00044416307471590075,0.0003125233111570359,0.1666567055,1.0,10,0.40454545454545454,45475.51404202451,0.018752519451252198,42853.51242058509,viscous,0,TRUE,FALSE
ergun_comb_phi0.405_d10_Re3.0e-02,,,0.0006850617696079521,0.0005071929500060238,0.1666567055,1.0,10,0.40454545454545454,26630.744973091238,0.030433395913134962,26411.616239829276,viscous,0,TRUE,FALSE
ergun_comb_phi0.405_d10_Re4.8e-02,,,0.001050381652842368,0.0007826259421927593,0.1666567055,1.0,10,0.40454545454545454,17148.993984191973,0.04696036321159362,17121.99909038998,viscous,0,TRUE,FALSE
ergun_comb_phi0.405_d10_Re7.6e-02,,,0.0018050480268309295,0.001300069998039673,0.1666567055,1.0,10,0.40454545454545454,10679.6074448873,0.07800886223804976,10313.494568867181,viscous,0,TRUE,FALSE
ergun_comb_phi0.405_d10_Re1.2e-01,,,0.0027603862794565474,0.001954301118379016,0.1666567055,1.0,10,0.40454545454545454,7227.480006649192,0.11726507568451938,6866.169118138408,viscous,0,TRUE,FALSE
ergun_comb_phi0.405_d10_Re1.9e-01,,,0.00450010154330343,0.0032149292089105226,0.1666567055,1.0,10,0.40454545454545454,4353.910373790586,0.19290728202415608,4179.999771002363,viscous,0,TRUE,FALSE
ergun_comb_phi0.405_d10_Re3.1e-01,,,0.007037159921061438,0.005061284579989564,0.1666567055,1.0,10,0.40454545454545454,2747.1090939558103,0.30369522575193136,2660.878564842132,viscous,0,TRUE,FALSE
ergun_comb_phi0.405_d10_Re5.0e-01,,,0.010964118575002613,0.008060451753716301,0.1666567055,1.0,10,0.40454545454545454,1687.5434283030124,0.48365601189184076,1676.6638862485727,viscous,0,TRUE,FALSE
ergun_comb_phi0.405_d10_Re7.9e-01,,,0.017513585759540817,0.013069076378853609,0.1666567055,1.0,10,0.40454545454545454,1025.3810361568835,0.7841914515016984,1040.1270971102608,viscous,0,TRUE,FALSE
ergun_comb_phi0.405_d10_Re1.3e+00,,,0.02818099973670683,0.020707884605493415,0.1666567055,1.0,10,0.40454545454545454,657.1808858418234,1.2425473396564541,662.2467736365384,viscous,0,TRUE,FALSE
ergun_comb_phi0.405_d10_Re2.0e+00,,,0.046342423255357854,0.0319322188364438,0.1666567055,1.0,10,0.40454545454545454,454.4860375303568,1.9160476466063228,434.99616196044013,viscous,0,TRUE,FALSE
ergun_comb_phi0.405_d10_Re3.2e+00,,,0.07714055577226323,0.05531297581714808,0.1666567055,1.0,10,0.40454545454545454,252.13243351799093,3.318976914322123,257.77656251836925,viscous,0,TRUE,FALSE
ergun_comb_phi0.405_d10_Re5.2e+00,,,0.11708843506391979,0.08235891271689375,0.1666567055,1.0,10,0.40454545454545454,172.62066782556118,4.941830121374489,178.2936622906455,viscous,0,TRUE,FALSE
ergun_comb_phi0.405_d10_Re8.2e+00,,,0.22717259984708776,0.14106632092230703,0.1666567055,1.0,10,0.40454545454545454,114.15876676232855,8.464485152222514,110.643589703554,viscous,0,TRUE,FALSE
ergun_comb_phi0.405_d10_Re1.3e+01,,,0.3814603510995683,0.2170469079875102,0.1666567055,1.0,10,0.40454545454545454,80.97336685068012,13.023592860325094,77.42088353255845,viscous,0,TRUE,FALSE
ergun_comb_phi0.405_d10_Re2.1e+01,,,0.6157356172439672,0.3390684729047636,0.1666567055,1.0,10,0.40454545454545454,53.557396290127635,20.34532435328644,55.22334183543495,viscous,0,TRUE,FALSE
ergun_comb_phi0.405_d10_Re3.4e+01,,,1.2584157070678788,0.566800337826159,0.1666567055,1.0,10,0.40454545454545454,39.170934218051194,34.01005294840411,39.35923611012505,viscous,0,TRUE,FALSE
ergun_comb_phi0.405_d10_Re5.4e+01,,,2.1028891707828334,0.8769188943073448,0.1666567055,1.0,10,0.40454545454545454,27.346234229111616,52.6182784950915,31.006139019434073,inertial,0,TRUE,FALSE
ergun_comb_phi0.405_d10_Re8.6e+01,,,5.364279710338167,1.4546929989663797,0.1666567055,1.0,10,0.40454545454545454,25.349460321828506,87.2867968079676,24.942454461407944,inertial,0,TRUE,FALSE
ergun_comb_phi0.405_d10_Re1.4e+02,,,10.557557691506208,2.161263734725937,0.1666567055,1.0,10,0.40454545454545454,22.602055180539452,129.68357488177617,21.93370632089038,inertial,0,TRUE,FALSE
ergun_comb_phi0.405_d10_Re2.2e+02,,,26.03581763268746,3.6359566793574416,0.1666567055,1.0,10,0.40454545454545454,19.69399487311776,218.17044015414317,19.42133145688769,inertial,0,TRUE,FALSE
ergun_comb_phi0.405_d10_Re3.5e+02,,,61.904249088626216,5.9773741288112054,0.1666567055,1.0,10,0.40454545454545454,17.326050695983565,358.66388399302696,17.979020128817552,inertial,0,TRUE,FALSE
ergun_comb_phi0.405_d10_Re5.6e+02,,,159.5549440372426,9.481617126247757,0.1666567055,1.0,10,0.40454545454545454,17.747837247905952,568.9310308757878,17.15124825840864,inertial,0,TRUE,FALSE
ergun_comb_phi0.405_d10_Re8.9e+02,,,414.9548725286121,15.166906073086391,0.1666567055,1.0,10,0.40454545454545454,18.03876804314626,910.0687564645511,16.621971974753496,inertial,0,TRUE,FALSE
ergun_comb_phi0.405_d10_Re1.4e+03,,,924.0985112204819,24.15170038901829,0.1666567055,1.0,10,0.40454545454545454,15.842468258095455,1449.188636998365,16.29359497285792,inertial,0,TRUE,FALSE
ergun_comb_phi0.405_d10_Re2.3e+03,,,2423.6396508757953,39.91956945621,0.1666567055,1.0,10,0.40454545454545454,15.208849126290021,2395.3173283033607,16.074643058094665,inertial,0,TRUE,FALSE
ergun_comb_phi0.405_d10_Re3.6e+03,,,5400.448440264832,59.582137190530034,0.1666567055,1.0,10,0.40454545454545454,15.21239766763951,3575.141906938154,15.963968547671534,inertial,0,TRUE,FALSE
ergun_comb_phi0.405_d10_Re5.8e+03,,,15513.127079460155,96.20459226939613,0.1666567055,1.0,10,0.40454545454545454,16.761301704791382,5772.620548376082,15.878433347096438,inertial,0,TRUE,FALSE
ergun_comb_phi0.405_d10_Re9.2e+03,,,41592.49955430916,160.26294742603355,0.1666567055,1.0,10,0.40454545454545454,16.19379992653276,9616.351586047256,15.822810123093124,inertial,0,TRUE,FALSE
ergun_comb_phi0.405_d10_Re1.5e+04,,,89792.00083173442,241.75455329694358,0.1666567055,1.0,10,0.40454545454545454,15.36343488337749,14506.140186297129,15.794651306992506,inertial,0,TRUE,FALSE
ergun_comb_phi0.405_d10_Re2.4e+04,,,246786.37086432776,386.2292899388452,0.1666567055,1.0,10,0.40454545454545454,16.543628157396903,23175.142505072814,15.773936478262273,inertial,0,TRUE,FALSE
ergun_comb_phi0.405_d10_Re3.8e+04,,,615073.6679490289,611.3400216449231,0.1666567055,1.0,10,0.40454545454545454,16.457409620466898,36682.59370727349,15.761172752351449,inertial,0,TRUE,FALSE
ergun_comb_phi0.405_d10_Re6.0e+04,,,1596641.358819285,1002.4417512836387,0.1666567055,1.0,10,0.40454545454545454,15.888726221938827,60150.1000680491,15.752628834467396,inertial,0,TRUE,FALSE
ergun_comb_phi0.405_d10_Re9.6e+04,,,4325360.221618515,1677.140970642157,0.1666567055,1.0,10,0.40454545454545454,15.377408273744951,100634.47285906879,15.74725615667137,inertial,0,TRUE,FALSE
ergun_comb_phi0.405_d10_Re1.5e+05,,,10625363.076075947,2691.0009874141274,0.1666567055,1.0,10,0.40454545454545454,14.672903620830986,161469.70980499356,15.744248668870645,inertial,0,TRUE,FALSE
ergun_comb_phi0.405_d10_Re2.5e+05,,,23153578.489130795,3989.4000722691867,0.1666567055,1.0,10,0.40454545454545454,14.54798820565698,239378.31125968028,15.742629485421245,inertial,0,TRUE,FALSE
ergun_comb_phi0.405_d10_Re3.9e+05,,,66119035.44069127,6387.242923192796,0.1666567055,1.0,10,0.40454545454545454,16.20688840594967,383257.4815414671,15.741369663979425,inertial,0,TRUE,FALSE
ergun_comb_phi0.405_d10_Re6.3e+05,,,181873858.3104048,10667.059356516864,0.1666567055,1.0,10,0.40454545454545454,15.9838301774226,640061.8159655666,15.740528702118807,inertial,0,TRUE,FALSE
ergun_comb_phi0.405_d10_Re1.0e+06,,,418922398.70457286,16799.744984901896,0.1666567055,1.0,10,0.40454545454545454,14.843222684035936,1008044.9469164561,15.740070546934554,inertial,0,TRUE,FALSE
ergun_comb_phi0.468_d6_Re1.0e-06,,,5.18653899333692e-08,2.6692206108699375e-08,0.1666567055,1.0,6,0.46818181818181814,436777198.4854638,9.609768546168474e-07,430190752.7742799,viscous,0,TRUE,FALSE
ergun_comb_phi0.468_d6_Re1.6e-06,,,8.68178321608695e-08,4.6197845964442554e-08,0.1666567055,1.0,6,0.46818181818181814,244071311.4681834,1.6632218605008683e-06,248555753.54836977,viscous,0,TRUE,FALSE
ergun_comb_phi0.468_d6_Re2.6e-06,,,1.2092689212856437e-07,6.822182762753599e-08,0.1666567055,1.0,6,0.46818181818181814,155893297.09761378,2.456132590267818e-06,168314761.05315414,viscous,0,TRUE,FALSE
ergun_comb_phi0.468_d6_Re4.1e-06,,,2.2970297086303668e-07,1.1091056942128056e-07,0.1666567055,1.0,6,0.46818181818181814,112039714.26700789,3.993019149941635e-06,103531530.51865561,viscous,0,TRUE,FALSE
ergun_comb_phi0.468_d6_Re6.5e-06,,,3.264975663364402e-07,1.7969014534360356e-07,0.1666567055,1.0,6,0.46818181818181814,60671213.14276499,6.469231878951438e-06,63903012.6258892,viscous,0,TRUE,FALSE
ergun_comb_phi0.468_d6_Re1.0e-05,,,5.297541069210511e-07,2.835828741212769e-07,0.1666567055,1.0,6,0.46818181818181814,39524427.05028968,1.0209593665150554e-05,40491664.40117503,viscous,0,TRUE,FALSE
ergun_comb_phi0.468_d6_Re1.7e-05,,,8.610602152928129e-07,4.650194929210062e-07,0.1666567055,1.0,6,0.46818181818181814,23891447.189605523,1.6741702346480367e-05,24693038.44050225,viscous,0,TRUE,FALSE
ergun_comb_phi0.468_d6_Re2.7e-05,,,1.3602454132619058e-06,7.174728642568926e-07,0.1666567055,1.0,6,0.46818181818181814,15854682.894663466,2.5830566928741767e-05,16004433.16509872,viscous,0,TRUE,FALSE
ergun_comb_phi0.468_d6_Re4.2e-05,,,2.367889937666745e-06,1.1937033539913452e-06,0.1666567055,1.0,6,0.46818181818181814,9970568.789293678,4.297588928366324e-05,9619434.162007902,viscous,0,TRUE,FALSE
ergun_comb_phi0.468_d6_Re6.8e-05,,,3.575306874257017e-06,1.9114053931267623e-06,0.1666567055,1.0,6,0.46818181818181814,5871633.777846488,6.881470700115678e-05,6007494.471236426,viscous,0,TRUE,FALSE
ergun_comb_phi0.468_d6_Re1.1e-04,,,5.248566103382318e-06,2.854203728977075e-06,0.1666567055,1.0,6,0.46818181818181814,3865645.1338539203,0.0001027574757492278,4023106.6076766853,viscous,0,TRUE,FALSE
ergun_comb_phi0.468_d6_Re1.7e-04,,,8.661584468530476e-06,4.837945002497593e-06,0.1666567055,1.0,6,0.46818181818181814,2220377.1092490368,0.0001741764300926107,2373483.755241118,viscous,0,TRUE,FALSE
ergun_comb_phi0.468_d6_Re2.8e-04,,,1.4345860589272485e-05,7.720418489037793e-06,0.1666567055,1.0,6,0.46818181818181814,1444096.356552645,0.0002779516779432962,1487329.9976582713,viscous,0,TRUE,FALSE
ergun_comb_phi0.468_d6_Re4.4e-04,,,2.434235617553105e-05,1.2026919962558418e-05,0.1666567055,1.0,6,0.46818181818181814,1009729.4460061786,0.0004329949974641164,954762.2420760181,viscous,0,TRUE,FALSE
ergun_comb_phi0.468_d6_Re7.0e-04,,,4.033060764632974e-05,1.9677911377298985e-05,0.1666567055,1.0,6,0.46818181818181814,624925.1673070556,0.0007084471513436577,583543.5598374049,viscous,0,TRUE,FALSE
ergun_comb_phi0.468_d6_Re1.1e-03,,,6.148087711191285e-05,3.035859216422421e-05,0.1666567055,1.0,6,0.46818181818181814,400246.966686496,0.0010929746417274837,378245.975829465,viscous,0,TRUE,FALSE
ergun_comb_phi0.468_d6_Re1.8e-03,,,8.445576322574961e-05,5.1256988709825964e-05,0.1666567055,1.0,6,0.46818181818181814,192874.3008497465,0.0018453618852975332,224031.98341878862,viscous,0,TRUE,FALSE
ergun_comb_phi0.468_d6_Re2.9e-03,,,0.00016427032205442674,7.946000647917008e-05,0.1666567055,1.0,6,0.46818181818181814,156103.689140199,0.002860731210572385,144518.74755198797,viscous,0,TRUE,FALSE
ergun_comb_phi0.468_d6_Re4.6e-03,,,0.00024388296385307573,0.00013026437855399671,0.1666567055,1.0,6,0.46818181818181814,86234.56376654799,0.004689797923096352,88158.57018823287,viscous,0,TRUE,FALSE
ergun_comb_phi0.468_d6_Re7.3e-03,,,0.00036200411082244863,0.00020185770634638,0.1666567055,1.0,6,0.46818181818181814,53305.75321199511,0.00726731177389247,56894.387857874535,viscous,0,TRUE,FALSE
ergun_comb_phi0.468_d6_Re1.2e-02,,,0.0005717734597714719,0.00032670509158094253,0.1666567055,1.0,6,0.46818181818181814,32141.299920445315,0.01176208628152472,35156.17959189335,viscous,0,TRUE,FALSE
ergun_comb_phi0.468_d6_Re1.9e-02,,,0.0010185887271463862,0.0005030715055471068,0.1666567055,1.0,6,0.46818181818181814,24148.52880774612,0.01811165667908058,22834.33310554392,viscous,0,TRUE,FALSE
ergun_comb_phi0.468_d6_Re3.0e-02,,,0.0015569201476651193,0.0008279037974167313,0.1666567055,1.0,6,0.46818181818181814,13628.806951787632,0.029806318141218674,13878.723906377933,viscous,0,TRUE,FALSE
ergun_comb_phi0.468_d6_Re4.8e-02,,,0.0028983023926523644,0.001319039330057602,0.1666567055,1.0,6,0.46818181818181814,9994.923061432004,0.04748825411255722,8714.450019114402,viscous,0,TRUE,FALSE
ergun_comb_phi0.468_d6_Re7.6e-02,,,0.004020808697018625,0.00218029253156105,0.1666567055,1.0,6,0.46818181818181814,5074.989250837373,0.07849522256016454,5275.6741681991525,viscous,0,TRUE,FALSE
ergun_comb_phi0.468_d6_Re1.2e-01,,,0.006781330653001416,0.0035492215621521317,0.1666567055,1.0,6,0.46818181818181814,3229.9808585696346,0.12777961324162135,3244.3530368678353,viscous,0,TRUE,FALSE
ergun_comb_phi0.468_d6_Re1.9e-01,,,0.010291712776294272,0.0055137209758057215,0.1666567055,1.0,6,0.46818181818181814,2031.1843343567573,0.1985058192263037,2091.644422246007,viscous,0,TRUE,FALSE
ergun_comb_phi0.468_d6_Re3.1e-01,,,0.016793782462985005,0.008374864618304194,0.1666567055,1.0,6,0.46818181818181814,1436.6275252111293,0.3015131467951955,1380.1645585430308,viscous,0,TRUE,FALSE
ergun_comb_phi0.468_d6_Re5.0e-01,,,0.02500833075765776,0.013445256692306243,0.1666567055,1.0,6,0.46818181818181814,830.0375865324627,0.48405817162776843,863.105464556698,viscous,0,TRUE,FALSE
ergun_comb_phi0.468_d6_Re7.9e-01,,,0.041496407097497724,0.02257742255195139,0.1666567055,1.0,6,0.46818181818181814,488.4420256314187,0.812835792627068,517.6628893212402,viscous,0,TRUE,FALSE
ergun_comb_phi0.468_d6_Re1.3e+00,,,0.06791937855141279,0.03364149272335933,0.1666567055,1.0,6,0.46818181818181814,360.07621784836385,1.2111661258067772,350.3956713278039,viscous,0,TRUE,FALSE
ergun_comb_phi0.468_d6_Re2.0e+00,,,0.10152165090531916,0.052871461370516355,0.1666567055,1.0,6,0.46818181818181814,217.90504880624195,1.903486375008764,226.251156644031,viscous,0,TRUE,FALSE
ergun_comb_phi0.468_d6_Re3.2e+00,,,0.16960315793899228,0.08858948471284249,0.1666567055,1.0,6,0.46818181818181814,129.66442353453334,3.189412071253592,138.6863772439679,viscous,0,TRUE,FALSE
ergun_comb_phi0.468_d6_Re5.2e+00,,,0.3036458448627921,0.1383495187017613,0.1666567055,1.0,6,0.46818181818181814,95.18385449063994,4.980880365540213,92.06701035207908,viscous,0,TRUE,FALSE
ergun_comb_phi0.468_d6_Re8.2e+00,,,0.4974382998328863,0.23053459243188157,0.1666567055,1.0,6,0.46818181818181814,56.15885790579679,8.299741378190687,58.87814660864762,viscous,0,TRUE,FALSE
ergun_comb_phi0.468_d6_Re1.3e+01,,,0.9900694905229072,0.37086358278318077,0.1666567055,1.0,6,0.46818181818181814,43.190531549464175,13.351886982423785,40.03112882494823,viscous,0,TRUE,FALSE
ergun_comb_phi0.468_d6_Re2.1e+01,,,1.5542473917736397,0.5610441404250213,0.1666567055,1.0,6,0.46818181818181814,29.626294509057146,20.19879627675784,29.53569421379012,viscous,0,TRUE,FALSE
ergun_comb_phi0.468_d6_Re3.4e+01,,,3.471769265472252,0.9882088387174702,0.1666567055,1.0,6,0.46818181818181814,21.330676859396018,35.577644562911516,20.688712677470356,viscous,0,TRUE,FALSE
ergun_comb_phi0.468_d6_Re5.4e+01,,,6.365386356704867,1.5243425109663031,0.1666567055,1.0,6,0.46818181818181814,16.436558752632276,54.87961038446076,16.601875644734186,inertial,0,TRUE,FALSE
ergun_comb_phi0.468_d6_Re8.6e+01,,,13.314840505984128,2.319948766733691,0.1666567055,1.0,6,0.46818181818181814,14.84329882225501,83.52314753037132,14.018528528075667,inertial,0,TRUE,FALSE
ergun_comb_phi0.468_d6_Re1.4e+02,,,29.975159784062786,3.870633369167838,0.1666567055,1.0,6,0.46818181818181814,12.004627384546275,139.35112988902225,12.035593085730333,inertial,0,TRUE,FALSE
ergun_comb_phi0.468_d6_Re2.2e+02,,,59.98799296537484,5.9784941786337535,0.1666567055,1.0,6,0.46818181818181814,10.07005774284939,215.2386545994846,10.989636609188457,inertial,0,TRUE,FALSE
ergun_comb_phi0.468_d6_Re3.5e+02,,,156.19596358586426,9.729167934501945,0.1666567055,1.0,6,0.46818181818181814,9.900785632720325,350.27098028774884,10.24920097677562,inertial,0,TRUE,FALSE
ergun_comb_phi0.468_d6_Re5.6e+02,,,401.521682943554,15.40693840824621,0.1666567055,1.0,6,0.46818181818181814,10.149100674948603,554.6829344318057,9.814259006934792,inertial,0,TRUE,FALSE
ergun_comb_phi0.468_d6_Re8.9e+02,,,1054.932242415175,25.322569038936603,0.1666567055,1.0,6,0.46818181818181814,9.870980381572034,911.666973001693,9.522421060035866,inertial,0,TRUE,FALSE
ergun_comb_phi0.468_d6_Re1.4e+03,,,2942.5693516813685,42.227442063075934,0.1666567055,1.0,6,0.46818181818181814,9.901213109484399,1520.278776772385,9.340888343915154,inertial,0,TRUE,FALSE
ergun_comb_phi0.468_d6_Re2.3e+03,,,5626.440070135261,61.64292190737381,0.1666567055,1.0,6,0.46818181818181814,8.884203852417604,2219.277828243418,9.255240651066014,inertial,0,TRUE,FALSE
ergun_comb_phi0.468_d6_Re3.6e+03,,,17247.207103056793,107.97585862797389,0.1666567055,1.0,6,0.46818181818181814,8.875987792045164,3887.3632466462227,9.175307768188908,inertial,0,TRUE,FALSE
ergun_comb_phi0.468_d6_Re5.8e+03,,,42886.66310551361,160.6232371578765,0.1666567055,1.0,6,0.46818181818181814,9.973710498591403,5782.782157224745,9.14045099007218,inertial,0,TRUE,FALSE
ergun_comb_phi0.468_d6_Re9.2e+03,,,110787.80357195063,270.47168303104996,0.1666567055,1.0,6,0.46818181818181814,9.086562032421606,9737.562574020161,9.111416829764314,inertial,0,TRUE,FALSE
ergun_comb_phi0.468_d6_Re1.5e+04,,,238703.78030222177,413.34748903490305,0.1666567055,1.0,6,0.46818181818181814,8.382623098715383,14881.399021831849,9.096742201201632,inertial,0,TRUE,FALSE
ergun_comb_phi0.468_d6_Re2.4e+04,,,605023.7608557803,637.8494319048228,0.1666567055,1.0,6,0.46818181818181814,8.92251599397968,22963.952035094902,9.086964603636863,inertial,0,TRUE,FALSE
ergun_comb_phi0.468_d6_Re3.8e+04,,,1631730.6685784122,1046.8127002876006,0.1666567055,1.0,6,0.46818181818181814,8.934325288730768,37687.50967974465,9.07993157026512,inertial,0,TRUE,FALSE
ergun_comb_phi0.468_d6_Re6.0e+04,,,4764101.260984918,1680.0289752092315,0.1666567055,1.0,6,0.46818181818181814,10.127416944969905,60484.65809409264,9.07579717642622,inertial,0,TRUE,FALSE
ergun_comb_phi0.468_d6_Re9.6e+04,,,11268269.172514005,2708.7704910167436,0.1666567055,1.0,6,0.46818181818181814,9.21433598070294,97521.56624805272,9.073201426704502,inertial,0,TRUE,FALSE
ergun_comb_phi0.468_d6_Re1.5e+05,,,27294446.899083555,4267.131387344331,0.1666567055,1.0,6,0.46818181818181814,8.99401314581704,153625.91170426077,9.071653304112724,inertial,0,TRUE,FALSE
ergun_comb_phi0.468_d6_Re2.5e+05,,,71959955.53227478,7072.384791090393,0.1666567055,1.0,6,0.46818181818181814,8.63197896974372,254621.07041676974,9.070585932293302,inertial,0,TRUE,FALSE
ergun_comb_phi0.468_d6_Re3.9e+05,,,168334834.99199545,10845.653518982608,0.1666567055,1.0,6,0.46818181818181814,8.586452974478574,390466.86371641763,9.070021071203186,inertial,0,TRUE,FALSE
ergun_comb_phi0.468_d6_Re6.3e+05,,,462228639.5531788,17434.797596073488,0.1666567055,1.0,6,0.46818181818181814,9.123769003982144,627690.2286205395,9.069620940479997,inertial,0,TRUE,FALSE
ergun_comb_phi0.468_d6_Re1.0e+06,,,1308464169.0375845,28553.84968118271,0.1666567055,1.0,6,0.46818181818181814,9.629056766627519,1028000.0290003108,9.069364473346942,inertial,0,TRUE,FALSE
ergun_comb_phi0.468_d10_Re1.0e-06,,,1.2702390270851355e-08,1.700050208399823e-08,0.1666567055,1.0,10,0.46818181818181814,439503113.8525199,1.0200910928242387e-06,405261216.3074885,viscous,0,TRUE,FALSE
ergun_comb_phi0.468_d10_Re1.6e-06,,,1.9541310859478514e-08,2.7919585667882476e-08,0.1666567055,1.0,10,0.46818181818181814,250689275.66199416,1.6752752662497866e-06,246767424.60936415,viscous,0,TRUE,FALSE
ergun_comb_phi0.468_d10_Re2.6e-06,,,2.6891666170323817e-08,4.299982893558655e-08,0.1666567055,1.0,10,0.46818181818181814,145440130.5285103,2.58014394359827e-06,160224925.51090547,viscous,0,TRUE,FALSE
ergun_comb_phi0.468_d10_Re4.1e-06,,,4.7233588176688385e-08,6.857482051739762e-08,0.1666567055,1.0,10,0.46818181818181814,100443440.34086637,4.114735156419951e-06,100469014.25541092,viscous,0,TRUE,FALSE
ergun_comb_phi0.468_d10_Re6.5e-06,,,6.953643183638712e-08,1.031295184326018e-07,0.1666567055,1.0,10,0.46818181818181814,65380226.698561,6.18814095257642e-06,66805751.04209867,viscous,0,TRUE,FALSE
ergun_comb_phi0.468_d10_Re1.0e-05,,,1.1548971354067544e-07,1.7833889166445512e-07,0.1666567055,1.0,10,0.46818181818181814,36312084.267748356,1.0700973064924478e-05,38632322.715864874,viscous,0,TRUE,FALSE
ergun_comb_phi0.468_d10_Re1.7e-05,,,2.0300863188530197e-07,2.87744758993649e-07,0.1666567055,1.0,10,0.46818181818181814,24518825.355232686,1.726571745975436e-05,23943604.15760222,viscous,0,TRUE,FALSE
ergun_comb_phi0.468_d10_Re2.7e-05,,,3.0038788299462267e-07,4.3911267711711754e-07,0.1666567055,1.0,10,0.46818181818181814,15578672.931944557,2.6348335387988187e-05,15689931.854736602,viscous,0,TRUE,FALSE
ergun_comb_phi0.468_d10_Re4.2e-05,,,4.643754831446194e-07,7.240264287114718e-07,0.1666567055,1.0,10,0.46818181818181814,8858505.198871046,4.3444182251128915e-05,9515744.579451218,viscous,0,TRUE,FALSE
ergun_comb_phi0.468_d10_Re6.8e-05,,,7.93330777089523e-07,1.1992784129043122e-06,0.1666567055,1.0,10,0.46818181818181814,5515873.151233565,7.196100566768447e-05,5744833.560164035,viscous,0,TRUE,FALSE
ergun_comb_phi0.468_d10_Re1.1e-04,,,1.2896052178801645e-06,1.7609634775438999e-06,0.1666567055,1.0,10,0.46818181818181814,4158685.5571488133,0.00010566412388032596,3912437.7400166094,viscous,0,TRUE,FALSE
ergun_comb_phi0.468_d10_Re1.7e-04,,,2.1696184754403743e-06,2.9471645799164353e-06,0.1666567055,1.0,10,0.46818181818181814,2497897.3793539065,0.00017684044401780372,2337728.531652654,viscous,0,TRUE,FALSE
ergun_comb_phi0.468_d10_Re2.8e-04,,,3.3304391258010525e-06,4.743825144397308e-06,0.1666567055,1.0,10,0.46818181818181814,1479940.1568493585,0.000284646521132467,1452348.4340334085,viscous,0,TRUE,FALSE
ergun_comb_phi0.468_d10_Re4.4e-04,,,4.755476335599255e-06,7.06741821075291e-06,0.1666567055,1.0,10,0.46818181818181814,952077.8082631382,0.00042407043806304626,974855.0159221084,viscous,0,TRUE,FALSE
ergun_comb_phi0.468_d10_Re7.0e-04,,,8.122622416653065e-06,1.1799561090576924e-05,0.1666567055,1.0,10,0.46818181818181814,583397.4938125503,0.0007080159814257773,583898.9226047881,viscous,0,TRUE,FALSE
ergun_comb_phi0.468_d10_Re1.1e-03,,,1.2788237965831397e-05,1.761671313340194e-05,0.1666567055,1.0,10,0.46818181818181814,412060.46113982634,0.0010570659656656863,391094.7355137813,viscous,0,TRUE,FALSE
ergun_comb_phi0.468_d10_Re1.8e-03,,,2.3368028508927177e-05,3.1522078704983185e-05,0.1666567055,1.0,10,0.46818181818181814,235175.6622647472,0.0018914377678600628,218574.73091320417,viscous,0,TRUE,FALSE
ergun_comb_phi0.468_d10_Re2.9e-03,,,3.264965307254467e-05,4.6364799539829084e-05,0.1666567055,1.0,10,0.46818181818181814,151880.42301533354,0.0027820542474259508,148605.50562553058,viscous,0,TRUE,FALSE
ergun_comb_phi0.468_d10_Re4.6e-03,,,5.371183128362234e-05,7.16364325299408e-05,0.1666567055,1.0,10,0.46818181818181814,104665.14025010046,0.004298442856830672,96184.20994722821,viscous,0,TRUE,FALSE
ergun_comb_phi0.468_d10_Re7.3e-03,,,8.093416287608505e-05,0.0001150681781083092,0.1666567055,1.0,10,0.46818181818181814,61125.356526560856,0.00690450334795015,59883.5200180967,viscous,0,TRUE,FALSE
ergun_comb_phi0.468_d10_Re1.2e-02,,,0.00014829251955556655,0.00020172812914694274,0.1666567055,1.0,10,0.46818181818181814,36440.66740622761,0.012104411193160344,34162.18398578643,viscous,0,TRUE,FALSE
ergun_comb_phi0.468_d10_Re1.9e-02,,,0.00020179465150672835,0.0003144059584336839,0.1666567055,1.0,10,0.46818181818181814,20414.000231884045,0.018865485039465387,21922.27961694108,viscous,0,TRUE,FALSE
ergun_comb_phi0.468_d10_Re3.0e-02,,,0.00033708107873392566,0.000495542446808405,0.1666567055,1.0,10,0.46818181818181814,13726.905797940179,0.029734323939843214,13912.305794201247,viscous,0,TRUE,FALSE
ergun_comb_phi0.468_d10_Re4.8e-02,,,0.0005816909024004026,0.0008027645476377543,0.1666567055,1.0,10,0.46818181818181814,9026.427585962972,0.048168751760051705,8591.465903619886,viscous,0,TRUE,FALSE
ergun_comb_phi0.468_d10_Re7.6e-02,,,0.0009926824313731988,0.0012936129235007394,0.1666567055,1.0,10,0.46818181818181814,5932.006858685891,0.07762141460913131,5334.961950147152,viscous,0,TRUE,FALSE
ergun_comb_phi0.468_d10_Re1.2e-01,,,0.0013999566845369286,0.0020662424383554043,0.1666567055,1.0,10,0.46818181818181814,3279.08023995143,0.12398195633090828,3343.4521258594286,viscous,0,TRUE,FALSE
ergun_comb_phi0.468_d10_Re1.9e-01,,,0.002314728649731871,0.0033977789333286606,0.1666567055,1.0,10,0.46818181818181814,2004.9790928817804,0.20387892123120485,2036.7594429089677,viscous,0,TRUE,FALSE
ergun_comb_phi0.468_d10_Re3.1e-01,,,0.0036484833739468597,0.005212193965851333,0.1666567055,1.0,10,0.46818181818181814,1342.9852204767458,0.3127503301000591,1330.9008134393644,viscous,0,TRUE,FALSE
ergun_comb_phi0.468_d10_Re5.0e-01,,,0.005438149835244904,0.007706548481180469,0.1666567055,1.0,10,0.46818181818181814,915.653879187236,0.4624205463596225,903.0676201009882,viscous,0,TRUE,FALSE
ergun_comb_phi0.468_d10_Re7.9e-01,,,0.009227419574431971,0.013301448654420928,0.1666567055,1.0,10,0.46818181818181814,521.5337088677884,0.7981346213771715,527.0308909303595,viscous,0,TRUE,FALSE
ergun_comb_phi0.468_d10_Re1.3e+00,,,0.013925499058365617,0.02097378940535225,0.1666567055,1.0,10,0.46818181818181814,316.560674230258,1.2585025812449084,337.5572419188354,viscous,0,TRUE,FALSE
ergun_comb_phi0.468_d10_Re2.0e+00,,,0.02616251476293812,0.033727328212833585,0.1666567055,1.0,10,0.46818181818181814,229.99352449617527,2.0237606468725966,213.34378524945768,viscous,0,TRUE,FALSE
ergun_comb_phi0.468_d10_Re3.2e+00,,,0.0384041434627952,0.05345492847493919,0.1666567055,1.0,10,0.46818181818181814,134.40102406369655,3.2074874103964084,137.95593673598938,viscous,0,TRUE,FALSE
ergun_comb_phi0.468_d10_Re5.2e+00,,,0.07136105679087203,0.08428866977978004,0.1666567055,1.0,10,0.46818181818181814,100.44373948204691,5.057622465708711,90.80763511039507,viscous,0,TRUE,FALSE
ergun_comb_phi0.468_d10_Re8.2e+00,,,0.11101223267942169,0.13164967356693422,0.1666567055,1.0,10,0.46818181818181814,64.05178896832226,7.899452540596047,61.402126640676904,viscous,0,TRUE,FALSE
ergun_comb_phi0.468_d10_Re1.3e+01,,,0.21486486345046024,0.2197447085798986,0.1666567055,1.0,10,0.46818181818181814,44.496776413025195,13.185470570813523,40.42190840434151,viscous,0,TRUE,FALSE
ergun_comb_phi0.468_d10_Re2.1e+01,,,0.36912815822384953,0.3638655594600941,0.1666567055,1.0,10,0.46818181818181814,27.880160799594126,21.833238474769566,28.00354907256994,viscous,0,TRUE,FALSE
ergun_comb_phi0.468_d10_Re3.4e+01,,,0.6721103185436327,0.533535082283698,0.1666567055,1.0,10,0.46818181818181814,23.61101189442646,32.01401831885474,21.982160031536516,viscous,0,TRUE,FALSE
ergun_comb_phi0.468_d10_Re5.4e+01,,,1.3540650747663991,0.9324659053891144,0.1666567055,1.0,10,0.46818181818181814,15.573047706079569,55.95129836459623,16.45759065241512,inertial,0,TRUE,FALSE
ergun_comb_phi0.468_d10_Re8.6e+01,,,2.817035525675195,1.457926755386608,0.1666567055,1.0,10,0.46818181818181814,13.253204881765768,87.48083379018962,13.794607135407283,inertial,0,TRUE,FALSE
ergun_comb_phi0.468_d10_Re1.4e+02,,,5.556417544558981,2.224862405880972,0.1666567055,1.0,10,0.46818181818181814,11.225057092038004,133.49972323081664,12.165623040372003,inertial,0,TRUE,FALSE
ergun_comb_phi0.468_d10_Re2.2e+02,,,15.47613645479934,3.7407657313175173,0.1666567055,1.0,10,0.46818181818181814,11.059653694252862,224.45935914156885,10.910736045106443,inertial,0,TRUE,FALSE
ergun_comb_phi0.468_d10_Re3.5e+02,,,38.28258330096836,5.897099137288506,0.1666567055,1.0,10,0.46818181818181814,11.008404482643387,353.84709661673384,10.237273026152021,inertial,0,TRUE,FALSE
ergun_comb_phi0.468_d10_Re5.6e+02,,,90.44023177325126,9.468842743241776,0.1666567055,1.0,10,0.46818181818181814,10.087135594423696,568.1645220834979,9.796574371436181,inertial,0,TRUE,FALSE
ergun_comb_phi0.468_d10_Re8.9e+02,,,207.5627539626385,15.161336961481826,0.1666567055,1.0,10,0.46818181818181814,9.029722922809839,909.7345897961378,9.52338425968125,inertial,0,TRUE,FALSE
ergun_comb_phi0.468_d10_Re1.4e+03,,,493.0883834568973,23.654628115545417,0.1666567055,1.0,10,0.46818181818181814,8.81236591050509,1419.3625179723367,9.360222203760573,inertial,0,TRUE,FALSE
ergun_comb_phi0.468_d10_Re2.3e+03,,,1248.805292104838,36.81545538511003,0.1666567055,1.0,10,0.46818181818181814,9.21370656484296,2209.05935195689,9.256102321262686,inertial,0,TRUE,FALSE
ergun_comb_phi0.468_d10_Re3.6e+03,,,3957.9382196628903,62.370608947383154,0.1666567055,1.0,10,0.46818181818181814,10.174405500405838,3742.4602124625076,9.179425320757774,inertial,0,TRUE,FALSE
ergun_comb_phi0.468_d10_Re5.8e+03,,,8046.942546162592,93.41053397373199,0.1666567055,1.0,10,0.46818181818181814,9.222298842893832,5604.96703048843,9.14271893653423,inertial,0,TRUE,FALSE
ergun_comb_phi0.468_d10_Re9.2e+03,,,22138.453851973187,153.81567899339456,0.1666567055,1.0,10,0.46818181818181814,9.357203457466982,9229.492358673475,9.113753888617318,inertial,0,TRUE,FALSE
ergun_comb_phi0.468_d10_Re1.5e+04,,,58149.657953650785,250.55463418083036,0.1666567055,1.0,10,0.46818181818181814,9.262799958224708,15034.176598482583,9.096459901644327,inertial,0,TRUE,FALSE
ergun_comb_phi0.468_d10_Re2.4e+04,,,135268.46274000165,382.0348352945655,0.1666567055,1.0,10,0.46818181818181814,9.268098143276868,22923.460184118754,9.086996402735886,inertial,0,TRUE,FALSE
ergun_comb_phi0.468_d10_Re3.8e+04,,,368434.59391668043,645.2380289051519,0.1666567055,1.0,10,0.46818181818181814,8.849535781066217,38716.59570908485,9.0796400081668,inertial,0,TRUE,FALSE
ergun_comb_phi0.468_d10_Re6.0e+04,,,1016904.7091642047,1064.7729084364464,0.1666567055,1.0,10,0.46818181818181814,8.969459500330036,63890.19303135369,9.07543285903869,inertial,0,TRUE,FALSE
ergun_comb_phi0.468_d10_Re9.6e+04,,,2277369.49046941,1572.5888070401604,0.1666567055,1.0,10,0.46818181818181814,9.208802052677118,94360.96809438973,9.073343414238252,inertial,0,TRUE,FALSE
ergun_comb_phi0.468_d10_Re1.5e+05,,,5467822.772718652,2540.4308592428447,0.1666567055,1.0,10,0.46818181818181814,8.472267709057887,152434.9621349526,9.071674328255657,inertial,0,TRUE,FALSE
ergun_comb_phi0.468_d10_Re2.5e+05,,,16402633.820468452,4086.1330937973225,0.1666567055,1.0,10,0.46818181818181814,9.824004954733532,245182.63945865186,9.070648433692083,inertial,0,TRUE,FALSE
ergun_comb_phi0.468_d10_Re3.9e+05,,,42418919.170163244,6936.3946309791845,0.1666567055,1.0,10,0.46818181818181814,8.816414734950069,416208.5533953619,9.069955590120047,inertial,0,TRUE,FALSE
ergun_comb_phi0.468_d10_Re6.3e+05,,,104935269.41153859,10720.810876942101,0.1666567055,1.0,10,0.46818181818181814,9.129904026594824,643287.0999566292,9.069604972084942,inertial,0,TRUE,FALSE
ergun_comb_phi0.468_d10_Re1.0e+06,,,272986299.50468063,16808.2115017865,0.1666567055,1.0,10,0.46818181818181814,9.662685466845188,1008552.9682924459,9.069372227531268,inertial,0,TRUE,FALSE
ergun_comb_phi0.532_d6_Re1.0e-06,,,2.9058632522137566e-08,2.849528735362346e-08,0.1666567055,1.0,6,0.5318181818181817,214723877.71395287,1.0258916591972398e-06,213073439.40646186,viscous,0,TRUE,FALSE
ergun_comb_phi0.532_d6_Re1.6e-06,,,4.1276712033122655e-08,4.314802452755484e-08,0.1666567055,1.0,6,0.5318181818181817,133025381.17555895,1.5534217263482928e-06,140715340.49604335,viscous,0,TRUE,FALSE
ergun_comb_phi0.532_d6_Re2.6e-06,,,7.27437053487046e-08,7.073219273255309e-08,0.1666567055,1.0,6,0.5318181818181817,87239351.00084005,2.546511135702959e-06,85839119.06049405,viscous,0,TRUE,FALSE
ergun_comb_phi0.532_d6_Re4.1e-06,,,1.2092836079401908e-07,1.1492030681184777e-07,0.1666567055,1.0,6,0.5318181818181817,54939646.76231893,4.137378323916805e-06,52833041.631327115,viscous,0,TRUE,FALSE
ergun_comb_phi0.532_d6_Re6.5e-06,,,1.6709472397494493e-07,1.8620601956018933e-07,0.1666567055,1.0,6,0.5318181818181817,28915223.57379021,6.703817371219641e-06,32606839.224179894,viscous,0,TRUE,FALSE
ergun_comb_phi0.532_d6_Re1.0e-05,,,2.849690147407014e-07,2.9675050661737864e-07,0.1666567055,1.0,6,0.5318181818181817,19416276.72890852,1.0683656768339704e-05,20460252.667220574,viscous,0,TRUE,FALSE
ergun_comb_phi0.532_d6_Re1.7e-05,,,4.908931368122284e-07,4.77007865254247e-07,0.1666567055,1.0,6,0.5318181818181817,12944555.160955917,1.7173309546344547e-05,12728493.110183328,viscous,0,TRUE,FALSE
ergun_comb_phi0.532_d6_Re2.7e-05,,,7.39641294261594e-07,7.50958288423363e-07,0.1666567055,1.0,6,0.5318181818181817,7869384.584467258,2.703611425068149e-05,8085126.580554429,viscous,0,TRUE,FALSE
ergun_comb_phi0.532_d6_Re4.2e-05,,,1.0941537558716137e-06,1.1870603618312717e-06,0.1666567055,1.0,6,0.5318181818181817,4658906.5491601685,4.273672727190464e-05,5114815.884115452,viscous,0,TRUE,FALSE
ergun_comb_phi0.532_d6_Re6.8e-05,,,1.933826842323544e-06,1.9428971150881883e-06,0.1666567055,1.0,6,0.5318181818181817,3073754.854763648,6.994847675378492e-05,3125023.586706712,viscous,0,TRUE,FALSE
ergun_comb_phi0.532_d6_Re1.1e-04,,,2.9650986649849765e-06,2.7786711278861372e-06,0.1666567055,1.0,6,0.5318181818181817,2304178.4081880646,0.00010003813958338942,2185074.657731983,viscous,0,TRUE,FALSE
ergun_comb_phi0.532_d6_Re1.7e-04,,,4.885783687825895e-06,5.044360135309278e-06,0.1666567055,1.0,6,0.5318181818181817,1152055.2724010323,0.00018160781902565372,1203644.474664884,viscous,0,TRUE,FALSE
ergun_comb_phi0.532_d6_Re2.8e-04,,,7.745031051099113e-06,7.946020925690915e-06,0.1666567055,1.0,6,0.5318181818181817,735995.2386616978,0.0002860738511007317,764109.7434071664,viscous,0,TRUE,FALSE
ergun_comb_phi0.532_d6_Re4.4e-04,,,1.1365622595661246e-05,1.1434290362778429e-05,0.1666567055,1.0,6,0.5318181818181817,521586.14692933887,0.0004116590566868644,531003.7456503941,viscous,0,TRUE,FALSE
ergun_comb_phi0.532_d6_Re7.0e-04,,,2.0111161805564354e-05,1.9741418122156354e-05,0.1666567055,1.0,6,0.5318181818181817,309621.9322938808,0.0007107335308085645,307561.302001463,viscous,0,TRUE,FALSE
ergun_comb_phi0.532_d6_Re1.1e-03,,,3.217131407347006e-05,3.132339016790478e-05,0.1666567055,1.0,6,0.5318181818181817,196735.40813945205,0.0011277094458550223,193841.0662538404,viscous,0,TRUE,FALSE
ergun_comb_phi0.532_d6_Re1.8e-03,,,5.025852531127294e-05,5.0203072569723987e-05,0.1666567055,1.0,6,0.5318181818181817,119646.6093530755,0.001807418636499711,120946.02734469328,viscous,0,TRUE,FALSE
ergun_comb_phi0.532_d6_Re2.9e-03,,,7.813995401872748e-05,7.824621925985079e-05,0.1666567055,1.0,6,0.5318181818181817,76576.88166237353,0.0028170322589216473,77601.38442800114,viscous,0,TRUE,FALSE
ergun_comb_phi0.532_d6_Re4.6e-03,,,0.00012552461033953001,0.00012592344816759877,0.1666567055,1.0,6,0.5318181818181817,47497.08067602525,0.004533515088629858,48221.95334103719,viscous,0,TRUE,FALSE
ergun_comb_phi0.532_d6_Re7.3e-03,,,0.0001937106718682286,0.00019665641778808575,0.1666567055,1.0,6,0.5318181818181817,30053.0497215667,0.007080054193970098,30879.541069155253,viscous,0,TRUE,FALSE
ergun_comb_phi0.532_d6_Re1.2e-02,,,0.0003346079891248561,0.0003254913589622611,0.1666567055,1.0,6,0.5318181818181817,18949.97447311928,0.01171838929561443,18659.056639959086,viscous,0,TRUE,FALSE
ergun_comb_phi0.532_d6_Re1.9e-02,,,0.0005192641827448259,0.0005176351508137039,0.1666567055,1.0,6,0.5318181818181817,11627.653929473401,0.01863597924586493,11734.92239476914,viscous,0,TRUE,FALSE
ergun_comb_phi0.532_d6_Re3.0e-02,,,0.0008879244047106033,0.0008418041687110394,0.1666567055,1.0,6,0.5318181818181817,7518.048082866888,0.03030676141780708,7218.037545025757,viscous,0,TRUE,FALSE
ergun_comb_phi0.532_d6_Re4.8e-02,,,0.0012536504671902381,0.0013505115160060888,0.1666567055,1.0,6,0.5318181818181817,4124.118481214432,0.04862132052668311,4501.216752611675,viscous,0,TRUE,FALSE
ergun_comb_phi0.532_d6_Re7.6e-02,,,0.002189675960660322,0.002084942473301783,0.1666567055,1.0,6,0.5318181818181817,3022.337415568649,0.07506241529423908,2917.5603816556604,viscous,0,TRUE,FALSE
ergun_comb_phi0.532_d6_Re1.2e-01,,,0.003600635726648089,0.0034287224504515913,0.1666567055,1.0,6,0.5318181818181817,1837.6625910097068,0.12344138593757062,1776.2491164919204,viscous,0,TRUE,FALSE
ergun_comb_phi0.532_d6_Re1.9e-01,,,0.005304389669334487,0.005443807617379085,0.1666567055,1.0,6,0.5318181818181817,1073.9427562540334,0.1959887878875327,1120.7672945960433,viscous,0,TRUE,FALSE
ergun_comb_phi0.532_d6_Re3.1e-01,,,0.008515716753063297,0.008935637799580209,0.1666567055,1.0,6,0.5318181818181817,639.9136066830666,0.3217021879595553,684.927245309744,viscous,0,TRUE,FALSE
ergun_comb_phi0.532_d6_Re5.0e-01,,,0.014511506706336733,0.014171965006771784,0.1666567055,1.0,6,0.5318181818181817,433.51448652210456,0.5102212346363147,433.8695746982303,viscous,0,TRUE,FALSE
ergun_comb_phi0.532_d6_Re7.9e-01,,,0.021254691190298856,0.021027597657386144,0.1666567055,1.0,6,0.5318181818181817,288.42090326120194,0.7570387616015659,294.19088427945263,viscous,0,TRUE,FALSE
ergun_comb_phi0.532_d6_Re1.3e+00,,,0.036929894990255875,0.03639568850757465,0.1666567055,1.0,6,0.5318181818181817,167.27438591030491,1.3103231003534261,172.2687189287061,viscous,0,TRUE,FALSE
ergun_comb_phi0.532_d6_Re2.0e+00,,,0.05655054843678093,0.054073384030053497,0.1666567055,1.0,6,0.5318181818181817,116.04354097727014,1.9467581769778892,117.7313092860385,viscous,0,TRUE,FALSE
ergun_comb_phi0.532_d6_Re3.2e+00,,,0.08959101092974925,0.08739519486354752,0.1666567055,1.0,6,0.5318181818181817,70.3785925460864,3.1464150668770126,74.91986927630418,viscous,0,TRUE,FALSE
ergun_comb_phi0.532_d6_Re5.2e+00,,,0.17251064349916834,0.1449561199505088,0.1666567055,1.0,6,0.5318181818181817,49.25995765360897,5.21873222618728,47.33277237646503,viscous,0,TRUE,FALSE
ergun_comb_phi0.532_d6_Re8.2e+00,,,0.28056710358485865,0.2247694909295083,0.1666567055,1.0,6,0.5318181818181817,33.32063545588811,8.092185319102265,32.45958387044227,viscous,0,TRUE,FALSE
ergun_comb_phi0.532_d6_Re1.3e+01,,,0.480890638733007,0.360805458215947,0.1666567055,1.0,6,0.5318181818181817,22.16416505203596,12.989772855528347,22.274945001549572,viscous,0,TRUE,FALSE
ergun_comb_phi0.532_d6_Re2.1e+01,,,0.9731178657919481,0.5852120093599233,0.1666567055,1.0,6,0.5318181818181817,17.04865948498406,21.06889156139919,15.822095318157583,viscous,0,TRUE,FALSE
ergun_comb_phi0.532_d6_Re3.4e+01,,,1.6824616454490187,0.9456015408647106,0.1666567055,1.0,6,0.5318181818181817,11.289639660783118,34.0436901603594,11.867945573233833,viscous,0,TRUE,FALSE
ergun_comb_phi0.532_d6_Re5.4e+01,,,3.5613765170102436,1.510795751991412,0.1666567055,1.0,6,0.5318181818181817,9.361762754748371,54.39189791225335,9.46587299822261,inertial,0,TRUE,FALSE
ergun_comb_phi0.532_d6_Re8.6e+01,,,7.053012554440408,2.343143028164009,0.1666567055,1.0,6,0.5318181818181817,7.707762225903413,84.35819084989684,8.038286754511827,inertial,0,TRUE,FALSE
ergun_comb_phi0.532_d6_Re1.4e+02,,,16.844412879330104,3.7924740840102884,0.1666567055,1.0,6,0.5318181818181817,7.026869450123816,136.53722744484307,7.0480283812597975,inertial,0,TRUE,FALSE
ergun_comb_phi0.532_d6_Re2.2e+02,,,36.03716102180413,5.989831775255895,0.1666567055,1.0,6,0.5318181818181817,6.0266028123776545,215.64683247344865,6.460720461690657,inertial,0,TRUE,FALSE
ergun_comb_phi0.532_d6_Re3.5e+02,,,86.70818370153522,9.200299348519245,0.1666567055,1.0,6,0.5318181818181817,6.146210399966681,331.2305732043615,6.10700499505832,inertial,0,TRUE,FALSE
ergun_comb_phi0.532_d6_Re5.6e+02,,,262.4182794380205,15.550918814041557,0.1666567055,1.0,6,0.5318181818181817,6.510783076045274,559.8665388489234,5.837503968350281,inertial,0,TRUE,FALSE
ergun_comb_phi0.532_d6_Re8.9e+02,,,603.1827907191499,24.575157710001804,0.1666567055,1.0,6,0.5318181818181817,5.992493415403812,884.7585569247367,5.694133216703562,inertial,0,TRUE,FALSE
ergun_comb_phi0.532_d6_Re1.4e+03,,,1555.7277666639882,40.90590696759249,0.1666567055,1.0,6,0.5318181818181817,5.578440443915051,1472.7006697342579,5.595499336845602,inertial,0,TRUE,FALSE
ergun_comb_phi0.532_d6_Re2.3e+03,,,3609.7855855519915,63.18360086418529,0.1666567055,1.0,6,0.5318181818181817,5.425301908623145,2274.7455858300987,5.543165547844141,inertial,0,TRUE,FALSE
ergun_comb_phi0.532_d6_Re3.6e+03,,,9594.775255301427,106.19934333482144,0.1666567055,1.0,6,0.5318181818181817,5.104372897803991,3823.4048734926455,5.504242793510103,inertial,0,TRUE,FALSE
ergun_comb_phi0.532_d6_Re5.8e+03,,,25281.589090853722,160.6448706802715,0.1666567055,1.0,6,0.5318181818181817,5.877895925617918,5783.561010580694,5.484866269982526,inertial,0,TRUE,FALSE
ergun_comb_phi0.532_d6_Re9.2e+03,,,58108.66893650245,256.07683364324083,0.1666567055,1.0,6,0.5318181818181817,5.316815566295707,9219.317022077128,5.470781198720337,inertial,0,TRUE,FALSE
ergun_comb_phi0.532_d6_Re1.5e+04,,,159595.1142795866,413.2351509424206,0.1666567055,1.0,6,0.5318181818181817,5.607590986452914,14877.354608780044,5.461763989046484,inertial,0,TRUE,FALSE
ergun_comb_phi0.532_d6_Re2.4e+04,,,409963.42059893796,666.7238942530912,0.1666567055,1.0,6,0.5318181818181817,5.533556121126843,24003.49480998559,5.4561777727442795,inertial,0,TRUE,FALSE
ergun_comb_phi0.532_d6_Re3.8e+04,,,1092522.4178200117,1070.8177005762914,0.1666567055,1.0,6,0.5318181818181817,5.71676743111587,38551.74134267132,5.452741220278015,inertial,0,TRUE,FALSE
ergun_comb_phi0.532_d6_Re6.0e+04,,,2332951.602447109,1617.7490918615779,0.1666567055,1.0,6,0.5318181818181817,5.348532638379058,58242.44828342336,5.4508242804073115,inertial,0,TRUE,FALSE
ergun_comb_phi0.532_d6_Re9.6e+04,,,6996896.843117966,2741.9116306306587,0.1666567055,1.0,6,0.5318181818181817,5.584056629343441,98714.7185852894,5.449285534763396,inertial,0,TRUE,FALSE
ergun_comb_phi0.532_d6_Re1.5e+05,,,17340623.39812518,4297.033959393537,0.1666567055,1.0,6,0.5318181818181817,5.634798429928806,154702.46864061058,5.448484143389422,inertial,0,TRUE,FALSE
ergun_comb_phi0.532_d6_Re2.5e+05,,,42782245.25096185,7013.059181834406,0.1666567055,1.0,6,0.5318181818181817,5.219150443569856,252485.22083023196,5.447936926043997,inertial,0,TRUE,FALSE
ergun_comb_phi0.532_d6_Re3.9e+05,,,94366643.19211133,10493.158315475805,0.1666567055,1.0,6,0.5318181818181817,5.142298776905167,377776.2779119309,5.447649794945649,inertial,0,TRUE,FALSE
ergun_comb_phi0.532_d6_Re6.3e+05,,,291163916.6135723,18386.4577872592,0.1666567055,1.0,6,0.5318181818181817,5.167644924226939,661952.0432290989,5.447401392062692,inertial,0,TRUE,FALSE
ergun_comb_phi0.532_d6_Re1.0e+06,,,684277138.556011,27581.32623544817,0.1666567055,1.0,6,0.5318181818181817,5.3970071151608865,992987.0923356818,5.447291305413741,inertial,0,TRUE,FALSE
ergun_comb_phi0.532_d10_Re1.0e-06,,,5.740672204079459e-09,1.718922532493013e-08,0.1666567055,1.0,10,0.5318181818181817,194289862.06584734,1.0314151640859196e-06,211932374.0090324,viscous,0,TRUE,FALSE
ergun_comb_phi0.532_d10_Re1.6e-06,,,1.0292591237141495e-08,2.6588938766038116e-08,0.1666567055,1.0,10,0.5318181818181817,145587040.48554844,1.595431680127513e-06,137010108.3666661,viscous,0,TRUE,FALSE
ergun_comb_phi0.532_d10_Re2.6e-06,,,1.6348202924141156e-08,4.396714825270374e-08,0.1666567055,1.0,10,0.5318181818181817,84569434.03636754,2.6381865716590527e-06,82856260.21073253,viscous,0,TRUE,FALSE
ergun_comb_phi0.532_d10_Re4.1e-06,,,2.6804876028945056e-08,6.738954928240136e-08,0.1666567055,1.0,10,0.5318181818181817,59024008.3808455,4.043614631659772e-06,54058138.72811745,viscous,0,TRUE,FALSE
ergun_comb_phi0.532_d10_Re6.5e-06,,,3.9477903345796195e-08,1.0318072887057646e-07,0.1666567055,1.0,10,0.5318181818181817,37081466.09694621,6.191213762507531e-06,35306532.903639,viscous,0,TRUE,FALSE
ergun_comb_phi0.532_d10_Re1.0e-05,,,6.602080564742134e-08,1.7595147443950002e-07,0.1666567055,1.0,10,0.5318181818181817,21325292.598273307,1.055771946958954e-05,20704311.83871951,viscous,0,TRUE,FALSE
ergun_comb_phi0.532_d10_Re1.7e-05,,,1.0269142077921941e-07,2.790133314496769e-07,0.1666567055,1.0,10,0.5318181818181817,13191198.42751844,1.6741800494170747e-05,13056561.626411784,viscous,0,TRUE,FALSE
ergun_comb_phi0.532_d10_Re2.7e-05,,,1.5634879226383783e-07,4.546515632002565e-07,0.1666567055,1.0,10,0.5318181818181817,7563749.78440691,2.7280724279063377e-05,8012632.108277896,viscous,0,TRUE,FALSE
ergun_comb_phi0.532_d10_Re4.2e-05,,,2.498515125134236e-07,6.802997595954531e-07,0.1666567055,1.0,10,0.5318181818181817,5398602.455256773,4.08204252900855e-05,5354929.04578596,viscous,0,TRUE,FALSE
ergun_comb_phi0.532_d10_Re6.8e-05,,,4.1497209784544635e-07,1.1298238311134886e-06,0.1666567055,1.0,10,0.5318181818181817,3250853.769249918,6.779348167982887e-05,3224360.5514128874,viscous,0,TRUE,FALSE
ergun_comb_phi0.532_d10_Re1.1e-04,,,6.688332671814889e-07,1.8899163643975833e-06,0.1666567055,1.0,10,0.5318181818181817,1872546.8633318678,0.00011340175954681782,1927579.23048507,viscous,0,TRUE,FALSE
ergun_comb_phi0.532_d10_Re1.7e-04,,,1.0932095565548698e-06,2.9437419423573443e-06,0.1666567055,1.0,10,0.5318181818181817,1261548.4899584185,0.00017663507348987794,1237530.1038488022,viscous,0,TRUE,FALSE
ergun_comb_phi0.532_d10_Re2.8e-04,,,1.676266297736834e-06,4.935535820661238e-06,0.1666567055,1.0,10,0.5318181818181817,688136.1873440396,0.0002961498492277131,738112.3860599406,viscous,0,TRUE,FALSE
ergun_comb_phi0.532_d10_Re4.4e-04,,,2.572266552002895e-06,7.2239836208073826e-06,0.1666567055,1.0,10,0.5318181818181817,492904.139287252,0.0004334649241465644,504291.3685348939,viscous,0,TRUE,FALSE
ergun_comb_phi0.532_d10_Re7.0e-04,,,4.267205434561567e-06,1.2203554246924543e-05,0.1666567055,1.0,10,0.5318181818181817,286530.5143852532,0.0007322570196207643,298521.2042962242,viscous,0,TRUE,FALSE
ergun_comb_phi0.532_d10_Re1.1e-03,,,7.7703428057961e-06,1.969116062693998e-05,0.1666567055,1.0,10,0.5318181818181817,200399.92254649068,0.0011815402547328034,185009.94253365172,viscous,0,TRUE,FALSE
ergun_comb_phi0.532_d10_Re1.8e-03,,,1.1436919000417148e-05,3.0714114887206015e-05,0.1666567055,1.0,10,0.5318181818181817,121236.40126591225,0.0018429570412458452,118613.88655367013,viscous,0,TRUE,FALSE
ergun_comb_phi0.532_d10_Re2.9e-03,,,1.6773097457062877e-05,4.562204231576233e-05,0.1666567055,1.0,10,0.5318181818181817,80586.78395890309,0.0027374861502804833,79856.17386774567,viscous,0,TRUE,FALSE
ergun_comb_phi0.532_d10_Re4.6e-03,,,2.6171373720960165e-05,7.314754542568481e-05,0.1666567055,1.0,10,0.5318181818181817,48913.304554325885,0.004389115049780268,49808.25611496622,viscous,0,TRUE,FALSE
ergun_comb_phi0.532_d10_Re7.3e-03,,,4.4025262476031875e-05,0.0001227088081376453,0.1666567055,1.0,10,0.5318181818181817,29238.189609676858,0.007362968550800093,29693.2363354213,viscous,0,TRUE,FALSE
ergun_comb_phi0.532_d10_Re1.2e-02,,,7.257482731587408e-05,0.00020045056817182414,0.1666567055,1.0,10,0.5318181818181817,18062.23248715761,0.012027752953020193,18179.270523420146,viscous,0,TRUE,FALSE
ergun_comb_phi0.532_d10_Re1.9e-02,,,0.00010267403095106674,0.00029705236312689126,0.1666567055,1.0,10,0.5318181818181817,11635.75556447568,0.017824207086998445,12269.12071614937,viscous,0,TRUE,FALSE
ergun_comb_phi0.532_d10_Re3.0e-02,,,0.00017167002727288942,0.0004784114023935502,0.1666567055,1.0,10,0.5318181818181817,7500.5210131766125,0.02870639983901219,7620.1343855446385,viscous,0,TRUE,FALSE
ergun_comb_phi0.532_d10_Re4.8e-02,,,0.00030832880480982465,0.0008242206111028031,0.1666567055,1.0,10,0.5318181818181817,4538.654859128978,0.04945619251442619,4425.323482637762,viscous,0,TRUE,FALSE
ergun_comb_phi0.532_d10_Re7.6e-02,,,0.0004385056394180472,0.0012811563611413975,0.1666567055,1.0,10,0.5318181818181817,2671.59676224017,0.07687397619541912,2848.9354597488154,viscous,0,TRUE,FALSE
ergun_comb_phi0.532_d10_Re1.2e-01,,,0.0007937539254169337,0.0021748835012976074,0.1666567055,1.0,10,0.5318181818181817,1678.0847421466626,0.13050080971975098,1680.4578175787956,viscous,0,TRUE,FALSE
ergun_comb_phi0.532_d10_Re1.9e-01,,,0.0012198852963808831,0.0034789480262684457,0.1666567055,1.0,10,0.5318181818181817,1007.9131592389,0.20874935789898028,1052.5892559211593,viscous,0,TRUE,FALSE
ergun_comb_phi0.532_d10_Re3.1e-01,,,0.0021239356859243854,0.005081007527292384,0.1666567055,1.0,10,0.5318181818181817,822.7003561364196,0.3048786733212114,722.4216509746416,viscous,0,TRUE,FALSE
ergun_comb_phi0.532_d10_Re5.0e-01,,,0.0030091076904989193,0.007993410708949808,0.1666567055,1.0,10,0.5318181818181817,470.9485614256673,0.4796333087809544,461.19160495078734,viscous,0,TRUE,FALSE
ergun_comb_phi0.532_d10_Re7.9e-01,,,0.004654862340231979,0.013053334179811707,0.1666567055,1.0,10,0.5318181818181817,273.18945316314444,0.7832468631039696,284.52927244466247,viscous,0,TRUE,FALSE
ergun_comb_phi0.532_d10_Re1.3e+00,,,0.008047799763702127,0.02247367292217677,0.1666567055,1.0,10,0.5318181818181817,159.34155473191285,1.348500971188151,167.54577437279394,viscous,0,TRUE,FALSE
ergun_comb_phi0.532_d10_Re2.0e+00,,,0.013993182137374039,0.03456209584343221,0.1666567055,1.0,10,0.5318181818181817,117.14300124655756,2.0738496983808554,110.85020567341556,viscous,0,TRUE,FALSE
ergun_comb_phi0.532_d10_Re3.2e+00,,,0.018619578733430293,0.0521332470191148,0.1666567055,1.0,10,0.5318181818181817,68.50784413007418,3.1281817831875243,75.3248064968192,viscous,0,TRUE,FALSE
ergun_comb_phi0.532_d10_Re5.2e+00,,,0.031948094885804704,0.08137435077747397,0.1666567055,1.0,10,0.5318181818181817,48.24695313619617,4.882752874139467,50.214902829039794,viscous,0,TRUE,FALSE
ergun_comb_phi0.532_d10_Re8.2e+00,,,0.061688364990243126,0.13803146288838225,0.1666567055,1.0,10,0.5318181818181817,32.37778077423473,8.282382786474933,31.839265824876403,viscous,0,TRUE,FALSE
ergun_comb_phi0.532_d10_Re1.3e+01,,,0.1046141139674887,0.2177728845262131,0.1666567055,1.0,10,0.5318181818181817,22.05884016420919,13.067154056169262,22.17529353378426,viscous,0,TRUE,FALSE
ergun_comb_phi0.532_d10_Re2.1e+01,,,0.2097990997456673,0.3602030554647695,0.1666567055,1.0,10,0.5318181818181817,16.16995589698773,21.613475100452497,15.560681207684443,viscous,0,TRUE,FALSE
ergun_comb_phi0.532_d10_Re3.4e+01,,,0.3683405326477448,0.5651727932738744,0.1666567055,1.0,10,0.5318181818181817,11.531532231844283,33.91239443851087,11.89280472439225,viscous,0,TRUE,FALSE
ergun_comb_phi0.532_d10_Re5.4e+01,,,0.7946675315043639,0.9136234092000526,0.1666567055,1.0,10,0.5318181818181817,9.5203087175215,54.82068101964566,9.434439708754862,inertial,0,TRUE,FALSE
ergun_comb_phi0.532_d10_Re8.6e+01,,,1.5219046833588206,1.3940641593414516,0.1666567055,1.0,10,0.5318181818181817,7.83108485346473,83.64884900124535,8.060260250548446,inertial,0,TRUE,FALSE
ergun_comb_phi0.532_d10_Re1.4e+02,,,4.278850283517881,2.3627831276495694,0.1666567055,1.0,10,0.5318181818181817,7.66442129624428,141.7754611529609,6.988877185743509,inertial,0,TRUE,FALSE
ergun_comb_phi0.532_d10_Re2.2e+02,,,7.468367100477882,3.580173892890143,0.1666567055,1.0,10,0.5318181818181817,5.8266296501970976,214.82327291596096,6.46460644922659,inertial,0,TRUE,FALSE
ergun_comb_phi0.532_d10_Re3.5e+02,,,20.26656785742521,5.9135686279556126,0.1666567055,1.0,10,0.5318181818181817,5.7953667490508725,354.8353251202132,6.0631041399683205,inertial,0,TRUE,FALSE
ergun_comb_phi0.532_d10_Re5.6e+02,,,51.50415822651464,9.487004389101932,0.1666567055,1.0,10,0.5318181818181817,5.7224774574755894,569.2542859670253,5.831065221282461,inertial,0,TRUE,FALSE
ergun_comb_phi0.532_d10_Re8.9e+02,,,143.41626586319805,15.849822545922319,0.1666567055,1.0,10,0.5318181818181817,5.708862751087533,951.046193933212,5.676913065586025,inertial,0,TRUE,FALSE
ergun_comb_phi0.532_d10_Re1.4e+03,,,311.7541756173098,24.329224032776363,0.1666567055,1.0,10,0.5318181818181817,5.26690838331626,1459.8406922652364,5.596806865039486,inertial,0,TRUE,FALSE
ergun_comb_phi0.532_d10_Re2.3e+03,,,675.1887486767616,34.755449868520735,0.1666567055,1.0,10,0.5318181818181817,5.589582466935399,2085.4516332990115,5.55188791955842,inertial,0,TRUE,FALSE
ergun_comb_phi0.532_d10_Re3.6e+03,,,2116.7225535097227,60.891672092428124,0.1666567055,1.0,10,0.5318181818181817,5.708843494970029,3653.7186973510716,5.506897960682903,inertial,0,TRUE,FALSE
ergun_comb_phi0.532_d10_Re5.8e+03,,,4632.323929944732,94.91156597615674,0.1666567055,1.0,10,0.5318181818181817,5.142338286987976,5695.034333686425,5.48545377732428,inertial,0,TRUE,FALSE
ergun_comb_phi0.532_d10_Re9.2e+03,,,12142.011644559836,146.9169480295041,0.1666567055,1.0,10,0.5318181818181817,5.625315032287319,8815.543760374172,5.4718671754151815,inertial,0,TRUE,FALSE
ergun_comb_phi0.532_d10_Re1.5e+04,,,33070.18517659878,251.51771604262552,0.1666567055,1.0,10,0.5318181818181817,5.227565286693233,15091.964964027537,5.461555054634862,inertial,0,TRUE,FALSE
ergun_comb_phi0.532_d10_Re2.4e+04,,,78840.49246321806,387.10115990846305,0.1666567055,1.0,10,0.5318181818181817,5.261388643826325,23227.457829979907,5.456482027281138,inertial,0,TRUE,FALSE
ergun_comb_phi0.532_d10_Re3.8e+04,,,193989.93328296213,593.4739137865337,0.1666567055,1.0,10,0.5318181818181817,5.507771636053866,35610.563163720624,5.453209525820655,inertial,0,TRUE,FALSE
ergun_comb_phi0.532_d10_Re6.0e+04,,,570963.0644961721,1029.215725549453,0.1666567055,1.0,10,0.5318181818181817,5.390079716581826,61756.634541743835,5.450610714297631,inertial,0,TRUE,FALSE
ergun_comb_phi0.532_d10_Re9.6e+04,,,1272701.5985408225,1535.8205828421378,0.1666567055,1.0,10,0.5318181818181817,5.395673006761479,92154.74278304019,5.449443162789954,inertial,0,TRUE,FALSE
ergun_comb_phi0.532_d10_Re1.5e+05,,,4311246.707311677,2667.106192215909,0.1666567055,1.0,10,0.5318181818181817,6.060692645562468,160035.9364007654,5.448437053711613,inertial,0,TRUE,FALSE
ergun_comb_phi0.532_d10_Re2.5e+05,,,8900625.10191319,4122.487266911405,0.1666567055,1.0,10,0.5318181818181817,5.237232604463603,247364.02022008077,5.4479548498444474,inertial,0,TRUE,FALSE
ergun_comb_phi0.532_d10_Re3.9e+05,,,19097981.214272346,6154.22538619333,0.1666567055,1.0,10,0.5318181818181817,5.042439162031614,369275.59366600646,5.447663114797685,inertial,0,TRUE,FALSE
ergun_comb_phi0.532_d10_Re6.3e+05,,,59654487.2101153,10405.785293185869,0.1666567055,1.0,10,0.5318181818181817,5.509261609471044,624384.4351756893,5.447421260593446,inertial,0,TRUE,FALSE
ergun_comb_phi0.532_d10_Re1.0e+06,,,151636196.95749718,16794.47806388359,0.1666567055,1.0,10,0.5318181818181817,5.376131225886163,1007728.9127669448,5.447288085126595,inertial,0,TRUE,FALSE
ergun_comb_phi0.595_d6_Re1.0e-06,,,1.3192685846514538e-08,2.651948931668725e-08,0.1666567055,1.0,6,0.5954545454545455,112552243.94829686,9.547586784626767e-07,121782942.58207491,viscous,0,TRUE,FALSE
ergun_comb_phi0.595_d6_Re1.6e-06,,,2.3018443375322533e-08,4.456365847475424e-08,0.1666567055,1.0,6,0.5954545454545455,69544938.4314949,1.6043875945245145e-06,72472090.84270771,viscous,0,TRUE,FALSE
ergun_comb_phi0.595_d6_Re2.6e-06,,,3.687841034287501e-08,7.369731901829794e-08,0.1666567055,1.0,6,0.5954545454545455,40739909.90422816,2.6532620621723957e-06,43822782.782029435,viscous,0,TRUE,FALSE
ergun_comb_phi0.595_d6_Re4.1e-06,,,6.199398927672423e-08,1.1907537367571406e-07,0.1666567055,1.0,6,0.5954545454545455,26233541.757425424,4.286969671642072e-06,27122499.433963235,viscous,0,TRUE,FALSE
ergun_comb_phi0.595_d6_Re6.5e-06,,,9.907979427437023e-08,1.820282343730163e-07,0.1666567055,1.0,6,0.5954545454545455,17941503.46934843,6.5534081149713945e-06,17742423.18690995,viscous,0,TRUE,FALSE
ergun_comb_phi0.595_d6_Re1.0e-05,,,1.391287679763669e-07,2.858503162963898e-07,0.1666567055,1.0,6,0.5954545454545455,10216234.088578498,1.0291226462402011e-05,11298298.900602391,viscous,0,TRUE,FALSE
ergun_comb_phi0.595_d6_Re1.7e-05,,,2.641106057708722e-07,4.5470054568070657e-07,0.1666567055,1.0,6,0.5954545454545455,7664540.809022177,1.637019804213182e-05,7102746.876413231,viscous,0,TRUE,FALSE
ergun_comb_phi0.595_d6_Re2.7e-05,,,3.4810711313237994e-07,7.09109186978937e-07,0.1666567055,1.0,6,0.5954545454545455,4153726.7564447764,2.5529456550271376e-05,4554480.1744560655,viscous,0,TRUE,FALSE
ergun_comb_phi0.595_d6_Re4.2e-05,,,6.165730430763289e-07,1.169333843595724e-06,0.1666567055,1.0,6,0.5954545454545455,2705569.81243459,4.209853447255589e-05,2761936.0326685193,viscous,0,TRUE,FALSE
ergun_comb_phi0.595_d6_Re6.8e-05,,,9.375513418933463e-07,1.8085719684547653e-06,0.1666567055,1.0,6,0.5954545454545455,1719787.2286987677,6.511248244210967e-05,1785733.4276273344,viscous,0,TRUE,FALSE
ergun_comb_phi0.595_d6_Re1.1e-04,,,1.560767398182818e-06,2.960069767689731e-06,0.1666567055,1.0,6,0.5954545454545455,1068773.1640515854,0.0001065688809391374,1091065.9325652195,viscous,0,TRUE,FALSE
ergun_comb_phi0.595_d6_Re1.7e-04,,,2.6879919246650033e-06,4.820370619784803e-06,0.1666567055,1.0,6,0.5954545454545455,694094.0931981471,0.00017354371449943741,669997.7603897495,viscous,0,TRUE,FALSE
ergun_comb_phi0.595_d6_Re2.8e-04,,,4.244411431212773e-06,7.751623005137895e-06,0.1666567055,1.0,6,0.5954545454545455,423821.94481350464,0.00027907510766692414,416641.4370823822,viscous,0,TRUE,FALSE
ergun_comb_phi0.595_d6_Re4.4e-04,,,7.318465199560662e-06,1.2871514285193898e-05,0.1666567055,1.0,6,0.5954545454545455,265040.3377906748,0.00046340221042689094,250915.6611292346,viscous,0,TRUE,FALSE
ergun_comb_phi0.595_d6_Re7.0e-04,,,9.468926223764786e-06,1.791340962225076e-05,0.1666567055,1.0,6,0.5954545454545455,177049.81174323073,0.0006449212914118512,180294.06412268954,viscous,0,TRUE,FALSE
ergun_comb_phi0.595_d6_Re1.1e-03,,,1.548915648454234e-05,2.9783682129062293e-05,0.1666567055,1.0,6,0.5954545454545455,104766.45321419039,0.0010722766434043888,108439.28606607724,viscous,0,TRUE,FALSE
ergun_comb_phi0.595_d6_Re1.8e-03,,,2.7202554982843523e-05,5.1045213409814556e-05,0.1666567055,1.0,6,0.5954545454545455,62639.877460746735,0.001837737518811611,63273.17107566634,viscous,0,TRUE,FALSE
ergun_comb_phi0.595_d6_Re2.9e-03,,,4.5222101805821736e-05,7.865335416968511e-05,0.1666567055,1.0,6,0.5954545454545455,43859.88595501381,0.0028316899917243993,41064.81065433093,viscous,0,TRUE,FALSE
ergun_comb_phi0.595_d6_Re4.6e-03,,,6.517995710807362e-05,0.00012164549144222955,0.1666567055,1.0,6,0.5954545454545455,26428.546952811757,0.004379499441463382,26552.807007227984,viscous,0,TRUE,FALSE
ergun_comb_phi0.595_d6_Re7.3e-03,,,0.0001113898491218421,0.00020664647906073574,0.1666567055,1.0,6,0.5954545454545455,15650.955122122234,0.007439717895805965,15632.079954165474,viscous,0,TRUE,FALSE
ergun_comb_phi0.595_d6_Re1.2e-02,,,0.00016864120769623638,0.0003135537737042345,0.1666567055,1.0,6,0.5954545454545455,10291.789385044249,0.01128861053973857,10303.408969881688,viscous,0,TRUE,FALSE
ergun_comb_phi0.595_d6_Re1.9e-02,,,0.00029132408615728625,0.0005313478469229073,0.1666567055,1.0,6,0.5954545454545455,6191.128141612735,0.019129665811961245,6081.520966813239,viscous,0,TRUE,FALSE
ergun_comb_phi0.595_d6_Re3.0e-02,,,0.00045755196533531694,0.0008363478834273801,0.1666567055,1.0,6,0.5954545454545455,3924.8019911611714,0.030110323407084753,3864.929728499267,viscous,0,TRUE,FALSE
ergun_comb_phi0.595_d6_Re4.8e-02,,,0.0006730455107823262,0.0013286146406882003,0.1666567055,1.0,6,0.5954545454545455,2287.6923217236035,0.047832985898843425,2434.171932289419,viscous,0,TRUE,FALSE
ergun_comb_phi0.595_d6_Re7.6e-02,,,0.001154248580830895,0.002094113579179338,0.1666567055,1.0,6,0.5954545454545455,1579.2472659621867,0.07539259483967195,1545.5911135104714,viscous,0,TRUE,FALSE
ergun_comb_phi0.595_d6_Re1.2e-01,,,0.001724509040875354,0.00307495581664368,0.1666567055,1.0,6,0.5954545454545455,1094.306467994589,0.11070502590645583,1053.6516595992796,viscous,0,TRUE,FALSE
ergun_comb_phi0.595_d6_Re1.9e-01,,,0.0027932546918565462,0.005447577063511972,0.1666567055,1.0,6,0.5954545454545455,564.7484166571409,0.19612449605918694,596.2078436758699,viscous,0,TRUE,FALSE
ergun_comb_phi0.595_d6_Re3.1e-01,,,0.004527187390085811,0.00842311817484395,0.1666567055,1.0,6,0.5954545454545455,382.85465687025174,0.30325037865976356,386.7766892010398,viscous,0,TRUE,FALSE
ergun_comb_phi0.595_d6_Re5.0e-01,,,0.007466006826096738,0.013930713861562943,0.1666567055,1.0,6,0.5954545454545455,230.83033897254236,0.5015356742989118,235.1877919476771,viscous,0,TRUE,FALSE
ergun_comb_phi0.595_d6_Re7.9e-01,,,0.012802541080338846,0.022760474774522966,0.1666567055,1.0,6,0.5954545454545455,148.28075695496344,0.8194260665205446,145.24924569209318,viscous,0,TRUE,FALSE
ergun_comb_phi0.595_d6_Re1.3e+00,,,0.018667164179056745,0.034286120614105214,0.1666567055,1.0,6,0.5954545454545455,95.27805882336742,1.2343741169456353,97.54937376322474,viscous,0,TRUE,FALSE
ergun_comb_phi0.595_d6_Re2.0e+00,,,0.03336394253463609,0.05645746643199263,0.1666567055,1.0,6,0.5954545454545455,62.803788867294195,2.0325902733746033,60.557704409317175,viscous,0,TRUE,FALSE
ergun_comb_phi0.595_d6_Re3.2e+00,,,0.0536124493043069,0.09141257174939242,0.1666567055,1.0,6,0.5954545454545455,38.49506385327465,3.2910492791203922,38.683366794504245,viscous,0,TRUE,FALSE
ergun_comb_phi0.595_d6_Re5.2e+00,,,0.08878458463862772,0.1437089098723733,0.1666567055,1.0,6,0.5954545454545455,25.79416227274452,5.173829979701836,25.826555612896406,viscous,0,TRUE,FALSE
ergun_comb_phi0.595_d6_Re8.2e+00,,,0.14919583889928242,0.23422613382504565,0.1666567055,1.0,6,0.5954545454545455,16.31688532310276,8.432644811584098,17.141676265420706,viscous,0,TRUE,FALSE
ergun_comb_phi0.595_d6_Re1.3e+01,,,0.2527427107613643,0.37168064612020957,0.1666567055,1.0,6,0.5954545454545455,10.977160007138512,13.38130302066518,12.042437918807012,viscous,0,TRUE,FALSE
ergun_comb_phi0.595_d6_Re2.1e+01,,,0.5199282292904073,0.5909923701086289,0.1666567055,1.0,6,0.5954545454545455,8.931633628633138,21.276996986189516,8.81794345542325,viscous,0,TRUE,FALSE
ergun_comb_phi0.595_d6_Re3.4e+01,,,0.886282652571028,0.9313017006675421,0.1666567055,1.0,6,0.5954545454545455,6.1311608110210845,33.52886514371456,6.821057811270682,viscous,0,TRUE,FALSE
ergun_comb_phi0.595_d6_Re5.4e+01,,,2.2988826624032717,1.5591851501101965,0.1666567055,1.0,6,0.5954545454545455,5.673782397986672,56.134020365962286,5.424552609187886,inertial,0,TRUE,FALSE
ergun_comb_phi0.595_d6_Re8.6e+01,,,4.543254908591023,2.377970671208314,0.1666567055,1.0,6,0.5954545454545455,4.820647402949131,85.61206093954549,4.711342354934467,inertial,0,TRUE,FALSE
ergun_comb_phi0.595_d6_Re1.4e+02,,,9.844734429872954,3.689994406044173,0.1666567055,1.0,6,0.5954545454545455,4.338142762785151,132.84773852837884,4.2284380265744375,inertial,0,TRUE,FALSE
ergun_comb_phi0.595_d6_Re2.2e+02,,,24.490133582024274,6.353027130761074,0.1666567055,1.0,6,0.5954545454545455,3.640667227446894,228.7226467738284,3.8615600064483138,inertial,0,TRUE,FALSE
ergun_comb_phi0.595_d6_Re3.5e+02,,,65.79547038496328,10.498516008929593,0.1666567055,1.0,6,0.5954545454545455,3.5817182260059903,377.9691664046338,3.6608270238236824,inertial,0,TRUE,FALSE
ergun_comb_phi0.595_d6_Re5.6e+02,,,143.02351622358643,15.85675857864001,0.1666567055,1.0,6,0.5954545454545455,3.412949586236939,570.8774284623072,3.556875310983576,inertial,0,TRUE,FALSE
ergun_comb_phi0.595_d6_Re8.9e+02,,,340.31779782661425,24.998308004933605,0.1666567055,1.0,6,0.5954545454545455,3.267493130749099,899.9928780519523,3.482394157972361,inertial,0,TRUE,FALSE
ergun_comb_phi0.595_d6_Re1.4e+03,,,847.7718198974884,38.69260688329218,0.1666567055,1.0,6,0.5954545454545455,3.3976156226352785,1393.0171042517882,3.4366692537306225,inertial,0,TRUE,FALSE
ergun_comb_phi0.595_d6_Re2.3e+03,,,2142.3930310151695,61.81005843509541,0.1666567055,1.0,6,0.5954545454545455,3.364589528812316,2225.295102875848,3.4054513009635525,inertial,0,TRUE,FALSE
ergun_comb_phi0.595_d6_Re3.6e+03,,,5688.668201177016,103.68336991247901,0.1666567055,1.0,6,0.5954545454545455,3.1749993868478814,3732.8244165661495,3.3843494448454785,inertial,0,TRUE,FALSE
ergun_comb_phi0.595_d6_Re5.8e+03,,,13571.436011683567,155.16870521612512,0.1666567055,1.0,6,0.5954545454545455,3.381962449768229,5586.407270583845,3.374014172785499,inertial,0,TRUE,FALSE
ergun_comb_phi0.595_d6_Re9.2e+03,,,34041.60109145214,252.59369334291787,0.1666567055,1.0,6,0.5954545454545455,3.2012251667225367,9093.916476451092,3.365986395221689,inertial,0,TRUE,FALSE
ergun_comb_phi0.595_d6_Re1.5e+04,,,92434.46302209958,411.9867992832579,0.1666567055,1.0,6,0.5954545454545455,3.267522384770367,14832.411262921236,3.3610396978982378,inertial,0,TRUE,FALSE
ergun_comb_phi0.595_d6_Re2.4e+04,,,244873.06404941005,662.1134542185687,0.1666567055,1.0,6,0.5954545454545455,3.3514090658537286,23837.50904827176,3.3580783060972696,inertial,0,TRUE,FALSE
ergun_comb_phi0.595_d6_Re3.8e+04,,,603768.542769356,1040.6894041013386,0.1666567055,1.0,6,0.5954545454545455,3.344871720455321,37467.05784129419,3.3563039079177197,inertial,0,TRUE,FALSE
ergun_comb_phi0.595_d6_Re6.0e+04,,,1775883.869024386,1724.5039318907131,0.1666567055,1.0,6,0.5954545454545455,3.582922670573868,62085.85223319609,3.355073342772861,inertial,0,TRUE,FALSE
ergun_comb_phi0.595_d6_Re9.6e+04,,,3753064.1748190527,2658.538362755942,0.1666567055,1.0,6,0.5954545454545455,3.1860411289254005,95713.1015441539,3.354415370832226,inertial,0,TRUE,FALSE
ergun_comb_phi0.595_d6_Re1.5e+05,,,8312908.799938232,4077.761787903422,0.1666567055,1.0,6,0.5954545454545455,2.999580783146885,146808.1986501319,3.3539925682845126,inertial,0,TRUE,FALSE
ergun_comb_phi0.595_d6_Re2.5e+05,,,23185976.654408056,6579.315534543527,0.1666567055,1.0,6,0.5954545454545455,3.213773124149765,236869.51622394315,3.3536914349178555,inertial,0,TRUE,FALSE
ergun_comb_phi0.595_d6_Re3.9e+05,,,60107157.04195547,10869.44586750016,0.1666567055,1.0,6,0.5954545454545455,3.0525488979843156,391323.4394580118,3.3534976883690097,inertial,0,TRUE,FALSE
ergun_comb_phi0.595_d6_Re6.3e+05,,,194197657.08383286,18151.34959838948,0.1666567055,1.0,6,0.5954545454545455,3.536530382555172,653487.6425379529,3.353378487281988,inertial,0,TRUE,FALSE
ergun_comb_phi0.595_d6_Re1.0e+06,,,452871340.75562483,28833.32056662044,0.1666567055,1.0,6,0.5954545454545455,3.268411782157371,1038061.5822249206,3.3533125699805617,inertial,0,TRUE,FALSE
ergun_comb_phi0.595_d10_Re1.0e-06,,,3.102651241679608e-09,1.6788111478313527e-08,0.1666567055,1.0,10,0.5954545454545455,110085285.22315274,1.0073468948006733e-06,115425303.92998734,viscous,0,TRUE,FALSE
ergun_comb_phi0.595_d10_Re1.6e-06,,,5.085892895942423e-09,2.7887195107035497e-08,0.1666567055,1.0,10,0.5954545454545455,65396956.89192905,1.6733317164388262e-06,69486117.17940155,viscous,0,TRUE,FALSE
ergun_comb_phi0.595_d10_Re2.6e-06,,,8.712092685497426e-09,4.187072820340339e-08,0.1666567055,1.0,10,0.5954545454545455,49693714.316760235,2.512393850447463e-06,46279896.17205617,viscous,0,TRUE,FALSE
ergun_comb_phi0.595_d10_Re4.1e-06,,,1.4117010317366238e-08,7.318661043949328e-08,0.1666567055,1.0,10,0.5954545454545455,26355997.922836926,4.391459090705071e-06,26477152.682352632,viscous,0,TRUE,FALSE
ergun_comb_phi0.595_d10_Re6.5e-06,,,1.8316664305199887e-08,1.071482605909114e-07,0.1666567055,1.0,10,0.5954545454545455,15954240.539853765,6.429279894226122e-06,18084970.88150508,viscous,0,TRUE,FALSE
ergun_comb_phi0.595_d10_Re1.0e-05,,,3.5896510072701867e-08,1.8241356920539012e-07,0.1666567055,1.0,10,0.5954545454545455,10787925.672172725,1.0945468330129093e-05,10622967.543540435,viscous,0,TRUE,FALSE
ergun_comb_phi0.595_d10_Re1.7e-05,,,5.294690175981475e-08,2.6158703923088573e-07,0.1666567055,1.0,10,0.5954545454545455,7737632.648782193,1.569616046627573e-05,7407758.795512817,viscous,0,TRUE,FALSE
ergun_comb_phi0.595_d10_Re2.7e-05,,,8.573482594306631e-08,4.503495815228777e-07,0.1666567055,1.0,10,0.5954545454545455,4227248.156873544,2.7022589950506232e-05,4302822.525249696,viscous,0,TRUE,FALSE
ergun_comb_phi0.595_d10_Re4.2e-05,,,1.3958261464030642e-07,6.945019647956036e-07,0.1666567055,1.0,10,0.5954545454545455,2893905.6769314087,4.1672608534530495e-05,2790165.0974819358,viscous,0,TRUE,FALSE
ergun_comb_phi0.595_d10_Re6.8e-05,,,2.2555604583249973e-07,1.1360025388104412e-06,0.1666567055,1.0,10,0.5954545454545455,1747816.6353072398,6.816422629993975e-05,1705785.4683796964,viscous,0,TRUE,FALSE
ergun_comb_phi0.595_d10_Re1.1e-04,,,3.845164714901834e-07,1.869394214510797e-06,0.1666567055,1.0,10,0.5954545454545455,1100305.1857528412,0.00011217035695637205,1036581.2983227666,viscous,0,TRUE,FALSE
ergun_comb_phi0.595_d10_Re1.7e-04,,,5.875352050789164e-07,2.9445540276623293e-06,0.1666567055,1.0,10,0.5954545454545455,677633.4563820671,0.00017668380152050523,658090.382780158,viscous,0,TRUE,FALSE
ergun_comb_phi0.595_d10_Re2.8e-04,,,8.108337114897058e-07,4.424329886103125e-06,0.1666567055,1.0,10,0.5954545454545455,414225.4650358187,0.00026547565984994973,437984.4403675707,viscous,0,TRUE,FALSE
ergun_comb_phi0.595_d10_Re4.4e-04,,,1.5063203040195256e-06,7.525840086999515e-06,0.1666567055,1.0,10,0.5954545454545455,265954.5092414866,0.0004515773946461167,257485.94532317785,viscous,0,TRUE,FALSE
ergun_comb_phi0.595_d10_Re7.0e-04,,,2.4076394042830312e-06,1.1913290270192888e-05,0.1666567055,1.0,10,0.5954545454545455,169639.89513538833,0.0007148401400622243,162659.74530990535,viscous,0,TRUE,FALSE
ergun_comb_phi0.595_d10_Re1.1e-03,,,3.6731282734806404e-06,1.8426898009946734e-05,0.1666567055,1.0,10,0.5954545454545455,108176.17742685367,0.0011056799637711987,105163.36507314669,viscous,0,TRUE,FALSE
ergun_comb_phi0.595_d10_Re1.8e-03,,,5.647488720888701e-06,2.9052005218011406e-05,0.1666567055,1.0,10,0.5954545454545455,66911.86659064217,0.0017432245003793988,66703.49313787415,viscous,0,TRUE,FALSE
ergun_comb_phi0.595_d10_Re2.9e-03,,,9.208731639470968e-06,4.91538958530989e-05,0.1666567055,1.0,10,0.5954545454545455,38113.94711483092,0.002949410028575112,39425.9214399557,viscous,0,TRUE,FALSE
ergun_comb_phi0.595_d10_Re4.6e-03,,,1.6606334372384984e-05,8.096248986388646e-05,0.1666567055,1.0,10,0.5954545454545455,25334.13420876468,0.004858039742294465,23937.558000322315,viscous,0,TRUE,FALSE
ergun_comb_phi0.595_d10_Re7.3e-03,,,2.4373600236265177e-05,0.00012708858051976217,0.1666567055,1.0,10,0.5954545454545455,15090.604106334027,0.007625770600617217,15250.772013296004,viscous,0,TRUE,FALSE
ergun_comb_phi0.595_d10_Re1.2e-02,,,3.497813036066448e-05,0.00018686286802594552,0.1666567055,1.0,10,0.5954545454545455,10017.297490781848,0.01121244221559063,10373.379273540306,viscous,0,TRUE,FALSE
ergun_comb_phi0.595_d10_Re1.9e-02,,,6.048934610266685e-05,0.0003163711044920349,0.1666567055,1.0,10,0.5954545454545455,6043.454661972164,0.018983400850440722,6128.352563609325,viscous,0,TRUE,FALSE
ergun_comb_phi0.595_d10_Re3.0e-02,,,9.92542480013704e-05,0.0005079226862330068,0.1666567055,1.0,10,0.5954545454545455,3847.280767367797,0.03047718270375906,3818.4472414904176,viscous,0,TRUE,FALSE
ergun_comb_phi0.595_d10_Re4.8e-02,,,0.00015859152706983735,0.0007800188356723226,0.1666567055,1.0,10,0.5954545454545455,2606.572450960019,0.046803927470672496,2487.617329682819,viscous,0,TRUE,FALSE
ergun_comb_phi0.595_d10_Re7.6e-02,,,0.00024727840597645246,0.0013206580486700673,0.1666567055,1.0,10,0.5954545454545455,1417.768841284208,0.07924421910944755,1470.6314376875046,viscous,0,TRUE,FALSE
ergun_comb_phi0.595_d10_Re1.2e-01,,,0.0004031665754185263,0.0020570181076129696,0.1666567055,1.0,10,0.5954545454545455,952.8143520352297,0.12342846340575055,945.3832227212915,viscous,0,TRUE,FALSE
ergun_comb_phi0.595_d10_Re1.9e-01,,,0.00063256540063672,0.003263006359159798,0.1666567055,1.0,10,0.5954545454545455,594.1137358387292,0.19579208345503973,597.2143826141216,viscous,0,TRUE,FALSE
ergun_comb_phi0.595_d10_Re3.1e-01,,,0.0010439082461691927,0.004977683019087619,0.1666567055,1.0,10,0.5954545454545455,421.3159046529355,0.2986788322830262,392.6453282567605,viscous,0,TRUE,FALSE
ergun_comb_phi0.595_d10_Re5.0e-01,,,0.0015049093495677235,0.008000944556465975,0.1666567055,1.0,10,0.5954545454545455,235.0865694579398,0.48008536665006707,245.546206626323,viscous,0,TRUE,FALSE
ergun_comb_phi0.595_d10_Re7.9e-01,,,0.002690780229027481,0.01344863844204514,0.1666567055,1.0,10,0.5954545454545455,148.7721337687765,0.806966536491695,147.44011477445352,viscous,0,TRUE,FALSE
ergun_comb_phi0.595_d10_Re1.3e+00,,,0.003993536507168632,0.02056583147890275,0.1666567055,1.0,10,0.5954545454545455,94.42024290636652,1.2340236426252138,97.57612636232362,viscous,0,TRUE,FALSE
ergun_comb_phi0.595_d10_Re2.0e+00,,,0.006716381812306596,0.03348419749403929,0.1666567055,1.0,10,0.5954545454545455,59.90396753108675,2.0091719318212067,61.22446397743584,viscous,0,TRUE,FALSE
ergun_comb_phi0.595_d10_Re3.2e+00,,,0.010966897763612248,0.054792466790833494,0.1666567055,1.0,10,0.5954545454545455,36.52936213157362,3.2877445060759043,38.718879949742885,viscous,0,TRUE,FALSE
ergun_comb_phi0.595_d10_Re5.2e+00,,,0.020879502189580332,0.08678023944909755,0.1666567055,1.0,10,0.5954545454545455,27.725440296184264,5.207125581220465,25.682855626606756,viscous,0,TRUE,FALSE
ergun_comb_phi0.595_d10_Re8.2e+00,,,0.03167243244922016,0.13794327871096013,0.1666567055,1.0,10,0.5954545454545455,16.644867023477804,8.277091419580481,17.400806442655774,viscous,0,TRUE,FALSE
ergun_comb_phi0.595_d10_Re1.3e+01,,,0.057054354199219184,0.2143120109763425,0.1666567055,1.0,10,0.5954545454545455,12.422121449921661,12.859489231673459,12.395030761958985,viscous,0,TRUE,FALSE
ergun_comb_phi0.595_d10_Re2.1e+01,,,0.11281301692357451,0.34333960934273094,0.1666567055,1.0,10,0.5954545454545455,9.569988067375448,20.60160785686064,8.99709587749774,viscous,0,TRUE,FALSE
ergun_comb_phi0.595_d10_Re3.4e+01,,,0.21297648798389837,0.5287720203342433,0.1666567055,1.0,10,0.5954545454545455,7.617188935316889,31.72821752043114,7.0178665009952335,viscous,0,TRUE,FALSE
ergun_comb_phi0.595_d10_Re5.4e+01,,,0.39851841749341504,0.8399493428006597,0.1666567055,1.0,10,0.5954545454545455,5.6486180285766014,50.39997282321531,5.6602120840412695,inertial,0,TRUE,FALSE
ergun_comb_phi0.595_d10_Re8.6e+01,,,0.9440606220086133,1.3801183065962743,0.1666567055,1.0,10,0.5954545454545455,4.956410288210772,82.81204782343872,4.757263388642271,inertial,0,TRUE,FALSE
ergun_comb_phi0.595_d10_Re1.4e+02,,,1.9760284261566283,2.225006356673776,0.1666567055,1.0,10,0.5954545454545455,3.9914498380450785,133.50836079462616,4.224107201484009,inertial,0,TRUE,FALSE
ergun_comb_phi0.595_d10_Re2.2e+02,,,4.942311743769022,3.600606938121706,0.1666567055,1.0,10,0.5954545454545455,3.8122266031370766,216.04932890754318,3.8913800521225292,inertial,0,TRUE,FALSE
ergun_comb_phi0.595_d10_Re3.5e+02,,,11.397757016280988,5.482573801283409,0.1666567055,1.0,10,0.5954545454545455,3.7918436467550185,328.9740898714339,3.7066427357766307,inertial,0,TRUE,FALSE
ergun_comb_phi0.595_d10_Re5.6e+02,,,28.31080077511596,8.637983751512479,0.1666567055,1.0,10,0.5954545454545455,3.794262626627063,518.3100029246935,3.5775321712580612,inertial,0,TRUE,FALSE
ergun_comb_phi0.595_d10_Re8.9e+02,,,78.75425839179518,14.67827344862466,0.1666567055,1.0,10,0.5954545454545455,3.6553090188114883,880.7490466457505,3.4852169595737146,inertial,0,TRUE,FALSE
ergun_comb_phi0.595_d10_Re1.4e+03,,,178.6398497815262,23.256298446401434,0.1666567055,1.0,10,0.5954545454545455,3.3029132005556034,1395.4613093201601,3.4365230550484767,inertial,0,TRUE,FALSE
ergun_comb_phi0.595_d10_Re2.3e+03,,,491.73018047810467,38.56972251449065,0.1666567055,1.0,10,0.5954545454545455,3.3054746861833033,2314.3216709327457,3.4034413365709506,inertial,0,TRUE,FALSE
ergun_comb_phi0.595_d10_Re3.6e+03,,,1121.6600248660745,57.67416596332447,0.1666567055,1.0,10,0.5954545454545455,3.3720856462377102,3460.6567908738884,3.3867991873537697,inertial,0,TRUE,FALSE
ergun_comb_phi0.595_d10_Re5.8e+03,,,2891.128052889791,92.59617453068407,0.1666567055,1.0,10,0.5954545454545455,3.371950868468467,5556.102543421757,3.374127696762704,inertial,0,TRUE,FALSE
ergun_comb_phi0.595_d10_Re9.2e+03,,,9113.893108397973,160.65359996242597,0.1666567055,1.0,10,0.5954545454545455,3.531205621185446,9639.792139202342,3.3652623675449007,inertial,0,TRUE,FALSE
ergun_comb_phi0.595_d10_Re1.5e+04,,,20209.518043878717,246.2285704548308,0.1666567055,1.0,10,0.5954545454545455,3.333335819699753,14774.597260644325,3.3610703729773395,inertial,0,TRUE,FALSE
ergun_comb_phi0.595_d10_Re2.4e+04,,,49364.27721943642,389.5621946353137,0.1666567055,1.0,10,0.5954545454545455,3.2528135839660646,23375.12873943819,3.358174792144424,inertial,0,TRUE,FALSE
ergun_comb_phi0.595_d10_Re3.8e+04,,,134235.24401346687,634.921710584022,0.1666567055,1.0,10,0.5954545454545455,3.329861739096881,38097.57961308205,3.3562525469524256,inertial,0,TRUE,FALSE
ergun_comb_phi0.595_d10_Re6.0e+04,,,334655.4444878888,991.9978119876616,0.1666567055,1.0,10,0.5954545454545455,3.400763779219863,59523.42625587673,3.355153964263897,inertial,0,TRUE,FALSE
ergun_comb_phi0.595_d10_Re9.6e+04,,,841905.5516299903,1508.6084762668584,0.1666567055,1.0,10,0.5954545454545455,3.699221071962676,90521.9187995324,3.3544850368911905,inertial,0,TRUE,FALSE
ergun_comb_phi0.595_d10_Re1.5e+05,,,2129302.1296821865,2608.99579928673,0.1666567055,1.0,10,0.5954545454545455,3.128171311377476,156549.1044275281,3.353943287398046,inertial,0,TRUE,FALSE
ergun_comb_phi0.595_d10_Re2.5e+05,,,5337124.821058903,4103.479071538551,0.1666567055,1.0,10,0.5954545454545455,3.169588732498886,246223.46032986656,3.353672786747274,inertial,0,TRUE,FALSE
ergun_comb_phi0.595_d10_Re3.9e+05,,,13246334.261862772,6427.13013378928,0.1666567055,1.0,10,0.5954545454545455,3.2067235640916434,385650.8572221404,3.3535020588647746,inertial,0,TRUE,FALSE
ergun_comb_phi0.595_d10_Re6.3e+05,,,35407224.38125593,10780.989819148119,0.1666567055,1.0,10,0.5954545454545455,3.0463136139017637,646898.0523047792,3.3533802997287236,inertial,0,TRUE,FALSE
ergun_comb_phi0.595_d10_Re1.0e+06,,,83960829.67454651,16489.423013615367,0.1666567055,1.0,10,0.5954545454545455,3.0879183103744214,989424.5157519549,3.3533180760496113,inertial,0,TRUE,FALSE
ergun_comb_phi0.659_d6_Re1.0e-06,,,7.701209390183056e-09,2.7759082476714745e-08,0.1666567055,1.0,6,0.6590909090909091,59965294.03978297,9.993866995066003e-07,60925472.99846887,viscous,0,TRUE,FALSE
ergun_comb_phi0.659_d6_Re1.6e-06,,,1.288396871088356e-08,4.253372820467172e-08,0.1666567055,1.0,6,0.6590909090909091,42730109.79395616,1.5313057369181603e-06,39762215.35402378,viscous,0,TRUE,FALSE
ergun_comb_phi0.659_d6_Re2.6e-06,,,2.0352734432709228e-08,7.427130279413978e-08,0.1666567055,1.0,6,0.6590909090909091,22137671.177060843,2.673926713166898e-06,22771047.001878276,viscous,0,TRUE,FALSE
ergun_comb_phi0.659_d6_Re4.1e-06,,,3.217085969564649e-08,1.1498498940008465e-07,0.1666567055,1.0,6,0.6590909090909091,14599286.05021125,4.139707036273484e-06,14708314.715477318,viscous,0,TRUE,FALSE
ergun_comb_phi0.659_d6_Re6.5e-06,,,5.542749645697285e-08,1.8213885944650837e-07,0.1666567055,1.0,6,0.6590909090909091,10024697.763446486,6.557390855653571e-06,9285418.590639872,viscous,0,TRUE,FALSE
ergun_comb_phi0.659_d6_Re1.0e-05,,,8.832628160605662e-08,2.864973573787143e-07,0.1666567055,1.0,6,0.6590909090909091,6456541.654604338,1.031452133363026e-05,5903146.138976387,viscous,0,TRUE,FALSE
ergun_comb_phi0.659_d6_Re1.7e-05,,,1.2831492675877978e-07,4.5735737016637337e-07,0.1666567055,1.0,6,0.6590909090909091,3680586.821641574,1.6465849440412946e-05,3697843.82057158,viscous,0,TRUE,FALSE
ergun_comb_phi0.659_d6_Re2.7e-05,,,2.2286680854689278e-07,7.798587686330779e-07,0.1666567055,1.0,6,0.6590909090909091,2198693.6647992153,2.807659372456794e-05,2168644.9714883594,viscous,0,TRUE,FALSE
ergun_comb_phi0.659_d6_Re4.2e-05,,,3.156830263713078e-07,1.1074301800545593e-06,0.1666567055,1.0,6,0.6590909090909091,1544435.487135794,3.986986938444763e-05,1527173.0083724665,viscous,0,TRUE,FALSE
ergun_comb_phi0.659_d6_Re6.8e-05,,,4.6927748649472496e-07,1.8091682730620974e-06,0.1666567055,1.0,6,0.6590909090909091,860246.756547759,6.513395069106645e-05,934815.7200457568,viscous,0,TRUE,FALSE
ergun_comb_phi0.659_d6_Re1.1e-04,,,8.364179961151251e-07,2.9193644100773657e-06,0.1666567055,1.0,6,0.6590909090909091,588840.9440344297,0.00010510340047772153,579318.3096201816,viscous,0,TRUE,FALSE
ergun_comb_phi0.659_d6_Re1.7e-04,,,1.2192172168015484e-06,4.6393142897453325e-06,0.1666567055,1.0,6,0.6590909090909091,339879.3254911818,0.00016702529703175966,364546.29574340046,viscous,0,TRUE,FALSE
ergun_comb_phi0.659_d6_Re2.8e-04,,,2.1789359860623576e-06,7.575331769103054e-06,0.1666567055,1.0,6,0.6590909090909091,227820.2929599297,0.00027272824383665933,223257.67484809275,viscous,0,TRUE,FALSE
ergun_comb_phi0.659_d6_Re4.4e-04,,,3.164875281710279e-06,1.1985781084189189e-05,0.1666567055,1.0,6,0.6590909090909091,132182.8673287742,0.0004315139093226293,141105.54291475675,viscous,0,TRUE,FALSE
ergun_comb_phi0.659_d6_Re7.0e-04,,,4.9662553469249335e-06,1.8315615453721762e-05,0.1666567055,1.0,6,0.6590909090909091,88825.41855820686,0.0006594015667874256,92340.5135392504,viscous,0,TRUE,FALSE
ergun_comb_phi0.659_d6_Re1.1e-03,,,9.491816980217743e-06,3.202722822187274e-05,0.1666567055,1.0,6,0.6590909090909091,55521.590284641024,0.0011530491302747877,52808.25103924437,viscous,0,TRUE,FALSE
ergun_comb_phi0.659_d6_Re1.8e-03,,,1.4271605466234062e-05,5.1073915399499187e-05,0.1666567055,1.0,6,0.6590909090909091,32826.59039383931,0.0018387708521994941,33115.56560495931,viscous,0,TRUE,FALSE
ergun_comb_phi0.659_d6_Re2.9e-03,,,2.4021898884413347e-05,7.998047119336002e-05,0.1666567055,1.0,6,0.6590909090909091,22531.52920842007,0.002879469060188281,21147.685231496373,viscous,0,TRUE,FALSE
ergun_comb_phi0.659_d6_Re4.6e-03,,,3.559553513226418e-05,0.00012398542548168253,0.1666567055,1.0,6,0.6590909090909091,13893.302869101963,0.004463742101814771,13642.68031643044,viscous,0,TRUE,FALSE
ergun_comb_phi0.659_d6_Re7.3e-03,,,5.60627243047866e-05,0.00019217758088033607,0.1666567055,1.0,6,0.6590909090909091,9107.936707072437,0.00691880642799588,8802.460774975389,viscous,0,TRUE,FALSE
ergun_comb_phi0.659_d6_Re1.2e-02,,,8.52553197821539e-05,0.00032032555483792224,0.1666567055,1.0,6,0.6590909090909091,4985.2800957907375,0.01153240923166775,5281.822250131346,viscous,0,TRUE,FALSE
ergun_comb_phi0.659_d6_Re1.9e-02,,,0.00014162294658642455,0.0005307953483286338,0.1666567055,1.0,6,0.6590909090909091,3015.9952966745727,0.01910977467373374,3188.3120483161542,viscous,0,TRUE,FALSE
ergun_comb_phi0.659_d6_Re3.0e-02,,,0.00024592583503704117,0.0008071386493792007,0.1666567055,1.0,6,0.6590909090909091,2264.952599338927,0.02905872813065541,2097.4302610392706,viscous,0,TRUE,FALSE
ergun_comb_phi0.659_d6_Re4.8e-02,,,0.00035035035783005463,0.0012823576176703422,0.1666567055,1.0,6,0.6590909090909091,1278.3079908593909,0.04616763353708593,1320.9320325073363,viscous,0,TRUE,FALSE
ergun_comb_phi0.659_d6_Re7.6e-02,,,0.0006085924469847076,0.00207073948382343,0.1666567055,1.0,6,0.6590909090909091,851.5827970273768,0.07455107711186922,818.8137810484977,viscous,0,TRUE,FALSE
ergun_comb_phi0.659_d6_Re1.2e-01,,,0.0009625174279208208,0.0031951960828841114,0.1666567055,1.0,6,0.6590909090909091,565.6721820049804,0.11503393421697435,531.3893238559159,viscous,0,TRUE,FALSE
ergun_comb_phi0.659_d6_Re1.9e-01,,,0.0014950776713097856,0.005353484110401488,0.1666567055,1.0,6,0.6590909090909091,312.99829357443974,0.19273694728358184,317.99671623652915,viscous,0,TRUE,FALSE
ergun_comb_phi0.659_d6_Re3.1e-01,,,0.002370676715901087,0.008385215954003654,0.1666567055,1.0,6,0.6590909090909091,202.29962636711497,0.3018858171537654,203.7762266578823,viscous,0,TRUE,FALSE
ergun_comb_phi0.659_d6_Re5.0e-01,,,0.004169135028443817,0.014379517378324541,0.1666567055,1.0,6,0.6590909090909091,120.97861032900427,0.5176935666110791,119.69790813433283,viscous,0,TRUE,FALSE
ergun_comb_phi0.659_d6_Re7.9e-01,,,0.006076088486118548,0.02137109205103897,0.1666567055,1.0,6,0.6590909090909091,79.82187230092877,0.7694052988839012,81.22030796722099,viscous,0,TRUE,FALSE
ergun_comb_phi0.659_d6_Re1.3e+00,,,0.010541813676506766,0.03567218878777546,0.1666567055,1.0,6,0.6590909090909091,49.70580031439738,1.2842755536569321,49.494194467455124,viscous,0,TRUE,FALSE
ergun_comb_phi0.659_d6_Re2.0e+00,,,0.017273553295737546,0.05564214076967649,0.1666567055,1.0,6,0.6590909090909091,33.475361326515014,2.00323679516189,32.47858794611505,viscous,0,TRUE,FALSE
ergun_comb_phi0.659_d6_Re3.2e+00,,,0.02688016229979598,0.09054211954573976,0.1666567055,1.0,6,0.6590909090909091,19.673508768618184,3.2597111268015473,20.762714353598525,viscous,0,TRUE,FALSE
ergun_comb_phi0.659_d6_Re5.2e+00,,,0.04553706721318751,0.13507868391356825,0.1666567055,1.0,6,0.6590909090909091,14.974166778582,4.863123275177244,14.604096790803679,viscous,0,TRUE,FALSE
ergun_comb_phi0.659_d6_Re8.2e+00,,,0.08482571476491367,0.24161623422885184,0.1666567055,1.0,6,0.6590909090909091,8.718194539615729,8.69870432770022,9.083401508969027,viscous,0,TRUE,FALSE
ergun_comb_phi0.659_d6_Re1.3e+01,,,0.15872772703561142,0.36347821905042205,0.1666567055,1.0,6,0.6590909090909091,7.20853920380905,13.08599799665746,6.736646537100989,viscous,0,TRUE,FALSE
ergun_comb_phi0.659_d6_Re2.1e+01,,,0.3051925045404019,0.6142863192019155,0.1666567055,1.0,6,0.6590909090909091,4.85269981714935,22.1156292760839,4.836897094765754,viscous,0,TRUE,FALSE
ergun_comb_phi0.659_d6_Re3.4e+01,,,0.6200525087090989,0.9668914825553224,0.1666567055,1.0,6,0.6590909090909091,3.9794609772582135,34.8101738716534,3.8328731004424883,inertial,0,TRUE,FALSE
ergun_comb_phi0.659_d6_Re5.4e+01,,,1.044737136986877,1.4629971165316915,0.1666567055,1.0,6,0.6590909090909091,2.9286760980092432,52.671044185438724,3.2397334507404527,inertial,0,TRUE,FALSE
ergun_comb_phi0.659_d6_Re8.6e+01,,,2.5551864282836476,2.312204013305369,0.1666567055,1.0,6,0.6590909090909091,2.867619606860715,83.24431974225132,2.815164829233929,inertial,0,TRUE,FALSE
ergun_comb_phi0.659_d6_Re1.4e+02,,,6.059592745181284,3.8435024668695537,0.1666567055,1.0,6,0.6590909090909091,2.4611628955478615,138.37435902761993,2.5237507494392872,inertial,0,TRUE,FALSE
ergun_comb_phi0.659_d6_Re2.2e+02,,,12.729153313427064,5.908534313868576,0.1666567055,1.0,6,0.6590909090909091,2.1877175138689,212.7199489324566,2.369962260594205,inertial,0,TRUE,FALSE
ergun_comb_phi0.659_d6_Re3.5e+02,,,31.844085872495942,9.207710030459838,0.1666567055,1.0,6,0.6590909090909091,2.2535996614518736,331.49737370008813,2.2674022509796896,inertial,0,TRUE,FALSE
ergun_comb_phi0.659_d6_Re5.6e+02,,,79.69898884162441,14.754255716060245,0.1666567055,1.0,6,0.6590909090909091,2.196693421029665,531.1849531092613,2.19835320918209,inertial,0,TRUE,FALSE
ergun_comb_phi0.659_d6_Re8.9e+02,,,204.48522350928067,24.12277819967457,0.1666567055,1.0,6,0.6590909090909091,2.1084268277802454,868.4719211495958,2.153835739109046,inertial,0,TRUE,FALSE
ergun_comb_phi0.659_d6_Re1.4e+03,,,627.8379052360784,42.06345857334666,0.1666567055,1.0,6,0.6590909090909091,2.1290645330363276,1514.3750182921979,2.123933025009909,inertial,0,TRUE,FALSE
ergun_comb_phi0.659_d6_Re2.3e+03,,,1357.6692368538477,62.39181955020655,0.1666567055,1.0,6,0.6590909090909091,2.092617849271953,2246.239754818862,2.110832951400365,inertial,0,TRUE,FALSE
ergun_comb_phi0.659_d6_Re3.6e+03,,,3475.356463005832,96.33709361974952,0.1666567055,1.0,6,0.6590909090909091,2.246795403000338,3468.3426627469075,2.101281659231089,inertial,0,TRUE,FALSE
ergun_comb_phi0.659_d6_Re5.8e+03,,,9249.698102952656,164.97930364014047,0.1666567055,1.0,6,0.6590909090909091,2.039012444039512,5939.609923711368,2.093977466006413,inertial,0,TRUE,FALSE
ergun_comb_phi0.659_d6_Re9.2e+03,,,22541.769564759397,258.67865519285476,0.1666567055,1.0,6,0.6590909090909091,2.0212408516654414,9312.9881963083,2.0902642473258926,inertial,0,TRUE,FALSE
ergun_comb_phi0.659_d6_Re1.5e+04,,,56108.34226316802,415.2657851805939,0.1666567055,1.0,6,0.6590909090909091,1.952209348066594,14950.461810752424,2.087798927196729,inertial,0,TRUE,FALSE
ergun_comb_phi0.659_d6_Re2.4e+04,,,163643.09257311316,660.7508483754079,0.1666567055,1.0,6,0.6590909090909091,2.248917220039008,23788.452305943654,2.086285835685754,inertial,0,TRUE,FALSE
ergun_comb_phi0.659_d6_Re3.8e+04,,,379946.4235905426,1061.1022935743727,0.1666567055,1.0,6,0.6590909090909091,2.0246926427332106,38201.96578556652,2.085320117477759,inertial,0,TRUE,FALSE
ergun_comb_phi0.659_d6_Re6.0e+04,,,1134132.0748897763,1720.7071160962926,0.1666567055,1.0,6,0.6590909090909091,2.298269607478307,61949.15869483425,2.084709142230068,inertial,0,TRUE,FALSE
ergun_comb_phi0.659_d6_Re9.6e+04,,,2602682.044318775,2730.5215468651163,0.1666567055,1.0,6,0.6590909090909091,2.0945037892754126,98304.65106122415,2.084345651774371,inertial,0,TRUE,FALSE
ergun_comb_phi0.659_d6_Re1.5e+05,,,6159625.565547182,4165.433928716478,0.1666567055,1.0,6,0.6590909090909091,2.1300267761329117,149964.58436710708,2.0841322866039524,inertial,0,TRUE,FALSE
ergun_comb_phi0.659_d6_Re2.5e+05,,,16369526.945934663,7220.1620604570635,0.1666567055,1.0,6,0.6590909090909091,1.8840546161030052,259941.37009232058,2.0839605078806813,inertial,0,TRUE,FALSE
ergun_comb_phi0.659_d6_Re3.9e+05,,,43972358.9295542,11210.495870967685,0.1666567055,1.0,6,0.6590909090909091,2.0993331737355074,403601.9734339828,2.083877131802849,inertial,0,TRUE,FALSE
ergun_comb_phi0.659_d6_Re6.3e+05,,,114269067.59834652,18196.96606182693,0.1666567055,1.0,6,0.6590909090909091,2.0705320808636807,655129.9333764976,2.0838192105423987,inertial,0,TRUE,FALSE
ergun_comb_phi0.659_d6_Re1.0e+06,,,259960875.4543884,26030.395079203463,0.1666567055,1.0,6,0.6590909090909091,2.301959729473748,937150.2335093309,2.0837912415919484,inertial,0,TRUE,FALSE
ergun_comb_phi0.659_d10_Re1.0e-06,,,1.7000096398561583e-09,1.6095978547765348e-08,0.1666567055,1.0,10,0.6590909090909091,65617036.910244696,9.658164368169e-07,63043146.6941479,viscous,0,TRUE,FALSE
ergun_comb_phi0.659_d10_Re1.6e-06,,,2.685630133942178e-09,2.6518596225724514e-08,0.1666567055,1.0,10,0.6590909090909091,38189602.65109731,1.5912108754438635e-06,38265266.75292697,viscous,0,TRUE,FALSE
ergun_comb_phi0.659_d10_Re2.6e-06,,,4.215969799059591e-09,4.269682012255465e-08,0.1666567055,1.0,10,0.6590909090909091,23126314.505202316,2.5619623281557456e-06,23766200.604373876,viscous,0,TRUE,FALSE
ergun_comb_phi0.659_d10_Re4.1e-06,,,7.038168264192241e-09,6.83004010926177e-08,0.1666567055,1.0,10,0.6590909090909091,15087355.97507188,4.0982690068007915e-06,14857032.013272235,viscous,0,TRUE,FALSE
ergun_comb_phi0.659_d10_Re6.5e-06,,,1.134739556516262e-08,1.1112864920191516e-07,0.1666567055,1.0,10,0.6590909090909091,9188489.504717289,6.668117485492665e-06,9131230.713971578,viscous,0,TRUE,FALSE
ergun_comb_phi0.659_d10_Re1.0e-05,,,1.8972331354177664e-08,1.7495410313142608e-07,0.1666567055,1.0,10,0.6590909090909091,6198297.774541771,1.0497873614297871e-05,5800043.837938449,viscous,0,TRUE,FALSE
ergun_comb_phi0.659_d10_Re1.7e-05,,,2.7433936592434056e-08,2.6940737640286103e-07,0.1666567055,1.0,10,0.6590909090909091,3779802.9998677038,1.6165408742155955e-05,3766569.71369202,viscous,0,TRUE,FALSE
ergun_comb_phi0.659_d10_Re2.7e-05,,,4.793175475881651e-08,4.4852170095980154e-07,0.1666567055,1.0,10,0.6590909090909091,2382628.9130808837,2.6912910561513623e-05,2262414.584752526,viscous,0,TRUE,FALSE
ergun_comb_phi0.659_d10_Re4.2e-05,,,7.188300925684203e-08,7.048765055596415e-07,0.1666567055,1.0,10,0.6590909090909091,1446772.2807778344,4.2295118185907107e-05,1439603.3404419476,viscous,0,TRUE,FALSE
ergun_comb_phi0.659_d10_Re6.8e-05,,,1.2053830381095226e-07,1.1164441706888387e-06,0.1666567055,1.0,10,0.6590909090909091,967054.7333012101,6.699065407175222e-05,908906.5590901627,viscous,0,TRUE,FALSE
ergun_comb_phi0.659_d10_Re1.1e-04,,,1.8740206992128956e-07,1.7845823770618107e-06,0.1666567055,1.0,10,0.6590909090909091,588438.6406880784,0.0001070813425543091,568617.5291526195,viscous,0,TRUE,FALSE
ergun_comb_phi0.659_d10_Re1.7e-04,,,2.9161590681359954e-07,2.8693505809934272e-06,0.1666567055,1.0,10,0.6590909090909091,354196.2684776097,0.00017217132502318828,353650.4353618834,viscous,0,TRUE,FALSE
ergun_comb_phi0.659_d10_Re2.8e-04,,,4.5097911193022893e-07,4.431652875548969e-06,0.1666567055,1.0,10,0.6590909090909091,229628.05971171465,0.0002659150654786566,228977.84778750976,viscous,0,TRUE,FALSE
ergun_comb_phi0.659_d10_Re4.4e-04,,,6.91273892454157e-07,7.336760377916485e-06,0.1666567055,1.0,10,0.6590909090909091,128422.60790499674,0.0004402319340169895,138311.23530867248,viscous,0,TRUE,FALSE
ergun_comb_phi0.659_d10_Re7.0e-04,,,1.1380033743902674e-06,1.1471846946380767e-05,0.1666567055,1.0,10,0.6590909090909091,86472.27032979942,0.0006883519575142909,88456.98623463674,viscous,0,TRUE,FALSE
ergun_comb_phi0.659_d10_Re1.1e-03,,,1.7088102768742575e-06,1.789587802269153e-05,0.1666567055,1.0,10,0.6590909090909091,53356.56040197134,0.0010738168601737738,56704.588177090984,viscous,0,TRUE,FALSE
ergun_comb_phi0.659_d10_Re1.8e-03,,,3.01456141859706e-06,3.1275681193546247e-05,0.1666567055,1.0,10,0.6590909090909091,30818.435044642672,0.0018766530335346302,32447.13574459051,viscous,0,TRUE,FALSE
ergun_comb_phi0.659_d10_Re2.9e-03,,,4.40937085351246e-06,4.658953709179866e-05,0.1666567055,1.0,10,0.6590909090909091,20314.20525669873,0.0027955393065056513,21782.534157309936,viscous,0,TRUE,FALSE
ergun_comb_phi0.659_d10_Re4.6e-03,,,8.417742355018583e-06,7.921931765410997e-05,0.1666567055,1.0,10,0.6590909090909091,13413.231936826945,0.004753443158283839,12811.347088820217,viscous,0,TRUE,FALSE
ergun_comb_phi0.659_d10_Re7.3e-03,,,1.2550755713283425e-05,0.00012313331271555583,0.1666567055,1.0,10,0.6590909090909091,8277.872812021616,0.007388440347847619,8243.079447526387,viscous,0,TRUE,FALSE
ergun_comb_phi0.659_d10_Re1.2e-02,,,1.9211505695076423e-05,0.00019196005287028473,0.1666567055,1.0,10,0.6590909090909091,5213.623699084361,0.0115182915859503,5288.293476997278,viscous,0,TRUE,FALSE
ergun_comb_phi0.659_d10_Re1.9e-02,,,3.19997804929652e-05,0.0003049479951882372,0.1666567055,1.0,10,0.6590909090909091,3441.0852668431953,0.018297973326266023,3329.67111574161,viscous,0,TRUE,FALSE
ergun_comb_phi0.659_d10_Re3.0e-02,,,5.3956356086777946e-05,0.0005074783854463218,0.1666567055,1.0,10,0.6590909090909091,2095.113297005482,0.030450523063191227,2001.658747264404,viscous,0,TRUE,FALSE
ergun_comb_phi0.659_d10_Re4.8e-02,,,8.89092830594893e-05,0.0008442743755754901,0.1666567055,1.0,10,0.6590909090909091,1247.3257603052866,0.05065949030028618,1203.9928835168512,viscous,0,TRUE,FALSE
ergun_comb_phi0.659_d10_Re7.6e-02,,,0.00013827616890510909,0.0012925456496618447,0.1666567055,1.0,10,0.6590909090909091,827.6668439132054,0.07755737435130353,787.1554980086174,viscous,0,TRUE,FALSE
ergun_comb_phi0.659_d10_Re1.2e-01,,,0.00019708673721974276,0.0019340957201444912,0.1666567055,1.0,10,0.6590909090909091,526.867575442345,0.11605267932915493,526.7429210885912,viscous,0,TRUE,FALSE
ergun_comb_phi0.659_d10_Re1.9e-01,,,0.00034166925985598657,0.003092090779449456,0.1666567055,1.0,10,0.6590909090909091,357.3562938888123,0.18553653572909826,330.2568542962774,viscous,0,TRUE,FALSE
ergun_comb_phi0.659_d10_Re3.1e-01,,,0.000570559348774479,0.005092427742326065,0.1666567055,1.0,10,0.6590909090909091,220.01438406473525,0.3055639271787996,201.34842958608772,viscous,0,TRUE,FALSE
ergun_comb_phi0.659_d10_Re5.0e-01,,,0.0008559861560321717,0.008522528365162634,0.1666567055,1.0,10,0.6590909090909091,117.85006601709193,0.5113822656936318,121.14946119688983,viscous,0,TRUE,FALSE
ergun_comb_phi0.659_d10_Re7.9e-01,,,0.0012345179526598925,0.012545935609010716,0.1666567055,1.0,10,0.6590909090909091,78.43164095820865,0.7528011292057322,82.96578519788969,viscous,0,TRUE,FALSE
ergun_comb_phi0.659_d10_Re1.3e+00,,,0.0022666680320221635,0.021729565093634023,0.1666567055,1.0,10,0.6590909090909091,48.004931149573736,1.3038518329305402,48.78236468550892,viscous,0,TRUE,FALSE
ergun_comb_phi0.659_d10_Re2.0e+00,,,0.0034425089017691654,0.032181636112055996,0.1666567055,1.0,10,0.6590909090909091,33.23983293225017,1.9310135776118529,33.61540786943705,viscous,0,TRUE,FALSE
ergun_comb_phi0.659_d10_Re3.2e+00,,,0.006939917746202134,0.05653942075939872,0.1666567055,1.0,10,0.6590909090909091,21.70958958854006,3.3925680091761277,20.031223602055363,viscous,0,TRUE,FALSE
ergun_comb_phi0.659_d10_Re5.2e+00,,,0.01023663865940847,0.08462982405502223,0.1666567055,1.0,10,0.6590909090909091,14.292575582487503,5.078092945682418,14.074074998323542,viscous,0,TRUE,FALSE
ergun_comb_phi0.659_d10_Re8.2e+00,,,0.01693556161744192,0.13965625518409724,0.1666567055,1.0,10,0.6590909090909091,8.683180288993745,8.379876151103756,9.349717341441238,viscous,0,TRUE,FALSE
ergun_comb_phi0.659_d10_Re1.3e+01,,,0.030918646704732634,0.21553782760894985,0.1666567055,1.0,10,0.6590909090909091,6.655389453211948,12.933042625695602,6.791675285254212,viscous,0,TRUE,FALSE
ergun_comb_phi0.659_d10_Re2.1e+01,,,0.060494776665288796,0.35409599909156453,0.1666567055,1.0,10,0.6590909090909091,4.824761370543654,21.247029816724925,4.94944942375046,viscous,0,TRUE,FALSE
ergun_comb_phi0.659_d10_Re3.4e+01,,,0.11607119061855926,0.535846251948533,0.1666567055,1.0,10,0.6590909090909091,4.0424443008399615,32.152696787140854,3.9774431702570365,inertial,0,TRUE,FALSE
ergun_comb_phi0.659_d10_Re5.4e+01,,,0.23377086127582128,0.8755314360388298,0.1666567055,1.0,10,0.6590909090909091,3.049628156644771,52.53502602323011,3.242726462910073,inertial,0,TRUE,FALSE
ergun_comb_phi0.659_d10_Re8.6e+01,,,0.5270558776384536,1.374234002862996,0.1666567055,1.0,10,0.6590909090909091,2.790842195551914,82.45896849694992,2.8221311567759213,inertial,0,TRUE,FALSE
ergun_comb_phi0.659_d10_Re1.4e+02,,,1.407943795873301,2.3786009853449097,0.1666567055,1.0,10,0.6590909090909091,2.4885256958435003,142.72458934122574,2.5103388500752897,inertial,0,TRUE,FALSE
ergun_comb_phi0.659_d10_Re2.2e+02,,,2.9687940224059277,3.7565347640644475,0.1666567055,1.0,10,0.6590909090909091,2.10380383447505,225.4055576578314,2.3538531734136408,inertial,0,TRUE,FALSE
ergun_comb_phi0.659_d10_Re3.5e+02,,,6.821366348198353,5.665899901150047,0.1666567055,1.0,10,0.6590909090909091,2.1248759405445896,339.97431331378664,2.262822463219438,inertial,0,TRUE,FALSE
ergun_comb_phi0.659_d10_Re5.6e+02,,,19.31842162477158,9.204673117435785,0.1666567055,1.0,10,0.6590909090909091,2.280105278587344,552.3133971609552,2.193968218915812,inertial,0,TRUE,FALSE
ergun_comb_phi0.659_d10_Re8.9e+02,,,43.03219752148182,14.58328989502419,0.1666567055,1.0,10,0.6590909090909091,2.0234035455328887,875.0496927964408,2.153308724378779,inertial,0,TRUE,FALSE
ergun_comb_phi0.659_d10_Re1.4e+03,,,121.42638689235064,24.362009331739394,0.1666567055,1.0,10,0.6590909090909091,2.0459115876793574,1461.8079277787833,2.125378873050271,inertial,0,TRUE,FALSE
ergun_comb_phi0.659_d10_Re2.3e+03,,,296.8408764673796,38.13345103294677,0.1666567055,1.0,10,0.6590909090909091,2.0413218529503685,2288.143817468345,2.110336531522697,inertial,0,TRUE,FALSE
ergun_comb_phi0.659_d10_Re3.6e+03,,,775.7289653298059,61.35958054504978,0.1666567055,1.0,10,0.6590909090909091,2.060370124085895,3681.794882537731,2.1002638847727804,inertial,0,TRUE,FALSE
ergun_comb_phi0.659_d10_Re5.8e+03,,,2109.840271619504,98.8313292263023,0.1666567055,1.0,10,0.6590909090909091,2.160032595522572,5930.234185884726,2.0939936732121964,inertial,0,TRUE,FALSE
ergun_comb_phi0.659_d10_Re9.2e+03,,,5650.820338824935,164.7650290444878,0.1666567055,1.0,10,0.6590909090909091,2.0815239926312192,9886.492628674207,2.089884986541191,inertial,0,TRUE,FALSE
ergun_comb_phi0.659_d10_Re1.5e+04,,,11264.831228680074,239.11503660446633,0.1666567055,1.0,10,0.6590909090909091,1.970202722258514,14347.759718823096,2.087970006099381,inertial,0,TRUE,FALSE
ergun_comb_phi0.659_d10_Re2.4e+04,,,31723.512389202824,386.2974158424134,0.1666567055,1.0,10,0.6590909090909091,2.1258746833746245,23179.23030360236,2.0863531090027516,inertial,0,TRUE,FALSE
ergun_comb_phi0.659_d10_Re3.8e+04,,,85065.95684684358,614.8846774793168,0.1666567055,1.0,10,0.6590909090909091,2.2499271155624045,36895.285769303584,2.085376565030685,inertial,0,TRUE,FALSE
ergun_comb_phi0.659_d10_Re6.0e+04,,,202312.10681376845,1009.4707081646454,0.1666567055,1.0,10,0.6590909090909091,1.9853378832195243,60571.862688396024,2.084731490988757,inertial,0,TRUE,FALSE
ergun_comb_phi0.659_d10_Re9.6e+04,,,504424.28657688654,1580.6725033169896,0.1666567055,1.0,10,0.6590909090909091,2.0188878356850872,94846.01886102864,2.08436823800031,inertial,0,TRUE,FALSE
ergun_comb_phi0.659_d10_Re1.5e+05,,,1311684.2197660848,2573.8669002205447,0.1666567055,1.0,10,0.6590909090909091,1.9799632250969756,154441.2445030929,2.0841205177388846,inertial,0,TRUE,FALSE
ergun_comb_phi0.659_d10_Re2.5e+05,,,3697131.3090681345,4249.6758182627,0.1666567055,1.0,10,0.6590909090909091,2.0471669999086872,254995.7894291088,2.083965050866035,inertial,0,TRUE,FALSE
ergun_comb_phi0.659_d10_Re3.9e+05,,,9179574.046065852,6485.6223055829705,0.1666567055,1.0,10,0.6590909090909091,2.182323966086279,389160.59729639685,2.0838827301380363,inertial,0,TRUE,FALSE
ergun_comb_phi0.659_d10_Re6.3e+05,,,21686731.913044676,10201.90427739625,0.1666567055,1.0,10,0.6590909090909091,2.0836828739562607,612150.8430632123,2.0838257358919936,inertial,0,TRUE,FALSE
ergun_comb_phi0.659_d10_Re1.0e+06,,,65785026.33446022,17586.250267050607,0.1666567055,1.0,10,0.6590909090909091,2.1270639856225535,1055238.084437629,2.083783970862166,inertial,0,TRUE,FALSE
ergun_comb_phi0.723_d6_Re1.0e-06,,,3.869523297667728e-09,2.8022037664005535e-08,0.1666567055,1.0,6,0.7227272727272727,29567138.201100323,1.0088536520604218e-06,30279875.480390873,viscous,0,TRUE,FALSE
ergun_comb_phi0.723_d6_Re1.6e-06,,,6.646378136631428e-09,4.3063327379297636e-08,0.1666567055,1.0,6,0.7227272727272727,21504093.004458014,1.5503724467647405e-06,19703629.100294862,viscous,0,TRUE,FALSE
ergun_comb_phi0.723_d6_Re2.6e-06,,,1.0966855385196481e-08,7.052858701245155e-08,0.1666567055,1.0,6,0.7227272727272727,13228268.479358401,2.5391808916726085e-06,12030637.529417157,viscous,0,TRUE,FALSE
ergun_comb_phi0.723_d6_Re4.1e-06,,,1.669876053970682e-08,1.1089977934078862e-07,0.1666567055,1.0,6,0.7227272727272727,8146557.426970069,3.9926306838264705e-06,7651087.520134083,viscous,0,TRUE,FALSE
ergun_comb_phi0.723_d6_Re6.5e-06,,,2.5948291833696624e-08,1.797032062516706e-07,0.1666567055,1.0,6,0.7227272727272727,4821124.784462078,6.469702099745537e-06,4721696.534163112,viscous,0,TRUE,FALSE
ergun_comb_phi0.723_d6_Re1.0e-05,,,4.330754026663688e-08,2.9955252864441125e-07,0.1666567055,1.0,6,0.7227272727272727,2895801.4967162255,1.0784535590537444e-05,2832572.1836661114,viscous,0,TRUE,FALSE
ergun_comb_phi0.723_d6_Re1.7e-05,,,6.180611160710027e-08,4.725711100482455e-07,0.1666567055,1.0,6,0.7227272727272727,1660536.1546838256,1.7013576812182173e-05,1795506.2519332906,viscous,0,TRUE,FALSE
ergun_comb_phi0.723_d6_Re2.7e-05,,,1.1384155359003293e-07,7.267716058971795e-07,0.1666567055,1.0,6,0.7227272727272727,1293171.6083884058,2.6165341636272038e-05,1167498.430630329,viscous,0,TRUE,FALSE
ergun_comb_phi0.723_d6_Re4.2e-05,,,1.679681959552314e-07,1.1689738757438897e-06,0.1666567055,1.0,6,0.7227272727272727,737511.3305017551,4.2085574855332404e-05,725854.7819616488,viscous,0,TRUE,FALSE
ergun_comb_phi0.723_d6_Re6.8e-05,,,2.5648472818151887e-07,1.8709196958543625e-06,0.1666567055,1.0,6,0.7227272727272727,439645.333196678,6.735713478463172e-05,453523.57015863707,viscous,0,TRUE,FALSE
ergun_comb_phi0.723_d6_Re1.1e-04,,,3.835445464150495e-07,2.8714681364471165e-06,0.1666567055,1.0,6,0.7227272727272727,279099.500615014,0.00010337903156667583,295496.04093819973,viscous,0,TRUE,FALSE
ergun_comb_phi0.723_d6_Re1.7e-04,,,7.106744056676017e-07,5.045237408175187e-06,0.1666567055,1.0,6,0.7227272727272727,167516.93220409812,0.00018163940273649009,168180.44254622527,viscous,0,TRUE,FALSE
ergun_comb_phi0.723_d6_Re2.8e-04,,,9.993936348225674e-07,7.39368113857797e-06,0.1666567055,1.0,6,0.7227272727272727,109689.83801220582,0.00026618843027271903,114761.95182475606,viscous,0,TRUE,FALSE
ergun_comb_phi0.723_d6_Re4.4e-04,,,1.6945827842347722e-06,1.2563744488667038e-05,0.1666567055,1.0,6,0.7227272727272727,64413.344499838895,0.00045232183551115635,67537.18405739748,viscous,0,TRUE,FALSE
ergun_comb_phi0.723_d6_Re7.0e-04,,,2.5659567007234366e-06,1.918587292339107e-05,0.1666567055,1.0,6,0.7227272727272727,41825.14418004514,0.0006907327082638533,44226.73073731836,viscous,0,TRUE,FALSE
ergun_comb_phi0.723_d6_Re1.1e-03,,,4.617907401150667e-06,3.0068654880482505e-05,0.1666567055,1.0,6,0.7227272727272727,30645.624066141056,0.0010825362756429564,28220.16572789737,viscous,0,TRUE,FALSE
ergun_comb_phi0.723_d6_Re1.8e-03,,,6.912369932150312e-06,4.966760326175401e-05,0.1666567055,1.0,6,0.7227272727272727,16812.48136766809,0.0017881405892217403,17084.931821769416,viscous,0,TRUE,FALSE
ergun_comb_phi0.723_d6_Re2.9e-03,,,1.1467987040832914e-05,7.824605904208758e-05,0.1666567055,1.0,6,0.7227272727272727,11238.633218082898,0.002817026490737425,10845.33022141394,viscous,0,TRUE,FALSE
ergun_comb_phi0.723_d6_Re4.6e-03,,,1.829885451743421e-05,0.00012749389548140364,0.1666567055,1.0,6,0.7227272727272727,6754.549255648687,0.004590054571122083,6656.535565144948,viscous,0,TRUE,FALSE
ergun_comb_phi0.723_d6_Re7.3e-03,,,2.8362151404108255e-05,0.00020410870353534746,0.1666567055,1.0,6,0.7227272727272727,4084.767792375945,0.0073483525162573475,4158.402419199456,viscous,0,TRUE,FALSE
ergun_comb_phi0.723_d6_Re1.2e-02,,,4.151861354313244e-05,0.00032003887555637076,0.1666567055,1.0,6,0.7227272727272727,2432.140283855344,0.011522088160672447,2652.537558424105,viscous,0,TRUE,FALSE
ergun_comb_phi0.723_d6_Re1.9e-02,,,8.058799509022499e-05,0.0005110350473445437,0.1666567055,1.0,6,0.7227272727272727,1851.4851392937335,0.01839836131926454,1661.6485291505826,viscous,0,TRUE,FALSE
ergun_comb_phi0.723_d6_Re3.0e-02,,,0.00011303726871249829,0.0007981773482404647,0.1666567055,1.0,6,0.7227272727272727,1064.5697179726399,0.028736102007265396,1064.3370366166073,viscous,0,TRUE,FALSE
ergun_comb_phi0.723_d6_Re4.8e-02,,,0.00020105768369998,0.0013366316934709601,0.1666567055,1.0,6,0.7227272727272727,675.2248483374241,0.048121617049640776,636.0928150336894,viscous,0,TRUE,FALSE
ergun_comb_phi0.723_d6_Re7.6e-02,,,0.00031845736083899157,0.00228908394802371,0.1666567055,1.0,6,0.7227272727272727,364.6524217412576,0.08241194764372838,371.95929538973724,viscous,0,TRUE,FALSE
ergun_comb_phi0.723_d6_Re1.2e-01,,,0.000492801024442778,0.003288438098748052,0.1666567055,1.0,6,0.7227272727272727,273.428330059254,0.11839084742070766,259.31173038310277,viscous,0,TRUE,FALSE
ergun_comb_phi0.723_d6_Re1.9e-01,,,0.0008554779414060811,0.005427282061414539,0.1666567055,1.0,6,0.7227272727272727,174.2590252033774,0.19539383231409932,157.62581159948698,viscous,0,TRUE,FALSE
ergun_comb_phi0.723_d6_Re3.1e-01,,,0.0012200577355106722,0.008803335679396706,0.1666567055,1.0,6,0.7227272727272727,94.45764394010763,0.31693902695310533,97.66970001395089,viscous,0,TRUE,FALSE
ergun_comb_phi0.723_d6_Re5.0e-01,,,0.0020166023086402416,0.013678071507127203,0.1666567055,1.0,6,0.7227272727272727,64.67281588588409,0.492440005918413,63.31922617612261,viscous,0,TRUE,FALSE
ergun_comb_phi0.723_d6_Re7.9e-01,,,0.0030818428244532175,0.022310023050155975,0.1666567055,1.0,6,0.7227272727272727,37.15024636096717,0.8032088351880678,39.31775383542438,viscous,0,TRUE,FALSE
ergun_comb_phi0.723_d6_Re1.3e+00,,,0.004541960786524403,0.03313571058085645,0.1666567055,1.0,6,0.7227272727272727,24.820015832336857,1.192956880364701,26.892279998537383,viscous,0,TRUE,FALSE
ergun_comb_phi0.723_d6_Re2.0e+00,,,0.008709912128561282,0.057121179239280014,0.1666567055,1.0,6,0.7227272727272727,16.01661346225538,2.0564853625747457,16.13980269154652,viscous,0,TRUE,FALSE
ergun_comb_phi0.723_d6_Re3.2e+00,,,0.013159805373071534,0.08476962700931634,0.1666567055,1.0,6,0.7227272727272727,10.988038494621682,3.051888974583732,11.29487726973874,viscous,0,TRUE,FALSE
ergun_comb_phi0.723_d6_Re5.2e+00,,,0.022692843194992915,0.13498916081718504,0.1666567055,1.0,6,0.7227272727272727,7.472094703441001,4.859900251076968,7.571069223593778,viscous,0,TRUE,FALSE
ergun_comb_phi0.723_d6_Re8.2e+00,,,0.040951252052082436,0.22266458735052988,0.1666567055,1.0,6,0.7227272727272727,4.955826920965724,8.016404261052546,5.096032674369271,viscous,0,TRUE,FALSE
ergun_comb_phi0.723_d6_Re1.3e+01,,,0.0806214389560774,0.364096550209781,0.1666567055,1.0,6,0.7227272727272727,3.648956344800483,13.108259248882643,3.615787576696371,viscous,0,TRUE,FALSE
ergun_comb_phi0.723_d6_Re2.1e+01,,,0.1660732361148498,0.5840921605299152,0.1666567055,1.0,6,0.7227272727272727,2.920708026396059,21.0285745938947,2.7380395682448038,viscous,0,TRUE,FALSE
ergun_comb_phi0.723_d6_Re3.4e+01,,,0.37163737750935016,1.0008704609911525,0.1666567055,1.0,6,0.7227272727272727,2.2259473777292276,36.033490209290825,2.1331172205585904,inertial,0,TRUE,FALSE
ergun_comb_phi0.723_d6_Re5.4e+01,,,0.7038558226004509,1.4791574742863964,0.1666567055,1.0,6,0.7227272727272727,1.9302169866113008,53.25285183750604,1.8589913124446915,inertial,0,TRUE,FALSE
ergun_comb_phi0.723_d6_Re8.6e+01,,,1.426536237110903,2.3248744091343165,0.1666567055,1.0,6,0.7227272727272727,1.5835619736777486,83.70048125549859,1.6503189674323746,inertial,0,TRUE,FALSE
ergun_comb_phi0.723_d6_Re1.4e+02,,,3.502577772938943,3.697544936438398,0.1666567055,1.0,6,0.7227272727272727,1.5371353713727516,133.1195738693538,1.5148290025607167,inertial,0,TRUE,FALSE
ergun_comb_phi0.723_d6_Re2.2e+02,,,10.473168042588824,6.292031376055288,0.1666567055,1.0,6,0.7227272727272727,1.587258140158183,226.5266683573781,1.4202051025912765,inertial,0,TRUE,FALSE
ergun_comb_phi0.723_d6_Re3.5e+02,,,23.99805948521818,10.076231526236347,0.1666567055,1.0,6,0.7227272727272727,1.4181791628272193,362.76601638100954,1.3695598361837875,inertial,0,TRUE,FALSE
ergun_comb_phi0.723_d6_Re5.6e+02,,,51.52144207216576,15.151867339883117,0.1666567055,1.0,6,0.7227272727272727,1.3465018119302246,545.4998271239599,1.3413513399600396,inertial,0,TRUE,FALSE
ergun_comb_phi0.723_d6_Re8.9e+02,,,137.81416370172028,25.11335439727597,0.1666567055,1.0,6,0.7227272727272727,1.3110995054316696,904.134795726271,1.3191383474961684,inertial,0,TRUE,FALSE
ergun_comb_phi0.723_d6_Re1.4e+03,,,363.790299587927,41.73350218260426,0.1666567055,1.0,6,0.7227272727272727,1.2532355399135562,1502.4958782449085,1.3056828703350452,inertial,0,TRUE,FALSE
ergun_comb_phi0.723_d6_Re2.3e+03,,,840.1244838419367,61.70201714145464,0.1666567055,1.0,6,0.7227272727272727,1.3240249462570652,2221.4053838279424,1.2991030300258184,inertial,0,TRUE,FALSE
ergun_comb_phi0.723_d6_Re3.6e+03,,,2251.4367338043676,106.9399179814208,0.1666567055,1.0,6,0.7227272727272727,1.1812213952554793,3850.06715429476,1.2932857895872691,inertial,0,TRUE,FALSE
ergun_comb_phi0.723_d6_Re5.8e+03,,,5641.3436308065075,156.80521004120354,0.1666567055,1.0,6,0.7227272727272727,1.3766160477280922,5645.324965620548,1.290762588804409,inertial,0,TRUE,FALSE
ergun_comb_phi0.723_d6_Re9.2e+03,,,15086.041859172203,251.72554895369944,0.1666567055,1.0,6,0.7227272727272727,1.4284727680764848,9062.661410417697,1.2887221420141521,inertial,0,TRUE,FALSE
ergun_comb_phi0.723_d6_Re1.5e+04,,,36290.30471475302,400.368244399117,0.1666567055,1.0,6,0.7227272727272727,1.358384188692534,14414.118286975869,1.2874707008660988,inertial,0,TRUE,FALSE
ergun_comb_phi0.723_d6_Re2.4e+04,,,93776.97850161626,653.7384788449002,0.1666567055,1.0,6,0.7227272727272727,1.3165561608606786,23535.991914045135,1.286649317884526,inertial,0,TRUE,FALSE
ergun_comb_phi0.723_d6_Re3.8e+04,,,203782.7185834085,1014.9539847354389,0.1666567055,1.0,6,0.7227272727272727,1.1869321570449147,36540.52736817501,1.2861873946976685,inertial,0,TRUE,FALSE
ergun_comb_phi0.723_d6_Re6.0e+04,,,611530.9463884166,1711.7371088013904,0.1666567055,1.0,6,0.7227272727272727,1.2522630262310157,61626.21913108886,1.2858470899690917,inertial,0,TRUE,FALSE
ergun_comb_phi0.723_d6_Re9.6e+04,,,1369258.9255017126,2598.680513053526,0.1666567055,1.0,6,0.7227272727272727,1.2165530487347176,93558.0901563013,1.2856779057965078,inertial,0,TRUE,FALSE
ergun_comb_phi0.723_d6_Re1.5e+05,,,3920289.4496039865,4135.200979299289,0.1666567055,1.0,6,0.7227272727272727,1.375549236445275,148876.1331346235,1.2855565829429494,inertial,0,TRUE,FALSE
ergun_comb_phi0.723_d6_Re2.5e+05,,,9164238.525195753,6629.504716153008,0.1666567055,1.0,6,0.7227272727272727,1.2510811106833257,238676.43475598434,1.2854793815013004,inertial,0,TRUE,FALSE
ergun_comb_phi0.723_d6_Re3.9e+05,,,27960105.100650012,11548.23163824068,0.1666567055,1.0,6,0.7227272727272727,1.257937537585247,415761.1877755743,1.2854248672664799,inertial,0,TRUE,FALSE
ergun_comb_phi0.723_d6_Re6.3e+05,,,65960901.13953468,17386.33388700375,0.1666567055,1.0,6,0.7227272727272727,1.309247639284151,625945.4308126984,1.285400195401831,inertial,0,TRUE,FALSE
ergun_comb_phi0.723_d6_Re1.0e+06,,,156880365.71931562,27530.558311125376,0.1666567055,1.0,6,0.7227272727272727,1.2419090898098837,991159.337820657,1.2853822129215307,inertial,0,TRUE,FALSE
ergun_comb_phi0.723_d10_Re1.0e-06,,,8.958499108096245e-10,1.731749899285455e-08,0.1666567055,1.0,10,0.7227272727272727,29872042.100646093,1.0391120441808176e-06,29398141.588573594,viscous,0,TRUE,FALSE
ergun_comb_phi0.723_d10_Re1.6e-06,,,1.240894177670476e-09,2.612227847438653e-08,0.1666567055,1.0,10,0.7227272727272727,18184972.01411461,1.5674303890752555e-06,19489199.579904195,viscous,0,TRUE,FALSE
ergun_comb_phi0.723_d10_Re2.6e-06,,,1.986445660650919e-09,4.10694924472466e-08,0.1666567055,1.0,10,0.7227272727272727,11777090.65247339,2.4643168316588735e-06,12396119.054442033,viscous,0,TRUE,FALSE
ergun_comb_phi0.723_d10_Re4.1e-06,,,3.4371554416414792e-09,6.366523189289434e-08,0.1666567055,1.0,10,0.7227272727272727,8479974.035641363,3.820142232014441e-06,7996552.149240857,viscous,0,TRUE,FALSE
ergun_comb_phi0.723_d10_Re6.5e-06,,,5.690767029024675e-09,1.088209135362927e-07,0.1666567055,1.0,10,0.7227272727272727,4805582.880379716,6.529645069474428e-06,4678350.773044836,viscous,0,TRUE,FALSE
ergun_comb_phi0.723_d10_Re1.0e-05,,,8.251955892125806e-09,1.6606788948735107e-07,0.1666567055,1.0,10,0.7227272727272727,2992165.1833495125,9.964668927608861e-06,3065628.6421175795,viscous,0,TRUE,FALSE
ergun_comb_phi0.723_d10_Re1.7e-05,,,1.4043659800279867e-08,2.748106494887153e-07,0.1666567055,1.0,10,0.7227272727272727,1859572.7922357577,1.6489624504710688e-05,1852557.8221523908,viscous,0,TRUE,FALSE
ergun_comb_phi0.723_d10_Re2.7e-05,,,2.1020171854522324e-08,4.3940393342579907e-07,0.1666567055,1.0,10,0.7227272727272727,1088700.398252758,2.6365811811022454e-05,1158621.466840546,viscous,0,TRUE,FALSE
ergun_comb_phi0.723_d10_Re4.2e-05,,,3.849429855157596e-08,7.29737995262727e-07,0.1666567055,1.0,10,0.7227272727272727,722873.8123163828,4.3786896727220315e-05,697652.0427435106,viscous,0,TRUE,FALSE
ergun_comb_phi0.723_d10_Re6.8e-05,,,6.060766422512781e-08,1.1305938162851492e-06,0.1666567055,1.0,10,0.7227272727272727,474148.45021296316,6.783968355147577e-05,450297.6320673431,viscous,0,TRUE,FALSE
ergun_comb_phi0.723_d10_Re1.1e-04,,,1.0198508162986067e-07,1.8683630812444463e-06,0.1666567055,1.0,10,0.7227272727272727,292155.5182579421,0.00011210848526250546,272487.0083907032,viscous,0,TRUE,FALSE
ergun_comb_phi0.723_d10_Re1.7e-04,,,1.4494641290810327e-07,2.892244200037921e-06,0.1666567055,1.0,10,0.7227272727272727,173275.65705927217,0.00017354502426774067,176024.54959933268,viscous,0,TRUE,FALSE
ergun_comb_phi0.723_d10_Re2.8e-04,,,2.4121940651691546e-07,4.531577045307631e-06,0.1666567055,1.0,10,0.7227272727272727,117466.35918018673,0.0002719108740156651,112346.78008815613,viscous,0,TRUE,FALSE
ergun_comb_phi0.723_d10_Re4.4e-04,,,3.4972547166805476e-07,7.190371327838761e-06,0.1666567055,1.0,10,0.7227272727272727,67643.27508151997,0.0004314480660268879,70804.61968292696,viscous,0,TRUE,FALSE
ergun_comb_phi0.723_d10_Re7.0e-04,,,6.232733568089137e-07,1.1926240559109054e-05,0.1666567055,1.0,10,0.7227272727272727,43819.90505967061,0.0007156172038399652,42688.85840256693,viscous,0,TRUE,FALSE
ergun_comb_phi0.723_d10_Re1.1e-03,,,9.318568082963402e-07,1.909693851431527e-05,0.1666567055,1.0,10,0.7227272727272727,25551.810794351528,0.0011458847969555758,26660.12727577837,viscous,0,TRUE,FALSE
ergun_comb_phi0.723_d10_Re1.8e-03,,,1.609503411517944e-06,3.0198010774233385e-05,0.1666567055,1.0,10,0.7227272727272727,17649.61474614313,0.001811988943597195,16860.086710826454,viscous,0,TRUE,FALSE
ergun_comb_phi0.723_d10_Re2.9e-03,,,2.3671861301779848e-06,4.7119238837902384e-05,0.1666567055,1.0,10,0.7227272727272727,10661.931181898875,0.002827323310906466,10805.837327374938,viscous,0,TRUE,FALSE
ergun_comb_phi0.723_d10_Re4.6e-03,,,4.157527724823235e-06,7.567592662733465e-05,0.1666567055,1.0,10,0.7227272727272727,7259.716462677729,0.004540826989246745,6728.685831071005,viscous,0,TRUE,FALSE
ergun_comb_phi0.723_d10_Re7.3e-03,,,5.9675814451113685e-06,0.00012530432413370007,0.1666567055,1.0,10,0.7227272727272727,3800.723168488958,0.00751870881869197,4064.211899319387,viscous,0,TRUE,FALSE
ergun_comb_phi0.723_d10_Re1.2e-02,,,9.793362313850101e-06,0.00018612545944216193,0.1666567055,1.0,10,0.7227272727272727,2826.9638587997815,0.01116819505604363,2736.549332035875,viscous,0,TRUE,FALSE
ergun_comb_phi0.723_d10_Re1.9e-02,,,1.617861484868328e-05,0.00030919520347796875,0.1666567055,1.0,10,0.7227272727272727,1692.2940986815333,0.018552821055134127,1647.8253344395482,viscous,0,TRUE,FALSE
ergun_comb_phi0.723_d10_Re3.0e-02,,,2.6861979795933646e-05,0.0005010265789304184,0.1666567055,1.0,10,0.7227272727272727,1070.080592199202,0.030063391534546947,1017.4036303462077,viscous,0,TRUE,FALSE
ergun_comb_phi0.723_d10_Re4.8e-02,,,3.752704523798286e-05,0.0007561495919831555,0.1666567055,1.0,10,0.7227272727272727,656.3400812411962,0.04537168724862112,674.5678215418438,viscous,0,TRUE,FALSE
ergun_comb_phi0.723_d10_Re7.6e-02,,,6.60304320029338e-05,0.0012777588121251013,0.1666567055,1.0,10,0.7227272727272727,404.4327990118448,0.0766701110700344,399.7191248572421,viscous,0,TRUE,FALSE
ergun_comb_phi0.723_d10_Re1.2e-01,,,9.811305424373129e-05,0.0019688625774934073,0.1666567055,1.0,10,0.7227272727272727,253.10223882914846,0.11813881545218756,259.86219210881256,viscous,0,TRUE,FALSE
ergun_comb_phi0.723_d10_Re1.9e-01,,,0.00016352073847041048,0.0031792562703197073,0.1666567055,1.0,10,0.7227272727272727,161.7788585060886,0.19076677777718984,161.41785465924983,viscous,0,TRUE,FALSE
ergun_comb_phi0.723_d10_Re3.1e-01,,,0.00026856421832721714,0.005278077365102997,0.1666567055,1.0,10,0.7227272727272727,96.4043534371415,0.31670357032846763,97.74135797906567,viscous,0,TRUE,FALSE
ergun_comb_phi0.723_d10_Re5.0e-01,,,0.00038458531449350064,0.008217579809516786,0.1666567055,1.0,10,0.7227272727272727,56.951456479711474,0.49308425873789913,63.238174108398326,viscous,0,TRUE,FALSE
ergun_comb_phi0.723_d10_Re7.9e-01,,,0.0007364266509346615,0.01277329481536144,0.1666567055,1.0,10,0.7227272727272727,45.136057792904914,0.7664434969501687,41.14212072662838,viscous,0,TRUE,FALSE
ergun_comb_phi0.723_d10_Re1.3e+00,,,0.0011455405675945111,0.020006773977052555,0.1666567055,1.0,10,0.7227272727272727,28.619124377585383,1.2004781876029917,26.73184594861962,viscous,0,TRUE,FALSE
ergun_comb_phi0.723_d10_Re2.0e+00,,,0.0016684187170845372,0.03334466474630098,0.1666567055,1.0,10,0.7227272727272727,15.00556466470365,2.000799466559777,16.553229146433146,viscous,0,TRUE,FALSE
ergun_comb_phi0.723_d10_Re3.2e+00,,,0.0034797372310529707,0.05614218355236287,0.1666567055,1.0,10,0.7227272727272727,11.03996890975647,3.3687323521682644,10.353439466012066,viscous,0,TRUE,FALSE
ergun_comb_phi0.723_d10_Re5.2e+00,,,0.005455054003059385,0.08455328037056206,0.1666567055,1.0,10,0.7227272727272727,7.63023882636817,5.073500050111219,7.306433754539032,viscous,0,TRUE,FALSE
ergun_comb_phi0.723_d10_Re8.2e+00,,,0.009295321070907943,0.13565635343397303,0.1666567055,1.0,10,0.7227272727272727,5.051078500475932,8.139867701511298,5.038233231085245,viscous,0,TRUE,FALSE
ergun_comb_phi0.723_d10_Re1.3e+01,,,0.017232613167714746,0.22010664696864107,0.1666567055,1.0,10,0.7227272727272727,3.557007847424176,13.207188172133948,3.598331359717789,viscous,0,TRUE,FALSE
ergun_comb_phi0.723_d10_Re2.1e+01,,,0.034993784257759876,0.355376458222704,0.1666567055,1.0,10,0.7227272727272727,2.7708537299260128,21.323861956619798,2.7179231155518453,viscous,0,TRUE,FALSE
ergun_comb_phi0.723_d10_Re3.4e+01,,,0.06789731638222896,0.5500902412585266,0.1666567055,1.0,10,0.7227272727272727,2.2438030201013297,33.00738722802405,2.210840024912096,inertial,0,TRUE,FALSE
ergun_comb_phi0.723_d10_Re5.4e+01,,,0.14495251036208917,0.8787264579509285,0.1666567055,1.0,10,0.7227272727272727,1.877233670331384,52.72673879605333,1.8647151529453356,inertial,0,TRUE,FALSE
ergun_comb_phi0.723_d10_Re8.6e+01,,,0.32668076868823726,1.4045996324564134,0.1666567055,1.0,10,0.7227272727272727,1.6558403749648758,84.28101517081852,1.64780504356923,inertial,0,TRUE,FALSE
ergun_comb_phi0.723_d10_Re1.4e+02,,,0.827899743611713,2.3892993394410498,0.1666567055,1.0,10,0.7227272727272727,1.4502291223655133,143.36652895379896,1.4984273586032844,inertial,0,TRUE,FALSE
ergun_comb_phi0.723_d10_Re2.2e+02,,,1.8789753793204853,3.4813124489211384,0.1666567055,1.0,10,0.7227272727272727,1.5503690260253205,208.89123173751554,1.4315899943252148,inertial,0,TRUE,FALSE
ergun_comb_phi0.723_d10_Re3.5e+02,,,4.563557964135826,5.86146105079441,0.1666567055,1.0,10,0.7227272727272727,1.3282866390204138,351.70868362055853,1.3722072566955927,inertial,0,TRUE,FALSE
ergun_comb_phi0.723_d10_Re5.6e+02,,,10.867491102978061,9.211553028975297,0.1666567055,1.0,10,0.7227272727272727,1.2807476867524428,552.726216526301,1.3406191919003811,inertial,0,TRUE,FALSE
ergun_comb_phi0.723_d10_Re8.9e+02,,,31.771531242135772,15.2473492053694,0.1666567055,1.0,10,0.7227272727272727,1.3666252875213691,914.895632889455,1.3187409514347759,inertial,0,TRUE,FALSE
ergun_comb_phi0.723_d10_Re1.4e+03,,,76.91018470206414,24.129856014515465,0.1666567055,1.0,10,0.7227272727272727,1.32091354465247,1447.8778961891494,1.3064498302390568,inertial,0,TRUE,FALSE
ergun_comb_phi0.723_d10_Re2.3e+03,,,154.93420813005787,35.566845021472616,0.1666567055,1.0,10,0.7227272727272727,1.224775898851746,2134.138252329284,1.299665348779127,inertial,0,TRUE,FALSE
ergun_comb_phi0.723_d10_Re3.6e+03,,,420.6149999308974,60.93267308002591,0.1666567055,1.0,10,0.7227272727272727,1.1328810044292208,3656.178903646088,1.2937065530166039,inertial,0,TRUE,FALSE
ergun_comb_phi0.723_d10_Re5.8e+03,,,1136.4352217554756,96.2724553953968,0.1666567055,1.0,10,0.7227272727272727,1.2261414905256456,5776.692579309196,1.2906395329315745,inertial,0,TRUE,FALSE
ergun_comb_phi0.723_d10_Re9.2e+03,,,3149.179573274522,157.099776093923,0.1666567055,1.0,10,0.7227272727272727,1.275987129063943,9426.549962246972,1.2885920225994145,inertial,0,TRUE,FALSE
ergun_comb_phi0.723_d10_Re1.5e+04,,,8457.690548338276,254.16209791284845,0.1666567055,1.0,10,0.7227272727272727,1.3092730179506833,15250.637359613978,1.2873544537979749,inertial,0,TRUE,FALSE
ergun_comb_phi0.723_d10_Re2.4e+04,,,19085.083865755187,394.6264239182634,0.1666567055,1.0,10,0.7227272727272727,1.225523797233657,23679.00065792813,1.2866414790959109,inertial,0,TRUE,FALSE
ergun_comb_phi0.723_d10_Re3.8e+04,,,59360.91036865917,640.1360571356926,0.1666567055,1.0,10,0.7227272727272727,1.4486249860582219,38410.45910605095,1.2861466957030876,inertial,0,TRUE,FALSE
ergun_comb_phi0.723_d10_Re6.0e+04,,,111011.91731305406,953.2322164117857,0.1666567055,1.0,10,0.7227272727272727,1.2217213966007487,57197.35149881417,1.28588547248991,inertial,0,TRUE,FALSE
ergun_comb_phi0.723_d10_Re9.6e+04,,,374409.6369277088,1684.8251156620604,0.1666567055,1.0,10,0.7227272727272727,1.3189774257979259,101095.54911740773,1.2856535616914155,inertial,0,TRUE,FALSE
ergun_comb_phi0.723_d10_Re1.5e+05,,,860767.392182433,2537.5105251702485,0.1666567055,1.0,10,0.7227272727272727,1.336811281509515,152259.7316175945,1.2855520230891473,inertial,0,TRUE,FALSE
ergun_comb_phi0.723_d10_Re2.5e+05,,,2122572.7413682365,4130.335075124106,0.1666567055,1.0,10,0.7227272727272727,1.2442051991699314,247834.91685692212,1.2854746518001219,inertial,0,TRUE,FALSE
ergun_comb_phi0.723_d10_Re3.9e+05,,,5499117.066939209,6402.300872148103,0.1666567055,1.0,10,0.7227272727272727,1.3415930686077426,384161.01248011907,1.2854309111278865,inertial,0,TRUE,FALSE
ergun_comb_phi0.723_d10_Re6.3e+05,,,15074794.898662975,10541.582748650359,0.1666567055,1.0,10,0.7227272727272727,1.356562375354121,632532.7695050566,1.285399687157285,inertial,0,TRUE,FALSE
ergun_comb_phi0.723_d10_Re1.0e+06,,,36006494.49069169,16995.767974691385,0.1666567055,1.0,10,0.7227272727272727,1.2465200101229552,1019807.0292882026,1.2853813471358682,inertial,0,TRUE,FALSE
ergun_comb_phi0.786_d6_Re1.0e-06,,,1.8095660262029975e-09,2.907562099627437e-08,0.1666567055,1.0,6,0.7863636363636363,12843035.590214444,1.0467849190601348e-06,13449740.775649332,viscous,0,TRUE,FALSE
ergun_comb_phi0.786_d6_Re1.6e-06,,,2.7431480195726465e-09,4.37678754574826e-08,0.1666567055,1.0,6,0.7863636363636363,8591906.872827763,1.5757376935841061e-06,8934853.988217423,viscous,0,TRUE,FALSE
ergun_comb_phi0.786_d6_Re2.6e-06,,,4.56884688741082e-09,6.795093836599475e-08,0.1666567055,1.0,6,0.7863636363636363,5936998.476849881,2.4463799939689106e-06,5755028.621885793,viscous,0,TRUE,FALSE
ergun_comb_phi0.786_d6_Re4.1e-06,,,6.908083224275331e-09,1.0967902550448582e-07,0.1666567055,1.0,6,0.7863636363636363,3445574.5045506344,3.948680918973974e-06,3565491.4461930725,viscous,0,TRUE,FALSE
ergun_comb_phi0.786_d6_Re6.5e-06,,,1.2658835548809003e-08,1.860004934436153e-07,0.1666567055,1.0,6,0.7863636363636363,2195415.9526973385,6.696417988784087e-06,2102465.8521216484,viscous,0,TRUE,FALSE
ergun_comb_phi0.786_d6_Re1.0e-05,,,1.7306626688741674e-08,2.8348119922627877e-07,0.1666567055,1.0,6,0.7863636363636363,1292156.6102129016,1.0205933150152621e-05,1379490.9925546779,viscous,0,TRUE,FALSE
ergun_comb_phi0.786_d6_Re1.7e-05,,,2.767241328636502e-08,4.5988815242060055e-07,0.1666567055,1.0,6,0.7863636363636363,785043.7179479954,1.6556963047152057e-05,850336.9666381447,viscous,0,TRUE,FALSE
ergun_comb_phi0.786_d6_Re2.7e-05,,,4.5699084393974504e-08,7.148842118082482e-07,0.1666567055,1.0,6,0.7863636363636363,536521.7563594833,2.573736987048198e-05,547025.7786045116,viscous,0,TRUE,FALSE
ergun_comb_phi0.786_d6_Re4.2e-05,,,7.426187339236746e-08,1.1714666612815728e-06,0.1666567055,1.0,6,0.7863636363636363,324681.30599965353,4.2175320498516854e-05,333821.2315774849,viscous,0,TRUE,FALSE
ergun_comb_phi0.786_d6_Re6.8e-05,,,1.307344976517104e-07,1.8719159375142792e-06,0.1666567055,1.0,6,0.7863636363636363,223856.01535680142,6.739300162804236e-05,208909.47842580877,viscous,0,TRUE,FALSE
ergun_comb_phi0.786_d6_Re1.1e-04,,,2.1369006861599133e-07,3.060134886558721e-06,0.1666567055,1.0,6,0.7863636363636363,136916.07759803653,0.00011017144053260027,127792.37197867256,viscous,0,TRUE,FALSE
ergun_comb_phi0.786_d6_Re1.7e-04,,,3.249130534687561e-07,4.927582410278348e-06,0.1666567055,1.0,6,0.7863636363636363,80287.99589407137,0.00017740356964916776,79362.10883125423,viscous,0,TRUE,FALSE
ergun_comb_phi0.786_d6_Re2.8e-04,,,4.5042217984293955e-07,7.3881309441032525e-06,0.1666567055,1.0,6,0.7863636363636363,49511.017346563436,0.0002659886113290504,52931.55011419855,viscous,0,TRUE,FALSE
ergun_comb_phi0.786_d6_Re4.4e-04,,,7.810888104857635e-07,1.2231258263187163e-05,0.1666567055,1.0,6,0.7863636363636363,31326.3210077067,0.0004403516159697695,31972.912234631327,viscous,0,TRUE,FALSE
ergun_comb_phi0.786_d6_Re7.0e-04,,,1.2646130314875846e-06,1.900873261648788e-05,0.1666567055,1.0,6,0.7863636363636363,20999.191766767482,0.0006843552760553476,20573.394646312052,viscous,0,TRUE,FALSE
ergun_comb_phi0.786_d6_Re1.1e-03,,,2.1043022554736296e-06,3.239420487884996e-05,0.1666567055,1.0,6,0.7863636363636363,12031.637036509477,0.0011662610795645408,12072.667032882584,viscous,0,TRUE,FALSE
ergun_comb_phi0.786_d6_Re1.8e-03,,,3.171643096641716e-06,5.000658157479542e-05,0.1666567055,1.0,6,0.7863636363636363,7609.939884542277,0.0018003445378846309,7820.930331539974,viscous,0,TRUE,FALSE
ergun_comb_phi0.786_d6_Re2.9e-03,,,5.615018534045394e-06,7.804329416108129e-05,0.1666567055,1.0,6,0.7863636363636363,5531.351528835622,0.0028097265187237708,5011.571473401244,viscous,0,TRUE,FALSE
ergun_comb_phi0.786_d6_Re4.6e-03,,,7.925273115780123e-06,0.00012255158146182727,0.1666567055,1.0,6,0.7863636363636363,3166.1220182424695,0.004412120631839584,3191.7480161777044,viscous,0,TRUE,FALSE
ergun_comb_phi0.786_d6_Re7.3e-03,,,1.3005564188766598e-05,0.00020056382643689243,0.1666567055,1.0,6,0.7863636363636363,1939.8816455315118,0.007220729313056982,1950.5698203906302,viscous,0,TRUE,FALSE
ergun_comb_phi0.786_d6_Re1.2e-02,,,2.2964529920556494e-05,0.0003350430830298293,0.1666567055,1.0,6,0.7863636363636363,1227.460421712063,0.012062271914879392,1167.9606636455221,viscous,0,TRUE,FALSE
ergun_comb_phi0.786_d6_Re1.9e-02,,,3.5641935345697786e-05,0.0005164550003353582,0.1666567055,1.0,6,0.7863636363636363,801.7658518024432,0.018593491289266784,757.9684974183713,viscous,0,TRUE,FALSE
ergun_comb_phi0.786_d6_Re3.0e-02,,,5.379803106444485e-05,0.0008095815401600416,0.1666567055,1.0,6,0.7863636363636363,492.4888901074077,0.029146677455232965,483.8079578081499,viscous,0,TRUE,FALSE
ergun_comb_phi0.786_d6_Re4.8e-02,,,8.862622764944088e-05,0.001395798127169912,0.1666567055,1.0,6,0.7863636363636363,272.9406942719196,0.05025173597362076,280.9379795005559,viscous,0,TRUE,FALSE
ergun_comb_phi0.786_d6_Re7.6e-02,,,0.0001500185229234806,0.0021266690706472687,0.1666567055,1.0,6,0.7863636363636363,199.01980923889204,0.0765646625834903,184.65244212969998,viscous,0,TRUE,FALSE
ergun_comb_phi0.786_d6_Re1.2e-01,,,0.0002166361642227554,0.0032918558110993385,0.1666567055,1.0,6,0.7863636363636363,119.95009591290014,0.11851389241938441,119.56492527999615,viscous,0,TRUE,FALSE
ergun_comb_phi0.786_d6_Re1.9e-01,,,0.0003327213793660058,0.005342021766386192,0.1666567055,1.0,6,0.7863636363636363,69.95530456260178,0.19232427823504017,73.9732607478394,viscous,0,TRUE,FALSE
ergun_comb_phi0.786_d6_Re3.1e-01,,,0.0005541243776326469,0.008718946579716344,0.1666567055,1.0,6,0.7863636363636363,43.735135192858486,0.31390083778116007,45.62054854489251,viscous,0,TRUE,FALSE
ergun_comb_phi0.786_d6_Re5.0e-01,,,0.000970228195873555,0.014459702138973194,0.1666567055,1.0,6,0.7863636363636363,27.84238587779677,0.5205803905312358,27.81363788597184,viscous,0,TRUE,FALSE
ergun_comb_phi0.786_d6_Re7.9e-01,,,0.0014875656591278369,0.021839295423020582,0.1666567055,1.0,6,0.7863636363636363,18.7132900117731,0.7862616277274453,18.675086770776492,viscous,0,TRUE,FALSE
ergun_comb_phi0.786_d6_Re1.3e+00,,,0.0024296463796669113,0.03521321326741266,0.1666567055,1.0,6,0.7863636363636363,11.756634200167694,1.2677514473276081,11.874329738883576,viscous,0,TRUE,FALSE
ergun_comb_phi0.786_d6_Re2.0e+00,,,0.00395006589961071,0.05616967469069729,0.1666567055,1.0,6,0.7863636363636363,7.511934183865208,2.022229151434796,7.730963958404218,viscous,0,TRUE,FALSE
ergun_comb_phi0.786_d6_Re3.2e+00,,,0.006928662542369132,0.0882346167528875,0.1666567055,1.0,6,0.7863636363636363,5.339771250389488,3.1766360611114144,5.200894549759821,viscous,0,TRUE,FALSE
ergun_comb_phi0.786_d6_Re5.2e+00,,,0.010619813192673744,0.1341843275595384,0.1666567055,1.0,6,0.7863636363636363,3.538869432203112,4.83092452200929,3.6831982581872342,viscous,0,TRUE,FALSE
ergun_comb_phi0.786_d6_Re8.2e+00,,,0.021966109904681837,0.2285794816927151,0.1666567055,1.0,6,0.7863636363636363,2.5224926842636832,8.229353184689533,2.479677596437429,viscous,0,TRUE,FALSE
ergun_comb_phi0.786_d6_Re1.3e+01,,,0.04046636895378102,0.3607674189904011,0.1666567055,1.0,6,0.7863636363636363,1.865481165102047,12.98840336155815,1.8528181697980006,viscous,0,TRUE,FALSE
ergun_comb_phi0.786_d6_Re2.1e+01,,,0.07313201564199323,0.5769687914429712,0.1666567055,1.0,6,0.7863636363636363,1.318117569042526,20.77211797912222,1.4466352071736728,inertial,0,TRUE,FALSE
ergun_comb_phi0.786_d6_Re3.4e+01,,,0.18246031882485378,0.9579625023821293,0.1666567055,1.0,6,0.7863636363636363,1.192951150150874,34.488711372569256,1.1770724667528216,inertial,0,TRUE,FALSE
ergun_comb_phi0.786_d6_Re5.4e+01,,,0.38965525872774903,1.4454792281420075,0.1666567055,1.0,6,0.7863636363636363,1.1189433044294563,52.040362509458376,1.0393920907047172,inertial,0,TRUE,FALSE
ergun_comb_phi0.786_d6_Re8.6e+01,,,0.8835025166097471,2.4249450142375184,0.1666567055,1.0,6,0.7863636363636363,0.9014782449154486,87.30323836519804,0.9301176963877857,inertial,0,TRUE,FALSE
ergun_comb_phi0.786_d6_Re1.4e+02,,,2.289276554538526,3.9235757083486607,0.1666567055,1.0,6,0.7863636363636363,0.8922476992436735,141.2571680177127,0.8685215447857567,inertial,0,TRUE,FALSE
ergun_comb_phi0.786_d6_Re2.2e+02,,,5.196287944870492,6.215182205427598,0.1666567055,1.0,6,0.7863636363636363,0.8071174356798111,223.75993285530046,0.8317724174014048,inertial,0,TRUE,FALSE
ergun_comb_phi0.786_d6_Re3.5e+02,,,11.749329653000174,9.523402454073686,0.1666567055,1.0,6,0.7863636363636363,0.7772846010237495,342.8629802383926,0.8099153797169957,inertial,0,TRUE,FALSE
ergun_comb_phi0.786_d6_Re5.6e+02,,,27.321878653214316,15.218957089966587,0.1666567055,1.0,6,0.7863636363636363,0.7077697930904122,547.9152024867042,0.7945479271854038,inertial,0,TRUE,FALSE
ergun_comb_phi0.786_d6_Re8.9e+02,,,80.26321369768341,25.523738889583324,0.1666567055,1.0,6,0.7863636363636363,0.7392293624141565,918.9095204903107,0.7841737776703223,inertial,0,TRUE,FALSE
ergun_comb_phi0.786_d6_Re1.4e+03,,,195.9937485517797,40.14547523043185,0.1666567055,1.0,6,0.7863636363636363,0.7296595364739663,1445.3234909446298,0.7785934340746887,inertial,0,TRUE,FALSE
ergun_comb_phi0.786_d6_Re2.3e+03,,,487.0003084841835,63.25947772664648,0.1666567055,1.0,6,0.7863636363636363,0.7301789061292185,2277.4773161460275,0.7750342058327625,inertial,0,TRUE,FALSE
ergun_comb_phi0.786_d6_Re3.6e+03,,,1203.9638460449185,100.63164589698782,0.1666567055,1.0,6,0.7863636363636363,0.7133383028589153,3622.9557854899926,0.7727384219384612,inertial,0,TRUE,FALSE
ergun_comb_phi0.786_d6_Re5.8e+03,,,3317.066117093649,158.00519453882103,0.1666567055,1.0,6,0.7863636363636363,0.7971914802014947,5688.526989590144,0.7713273516092953,inertial,0,TRUE,FALSE
ergun_comb_phi0.786_d6_Re9.2e+03,,,8657.241285669837,258.55923576976267,0.1666567055,1.0,6,0.7863636363636363,0.7769814696952,9308.688840117362,0.7703648288721988,inertial,0,TRUE,FALSE
ergun_comb_phi0.786_d6_Re1.5e+04,,,18386.704695535813,399.92508686556835,0.1666567055,1.0,6,0.7863636363636363,0.6897597622183285,14398.16366220806,0.7698302045689137,inertial,0,TRUE,FALSE
ergun_comb_phi0.786_d6_Re2.4e+04,,,50907.08085331879,638.1427113292278,0.1666567055,1.0,6,0.7863636363636363,0.7500562220884746,22974.510725434728,0.7694651814960386,inertial,0,TRUE,FALSE
ergun_comb_phi0.786_d6_Re3.8e+04,,,158012.62041015195,1094.4996287077372,0.1666567055,1.0,6,0.7863636363636363,0.7914286876897917,39404.34171276969,0.7692096678527848,inertial,0,TRUE,FALSE
ergun_comb_phi0.786_d6_Re6.0e+04,,,354894.20815348206,1688.3236135054967,0.1666567055,1.0,6,0.7863636363636363,0.7470312551598981,60783.2829206682,0.7690839985197939,inertial,0,TRUE,FALSE
ergun_comb_phi0.786_d6_Re9.6e+04,,,903918.1784509575,2613.49087101017,0.1666567055,1.0,6,0.7863636363636363,0.7940327145938451,94091.29491078905,0.7690020036915475,inertial,0,TRUE,FALSE
ergun_comb_phi0.786_d6_Re1.5e+05,,,2243665.639138399,4219.537256260365,0.1666567055,1.0,6,0.7863636363636363,0.7561008663371942,151912.42057501365,0.7689450508811932,inertial,0,TRUE,FALSE
ergun_comb_phi0.786_d6_Re2.5e+05,,,6358889.636269876,7219.206410510552,0.1666567055,1.0,6,0.7863636363636363,0.7320717014644744,259906.96463793537,0.7689065419060687,inertial,0,TRUE,FALSE
ergun_comb_phi0.786_d6_Re3.9e+05,,,14748097.35394164,10795.005968554931,0.1666567055,1.0,6,0.7863636363636363,0.7593490825639045,388643.44292063056,0.7688885985486257,inertial,0,TRUE,FALSE
ergun_comb_phi0.786_d6_Re6.3e+05,,,34725146.24054158,17052.796135838627,0.1666567055,1.0,6,0.7863636363636363,0.716480101583303,613937.3540840321,0.7688753048631914,inertial,0,TRUE,FALSE
ergun_comb_phi0.786_d6_Re1.0e+06,,,99431973.35339165,28856.841128763288,0.1666567055,1.0,6,0.7863636363636363,0.7164398463906144,1038908.3730722117,0.7688659242904409,inertial,0,TRUE,FALSE
ergun_comb_phi0.786_d10_Re1.0e-06,,,3.8543977145870915e-10,1.6218012646402673e-08,0.1666567055,1.0,10,0.7863636363636363,14654171.021838315,9.731389203780145e-07,14467601.138721302,viscous,0,TRUE,FALSE
ergun_comb_phi0.786_d10_Re1.6e-06,,,5.970617133397686e-10,2.564532435567679e-08,0.1666567055,1.0,10,0.7863636363636363,9078264.464999735,1.5388114314834329e-06,9149260.201388884,viscous,0,TRUE,FALSE
ergun_comb_phi0.786_d10_Re2.6e-06,,,9.78391240335277e-10,4.2194837521299895e-08,0.1666567055,1.0,10,0.7863636363636363,5495331.7791058,2.5318415718532186e-06,5560769.325981915,viscous,0,TRUE,FALSE
ergun_comb_phi0.786_d10_Re4.1e-06,,,1.479033960521077e-09,6.763435890320589e-08,0.1666567055,1.0,10,0.7863636363636363,3233280.5559534053,4.058304086852713e-06,3469180.1854478684,viscous,0,TRUE,FALSE
ergun_comb_phi0.786_d10_Re6.5e-06,,,2.6699914145849104e-09,1.0671432724986377e-07,0.1666567055,1.0,10,0.7863636363636363,2344576.4758479637,6.4032423375766165e-06,2198728.266915982,viscous,0,TRUE,FALSE
ergun_comb_phi0.786_d10_Re1.0e-05,,,4.089966230814716e-09,1.794472356919624e-07,0.1666567055,1.0,10,0.7863636363636363,1270124.1596472221,1.0767477681356325e-05,1307547.9420192412,viscous,0,TRUE,FALSE
ergun_comb_phi0.786_d10_Re1.7e-05,,,6.401508643560195e-09,2.8595434763269834e-07,0.1666567055,1.0,10,0.7863636363636363,782868.6974293167,1.7158286357262613e-05,820536.3812817327,viscous,0,TRUE,FALSE
ergun_comb_phi0.786_d10_Re2.7e-05,,,9.002668259444962e-09,4.244053173248652e-07,0.1666567055,1.0,10,0.7863636363636363,499815.3779939031,2.5465841056414334e-05,552858.4173865685,viscous,0,TRUE,FALSE
ergun_comb_phi0.786_d10_Re4.2e-05,,,1.6399159646895064e-08,6.830309238823215e-07,0.1666567055,1.0,10,0.7863636363636363,351512.5705657047,4.0984304941892754e-05,343522.1491552933,viscous,0,TRUE,FALSE
ergun_comb_phi0.786_d10_Re6.8e-05,,,2.848179864518508e-08,1.1170940968642083e-06,0.1666567055,1.0,10,0.7863636363636363,228237.97114546903,6.702965197306198e-05,210041.9161651008,viscous,0,TRUE,FALSE
ergun_comb_phi0.786_d10_Re1.1e-04,,,4.2595436035562644e-08,1.847812816722097e-06,0.1666567055,1.0,10,0.7863636363636363,124751.88544948383,0.00011087539569310022,126981.0147075037,viscous,0,TRUE,FALSE
ergun_comb_phi0.786_d10_Re1.7e-04,,,6.636079581975917e-08,2.858918945350092e-06,0.1666567055,1.0,10,0.7863636363636363,81191.00183834776,0.00017154538947429824,82072.25469958734,viscous,0,TRUE,FALSE
ergun_comb_phi0.786_d10_Re2.8e-04,,,1.0903759088043423e-07,4.7371588041548234e-06,0.1666567055,1.0,10,0.7863636363636363,48589.26836869413,0.0002842465168108596,49531.66605510983,viscous,0,TRUE,FALSE
ergun_comb_phi0.786_d10_Re4.4e-04,,,1.660107674332547e-07,7.340094361302543e-06,0.1666567055,1.0,10,0.7863636363636363,30812.92813913984,0.0004404319849765987,31967.078032081372,viscous,0,TRUE,FALSE
ergun_comb_phi0.786_d10_Re7.0e-04,,,2.8121101941956105e-07,1.219555793240247e-05,0.1666567055,1.0,10,0.7863636363636363,18907.277034016704,0.0007317772120727822,19240.210545993566,viscous,0,TRUE,FALSE
ergun_comb_phi0.786_d10_Re1.1e-03,,,3.9962633081948824e-07,1.8375672594627725e-05,0.1666567055,1.0,10,0.7863636363636363,11834.98214261739,0.0011026062551457148,12769.592662948737,viscous,0,TRUE,FALSE
ergun_comb_phi0.786_d10_Re1.8e-03,,,7.018405898138696e-07,3.0806982283026175e-05,0.1666567055,1.0,10,0.7863636363636363,7395.033805998305,0.0018485294180392987,7617.085296677878,viscous,0,TRUE,FALSE
ergun_comb_phi0.786_d10_Re2.9e-03,,,1.0966855322137992e-06,4.770158769030784e-05,0.1666567055,1.0,10,0.7863636363636363,4819.660481501392,0.0028622663304902446,4919.593091199925,viscous,0,TRUE,FALSE
ergun_comb_phi0.786_d10_Re4.6e-03,,,1.6138431389984914e-06,7.592934012686268e-05,0.1666567055,1.0,10,0.7863636363636363,2799.252463134394,0.004556032708018621,3090.954087350325,viscous,0,TRUE,FALSE
ergun_comb_phi0.786_d10_Re7.3e-03,,,2.6487485361353305e-06,0.00011912623604293224,0.1666567055,1.0,10,0.7863636363636363,1866.4909562096134,0.007148001377174244,1970.4082328787624,viscous,0,TRUE,FALSE
ergun_comb_phi0.786_d10_Re1.2e-02,,,5.223218289328001e-06,0.00020797031773182582,0.1666567055,1.0,10,0.7863636363636363,1207.634372352643,0.012478964894204381,1128.9862264701335,viscous,0,TRUE,FALSE
ergun_comb_phi0.786_d10_Re1.9e-02,,,8.386077132428334e-06,0.00031529483964070693,0.1666567055,1.0,10,0.7863636363636363,843.5777705884796,0.018918821099623076,744.947621771447,viscous,0,TRUE,FALSE
ergun_comb_phi0.786_d10_Re3.0e-02,,,1.1349305390440388e-05,0.000516465225587129,0.1666567055,1.0,10,0.7863636363636363,425.48779998378745,0.030989765700554363,455.0796445365547,viscous,0,TRUE,FALSE
ergun_comb_phi0.786_d10_Re4.8e-02,,,1.8211278143564833e-05,0.0007639130233516852,0.1666567055,1.0,10,0.7863636363636363,312.07041564877665,0.04583752097221706,307.9186437613498,viscous,0,TRUE,FALSE
ergun_comb_phi0.786_d10_Re7.6e-02,,,3.013411337459477e-05,0.0012655370247038316,0.1666567055,1.0,10,0.7863636363636363,188.15194276628554,0.07593675999456449,186.1729307847036,viscous,0,TRUE,FALSE
ergun_comb_phi0.786_d10_Re1.2e-01,,,5.117909474308068e-05,0.0019761534437788943,0.1666567055,1.0,10,0.7863636363636363,131.0542992969912,0.11857629357607181,119.50240846372724,viscous,0,TRUE,FALSE
ergun_comb_phi0.786_d10_Re1.9e-01,,,8.028529932464816e-05,0.0032017232240688495,0.1666567055,1.0,10,0.7863636363636363,78.31923891143681,0.1921148755738994,74.05305258007115,viscous,0,TRUE,FALSE
ergun_comb_phi0.786_d10_Re3.1e-01,,,0.00012521756589829324,0.005399609928916392,0.1666567055,1.0,10,0.7863636363636363,42.94775656275581,0.3239959600015249,44.22305162965928,viscous,0,TRUE,FALSE
ergun_comb_phi0.786_d10_Re5.0e-01,,,0.00021929282188215844,0.00839938756303978,0.1666567055,1.0,10,0.7863636363636363,31.08344703675383,0.5039933759544873,28.703713575332035,viscous,0,TRUE,FALSE
ergun_comb_phi0.786_d10_Re7.9e-01,,,0.000350768671092416,0.013776126254087754,0.1666567055,1.0,10,0.7863636363636363,18.482749130300547,0.8266169796622886,17.800906335646523,viscous,0,TRUE,FALSE
ergun_comb_phi0.786_d10_Re1.3e+00,,,0.0005379109149554477,0.021342562198600628,0.1666567055,1.0,10,0.7863636363636363,11.809112101370141,1.2806302713454651,11.762646068869556,viscous,0,TRUE,FALSE
ergun_comb_phi0.786_d10_Re2.0e+00,,,0.0009409827680221872,0.03494926865470489,0.1666567055,1.0,10,0.7863636363636363,7.703808631403323,2.0970814555496475,7.482461406286126,viscous,0,TRUE,FALSE
ergun_comb_phi0.786_d10_Re3.2e+00,,,0.001454558873973164,0.05394071999212454,0.1666567055,1.0,10,0.7863636363636363,4.999169086625548,3.23663664358975,5.1187336087947655,viscous,0,TRUE,FALSE
ergun_comb_phi0.786_d10_Re5.2e+00,,,0.0024351466133601387,0.0824258915983463,0.1666567055,1.0,10,0.7863636363636363,3.584245979936271,4.945849094463607,3.615478853795725,viscous,0,TRUE,FALSE
ergun_comb_phi0.786_d10_Re8.2e+00,,,0.004898840634721509,0.1450002450401477,0.1666567055,1.0,10,0.7863636363636363,2.3299995611642603,8.70053470726671,2.3870270570209127,viscous,0,TRUE,FALSE
ergun_comb_phi0.786_d10_Re1.3e+01,,,0.008486831845025404,0.21483867942750043,0.1666567055,1.0,10,0.7863636363636363,1.8387413764673888,12.89109122749942,1.8610007994227835,viscous,0,TRUE,FALSE
ergun_comb_phi0.786_d10_Re2.1e+01,,,0.016964860797988673,0.34760279397787647,0.1666567055,1.0,10,0.7863636363636363,1.4040539101258818,20.8574142237485,1.4438634191733593,inertial,0,TRUE,FALSE
ergun_comb_phi0.786_d10_Re3.4e+01,,,0.03894744720238823,0.569674995534312,0.1666567055,1.0,10,0.7863636363636363,1.2001200241192045,34.18254272008947,1.1807288417969894,inertial,0,TRUE,FALSE
ergun_comb_phi0.786_d10_Re5.4e+01,,,0.09012580902419569,0.9247999123192716,0.1666567055,1.0,10,0.7863636363636363,1.0537888921875265,55.49131128835807,1.0225674980211277,inertial,0,TRUE,FALSE
ergun_comb_phi0.786_d10_Re8.6e+01,,,0.17254328534940916,1.4336919811748259,0.1666567055,1.0,10,0.7863636363636363,0.8394336038172288,86.02666042590323,0.9325107656261648,inertial,0,TRUE,FALSE
ergun_comb_phi0.786_d10_Re1.4e+02,,,0.4425308437251285,2.290786487001002,0.1666567055,1.0,10,0.7863636363636363,0.8432848935542342,137.4554045172219,0.8712782106465515,inertial,0,TRUE,FALSE
ergun_comb_phi0.786_d10_Re2.2e+02,,,1.1777404331577677,3.7570535142762993,0.1666567055,1.0,10,0.7863636363636363,0.8343625889473013,225.4366845309023,0.8313044310539209,inertial,0,TRUE,FALSE
ergun_comb_phi0.786_d10_Re3.5e+02,,,2.542723268281916,5.67884025508293,0.1666567055,1.0,10,0.7863636363636363,0.7884602308296039,340.7507809569013,0.8101699154628161,inertial,0,TRUE,FALSE
ergun_comb_phi0.786_d10_Re5.6e+02,,,6.199751429633451,8.952236125031828,0.1666567055,1.0,10,0.7863636363636363,0.7735906643943196,537.1662723185073,0.795062106381521,inertial,0,TRUE,FALSE
ergun_comb_phi0.786_d10_Re8.9e+02,,,18.63681635502685,14.965176788761829,0.1666567055,1.0,10,0.7863636363636363,0.8321622724515657,897.9642759565909,0.7845311533308029,inertial,0,TRUE,FALSE
ergun_comb_phi0.786_d10_Re1.4e+03,,,46.90053057911029,24.051284880385776,0.1666567055,1.0,10,0.7863636363636363,0.8107765720818632,1443.1633463668688,0.778608014614876,inertial,0,TRUE,FALSE
ergun_comb_phi0.786_d10_Re2.3e+03,,,115.06519661377513,38.84767751612916,0.1666567055,1.0,10,0.7863636363636363,0.762454380858209,2330.9999678428276,0.7748922632705245,inertial,0,TRUE,FALSE
ergun_comb_phi0.786_d10_Re3.6e+03,,,287.5685516907397,63.107012803572445,0.1666567055,1.0,10,0.7863636363636363,0.7220813761170178,3786.647084750661,0.7725704336221035,inertial,0,TRUE,FALSE
ergun_comb_phi0.786_d10_Re5.8e+03,,,704.8178383385083,96.85949180483153,0.1666567055,1.0,10,0.7863636363636363,0.7512638905078086,5811.916869125409,0.7712748065762018,inertial,0,TRUE,FALSE
ergun_comb_phi0.786_d10_Re9.2e+03,,,1767.7168902631613,145.3172009409953,0.1666567055,1.0,10,0.7863636363636363,0.8371025473860263,8719.553197995701,0.7704670178133524,inertial,0,TRUE,FALSE
ergun_comb_phi0.786_d10_Re1.5e+04,,,4285.05725912167,231.89251279395415,0.1666567055,1.0,10,0.7863636363636363,0.7968621086534328,13914.382388529466,0.7698642022550218,inertial,0,TRUE,FALSE
ergun_comb_phi0.786_d10_Re2.4e+04,,,13118.54537573138,415.01818721888276,0.1666567055,1.0,10,0.7863636363636363,0.7616429450243085,24902.579585607058,0.7694177350946179,inertial,0,TRUE,FALSE
ergun_comb_phi0.786_d10_Re3.8e+04,,,27416.038951115526,626.0237657249372,0.1666567055,1.0,10,0.7863636363636363,0.6995569364235679,37563.671011421575,0.7692271758045331,inertial,0,TRUE,FALSE
ergun_comb_phi0.786_d10_Re6.0e+04,,,82023.92335022755,995.930689362792,0.1666567055,1.0,10,0.7863636363636363,0.8269558199309034,59759.413002604444,0.7690879670131182,inertial,0,TRUE,FALSE
ergun_comb_phi0.786_d10_Re9.6e+04,,,182351.86401118952,1577.8693204539436,0.1666567055,1.0,10,0.7863636363636363,0.7324334043319489,94677.81783637524,0.769001076736543,inertial,0,TRUE,FALSE
ergun_comb_phi0.786_d10_Re1.5e+05,,,467735.6796027293,2388.31687629625,0.1666567055,1.0,10,0.7863636363636363,0.8200051971274961,143307.57764176792,0.768950615710594,inertial,0,TRUE,FALSE
ergun_comb_phi0.786_d10_Re2.5e+05,,,1298235.695792001,4140.172379864789,0.1666567055,1.0,10,0.7863636363636363,0.7573849982384147,248425.19042024316,0.7689090455167754,inertial,0,TRUE,FALSE
ergun_comb_phi0.786_d10_Re3.9e+05,,,3400930.8660960793,6739.526567828482,0.1666567055,1.0,10,0.7863636363636363,0.7487537738983144,404395.7635913115,0.768887187448117,inertial,0,TRUE,FALSE
ergun_comb_phi0.786_d10_Re6.3e+05,,,9123059.271941299,10329.542564988331,0.1666567055,1.0,10,0.7863636363636363,0.8550240236457936,619809.5980595471,0.7688750875965344,inertial,0,TRUE,FALSE
ergun_comb_phi0.786_d10_Re1.0e+06,,,20532725.73535978,16223.535193967062,0.1666567055,1.0,10,0.7863636363636363,0.7801095879422468,973470.2930370277,0.7688668352559741,inertial,0,TRUE,FALSE
ergun_comb_phi0.850_d6_Re1.0e-06,,,7.148864165430129e-10,2.796300192011372e-08,0.1666567055,1.0,6,0.85,5485556.727049472,1.0067282382507094e-06,5458895.535642143,viscous,0,TRUE,FALSE
ergun_comb_phi0.850_d6_Re1.6e-06,,,1.057564054174673e-09,4.4375484943919925e-08,0.1666567055,1.0,6,0.85,3222342.5579982125,1.5976129425138524e-06,3439897.3566842233,viscous,0,TRUE,FALSE
ergun_comb_phi0.850_d6_Re2.6e-06,,,1.773911355034268e-09,7.057643648153634e-08,0.1666567055,1.0,6,0.85,2136799.1949616293,2.540903575519306e-06,2162862.4533823263,viscous,0,TRUE,FALSE
ergun_comb_phi0.850_d6_Re4.1e-06,,,2.707466325846749e-09,1.1094959664122917e-07,0.1666567055,1.0,6,0.85,1319662.4483145957,3.994424213836238e-06,1375824.216018038,viscous,0,TRUE,FALSE
ergun_comb_phi0.850_d6_Re6.5e-06,,,4.286872965453847e-09,1.7546059208065253e-07,0.1666567055,1.0,6,0.85,835473.5080051547,6.316958860583712e-06,869979.7919334698,viscous,0,TRUE,FALSE
ergun_comb_phi0.850_d6_Re1.0e-05,,,7.452123139179587e-09,2.9238207111460003e-07,0.1666567055,1.0,6,0.85,523033.8499936478,1.0526383690499632e-05,522081.32593613525,viscous,0,TRUE,FALSE
ergun_comb_phi0.850_d6_Re1.7e-05,,,1.2712144364942929e-08,4.848191075792738e-07,0.1666567055,1.0,6,0.85,324496.9439388784,1.7454531077812785e-05,314854.136802545,viscous,0,TRUE,FALSE
ergun_comb_phi0.850_d6_Re2.7e-05,,,1.792581295978531e-08,7.238480957122296e-07,0.1666567055,1.0,6,0.85,205274.61137787113,2.606008897897827e-05,210883.20145677394,viscous,0,TRUE,FALSE
ergun_comb_phi0.850_d6_Re4.2e-05,,,2.9273501187384302e-08,1.1709451845447422e-06,0.1666567055,1.0,6,0.85,128101.07929506821,4.2156546213908285e-05,130362.71630217686,viscous,0,TRUE,FALSE
ergun_comb_phi0.850_d6_Re6.8e-05,,,5.2713308270663246e-08,1.8803043274055043e-06,0.1666567055,1.0,6,0.85,89457.18596402455,6.769500171376559e-05,81182.5489523122,viscous,0,TRUE,FALSE
ergun_comb_phi0.850_d6_Re1.1e-04,,,7.655912243831517e-08,2.9894393126259718e-06,0.1666567055,1.0,6,0.85,51400.662217529294,0.0001076262477524844,51062.54257977878,viscous,0,TRUE,FALSE
ergun_comb_phi0.850_d6_Re1.7e-04,,,1.0924284533975119e-07,4.628433610189618e-06,0.1666567055,1.0,6,0.85,30596.81188395215,0.00016663356915535394,32980.71996151063,viscous,0,TRUE,FALSE
ergun_comb_phi0.850_d6_Re2.8e-04,,,1.9013741303377194e-07,7.631014102401242e-06,0.1666567055,1.0,6,0.85,19590.896886574246,0.0002747329276493315,20003.941039147718,viscous,0,TRUE,FALSE
ergun_comb_phi0.850_d6_Re4.4e-04,,,3.352634387015006e-07,1.2313097246641723e-05,0.1666567055,1.0,6,0.85,13267.919460663854,0.00044329799547039724,12397.55964020106,viscous,0,TRUE,FALSE
ergun_comb_phi0.850_d6_Re7.0e-04,,,4.7334028429870913e-07,1.9252113443462887e-05,0.1666567055,1.0,6,0.85,7662.45423177003,0.0006931175095188553,7929.276124112415,viscous,0,TRUE,FALSE
ergun_comb_phi0.850_d6_Re1.1e-03,,,8.005407193884539e-07,3.2156419834563736e-05,0.1666567055,1.0,6,0.85,4645.1452348159955,0.0011577003063185023,4747.445145780141,viscous,0,TRUE,FALSE
ergun_comb_phi0.850_d6_Re1.8e-03,,,1.264624031517233e-06,4.996411314984852e-05,0.1666567055,1.0,6,0.85,3039.4591745123817,0.0017988155832055082,3055.562108462169,viscous,0,TRUE,FALSE
ergun_comb_phi0.850_d6_Re2.9e-03,,,1.9718469200994203e-06,8.429120240594245e-05,0.1666567055,1.0,6,0.85,1665.1752557837276,0.003034664659416628,1811.3767421472514,viscous,0,TRUE,FALSE
ergun_comb_phi0.850_d6_Re4.6e-03,,,3.2644730520871664e-06,0.00012416324267905415,0.1666567055,1.0,6,0.85,1270.510462791146,0.004470143903536632,1229.8339114912162,viscous,0,TRUE,FALSE
ergun_comb_phi0.850_d6_Re7.3e-03,,,5.089091418798988e-06,0.00021047136692228265,0.1666567055,1.0,6,0.85,689.2955259407986,0.007577422088988168,725.6904345805078,viscous,0,TRUE,FALSE
ergun_comb_phi0.850_d6_Re1.2e-02,,,8.366519615568545e-06,0.0003363776065831604,0.1666567055,1.0,6,0.85,443.6514770395757,0.012110317634347827,454.2242758597978,viscous,0,TRUE,FALSE
ergun_comb_phi0.850_d6_Re1.9e-02,,,1.2527563625337376e-05,0.0005074527882236942,0.1666567055,1.0,6,0.85,291.89494991354616,0.01826939228282156,301.2378732482619,viscous,0,TRUE,FALSE
ergun_comb_phi0.850_d6_Re3.0e-02,,,2.1874351449061786e-05,0.0008372551169723027,0.1666567055,1.0,6,0.85,187.22800727381681,0.030142985766833223,182.74593424430947,viscous,0,TRUE,FALSE
ergun_comb_phi0.850_d6_Re4.8e-02,,,3.325176533579874e-05,0.001288962509986514,0.1666567055,1.0,6,0.85,120.08406627513527,0.046405423872483094,118.85376339775168,viscous,0,TRUE,FALSE
ergun_comb_phi0.850_d6_Re7.6e-02,,,5.037550308092147e-05,0.002089533152021582,0.1666567055,1.0,6,0.85,69.22645855372907,0.07522768960610164,73.48064273805686,viscous,0,TRUE,FALSE
ergun_comb_phi0.850_d6_Re1.2e-01,,,8.695314444977618e-05,0.0035518883766297183,0.1666567055,1.0,6,0.85,41.35403816997071,0.12787562430110747,43.403758231389894,viscous,0,TRUE,FALSE
ergun_comb_phi0.850_d6_Re1.9e-01,,,0.00013179977246996987,0.0054093255368342025,0.1666567055,1.0,6,0.85,27.025869427195133,0.19474735879142419,28.646684589363975,viscous,0,TRUE,FALSE
ergun_comb_phi0.850_d6_Re3.1e-01,,,0.000222487875165183,0.008503082782272464,0.1666567055,1.0,6,0.85,18.463106906142556,0.30612927659028266,18.379408278583693,viscous,0,TRUE,FALSE
ergun_comb_phi0.850_d6_Re5.0e-01,,,0.0003471302669265666,0.013825778389773863,0.1666567055,1.0,6,0.85,10.895936155807853,0.49775777152058953,11.468196931971985,viscous,0,TRUE,FALSE
ergun_comb_phi0.850_d6_Re7.9e-01,,,0.0006017238832254089,0.021898522824786992,0.1666567055,1.0,6,0.85,7.528680366567794,0.7883939416330412,7.398094546766417,viscous,0,TRUE,FALSE
ergun_comb_phi0.850_d6_Re1.3e+00,,,0.0010716659466610409,0.03670316899855079,0.1666567055,1.0,6,0.85,4.773133203008488,1.3213930596468244,4.5863996629145465,viscous,0,TRUE,FALSE
ergun_comb_phi0.850_d6_Re2.0e+00,,,0.0017671782419176971,0.0579074832446256,0.1666567055,1.0,6,0.85,3.1620026220857085,2.0847939986894413,3.063488674784312,viscous,0,TRUE,FALSE
ergun_comb_phi0.850_d6_Re3.2e+00,,,0.0027372896342370318,0.08779188877447747,0.1666567055,1.0,6,0.85,2.130900728724657,3.160696901252886,2.166175425626963,viscous,0,TRUE,FALSE
ergun_comb_phi0.850_d6_Re5.2e+00,,,0.005101347059880173,0.14701003587713893,0.1666567055,1.0,6,0.85,1.4162572762152357,5.2926776190402585,1.4657821299464622,viscous,0,TRUE,FALSE
ergun_comb_phi0.850_d6_Re8.2e+00,,,0.009079804488113052,0.22096113759620795,0.1666567055,1.0,6,0.85,1.1158246548426738,7.955076404514955,1.118269726773338,viscous,0,TRUE,FALSE
ergun_comb_phi0.850_d6_Re1.3e+01,,,0.01664067815525942,0.34564418044943945,0.1666567055,1.0,6,0.85,0.8357257298058627,12.443934232797112,0.8690681486471559,viscous,0,TRUE,FALSE
ergun_comb_phi0.850_d6_Re2.1e+01,,,0.036197776846853914,0.5634539829299917,0.1666567055,1.0,6,0.85,0.6840947262265393,20.28555579229274,0.6983505627196601,inertial,0,TRUE,FALSE
ergun_comb_phi0.850_d6_Re3.4e+01,,,0.10274565618612856,0.9687094959968928,0.1666567055,1.0,6,0.85,0.6569428745008786,34.875626267443266,0.5850151935811724,inertial,0,TRUE,FALSE
ergun_comb_phi0.850_d6_Re5.4e+01,,,0.19241765188043014,1.51429979018351,0.1666567055,1.0,6,0.85,0.5034686540654877,54.51805082695013,0.5282411589150888,inertial,0,TRUE,FALSE
ergun_comb_phi0.850_d6_Re8.6e+01,,,0.49229883813586733,2.42884790813913,0.1666567055,1.0,6,0.85,0.5007021081928575,87.44375094367132,0.4902849420293296,inertial,0,TRUE,FALSE
ergun_comb_phi0.850_d6_Re1.4e+02,,,1.1334988935392514,3.7274910321013106,0.1666567055,1.0,6,0.85,0.4894847168254904,134.19769774944857,0.4683891109218674,inertial,0,TRUE,FALSE
ergun_comb_phi0.850_d6_Re2.2e+02,,,2.6185317631990186,5.9752257918837905,0.1666567055,1.0,6,0.85,0.44004840846394866,215.12098564376544,0.45298407641710153,inertial,0,TRUE,FALSE
ergun_comb_phi0.850_d6_Re3.5e+02,,,7.192683553794192,9.700450401088796,0.1666567055,1.0,6,0.85,0.4586257185522573,349.2370872921929,0.4431734941302746,inertial,0,TRUE,FALSE
ergun_comb_phi0.850_d6_Re5.6e+02,,,17.367110023848046,15.298029679859757,0.1666567055,1.0,6,0.85,0.4452539774302431,550.7619858665605,0.43741563021059177,inertial,0,TRUE,FALSE
ergun_comb_phi0.850_d6_Re8.9e+02,,,40.144595927243536,23.387771353475127,0.1666567055,1.0,6,0.85,0.4403526989778391,842.0100931423414,0.4339642018997655,inertial,0,TRUE,FALSE
ergun_comb_phi0.850_d6_Re1.4e+03,,,105.99748813553332,38.9027583030379,0.1666567055,1.0,6,0.85,0.42022901392434986,1400.5830075539768,0.43136122255287795,inertial,0,TRUE,FALSE
ergun_comb_phi0.850_d6_Re2.3e+03,,,227.6614473473586,58.438041011849776,0.1666567055,1.0,6,0.85,0.39999028673737635,2103.8952199322016,0.43004952955940035,inertial,0,TRUE,FALSE
ergun_comb_phi0.850_d6_Re3.6e+03,,,672.9625844578684,95.55449990636954,0.1666567055,1.0,6,0.85,0.4422215285929412,3440.167605126559,0.42903489819124513,inertial,0,TRUE,FALSE
ergun_comb_phi0.850_d6_Re5.8e+03,,,1771.6991884988165,156.4486118928912,0.1666567055,1.0,6,0.85,0.4343079790965812,5632.486664974589,0.428413112125165,inertial,0,TRUE,FALSE
ergun_comb_phi0.850_d6_Re9.2e+03,,,4766.105137253327,262.03424787513484,0.1666567055,1.0,6,0.85,0.416484414558537,9433.796753235405,0.42801995729946246,inertial,0,TRUE,FALSE
ergun_comb_phi0.850_d6_Re1.5e+04,,,11993.605004916259,397.9023276556771,0.1666567055,1.0,6,0.85,0.45451480354337914,14325.339978198852,0.4278210405093103,inertial,0,TRUE,FALSE
ergun_comb_phi0.850_d6_Re2.4e+04,,,29249.603142269047,660.6412522555877,0.1666567055,1.0,6,0.85,0.4021053494853363,23784.506609807704,0.42766846993129687,inertial,0,TRUE,FALSE
ergun_comb_phi0.850_d6_Re3.8e+04,,,77777.96674709221,1062.1894387488935,0.1666567055,1.0,6,0.85,0.41362223616672167,38241.10535110369,0.4275811208094628,inertial,0,TRUE,FALSE
ergun_comb_phi0.850_d6_Re6.0e+04,,,213565.94920026915,1695.8582873092448,0.1666567055,1.0,6,0.85,0.4455578960874921,61054.54739026669,0.42752742265466287,inertial,0,TRUE,FALSE
ergun_comb_phi0.850_d6_Re9.6e+04,,,496151.0020637564,2606.6254428409006,0.1666567055,1.0,6,0.85,0.4381349146540607,93844.1247240748,0.42749597214306206,inertial,0,TRUE,FALSE
ergun_comb_phi0.850_d6_Re1.5e+05,,,1112742.996394176,3898.3114673677374,0.1666567055,1.0,6,0.85,0.439332213980807,140347.60098030634,0.4274765681845549,inertial,0,TRUE,FALSE
ergun_comb_phi0.850_d6_Re2.5e+05,,,3338233.5847118064,6426.356152938234,0.1666567055,1.0,6,0.85,0.48499626149772496,231362.64935724056,0.4274611642394578,inertial,0,TRUE,FALSE
ergun_comb_phi0.850_d6_Re3.9e+05,,,8364206.978373483,11002.875649112413,0.1666567055,1.0,6,0.85,0.4145372978380716,396127.1987023317,0.42745128433230445,inertial,0,TRUE,FALSE
ergun_comb_phi0.850_d6_Re6.3e+05,,,22171238.58654339,17990.657349091827,0.1666567055,1.0,6,0.85,0.4110050345702957,647702.3757951999,0.4274458957485894,inertial,0,TRUE,FALSE
ergun_comb_phi0.850_d6_Re1.0e+06,,,54574364.43892848,27875.602007838494,0.1666567055,1.0,6,0.85,0.4213969874566004,1003581.6533468614,0.4274428869612226,inertial,0,TRUE,FALSE
ergun_comb_phi0.850_d10_Re1.0e-06,,,1.4843202193432836e-10,1.6666259345537163e-08,0.1666567055,1.0,10,0.85,5343813.98424583,1.0000353298437885e-06,5495430.12984284,viscous,0,TRUE,FALSE
ergun_comb_phi0.850_d10_Re1.6e-06,,,2.380648549230442e-10,2.6972492052167786e-08,0.1666567055,1.0,10,0.85,3272300.196612037,1.6184462528072587e-06,3395617.57910123,viscous,0,TRUE,FALSE
ergun_comb_phi0.850_d10_Re2.6e-06,,,4.032328509541192e-10,4.266467729773438e-08,0.1666567055,1.0,10,0.85,2215230.7748310557,2.5600336433948277e-06,2146700.2840028466,viscous,0,TRUE,FALSE
ergun_comb_phi0.850_d10_Re4.1e-06,,,6.371164876676332e-10,6.671654649197411e-08,0.1666567055,1.0,10,0.85,1431369.4023004435,4.00323205068842e-06,1372797.1540556706,viscous,0,TRUE,FALSE
ergun_comb_phi0.850_d10_Re6.5e-06,,,9.934209913173076e-10,1.1008053298660909e-07,0.1666567055,1.0,10,0.85,819808.2514652637,6.605226753783938e-06,832011.8117445562,viscous,0,TRUE,FALSE
ergun_comb_phi0.850_d10_Re1.0e-05,,,1.5590345984401511e-09,1.7063777638103913e-07,0.1666567055,1.0,10,0.85,535433.3116782627,1.0238878529915446e-05,536741.227616017,viscous,0,TRUE,FALSE
ergun_comb_phi0.850_d10_Re1.7e-05,,,2.4374984193554967e-09,2.730622660438145e-07,0.1666567055,1.0,10,0.85,326904.5481253446,1.6384715227903898e-05,335412.0460488272,viscous,0,TRUE,FALSE
ergun_comb_phi0.850_d10_Re2.7e-05,,,3.990752413753454e-09,4.403751361903185e-07,0.1666567055,1.0,10,0.85,205782.86245417886,2.6424087459854327e-05,207978.23796455876,viscous,0,TRUE,FALSE
ergun_comb_phi0.850_d10_Re4.2e-05,,,6.9663313962052054e-09,7.084881968257837e-07,0.1666567055,1.0,10,0.85,138783.8373853927,4.2511832614246876e-05,129273.23261016731,viscous,0,TRUE,FALSE
ergun_comb_phi0.850_d10_Re6.8e-05,,,1.1079003273538642e-08,1.1593393794152112e-06,0.1666567055,1.0,10,0.85,82428.90203192449,6.956452042760506e-05,79000.8118474148,viscous,0,TRUE,FALSE
ergun_comb_phi0.850_d10_Re1.1e-04,,,1.6262732691720174e-08,1.830042277246074e-06,0.1666567055,1.0,10,0.85,48559.17257619101,0.00010980909959521995,50047.498903586544,viscous,0,TRUE,FALSE
ergun_comb_phi0.850_d10_Re1.7e-04,,,2.5246181952610927e-08,2.787993422275784e-06,0.1666567055,1.0,10,0.85,32479.715638747555,0.00016728960373429342,32851.38608877509,viscous,0,TRUE,FALSE
ergun_comb_phi0.850_d10_Re2.8e-04,,,4.6328122291595985e-08,4.763816463520104e-06,0.1666567055,1.0,10,0.85,20414.30769316368,0.00028584607197338984,19226.242986102374,viscous,0,TRUE,FALSE
ergun_comb_phi0.850_d10_Re4.4e-04,,,5.8914637979735086e-08,7.0290117246277096e-06,0.1666567055,1.0,10,0.85,11924.348985742281,0.00042176591116087494,13030.460708597157,viscous,0,TRUE,FALSE
ergun_comb_phi0.850_d10_Re7.0e-04,,,1.2131387123988852e-07,1.2333941837819427e-05,0.1666567055,1.0,10,0.85,7974.558888119993,0.000740080742674913,7426.135928642923,viscous,0,TRUE,FALSE
ergun_comb_phi0.850_d10_Re1.1e-03,,,1.6776724679548786e-07,1.8386830813885174e-05,0.1666567055,1.0,10,0.85,4962.4188468056045,0.0011032757883171508,4981.615199594106,viscous,0,TRUE,FALSE
ergun_comb_phi0.850_d10_Re1.8e-03,,,2.9011305250373775e-07,2.9971700000281455e-05,0.1666567055,1.0,10,0.85,3229.5686066085673,0.0017984094855566107,3056.2519863887164,viscous,0,TRUE,FALSE
ergun_comb_phi0.850_d10_Re2.9e-03,,,4.4450634940775324e-07,4.71077268139379e-05,0.1666567055,1.0,10,0.85,2003.0586845666928,0.0028266325481837813,1944.6574571952742,viscous,0,TRUE,FALSE
ergun_comb_phi0.850_d10_Re4.6e-03,,,7.16029108852591e-07,7.6985113172795e-05,0.1666567055,1.0,10,0.85,1208.139748254731,0.0046193828770241105,1190.1153245987616,viscous,0,TRUE,FALSE
ergun_comb_phi0.850_d10_Re7.3e-03,,,1.1620951583232617e-06,0.0001258815783014222,0.1666567055,1.0,10,0.85,733.3601933908063,0.007553346138924018,728.0021776652378,viscous,0,TRUE,FALSE
ergun_comb_phi0.850_d10_Re1.2e-02,,,1.7977956730432767e-06,0.00018746719100343,0.1666567055,1.0,10,0.85,511.55199986378113,0.011248703761483512,488.9836276713639,viscous,0,TRUE,FALSE
ergun_comb_phi0.850_d10_Re1.9e-02,,,2.941847836864993e-06,0.00030666454433551677,0.1666567055,1.0,10,0.85,312.81896273999956,0.018400972431050294,299.08686292070803,viscous,0,TRUE,FALSE
ergun_comb_phi0.850_d10_Re3.0e-02,,,4.3799073833057395e-06,0.0005010123559263926,0.1666567055,1.0,10,0.85,174.48900012840565,0.03006253810329838,183.2338204313982,viscous,0,TRUE,FALSE
ergun_comb_phi0.850_d10_Re4.8e-02,,,7.124930251175879e-06,0.0008000403686934245,0.1666567055,1.0,10,0.85,111.31580070759962,0.048005291253847844,114.90698146824998,viscous,0,TRUE,FALSE
ergun_comb_phi0.850_d10_Re7.6e-02,,,1.1543662410844565e-05,0.0012784958906962953,0.1666567055,1.0,10,0.85,70.62280202274887,0.07671433842764253,72.06494309395757,viscous,0,TRUE,FALSE
ergun_comb_phi0.850_d10_Re1.2e-01,,,1.863479780849393e-05,0.0020879896230223726,0.1666567055,1.0,10,0.85,42.74329647093915,0.1252868654014268,44.291762992646994,viscous,0,TRUE,FALSE
ergun_comb_phi0.850_d10_Re1.9e-01,,,2.8724255779016956e-05,0.003200136919383262,0.1666567055,1.0,10,0.85,28.048630732082877,0.1920196916039038,29.047543032277545,viscous,0,TRUE,FALSE
ergun_comb_phi0.850_d10_Re3.1e-01,,,4.6676357164615834e-05,0.005046666988843834,0.1666567055,1.0,10,0.85,18.326842942102267,0.30281811786108026,18.57570374949082,viscous,0,TRUE,FALSE
ergun_comb_phi0.850_d10_Re5.0e-01,,,8.129549966402557e-05,0.008308620511812238,0.1666567055,1.0,10,0.85,11.776294497332799,0.49854702736891904,11.450718171607182,viscous,0,TRUE,FALSE
ergun_comb_phi0.850_d10_Re7.9e-01,,,0.000125523718150654,0.013206655562363634,0.1666567055,1.0,10,0.85,7.196810914617691,0.792446695903492,7.362445006398511,viscous,0,TRUE,FALSE
ergun_comb_phi0.850_d10_Re1.3e+00,,,0.00021107820548984998,0.02010039837922117,0.1666567055,1.0,10,0.85,5.224371640724057,1.2060959874921546,4.98397678432617,viscous,0,TRUE,FALSE
ergun_comb_phi0.850_d10_Re2.0e+00,,,0.00035750545651307895,0.033135524558535315,0.1666567055,1.0,10,0.85,3.2560793077316164,1.9882503052681135,3.191487712120888,viscous,0,TRUE,FALSE
ergun_comb_phi0.850_d10_Re3.2e+00,,,0.0006391195915733787,0.05204994319007665,0.1666567055,1.0,10,0.85,2.3590742541711522,3.1231832546981826,2.1870600161279135,viscous,0,TRUE,FALSE
ergun_comb_phi0.850_d10_Re5.2e+00,,,0.0010818156681910672,0.08763898918978322,0.1666567055,1.0,10,0.85,1.4085055008254381,5.258653645339414,1.472500315967867,viscous,0,TRUE,FALSE
ergun_comb_phi0.850_d10_Re8.2e+00,,,0.0022346034690177157,0.13855171725668486,0.1666567055,1.0,10,0.85,1.1640634219908876,8.31359991432717,1.088477623579431,viscous,0,TRUE,FALSE
ergun_comb_phi0.850_d10_Re1.3e+01,,,0.003695781823705016,0.21785407898119877,0.1666567055,1.0,10,0.85,0.7787085327615794,13.072026014650744,0.8478484359071171,inertial,0,TRUE,FALSE
ergun_comb_phi0.850_d10_Re2.1e+01,,,0.009459227066585783,0.35465691783101067,0.1666567055,1.0,10,0.85,0.7520362579713085,21.28068695267774,0.6856820751053709,inertial,0,TRUE,FALSE
ergun_comb_phi0.850_d10_Re3.4e+01,,,0.017899245732681528,0.5326433150518713,0.1666567055,1.0,10,0.85,0.6309018034051775,31.960509086858877,0.5993878589281654,inertial,0,TRUE,FALSE
ergun_comb_phi0.850_d10_Re5.4e+01,,,0.04150799111490376,0.8863444206143543,0.1666567055,1.0,10,0.85,0.5283560498817795,53.18384387565817,0.5307699919487637,inertial,0,TRUE,FALSE
ergun_comb_phi0.850_d10_Re8.6e+01,,,0.10108152171329514,1.4339178273571798,0.1666567055,1.0,10,0.85,0.4916128689674786,86.04021200678179,0.49131014820791863,inertial,0,TRUE,FALSE
ergun_comb_phi0.850_d10_Re1.4e+02,,,0.24043455794787544,2.3369914968610157,0.1666567055,1.0,10,0.85,0.44023303119011203,140.2278708108157,0.46662807842129234,inertial,0,TRUE,FALSE
ergun_comb_phi0.850_d10_Re2.2e+02,,,0.5686515035629585,3.6281467494651816,0.1666567055,1.0,10,0.85,0.43199279357754516,217.7018163523688,0.45268122355237483,inertial,0,TRUE,FALSE
ergun_comb_phi0.850_d10_Re3.5e+02,,,1.6844990462390133,5.7219187993924105,0.1666567055,1.0,10,0.85,0.5145023807054447,343.33564810522495,0.44344397445598144,inertial,0,TRUE,FALSE
ergun_comb_phi0.850_d10_Re5.6e+02,,,3.663628710973125,9.048231805968927,0.1666567055,1.0,10,0.85,0.44749070349161335,542.9263574377405,0.43755963798886965,inertial,0,TRUE,FALSE
ergun_comb_phi0.850_d10_Re8.9e+02,,,8.81637074314738,14.96119760809394,0.1666567055,1.0,10,0.85,0.39387383025170614,897.7255108462432,0.43355913055044026,inertial,0,TRUE,FALSE
ergun_comb_phi0.850_d10_Re1.4e+03,,,20.62144796319091,22.878010802789795,0.1666567055,1.0,10,0.85,0.3939876741044676,1372.7626940753246,0.43144074224647055,inertial,0,TRUE,FALSE
ergun_comb_phi0.850_d10_Re2.3e+03,,,57.05795855060313,37.649843756476784,0.1666567055,1.0,10,0.85,0.40252223243407786,2259.1256465511246,0.42987004406391605,inertial,0,TRUE,FALSE
ergun_comb_phi0.850_d10_Re3.6e+03,,,137.4125552618661,58.81047243265963,0.1666567055,1.0,10,0.85,0.3972986408136111,3528.8392540952773,0.42899475699533335,inertial,0,TRUE,FALSE
ergun_comb_phi0.850_d10_Re5.8e+03,,,427.9455195922834,98.47037620907135,0.1666567055,1.0,10,0.85,0.4413440637599153,5908.575710388764,0.42836752069685546,inertial,0,TRUE,FALSE
ergun_comb_phi0.850_d10_Re9.2e+03,,,1102.073162387252,161.17214285427488,0.1666567055,1.0,10,0.85,0.42425841626989635,9670.9065723296,0.42800567451652227,inertial,0,TRUE,FALSE
ergun_comb_phi0.850_d10_Re1.5e+04,,,2868.3524085847685,251.72755085341177,0.1666567055,1.0,10,0.85,0.45265884116258803,15104.555805191516,0.42780124977678224,inertial,0,TRUE,FALSE
ergun_comb_phi0.850_d10_Re2.4e+04,,,7045.032818870129,418.7559549615662,0.1666567055,1.0,10,0.85,0.40175475773625363,25126.859054679095,0.4276561260650359,inertial,0,TRUE,FALSE
ergun_comb_phi0.850_d10_Re3.8e+04,,,15303.663945142005,613.106854271127,0.1666567055,1.0,10,0.85,0.40712059974638537,36788.61000112155,0.4275867947912149,inertial,0,TRUE,FALSE
ergun_comb_phi0.850_d10_Re6.0e+04,,,41050.496508184166,962.5375004052901,0.1666567055,1.0,10,0.85,0.4430809692892191,57755.70190935342,0.4275325638735133,inertial,0,TRUE,FALSE
ergun_comb_phi0.850_d10_Re9.6e+04,,,106978.60452318087,1638.1752833650512,0.1666567055,1.0,10,0.85,0.39863570074948607,98296.3918823567,0.42749331965430615,inertial,0,TRUE,FALSE
ergun_comb_phi0.850_d10_Re1.5e+05,,,266659.74606530403,2478.093820448482,0.1666567055,1.0,10,0.85,0.43423214686506756,148694.51625206173,0.42747437010675854,inertial,0,TRUE,FALSE
ergun_comb_phi0.850_d10_Re2.5e+05,,,702041.0236132813,4029.461046330676,0.1666567055,1.0,10,0.85,0.4323829570806501,241782.1133714104,0.4274601406048487,inertial,0,TRUE,FALSE
ergun_comb_phi0.850_d10_Re3.9e+05,,,1903642.3136676208,6498.9061871207105,0.1666567055,1.0,10,0.85,0.4507179079552599,389957.6778277733,0.42745150382309355,inertial,0,TRUE,FALSE
ergun_comb_phi0.850_d10_Re6.3e+05,,,4543304.143101623,10792.266597686825,0.1666567055,1.0,10,0.85,0.39007353023109437,647574.699458272,0.4274458974214589,inertial,0,TRUE,FALSE
ergun_comb_phi0.850_d10_Re1.0e+06,,,12571951.168353852,17357.757034199778,0.1666567055,1.0,10,0.85,0.4172683796963877,1041527.6710363015,0.4274426874535148,inertial,0,TRUE,FALSE
