filename,tau,delta_p,dP_L,v,mu,rho,d,phi,f,Re_p,f_ergun,steps,converged,stalled
ergun_full_phi0.150_d6_Re1.0e-06,,,4.117339421544444e-06,2.7881084343439468e-08,0.1666567055,1.0,6,0.15,31779612720.08161,1.0037790292250603e-06,31990219578.81299,0,True,False
ergun_full_phi0.150_d6_Re1.8e-06,,,7.617073820591915e-06,5.097234942442794e-08,0.1666567055,1.0,6,0.15,17590173038.30007,1.8351142585532968e-06,17498154008.805626,0,True,False
ergun_full_phi0.150_d6_Re3.2e-06,,,1.3407823152602884e-05,8.857898351868501e-08,0.1666567055,1.0,6,0.15,10252933460.367428,3.1890340056680776e-06,10069228631.483751,0,True,False
ergun_full_phi0.150_d6_Re5.8e-06,,,2.626393847700261e-05,1.685072493950325e-07,0.1666567055,1.0,6,0.15,5549756439.147538,6.066623562111606e-06,5293078341.874633,0,True,False
ergun_full_phi0.150_d6_Re1.1e-05,,,3.985443860084922e-05,2.856138660411406e-07,0.1666567055,1.0,6,0.15,2931361439.5537043,1.0282713744433425e-05,3122825009.157279,0,True,False
ergun_full_phi0.150_d6_Re1.9e-05,,,7.677500698473998e-05,5.154027682864361e-07,0.1666567055,1.0,6,0.15,1734113907.5383968,1.855560867137516e-05,1730534409.1924129,0,True,False
ergun_full_phi0.150_d6_Re3.4e-05,,,0.0001296339660177,8.81645498681224e-07,0.1666567055,1.0,6,0.15,1000649699.66664,3.17411350249411e-05,1011656485.3616816,0,True,False
ergun_full_phi0.150_d6_Re6.1e-05,,,0.0002349350479055,1.6393542731450956e-06,0.1666567055,1.0,6,0.15,524509581.9744755,5.90202812983758e-05,544069537.0700866,0,True,False
ergun_full_phi0.150_d6_Re1.1e-04,,,0.0004410030309995,3.0139335523963083e-06,0.1666567055,1.0,6,0.15,291289934.71460533,0.0001085080930894,295933308.02129424,0,True,False
ergun_full_phi0.150_d6_Re2.0e-04,,,0.0008744231801998,5.583505503169851e-06,0.1666567055,1.0,6,0.15,168290273.104062,0.0002010182123696,159742738.37926635,0,True,False
ergun_full_phi0.150_d6_Re3.6e-04,,,0.0015741224000782,9.889819708905025e-06,0.1666567055,1.0,6,0.15,96563500.40554006,0.0003560547898472,90186311.0807831,0,True,False
ergun_full_phi0.150_d6_Re6.4e-04,,,0.0026504999343407,1.7519248343384634e-05,0.1666567055,1.0,6,0.15,51814118.04476623,0.0006307306372398,50911414.800338365,0,True,False
ergun_full_phi0.150_d6_Re1.2e-03,,,0.0049373812444846,3.3057689232075146e-05,0.1666567055,1.0,6,0.15,27108340.25083395,0.0011901479439268,26981213.404314924,0,True,False
ergun_full_phi0.150_d6_Re2.1e-03,,,0.0080409306693935,5.66413439553799e-05,0.1666567055,1.0,6,0.15,15038013.44978827,0.0020392102598732,15747277.515241168,0,True,False
ergun_full_phi0.150_d6_Re3.8e-03,,,0.0154580662587824,0.0001028432974877,0.1666567055,1.0,6,0.15,8769088.007791389,0.0037025800016591,8673072.013183767,0,True,False
ergun_full_phi0.150_d6_Re6.8e-03,,,0.0267902730652778,0.0001820977701924,0.1666567055,1.0,6,0.15,4847514.702453448,0.0065559115540949,4898479.838149556,0,True,False
ergun_full_phi0.150_d6_Re1.2e-02,,,0.0513683372405551,0.000336281835063,0.1666567055,1.0,6,0.15,2725460.8074332303,0.0121068696535489,2652745.756818795,0,True,False
ergun_full_phi0.150_d6_Re2.2e-02,,,0.0926654073087501,0.0006122007144131,0.1666567055,1.0,6,0.15,1483478.3933602103,0.0220405430160062,1457351.810844208,0,True,False
ergun_full_phi0.150_d6_Re3.9e-02,,,0.1586678975879966,0.0010737362072448,0.1666567055,1.0,6,0.15,825743.4194123148,0.0386568138626095,831112.1774824603,0,True,False
ergun_full_phi0.150_d6_Re7.1e-02,,,0.3235844288685557,0.0020181324165781,0.1666567055,1.0,6,0.15,476693.8494533907,0.0726571094942754,442394.8913340985,0,True,False
ergun_full_phi0.150_d6_Re1.3e-01,,,0.548824036461418,0.0034170423731347,0.1666567055,1.0,6,0.15,282022.42679516395,0.1230208780216689,261462.37891710832,0,True,False
ergun_full_phi0.150_d6_Re2.3e-01,,,1.031514924586162,0.0066513355474913,0.1666567055,1.0,6,0.15,139897.20921263087,0.2394623916584503,134537.41825539529,0,True,False
ergun_full_phi0.150_d6_Re4.1e-01,,,1.705994939994282,0.0115914660405764,0.1666567055,1.0,6,0.15,76181.97977698492,0.4173177192888816,77387.17657823437,0,True,False
ergun_full_phi0.150_d6_Re7.5e-01,,,3.5839929243952118,0.0216275974542849,0.1666567055,1.0,6,0.15,45972.89349282939,0.7786400453338468,41680.73514321625,0,True,False
ergun_full_phi0.150_d10_Re1.0e-06,,,8.70330281589896e-07,1.6746365259247503e-08,0.1666567055,1.0,10,0.15,31034372981.2434,1.0048419719449874e-06,31956379660.20782,0,True,False
ergun_full_phi0.150_d10_Re1.8e-06,,,1.437844507848969e-06,2.881823720012521e-08,0.1666567055,1.0,10,0.15,17313190175.579323,1.729197580959334e-06,18569949568.99266,0,True,False
ergun_full_phi0.150_d10_Re3.2e-06,,,3.083045631059491e-06,5.482901727135703e-08,0.1666567055,1.0,10,0.15,10255551713.158274,3.289937665985905e-06,9760401509.460772,0,True,False
ergun_full_phi0.150_d10_Re5.8e-06,,,4.906686332593092e-06,9.674748232437448e-08,0.1666567055,1.0,10,0.15,5242144060.172518,5.805195898605741e-06,5531443594.764773,0,True,False
ergun_full_phi0.150_d10_Re1.1e-05,,,9.018802955622156e-06,1.7966939681171998e-07,0.1666567055,1.0,10,0.15,2793834518.8330755,1.0780808145263617e-05,2978544412.4390635,0,True,False
ergun_full_phi0.150_d10_Re1.9e-05,,,1.7025173962660883e-05,3.084097440256312e-07,0.1666567055,1.0,10,0.15,1789927236.13566,1.850569067115221e-05,1735202421.6734407,0,True,False
ergun_full_phi0.150_d10_Re3.4e-05,,,2.8926054068181343e-05,5.301771047033182e-07,0.1666567055,1.0,10,0.15,1029075539.475096,3.181252762153745e-05,1009386161.1439042,0,True,False
ergun_full_phi0.150_d10_Re6.1e-05,,,5.3992097053412894e-05,1.003410711257795e-06,0.1666567055,1.0,10,0.15,536256698.7669715,6.020824114141598e-05,533334590.7234506,0,True,False
ergun_full_phi0.150_d10_Re1.1e-04,,,9.91419190616733e-05,1.8339592484990328e-06,0.1666567055,1.0,10,0.15,294766387.35218114,0.0001100441319175,291802561.8675911,0,True,False
ergun_full_phi0.150_d10_Re2.0e-04,,,0.0001740808218091,3.3786202758964854e-06,0.1666567055,1.0,10,0.15,152500813.4300304,0.0002027293330778,158394446.3027373,0,True,False
ergun_full_phi0.150_d10_Re3.6e-04,,,0.0003449652086247,6.216243544911646e-06,0.1666567055,1.0,10,0.15,89272820.07793814,0.0003729969056007,86089924.67196093,0,True,False
ergun_full_phi0.150_d10_Re6.4e-04,,,0.0006238828440805,1.0998318287111938e-05,0.1666567055,1.0,10,0.15,51576334.709497504,0.0006599385397734,48658170.47741568,0,True,False
ergun_full_phi0.150_d10_Re1.2e-03,,,0.0011033875191674,1.976577904196745e-05,0.1666567055,1.0,10,0.15,28242308.643638957,0.0011860176272335,27075174.17957788,0,True,False
ergun_full_phi0.150_d10_Re2.1e-03,,,0.0017356622110754,3.483025268520822e-05,0.1666567055,1.0,10,0.15,14307111.367413824,0.0020899400705606,15365049.3070028,0,True,False
ergun_full_phi0.150_d10_Re3.8e-03,,,0.0032086475092067,6.23062189933474e-05,0.1666567055,1.0,10,0.15,8265311.299507966,0.0037385965843028,8589522.335137634,0,True,False
ergun_full_phi0.150_d10_Re6.8e-03,,,0.0058506256691135,0.0001079128989338,0.1666567055,1.0,10,0.15,5024068.977768459,0.0064751609369729,4959562.440366392,0,True,False
ergun_full_phi0.150_d10_Re1.2e-02,,,0.0101323253438885,0.0001993065807734,0.1666567055,1.0,10,0.15,2550737.9817582425,0.0119591096065119,2685516.149166302,0,True,False
ergun_full_phi0.150_d10_Re2.2e-02,,,0.0191907727569923,0.0003537196901131,0.1666567055,1.0,10,0.15,1533818.5687775582,0.0212244499284877,1513370.9330097586,0,True,False
ergun_full_phi0.150_d10_Re3.9e-02,,,0.0379903195663225,0.000664110811805,0.1666567055,1.0,10,0.15,861374.1719574742,0.0398490303653015,806259.8740231342,0,True,False
ergun_full_phi0.150_d10_Re7.1e-02,,,0.0667159034133212,0.0011822391316762,0.1666567055,1.0,10,0.15,477329.9783874375,0.0709385876871459,453101.44569765154,0,True,False
ergun_full_phi0.150_d10_Re1.3e-01,,,0.1261022516726944,0.0022206271605508,0.1666567055,1.0,10,0.15,255724.03393141076,0.1332455933224258,241432.6588254844,0,True,False
ergun_full_phi0.150_d10_Re2.3e-01,,,0.2037706192166783,0.0035703251320383,0.1666567055,1.0,10,0.15,159854.92873246307,0.2142323119448915,150329.9466200634,0,True,False
ergun_full_phi0.150_d10_Re4.1e-01,,,0.3832085612437591,0.0069705800954493,0.1666567055,1.0,10,0.15,78867.37014955758,0.4182598038606595,77213.86312715281,0,True,False
ergun_full_phi0.150_d10_Re7.5e-01,,,0.692243529930556,0.0125602961220419,0.1666567055,1.0,10,0.15,43879.24520221549,0.7536628114877727,43047.47497474385,0,True,False
ergun_full_phi0.214_d6_Re1.0e-06,,,1.2605663149742323e-06,2.8696681683096943e-08,0.1666567055,1.0,6,0.2136363636363636,9184459159.899937,1.033142288406641e-06,9207727131.382605,0,True,False
ergun_full_phi0.214_d6_Re1.8e-06,,,2.3703775876054764e-06,4.9579472444775546e-08,0.1666567055,1.0,6,0.2136363636363636,5785820819.879774,1.7849676901758582e-06,5329447943.515709,0,True,False
ergun_full_phi0.214_d6_Re3.2e-06,,,3.704366104267852e-06,8.661605811951129e-08,0.1666567055,1.0,6,0.2136363636363636,2962567960.1526933,3.1183644675915407e-06,3050603184.042322,0,True,False
ergun_full_phi0.214_d6_Re5.8e-06,,,7.2449730691243424e-06,1.5976135017239685e-07,0.1666567055,1.0,6,0.2136363636363636,1703117382.4275963,5.751752371190255e-06,1653912117.8359866,0,True,False
ergun_full_phi0.214_d6_Re1.1e-05,,,1.2212814998374566e-05,2.859585244723813e-07,0.1666567055,1.0,6,0.2136363636363636,896109195.3751429,1.029512218957363e-05,924019493.0729322,0,True,False
ergun_full_phi0.214_d6_Re1.9e-05,,,2.2857285977666395e-05,5.004423570108494e-07,0.1666567055,1.0,6,0.2136363636363636,547605486.3385836,1.801700167452966e-05,527995437.2215244,0,True,False
ergun_full_phi0.214_d6_Re3.4e-05,,,4.164646949791012e-05,9.68477402666116e-07,0.1666567055,1.0,6,0.2136363636363636,266409960.09434423,3.4867270408130664e-05,272831711.3264833,0,True,False
ergun_full_phi0.214_d6_Re6.1e-05,,,7.059883269909832e-05,1.7101480662195194e-06,0.1666567055,1.0,6,0.2136363636363636,144837607.8841825,6.156901017893406e-05,154507938.25736952,0,True,False
ergun_full_phi0.214_d6_Re1.1e-04,,,0.0001425059334828,3.020491083164007e-06,0.1666567055,1.0,6,0.2136363636363636,93719309.8422358,0.0001087441783072,87479694.35665303,0,True,False
ergun_full_phi0.214_d6_Re2.0e-04,,,0.0002737255580258,5.537481593799779e-06,0.1666567055,1.0,6,0.2136363636363636,53560177.65374614,0.0001993612526007,47716996.89159894,0,True,False
ergun_full_phi0.214_d6_Re3.6e-04,,,0.0004395847895517,9.696317492278756e-06,0.1666567055,1.0,6,0.2136363636363636,28053060.747954365,0.000349088293682,27250817.557075992,0,True,False
ergun_full_phi0.214_d6_Re6.4e-04,,,0.0008049307732616,1.776785360277555e-05,0.1666567055,1.0,6,0.2136363636363636,15298182.838742832,0.0006396809615119,14871448.40588538,0,True,False
ergun_full_phi0.214_d6_Re1.2e-03,,,0.0013774043085346,3.216676406257227e-05,0.1666567055,1.0,6,0.2136363636363636,7987262.180532861,0.0011580727207849,8214558.039437761,0,True,False
ergun_full_phi0.214_d6_Re2.1e-03,,,0.0028969469274163,5.643083063876455e-05,0.1666567055,1.0,6,0.2136363636363636,5458318.872985816,0.002031631327505,4682532.081496211,0,True,False
ergun_full_phi0.214_d6_Re3.8e-03,,,0.0041418815475288,0.0001040236075562,0.1666567055,1.0,6,0.2136363636363636,2296598.636490957,0.0037450737038452,2540249.2576880264,0,True,False
ergun_full_phi0.214_d6_Re6.8e-03,,,0.0083870122070627,0.0001840807037831,0.1666567055,1.0,6,0.2136363636363636,1485053.1364768385,0.006627301430118,1435550.7412548675,0,True,False
ergun_full_phi0.214_d6_Re1.2e-02,,,0.0156933327557204,0.000332861371168,0.1666567055,1.0,6,0.2136363636363636,849844.8327398516,0.0119837255933789,793958.722387331,0,True,False
ergun_full_phi0.214_d6_Re2.2e-02,,,0.0274048489620065,0.0006268406539988,0.1666567055,1.0,6,0.2136363636363636,418470.0232715395,0.0225676123424454,421669.6510993676,0,True,False
ergun_full_phi0.214_d6_Re3.9e-02,,,0.0452405683667798,0.0010796022959499,0.1666567055,1.0,6,0.2136363636363636,232890.4627589993,0.0388680056782936,244889.7909453187,0,True,False
ergun_full_phi0.214_d6_Re7.1e-02,,,0.0790509562979143,0.0019302591666441,0.1666567055,1.0,6,0.2136363636363636,127299.62705654382,0.069493483416213,137030.11643334542,0,True,False
ergun_full_phi0.214_d6_Re1.3e-01,,,0.1757816410040491,0.0036791407329991,0.1666567055,1.0,6,0.2136363636363636,77916.95351577022,0.1324569829444683,71959.86417858541,0,True,False
ergun_full_phi0.214_d6_Re2.3e-01,,,0.2562154558531722,0.0061518771562685,0.1666567055,1.0,6,0.2136363636363636,40620.12593032717,0.2214808148695316,43092.449887344985,0,True,False
ergun_full_phi0.214_d6_Re4.1e-01,,,0.4603378366383366,0.0109056403269115,0.1666567055,1.0,6,0.2136363636363636,23223.38821214356,0.392626517877909,24369.99335576185,0,True,False
ergun_full_phi0.214_d6_Re7.5e-01,,,0.7923584660614179,0.018859927527721,0.1666567055,1.0,6,0.2136363636363636,13365.737081525516,0.6789979726697895,14151.327642806988,0,True,False
ergun_full_phi0.214_d10_Re1.0e-06,,,2.688549396688504e-07,1.6348613226782185e-08,0.1666567055,1.0,10,0.2136363636363636,10059031802.89558,9.809754235650713e-07,9697380835.093803,0,True,False
ergun_full_phi0.214_d10_Re1.8e-06,,,4.274463755216091e-07,2.8966184271832274e-08,0.1666567055,1.0,10,0.2136363636363636,5094470603.079024,1.7380749358346262e-06,5473234889.302044,0,True,False
ergun_full_phi0.214_d10_Re3.2e-06,,,9.063875168399134e-07,5.5055107756847685e-08,0.1666567055,1.0,10,0.2136363636363636,2990326996.280818,3.3035039059288062e-06,2879637158.2597837,0,True,False
ergun_full_phi0.214_d10_Re5.8e-06,,,1.5404023136255977e-06,9.446837624924509e-08,0.1666567055,1.0,10,0.2136363636363636,1726081353.4377542,5.6684413606895084e-06,1678220224.6488714,0,True,False
ergun_full_phi0.214_d10_Re1.1e-05,,,2.7924002338480253e-06,1.735001111892403e-07,0.1666567055,1.0,10,0.2136363636363636,927637188.17539,1.0410628883410891e-05,913767430.341734,0,True,False
ergun_full_phi0.214_d10_Re1.9e-05,,,5.014310803394582e-06,3.033819191546346e-07,0.1666567055,1.0,10,0.2136363636363636,544793429.1771712,1.8204003147934215e-05,522571580.857822,0,True,False
ergun_full_phi0.214_d10_Re3.4e-05,,,9.624633687274806e-06,5.88050668071329e-07,0.1666567055,1.0,10,0.2136363636363636,278326599.69900775,3.528514897177834e-05,269600593.7602693,0,True,False
ergun_full_phi0.214_d10_Re6.1e-05,,,1.3631800001974212e-05,1.038320321380578e-06,0.1666567055,1.0,10,0.2136363636363636,126441750.01442464,6.230294294282555e-05,152687826.24936083,0,True,False
ergun_full_phi0.214_d10_Re1.1e-04,,,2.9332915327400548e-05,1.8525574536710616e-06,0.1666567055,1.0,10,0.2136363636363636,85469636.55269308,0.0001111600909254,85578445.85367803,0,True,False
ergun_full_phi0.214_d10_Re2.0e-04,,,5.060845888919864e-05,3.2944225441905936e-06,0.1666567055,1.0,10,0.2136363636363636,46629902.791089416,0.0001976771672226,48123514.54963879,0,True,False
ergun_full_phi0.214_d10_Re3.6e-04,,,9.656557038841924e-05,5.966719513811213e-06,0.1666567055,1.0,10,0.2136363636363636,27123833.167741265,0.000358024568883,26570642.04655954,0,True,False
ergun_full_phi0.214_d10_Re6.4e-04,,,0.0001648067899443,1.0638896364954684e-05,0.1666567055,1.0,10,0.2136363636363636,14560689.593948428,0.0006383719354727,14901943.055434115,0,True,False
ergun_full_phi0.214_d10_Re1.2e-03,,,0.0003004797471863,2.0029718163827937e-05,0.1666567055,1.0,10,0.2136363636363636,7489719.073091876,0.0012018549210927,7915316.225810235,0,True,False
ergun_full_phi0.214_d10_Re2.1e-03,,,0.0005733002163895,3.58421002379518e-05,0.1666567055,1.0,10,0.2136363636363636,4462674.441151316,0.0021506545524477,4423395.499001752,0,True,False
ergun_full_phi0.214_d10_Re3.8e-03,,,0.0009542755783442,6.106772094354396e-05,0.1666567055,1.0,10,0.2136363636363636,2558882.739519401,0.0036642822597704,2596254.4965746203,0,True,False
ergun_full_phi0.214_d10_Re6.8e-03,,,0.0017966361746811,0.0001095528252554,0.1666567055,1.0,10,0.2136363636363636,1496969.5820498688,0.0065735623974322,1447285.249739477,0,True,False
ergun_full_phi0.214_d10_Re1.2e-02,,,0.0031592632521459,0.0002048622460121,0.1666567055,1.0,10,0.2136363636363636,752769.3991985396,0.0122924694447508,774020.8002150081,0,True,False
ergun_full_phi0.214_d10_Re2.2e-02,,,0.0056847483206124,0.0003530918590639,0.1666567055,1.0,10,0.2136363636363636,455969.5414802218,0.0211867778139873,449142.49922786135,0,True,False
ergun_full_phi0.214_d10_Re3.9e-02,,,0.0106651229190401,0.0006761469476034,0.1666567055,1.0,10,0.2136363636363636,233283.31689030767,0.0405712416776082,234614.90894314615,0,True,False
ergun_full_phi0.214_d10_Re7.1e-02,,,0.0186539197340595,0.0011976702659044,0.1666567055,1.0,10,0.2136363636363636,130045.57176623524,0.0718645110804987,132513.73475759922,0,True,False
ergun_full_phi0.214_d10_Re1.3e-01,,,0.0333979965771529,0.002133467930474,0.1666567055,1.0,10,0.2136363636363636,73375.01071829037,0.128015726944393,74451.47491850142,0,True,False
ergun_full_phi0.214_d10_Re2.3e-01,,,0.0570426179434753,0.0038668377204853,0.1666567055,1.0,10,0.2136363636363636,38149.38632009017,0.2320241306153342,41140.71637927934,0,True,False
ergun_full_phi0.214_d10_Re4.1e-01,,,0.1109406716264594,0.0070345629547652,0.1666567055,1.0,10,0.2136363636363636,22419.01613042302,0.422099004877142,22678.2464124225,0,True,False
ergun_full_phi0.214_d10_Re7.5e-01,,,0.1978829559304748,0.0125555419388005,0.1666567055,1.0,10,0.2136363636363636,12552.709058606615,0.7533775434436711,12768.127287284564,0,True,False
ergun_full_phi0.277_d6_Re1.0e-06,,,4.5035877925194453e-07,2.7120610353719132e-08,0.1666567055,1.0,6,0.2772727272727272,3673761557.008339,9.76400329252367e-07,3764356733.736912,0,True,False
ergun_full_phi0.277_d6_Re1.8e-06,,,8.010398381537783e-07,4.8560994893486655e-08,0.1666567055,1.0,6,0.2772727272727272,2038122175.3533385,1.748300306829958e-06,2102338588.90477,0,True,False
ergun_full_phi0.277_d6_Re3.2e-06,,,1.5136904045955818e-06,8.73410952247372e-08,0.1666567055,1.0,6,0.2772727272727272,1190559325.838813,3.144467363471452e-06,1168884538.4684534,0,True,False
ergun_full_phi0.277_d6_Re5.8e-06,,,2.756714298662101e-06,1.6595314718902849e-07,0.1666567055,1.0,6,0.2772727272727272,600581601.1181868,5.974670386930041e-06,615183635.7103924,0,True,False
ergun_full_phi0.277_d6_Re1.1e-05,,,4.791481241461289e-06,2.898996599862261e-07,0.1666567055,1.0,6,0.2772727272727272,342078383.01411253,1.0437011548373349e-05,352162081.8879475,0,True,False
ergun_full_phi0.277_d6_Re1.9e-05,,,9.119306400667964e-06,5.335668885270472e-07,0.1666567055,1.0,6,0.2772727272727272,192192004.62908205,1.9209556084512204e-05,191338114.21192464,0,True,False
ergun_full_phi0.277_d6_Re3.4e-05,,,1.5973783512699437e-05,9.916454920491442e-07,0.1666567055,1.0,6,0.2772727272727272,97464433.03431198,3.57013714776383e-05,102951821.24468066,0,True,False
ergun_full_phi0.277_d6_Re6.1e-05,,,2.9930166281409004e-05,1.7203965762018574e-06,0.1666567055,1.0,6,0.2772727272727272,60674085.727198765,6.193797859043328e-05,59341987.82201067,0,True,False
ergun_full_phi0.277_d6_Re1.1e-04,,,5.309329035225923e-05,3.030599994784145e-06,0.1666567055,1.0,6,0.2772727272727272,34684357.568385586,0.0001091081208772,33687002.76745882,0,True,False
ergun_full_phi0.277_d6_Re2.0e-04,,,9.991970436856395e-05,5.28203906624054e-06,0.1666567055,1.0,6,0.2772727272727272,21488157.22114488,0.0001901647719625,19328134.970994912,0,True,False
ergun_full_phi0.277_d6_Re3.6e-04,,,0.0001698996558696,9.536252819873325e-06,0.1666567055,1.0,6,0.2772727272727272,11209551.509053502,0.0003433256210578,10705695.238469804,0,True,False
ergun_full_phi0.277_d6_Re6.4e-04,,,0.0003114653239196,1.728125419808029e-05,0.1666567055,1.0,6,0.2772727272727272,6257638.004152622,0.0006221623359072,5907712.18135806,0,True,False
ergun_full_phi0.277_d6_Re1.2e-03,,,0.0005454755441639,3.180447068603322e-05,0.1666567055,1.0,6,0.2772727272727272,3235565.4580175746,0.0011450293796681,3210037.313260783,0,True,False
ergun_full_phi0.277_d6_Re2.1e-03,,,0.0010429686132947,5.801168566767633e-05,0.1666567055,1.0,6,0.2772727272727272,1859480.033003735,0.0020885455101358,1759905.6360699902,0,True,False
ergun_full_phi0.277_d6_Re3.8e-03,,,0.0015148990768587,0.0001032643078854,0.1666567055,1.0,6,0.2772727272727272,852382.4006538582,0.0037177372818809,988703.4503625884,0,True,False
ergun_full_phi0.277_d6_Re6.8e-03,,,0.0031508711033772,0.0001834662126881,0.1666567055,1.0,6,0.2772727272727272,561655.0860246106,0.0066051784284726,556519.5605852593,0,True,False
ergun_full_phi0.277_d6_Re1.2e-02,,,0.0058976461984128,0.0003334564617484,0.1666567055,1.0,6,0.2772727272727272,318237.7466360521,0.0120051501347505,306221.19240198977,0,True,False
ergun_full_phi0.277_d6_Re2.2e-02,,,0.0105953180485832,0.0006270838286327,0.1666567055,1.0,6,0.2772727272727272,161664.2700708009,0.0225763671525141,162863.16477694706,0,True,False
ergun_full_phi0.277_d6_Re3.9e-02,,,0.0191059147325423,0.0010471475467148,0.1666567055,1.0,6,0.2772727272727272,104545.0143145827,0.0376995648716279,97554.3327869473,0,True,False
ergun_full_phi0.277_d6_Re7.1e-02,,,0.0341744927648438,0.0020363212648563,0.1666567055,1.0,6,0.2772727272727272,49449.36677471042,0.0733119471699747,50194.668171578654,0,True,False
ergun_full_phi0.277_d6_Re1.3e-01,,,0.0633489450440337,0.0037802721033142,0.1666567055,1.0,6,0.2772727272727272,26597.72641330209,0.1360979298842866,27065.76139533719,0,True,False
ergun_full_phi0.277_d6_Re2.3e-01,,,0.1046087554453858,0.0061738820055319,0.1666567055,1.0,6,0.2772727272727272,16466.550694382855,0.2222730367917391,16595.38698606081,0,True,False
ergun_full_phi0.277_d6_Re4.1e-01,,,0.1941805798058641,0.0118777925426459,0.1666567055,1.0,6,0.2772727272727272,8258.20334832286,0.4276260894637433,8654.502655260565,0,True,False
ergun_full_phi0.277_d6_Re7.5e-01,,,0.3616682577952526,0.0219499813733005,0.1666567055,1.0,6,0.2772727272727272,4503.947633527136,0.7902465601049774,4710.436480902738,0,True,False
ergun_full_phi0.277_d10_Re1.0e-06,,,1.1334225155854484e-07,1.6941459081151212e-08,0.1666567055,1.0,10,0.2772727272727272,3949028002.9715614,1.0165483009113734e-06,3615685701.6345577,0,True,False
ergun_full_phi0.277_d10_Re1.8e-06,,,1.819642324497172e-07,2.9566506335910282e-08,0.1666567055,1.0,10,0.2772727272727272,2081545985.4427724,1.7740964125749073e-06,2071769705.1416707,0,True,False
ergun_full_phi0.277_d10_Re3.2e-06,,,3.053994733316894e-07,5.287725276402186e-08,0.1666567055,1.0,10,0.2772727272727272,1092271286.5849218,3.172824796060898e-06,1158437518.8715615,0,True,False
ergun_full_phi0.277_d10_Re5.8e-06,,,5.729797078446123e-07,9.516763427228429e-08,0.1666567055,1.0,10,0.2772727272727272,632645895.2681907,5.710399349774994e-06,643653658.8755147,0,True,False
ergun_full_phi0.277_d10_Re1.1e-05,,,1.1167314384843192e-06,1.8228845573217415e-07,0.1666567055,1.0,10,0.2772727272727272,336070514.6649836,1.09379610730499e-05,336033353.99888355,0,True,False
ergun_full_phi0.277_d10_Re1.9e-05,,,1.8981962136335288e-06,3.07693739241838e-07,0.1666567055,1.0,10,0.2772727272727272,200495109.4392832,1.846272781636368e-05,199077851.7836405,0,True,False
ergun_full_phi0.277_d10_Re3.4e-05,,,3.3808812014384827e-06,5.709162271774305e-07,0.1666567055,1.0,10,0.2772727272727272,103725404.3107082,3.4257021070024124e-05,107292491.11725432,0,True,False
ergun_full_phi0.277_d10_Re6.1e-05,,,5.889640435611406e-06,1.0567003142629271e-06,0.1666567055,1.0,10,0.2772727272727272,52745462.963071965,6.34058084307281e-05,57968235.86499506,0,True,False
ergun_full_phi0.277_d10_Re1.1e-04,,,1.1565854286595922e-05,1.8263909489075808e-06,0.1666567055,1.0,10,0.2772727272727272,34672904.54844736,0.0001095900068003,33538875.540281054,0,True,False
ergun_full_phi0.277_d10_Re2.0e-04,,,1.9826417881673603e-05,3.178753980816127e-06,0.1666567055,1.0,10,0.2772727272727272,19621419.431865983,0.0001907366386056,19270185.52922453,0,True,False
ergun_full_phi0.277_d10_Re3.6e-04,,,3.880204351109759e-05,6.192402413655207e-06,0.1666567055,1.0,10,0.2772727272727272,10118968.776642315,0.0003715663522254,9892018.263160609,0,True,False
ergun_full_phi0.277_d10_Re6.4e-04,,,6.020683898143237e-05,1.0193248608019212e-05,0.1666567055,1.0,10,0.2772727272727272,5794561.7203415455,0.0006116314718593,6009428.152262327,0,True,False
ergun_full_phi0.277_d10_Re1.2e-03,,,0.0001245478475259,2.0031250250434506e-05,0.1666567055,1.0,10,0.2772727272727272,3103988.5679214173,0.0012019468517835,3058030.731644826,0,True,False
ergun_full_phi0.277_d10_Re2.1e-03,,,0.0002175604343095,3.474107702189132e-05,0.1666567055,1.0,10,0.2772727272727272,1802575.0725617416,0.0020845892109568,1763245.612334984,0,True,False
ergun_full_phi0.277_d10_Re3.8e-03,,,0.0003779806299614,6.392714436580352e-05,0.1666567055,1.0,10,0.2772727272727272,924908.849441769,0.0038358579196684,958259.3421034887,0,True,False
ergun_full_phi0.277_d10_Re6.8e-03,,,0.0006888397795866,0.0001116417027872,0.1666567055,1.0,10,0.2772727272727272,552669.2677091645,0.0066989025405407,548734.1449170056,0,True,False
ergun_full_phi0.277_d10_Re1.2e-02,,,0.0012138626452895,0.0001994536738486,0.1666567055,1.0,10,0.2772727272727272,305130.39162353735,0.0119679357185337,307173.2057784228,0,True,False
ergun_full_phi0.277_d10_Re2.2e-02,,,0.0022153543764028,0.0003794530784961,0.1666567055,1.0,10,0.2772727272727272,153860.46700333446,0.0227685455174286,161489.0157647789,0,True,False
ergun_full_phi0.277_d10_Re3.9e-02,,,0.0046871978564158,0.000696096808685,0.1666567055,1.0,10,0.2772727272727272,96732.85391416911,0.0417683048873806,88057.13602561256,0,True,False
ergun_full_phi0.277_d10_Re7.1e-02,,,0.006840912836105,0.0011234726474426,0.1666567055,1.0,10,0.2772727272727272,54198.722512741886,0.0674123878827428,54582.23543886697,0,True,False
ergun_full_phi0.277_d10_Re1.3e-01,,,0.0127114173982003,0.0021511497422166,0.1666567055,1.0,10,0.2772727272727272,27469.622679236767,0.129076699060072,28534.79782054012,0,True,False
ergun_full_phi0.277_d10_Re2.3e-01,,,0.0227734907835984,0.0037486034868734,0.1666567055,1.0,10,0.2772727272727272,16206.55083993315,0.2249296525829511,16400.081727039196,0,True,False
ergun_full_phi0.277_d10_Re4.1e-01,,,0.0424101910762463,0.007054637423504,0.1666567055,1.0,10,0.2772727272727272,8521.593890015742,0.4233035449932151,8742.271837973463,0,True,False
ergun_full_phi0.277_d10_Re7.5e-01,,,0.0825820717064762,0.0131208783564389,0.1666567055,1.0,10,0.2772727272727272,4796.892162422963,0.7872997559308504,4727.845216487214,0,True,False
ergun_full_phi0.341_d6_Re1.0e-06,,,2.0649451411837318e-07,2.761320368085185e-08,0.1666567055,1.0,6,0.3409090909090909,1624898269.0132968,9.941347489622078e-07,1654325284.2534928,0,True,False
ergun_full_phi0.341_d6_Re1.8e-06,,,3.6865114040717563e-07,5.0118881363599387e-08,0.1666567055,1.0,6,0.3409090909090909,880570422.5115498,1.8043875719215887e-06,911457327.873065,0,True,False
ergun_full_phi0.341_d6_Re3.2e-06,,,6.700770332111448e-07,9.368358108940575e-08,0.1666567055,1.0,6,0.3409090909090909,458088106.62244034,3.3728105019838787e-06,487611835.7207202,0,True,False
ergun_full_phi0.341_d6_Re5.8e-06,,,1.2496469882042455e-06,1.613120730385303e-07,0.1666567055,1.0,6,0.3409090909090909,288140862.8927812,5.807581731124415e-06,283185406.15224427,0,True,False
ergun_full_phi0.341_d6_Re1.1e-05,,,2.126926036803104e-06,2.90795253948332e-07,0.1666567055,1.0,6,0.3409090909090909,150913819.1256425,1.0469254858095054e-05,157090695.4976276,0,True,False
ergun_full_phi0.341_d6_Re1.9e-05,,,3.97902893715546e-06,5.116266845314243e-07,0.1666567055,1.0,6,0.3409090909090909,91205698.29578306,1.8419661531042e-05,89286263.79362768,0,True,False
ergun_full_phi0.341_d6_Re3.4e-05,,,7.207425432317933e-06,9.16559105829842e-07,0.1666567055,1.0,6,0.3409090909090909,51476671.25997129,3.299810000731745e-05,49839935.70806901,0,True,False
ergun_full_phi0.341_d6_Re6.1e-05,,,1.203880274725786e-05,1.625727334204716e-06,0.1666567055,1.0,6,0.3409090909090909,27329968.646550942,5.8529682174884325e-05,28098972.436018337,0,True,False
ergun_full_phi0.341_d6_Re1.1e-04,,,2.193284246286387e-05,3.066886887039316e-06,0.1666567055,1.0,6,0.3409090909090909,13991061.073334211,0.0001104145270784,14895009.56163701,0,True,False
ergun_full_phi0.341_d6_Re2.0e-04,,,4.277837281755446e-05,5.623915982692606e-06,0.1666567055,1.0,6,0.3409090909090909,8115174.510695871,0.0002024730765853,8122700.28339078,0,True,False
ergun_full_phi0.341_d6_Re3.6e-04,,,6.791583889141069e-05,9.624190235650366e-06,0.1666567055,1.0,6,0.3409090909090909,4399404.777610286,0.0003464915572443,4746529.243776422,0,True,False
ergun_full_phi0.341_d6_Re6.4e-04,,,0.0001301618548569,1.705235540103575e-05,0.1666567055,1.0,6,0.3409090909090909,2685753.9811199023,0.0006139214866827,2678909.4863077174,0,True,False
ergun_full_phi0.341_d6_Re1.2e-03,,,0.0002209969316228,3.1076291121761286e-05,0.1666567055,1.0,6,0.3409090909090909,1373027.1713900776,0.0011188133485008,1469999.258579403,0,True,False
ergun_full_phi0.341_d6_Re2.1e-03,,,0.0004907559050127,5.751854264186065e-05,0.1666567055,1.0,6,0.3409090909090909,890022.6046014556,0.0020707913000906,794229.0014512874,0,True,False
ergun_full_phi0.341_d6_Re3.8e-03,,,0.0008316445957986,0.0001051370178883,0.1666567055,1.0,6,0.3409090909090909,451416.79301840975,0.003785158871572,434521.3689703489,0,True,False
ergun_full_phi0.341_d6_Re6.8e-03,,,0.0014957920254952,0.0001888992563179,0.1666567055,1.0,6,0.3409090909090909,251513.886193159,0.0068007796896464,241857.5927418421,0,True,False
ergun_full_phi0.341_d6_Re1.2e-02,,,0.0024188384150324,0.0003245480807811,0.1666567055,1.0,6,0.3409090909090909,137784.38976867238,0.0116844292514059,140782.43279761483,0,True,False
ergun_full_phi0.341_d6_Re2.2e-02,,,0.0046651885295806,0.000613058856482,0.1666567055,1.0,6,0.3409090909090909,74475.95964462415,0.0220714379769858,74542.70814164726,0,True,False
ergun_full_phi0.341_d6_Re3.9e-02,,,0.0080231169280752,0.001088716424907,0.1666567055,1.0,6,0.3409090909090909,40612.97671207001,0.0391961339319913,41987.898380874096,0,True,False
ergun_full_phi0.341_d6_Re7.1e-02,,,0.0143444834536964,0.0019560004082418,0.1666567055,1.0,6,0.3409090909090909,22495.63630852635,0.070420223502204,23383.513897141067,0,True,False
ergun_full_phi0.341_d6_Re1.3e-01,,,0.0237170805330871,0.0032999006080854,0.1666567055,1.0,6,0.3409090909090909,13068.049176771594,0.118803522421202,13872.322651535997,0,True,False
ergun_full_phi0.341_d6_Re2.3e-01,,,0.0535498892481857,0.0064799383353243,0.1666567055,1.0,6,0.3409090909090909,7651.878778103759,0.2332917232180994,7078.749811459035,0,True,False
ergun_full_phi0.341_d6_Re4.1e-01,,,0.0936174588405602,0.0121428786357343,0.1666567055,1.0,6,0.3409090909090909,3809.472036814664,0.4371697592114355,3791.087887026136,0,True,False
ergun_full_phi0.341_d6_Re7.5e-01,,,0.1717119003237076,0.0212643305583423,0.1666567055,1.0,6,0.3409090909090909,2278.4957101213267,0.7655616554237847,2177.367445838313,0,True,False
ergun_full_phi0.341_d10_Re1.0e-06,,,4.34043943797048e-08,1.6832043628436933e-08,0.1666567055,1.0,10,0.3409090909090909,1532004371.6505046,1.0099829813590626e-06,1628366301.1940026,0,True,False
ergun_full_phi0.341_d10_Re1.8e-06,,,8.53926201186367e-08,2.9050069906340243e-08,0.1666567055,1.0,10,0.3409090909090909,1011872925.3681256,1.7431083747386476e-06,943499725.4336886,0,True,False
ergun_full_phi0.341_d10_Re3.2e-06,,,1.5013417993064304e-07,5.4485547984836863e-08,0.1666567055,1.0,10,0.3409090909090909,505727919.03817785,3.2693282770333445e-06,503045940.3392501,0,True,False
ergun_full_phi0.341_d10_Re5.8e-06,,,2.7091759412774416e-07,9.709704139713037e-08,0.1666567055,1.0,10,0.3409090909090909,287359273.1012618,5.826170696571844e-06,282281875.6065085,0,True,False
ergun_full_phi0.341_d10_Re1.1e-05,,,4.407926064290701e-07,1.6905922730904273e-07,0.1666567055,1.0,10,0.3409090909090909,154225626.0854302,1.0144159924548774e-05,162125058.13872567,0,True,False
ergun_full_phi0.341_d10_Re1.9e-05,,,9.0487534750899e-07,3.27653460456516e-07,0.1666567055,1.0,10,0.3409090909090909,84286736.42831762,1.9660382669481966e-05,83651616.6657499,0,True,False
ergun_full_phi0.341_d10_Re3.4e-05,,,1.5472251044580595e-06,5.818568015215444e-07,0.1666567055,1.0,10,0.3409090909090909,45700533.79994194,3.491349476613435e-05,47105660.70884436,0,True,False
ergun_full_phi0.341_d10_Re6.1e-05,,,2.9674337013433528e-06,1.064128223510795e-06,0.1666567055,1.0,10,0.3409090909090909,26205539.23767543,6.385150962382339e-05,25757011.70947465,0,True,False
ergun_full_phi0.341_d10_Re1.1e-04,,,5.2535318419976544e-06,1.8648592366870736e-06,0.1666567055,1.0,10,0.3409090909090909,15106340.061830454,0.0001118982420234,14697509.541087816,0,True,False
ergun_full_phi0.341_d10_Re2.0e-04,,,8.066550451287253e-06,3.2308071203414128e-06,0.1666567055,1.0,10,0.3409090909090909,7727976.481056298,0.0001938600136519,8483584.80346783,0,True,False
ergun_full_phi0.341_d10_Re3.6e-04,,,1.7151764963643985e-05,5.767808805274741e-06,0.1666567055,1.0,10,0.3409090909090909,5155693.668868226,0.0003460892130304,4752047.2628079485,0,True,False
ergun_full_phi0.341_d10_Re6.4e-04,,,3.003589758477905e-05,1.1150127327651816e-05,0.1666567055,1.0,10,0.3409090909090909,2415911.166960323,0.0006690476266286,2458183.2950009685,0,True,False
ergun_full_phi0.341_d10_Re1.2e-03,,,5.52242046934604e-05,1.9130313567847345e-05,0.1666567055,1.0,10,0.3409090909090909,1508986.2858660445,0.0011478874198582,1432767.3696291146,0,True,False
ergun_full_phi0.341_d10_Re2.1e-03,,,8.881153371015004e-05,3.4576222493722145e-05,0.1666567055,1.0,10,0.3409090909090909,742872.499972114,0.0020746973480597,792733.7554727256,0,True,False
ergun_full_phi0.341_d10_Re3.8e-03,,,0.0001824148327861,6.497995839186639e-05,0.1666567055,1.0,10,0.3409090909090909,432017.4524303504,0.00389903053687,421831.9692782514,0,True,False
ergun_full_phi0.341_d10_Re6.8e-03,,,0.0002818131998795,0.0001044299458525,0.1666567055,1.0,10,0.3409090909090909,258411.13618581265,0.0062661712614131,262489.5765731775,0,True,False
ergun_full_phi0.341_d10_Re1.2e-02,,,0.0005717866751229,0.0002036109033072,0.1666567055,1.0,10,0.3409090909090909,137921.4991469551,0.012217384394846,134642.39463486988,0,True,False
ergun_full_phi0.341_d10_Re2.2e-02,,,0.0009738313519915,0.0003666322608642,0.1666567055,1.0,10,0.3409090909090909,72447.33233401769,0.0219992504810593,74787.2141962495,0,True,False
ergun_full_phi0.341_d10_Re3.9e-02,,,0.0018224332380025,0.0006547255177952,0.1666567055,1.0,10,0.3409090909090909,42514.1100106135,0.0392858790668472,41892.04722371083,0,True,False
ergun_full_phi0.341_d10_Re7.1e-02,,,0.0031604500398166,0.0011732615581879,0.1666567055,1.0,10,0.3409090909090909,22959.33193159553,0.0703999010821653,23390.255639158197,0,True,False
ergun_full_phi0.341_d10_Re1.3e-01,,,0.0057925676481561,0.0022106447920773,0.1666567055,1.0,10,0.3409090909090909,11853.133708952491,0.1326466154149036,12427.635533942646,0,True,False
ergun_full_phi0.341_d10_Re2.3e-01,,,0.0094297111129695,0.0037929037174076,0.1666567055,1.0,10,0.3409090909090909,6554.729158653307,0.2275878252860107,7255.430686959588,0,True,False
ergun_full_phi0.341_d10_Re4.1e-01,,,0.020183181614874,0.0070128133015446,0.1666567055,1.0,10,0.3409090909090909,4103.9784727111055,0.4207939476845521,3937.490688886049,0,True,False
ergun_full_phi0.341_d10_Re7.5e-01,,,0.0367207280401931,0.0126272669546116,0.1666567055,1.0,10,0.3409090909090909,2302.9926877715275,0.757681301615052,2199.7106332491376,0,True,False
ergun_full_phi0.405_d6_Re1.0e-06,,,1.0369773619893266e-07,2.715351338199925e-08,0.1666567055,1.0,6,0.4045454545454545,843856236.5380915,9.775849090692333e-07,821735464.7359512,0,True,False
ergun_full_phi0.405_d6_Re1.8e-06,,,1.9351437319339046e-07,5.112240863069878e-08,0.1666567055,1.0,6,0.4045454545454545,444264757.6345321,1.8405167128675335e-06,436462324.7040274,0,True,False
ergun_full_phi0.405_d6_Re3.2e-06,,,3.279815861423033e-07,8.385988383273435e-08,0.1666567055,1.0,6,0.4045454545454545,279828664.17972803,3.0191362626954493e-06,266074847.84015775,0,True,False
ergun_full_phi0.405_d6_Re5.8e-06,,,5.611261596948942e-07,1.603488284863951e-07,0.1666567055,1.0,6,0.4045454545454545,130942365.94487292,5.772902854595133e-06,139152915.83475274,0,True,False
ergun_full_phi0.405_d6_Re1.1e-05,,,1.1361539931271124e-06,2.970353827950408e-07,0.1666567055,1.0,6,0.4045454545454545,77263091.00285153,1.069391292371518e-05,75119027.8274422,0,True,False
ergun_full_phi0.405_d6_Re1.9e-05,,,2.14176821660928e-06,5.089525000982614e-07,0.1666567055,1.0,6,0.4045454545454545,49609998.70406716,1.8323385137296916e-05,43841051.01562372,0,True,False
ergun_full_phi0.405_d6_Re3.4e-05,,,3.108864674409032e-06,9.116463794361982e-07,0.1666567055,1.0,6,0.4045454545454545,22443999.243901964,3.282123128623342e-05,24475519.634318758,0,True,False
ergun_full_phi0.405_d6_Re6.1e-05,,,6.563381659021966e-06,1.6438722947811854e-06,0.1666567055,1.0,6,0.4045454545454545,14572791.702680664,5.918293979888563e-05,13573457.290440192,0,True,False
ergun_full_phi0.405_d6_Re1.1e-04,,,1.1124030050276909e-05,3.0474285033930237e-06,0.1666567055,1.0,6,0.4045454545454545,7186978.624356932,0.0001097139833977,7321928.127357899,0,True,False
ergun_full_phi0.405_d6_Re2.0e-04,,,1.986951299123537e-05,5.50470487173905e-06,0.1666567055,1.0,6,0.4045454545454545,3934326.457616148,0.0001981812200795,4053458.2090686313,0,True,False
ergun_full_phi0.405_d6_Re3.6e-04,,,3.5023187402633884e-05,9.724554253335771e-06,0.1666567055,1.0,6,0.4045454545454545,2222120.0150625845,0.0003501048778383,2294517.258779332,0,True,False
ergun_full_phi0.405_d6_Re6.4e-04,,,7.14459029074632e-05,1.8256016331860444e-05,0.1666567055,1.0,6,0.4045454545454545,1286223.8202650968,0.0006572558701585,1222243.2014529856,0,True,False
ergun_full_phi0.405_d6_Re1.2e-03,,,0.0001173183170158,3.1171284781415765e-05,0.1666567055,1.0,6,0.4045454545454545,724448.7523503609,0.00112223332465,715834.9513228481,0,True,False
ergun_full_phi0.405_d6_Re2.1e-03,,,0.0002089416042545,5.9304807399412905e-05,0.1666567055,1.0,6,0.4045454545454545,356448.15872449527,0.0021351006749409,376258.5008514383,0,True,False
ergun_full_phi0.405_d6_Re3.8e-03,,,0.0003626508988099,0.0001027050433317,0.1666567055,1.0,6,0.4045454545454545,206279.6891345459,0.0036976025545554,217268.98981477588,0,True,False
ergun_full_phi0.405_d6_Re6.8e-03,,,0.0006750131260881,0.0001805669152921,0.1666567055,1.0,6,0.4045454545454545,124218.73743359112,0.0065007974836792,123587.6819780816,0,True,False
ergun_full_phi0.405_d6_Re1.2e-02,,,0.0012688194105555,0.0003305118066847,0.1666567055,1.0,6,0.4045454545454545,69691.06606733738,0.0118991362163262,67526.20050226344,0,True,False
ergun_full_phi0.405_d6_Re2.2e-02,,,0.0023081645631106,0.0006077342892098,0.1666567055,1.0,6,0.4045454545454545,37496.483312150056,0.0218797420981005,36730.80522755553,0,True,False
ergun_full_phi0.405_d6_Re3.9e-02,,,0.0039134385680236,0.0010854457365547,0.1666567055,1.0,6,0.4045454545454545,19929.36847272336,0.0390783821136363,20572.27541299406,0,True,False
ergun_full_phi0.405_d6_Re7.1e-02,,,0.0073190402607688,0.0019658664298345,0.1666567055,1.0,6,0.4045454545454545,11363.11425606697,0.07077542150866,11365.953190602935,0,True,False
ergun_full_phi0.405_d6_Re1.3e-01,,,0.0132309571167855,0.0034742258418262,0.1666567055,1.0,6,0.4045454545454545,6576.978461102545,0.1250796059385528,6438.17855268003,0,True,False
ergun_full_phi0.405_d6_Re2.3e-01,,,0.0246001161188961,0.0065328235840721,0.1666567055,1.0,6,0.4045454545454545,3458.490177944565,0.2351957059683558,3431.261554879657,0,True,False
ergun_full_phi0.405_d6_Re4.1e-01,,,0.0439932812938794,0.0121064721611355,0.1666567055,1.0,6,0.4045454545454545,1800.9530476879368,0.4358590477885898,1858.8033978401209,0,True,False
ergun_full_phi0.405_d6_Re7.5e-01,,,0.0777535883483646,0.0210278433037247,0.1666567055,1.0,6,0.4045454545454545,1055.0723147201952,0.7570476053983209,1076.856392906357,0,True,False
ergun_full_phi0.405_d10_Re1.0e-06,,,2.2532757141437203e-08,1.6753383883622435e-08,0.1666567055,1.0,10,0.4045454545454545,802803497.7442307,1.005263114577915e-06,799110380.5154397,0,True,False
ergun_full_phi0.405_d10_Re1.8e-06,,,4.369746965471584e-08,3.108510352035117e-08,0.1666567055,1.0,10,0.4045454545454545,452221965.7044559,1.86521768968673e-06,430682277.9910876,0,True,False
ergun_full_phi0.405_d10_Re3.2e-06,,,7.052326845234554e-08,5.392860506837903e-08,0.1666567055,1.0,10,0.4045454545454545,242490125.3818238,3.2359097047180627e-06,248250507.0972745,0,True,False
ergun_full_phi0.405_d10_Re5.8e-06,,,1.2654484351596658e-07,9.622150529190585e-08,0.1666567055,1.0,10,0.4045454545454545,136678486.06318125,5.773635390380728e-06,139135260.67087469,0,True,False
ergun_full_phi0.405_d10_Re1.1e-05,,,2.151393287415096e-07,1.7384415360809893e-07,0.1666567055,1.0,10,0.4045454545454545,71186825.98413658,1.0431272662359148e-05,77010386.39952095,0,True,False
ergun_full_phi0.405_d10_Re1.9e-05,,,4.0728181870115853e-07,3.107504122895695e-07,0.1666567055,1.0,10,0.4045454545454545,42176602.862510376,1.8646139161173413e-05,43082187.72365507,0,True,False
ergun_full_phi0.405_d10_Re3.4e-05,,,7.45528639727545e-07,5.639970010412032e-07,0.1666567055,1.0,10,0.4045454545454545,23437470.706763856,3.384184268788412e-05,23737380.799302768,0,True,False
ergun_full_phi0.405_d10_Re6.1e-05,,,1.3582231769766446e-06,1.0418670534331256e-06,0.1666567055,1.0,10,0.4045454545454545,12512570.217274643,6.251575958539067e-05,12849834.401224442,0,True,False
ergun_full_phi0.405_d10_Re1.1e-04,,,2.49539963927696e-06,1.8141025240580107e-06,0.1666567055,1.0,10,0.4045454545454545,7582570.42820731,0.0001088526572402,7379864.743909366,0,True,False
ergun_full_phi0.405_d10_Re2.0e-04,,,4.446727236218784e-06,3.2857101896888497e-06,0.1666567055,1.0,10,0.4045454545454545,4118906.953219964,0.000197154394708,4074569.468476541,0,True,False
ergun_full_phi0.405_d10_Re3.6e-04,,,8.310177566133033e-06,6.077639636407755e-06,0.1666567055,1.0,10,0.4045454545454545,2249781.8671581307,0.0003646801740244,2202812.138434558,0,True,False
ergun_full_phi0.405_d10_Re6.4e-04,,,1.4323260859513272e-05,1.0804203503476396e-05,0.1666567055,1.0,10,0.4045454545454545,1227033.4155248362,0.0006482909566141,1239144.8154863368,0,True,False
ergun_full_phi0.405_d10_Re1.2e-03,,,2.661143210966667e-05,1.9703204502970308e-05,0.1666567055,1.0,10,0.4045454545454545,685479.5722058633,0.0011822629304867,679489.1063829574,0,True,False
ergun_full_phi0.405_d10_Re2.1e-03,,,4.5482684035371e-05,3.422899008511964e-05,0.1666567055,1.0,10,0.4045454545454545,388202.1302481395,0.0020538621582867,391140.4167234958,0,True,False
ergun_full_phi0.405_d10_Re3.8e-03,,,7.696269133288498e-05,6.031426939698935e-05,0.1666567055,1.0,10,0.4045454545454545,211563.1883229211,0.0036190724649233,221983.15826628465,0,True,False
ergun_full_phi0.405_d10_Re6.8e-03,,,0.0001377453825185,0.000106433398394,0.1666567055,1.0,10,0.4045454545454545,121596.532566007,0.0063863855987502,125801.46920883146,0,True,False
ergun_full_phi0.405_d10_Re1.2e-02,,,0.0002748291579849,0.0002110229915817,0.1666567055,1.0,10,0.4045454545454545,61716.77957392483,0.0126621362728048,63458.12821015254,0,True,False
ergun_full_phi0.405_d10_Re2.2e-02,,,0.000500419480915,0.0003736879237251,0.1666567055,1.0,10,0.4045454545454545,35835.71563084575,0.0224226155559723,35841.89756374442,0,True,False
ergun_full_phi0.405_d10_Re3.9e-02,,,0.00092159086563,0.0006433393835274,0.1666567055,1.0,10,0.4045454545454545,22266.803903275497,0.0386026701774338,20825.59958884821,0,True,False
ergun_full_phi0.405_d10_Re7.1e-02,,,0.0014782762619482,0.0012035720278471,0.1666567055,1.0,10,0.4045454545454545,10204.962932082104,0.0722186379621635,11139.130642601896,0,True,False
ergun_full_phi0.405_d10_Re1.3e-01,,,0.0027942462317406,0.0021967165799727,0.1666567055,1.0,10,0.4045454545454545,5790.507361429865,0.1318108727387968,6110.199901167404,0,True,False
ergun_full_phi0.405_d10_Re2.3e-01,,,0.0053011038983267,0.003812474158589,0.1666567055,1.0,10,0.4045454545454545,3647.140540107354,0.2287621219410854,3527.3178836411867,0,True,False
ergun_full_phi0.405_d10_Re4.1e-01,,,0.0097593662580593,0.0068381296667654,0.1666567055,1.0,10,0.4045454545454545,2087.1177585761425,0.4103123031413485,1973.555717448644,0,True,False
ergun_full_phi0.405_d10_Re7.5e-01,,,0.0159584219934398,0.0127081284942095,0.1666567055,1.0,10,0.4045454545454545,988.158817449444,0.762533283979358,1069.2226966790345,0,True,False
ergun_full_phi0.468_d6_Re1.0e-06,,,4.841713481376405e-08,2.573364896402859e-08,0.1666567055,1.0,6,0.4681818181818181,438679753.9043598,9.264667348423704e-07,446215002.2511569,0,True,False
ergun_full_phi0.468_d6_Re1.8e-06,,,9.614527125785085e-08,5.115494133463904e-08,0.1666567055,1.0,6,0.4681818181818181,220446900.7851372,1.8416879602113235e-06,224469819.7549065,0,True,False
ergun_full_phi0.468_d6_Re3.2e-06,,,1.6726378895204715e-07,8.598360128519675e-08,0.1666567055,1.0,6,0.4681818181818181,135744398.99973887,3.095594660673168e-06,133545706.45084108,0,True,False
ergun_full_phi0.468_d6_Re5.8e-06,,,3.090554177795837e-07,1.636875418300741e-07,0.1666567055,1.0,6,0.4681818181818181,69208009.41795175,5.893103719012642e-06,70150369.13092336,0,True,False
ergun_full_phi0.468_d6_Re1.1e-05,,,5.195749117345696e-07,2.817327610300544e-07,0.1666567055,1.0,6,0.4681818181818181,39275771.073238455,1.0142985612903085e-05,40757569.372047074,0,True,False
ergun_full_phi0.468_d6_Re1.9e-05,,,9.529319975414264e-07,5.202108488524061e-07,0.1666567055,1.0,6,0.4681818181818181,21127803.55734272,1.872870991749226e-05,22073251.144494057,0,True,False
ergun_full_phi0.468_d6_Re3.4e-05,,,1.6434575320575626e-06,8.924188802683998e-07,0.1666567055,1.0,6,0.4681818181818181,12381470.77748964,3.212899994360202e-05,12866993.677785832,0,True,False
ergun_full_phi0.468_d6_Re6.1e-05,,,3.16946037878783e-06,1.6986391641108098e-06,0.1666567055,1.0,6,0.4681818181818181,6590742.003310181,6.115466493884855e-05,6759973.30365481,0,True,False
ergun_full_phi0.468_d6_Re1.1e-04,,,5.874244875076848e-06,3.0566105478644157e-06,0.1666567055,1.0,6,0.4681818181818181,3772446.4366400857,0.0001100445567561,3756699.6310163466,0,True,False
ergun_full_phi0.468_d6_Re2.0e-04,,,1.2105336687328135e-05,5.665330052264495e-06,0.1666567055,1.0,6,0.4681818181818181,2262964.239482599,0.0002039640722022,2026853.028820808,0,True,False
ergun_full_phi0.468_d6_Re3.6e-04,,,1.8105078473392823e-05,1.0148392523991524e-05,0.1666567055,1.0,6,0.4681818181818181,1054768.4930021234,0.0003653639675719,1131492.697516408,0,True,False
ergun_full_phi0.468_d6_Re6.4e-04,,,3.1435039171778674e-05,1.650309061883478e-05,0.1666567055,1.0,6,0.4681818181818181,692523.7745602858,0.0005941467726482,695802.3759403508,0,True,False
ergun_full_phi0.468_d6_Re1.2e-03,,,5.822466776094449e-05,3.224270259043089e-05,0.1666567055,1.0,6,0.4681818181818181,336043.4190901277,0.0011608066711878,356143.6071522179,0,True,False
ergun_full_phi0.468_d6_Re2.1e-03,,,0.0001075536535478,5.8393531325583934e-05,0.1666567055,1.0,6,0.4681818181818181,189254.815388926,0.0021022927754533,196653.1104574892,0,True,False
ergun_full_phi0.468_d6_Re3.8e-03,,,0.0001987228853262,0.000105532431461,0.1666567055,1.0,6,0.4681818181818181,107060.0016766246,0.0037993946110162,108816.75810642749,0,True,False
ergun_full_phi0.468_d6_Re6.8e-03,,,0.0003332296803167,0.0001899491044431,0.1666567055,1.0,6,0.4681818181818181,55414.11813489195,0.0068385764811545,60460.7359006845,0,True,False
ergun_full_phi0.468_d6_Re1.2e-02,,,0.0006336466456293,0.0003334764830397,0.1666567055,1.0,6,0.4681818181818181,34187.548933334685,0.01200587094432,34442.50154614417,0,True,False
ergun_full_phi0.468_d6_Re2.2e-02,,,0.0012260303332904,0.000582817544713,0.1666567055,1.0,6,0.4681818181818181,21656.44823349424,0.0209826856818464,19711.18689134625,0,True,False
ergun_full_phi0.468_d6_Re3.9e-02,,,0.0022121628593518,0.0010773841337672,0.1666567055,1.0,6,0.4681818181818181,11434.763739264085,0.0387881470668051,10667.050305424613,0,True,False
ergun_full_phi0.468_d6_Re7.1e-02,,,0.0036613611951093,0.0019323232021038,0.1666567055,1.0,6,0.4681818181818181,5883.480081234242,0.0695677931340301,5951.522059480172,0,True,False
ergun_full_phi0.468_d6_Re1.3e-01,,,0.0071652364777579,0.0036768793770185,0.1666567055,1.0,6,0.4681818181818181,3179.969928902944,0.1323755692633161,3132.0269981054416,0,True,False
ergun_full_phi0.468_d6_Re2.3e-01,,,0.0125240072779098,0.0064250411569241,0.1666567055,1.0,6,0.4681818181818181,1820.299013623248,0.2313153066712047,1796.254400770708,0,True,False
ergun_full_phi0.468_d6_Re4.1e-01,,,0.0208976898953293,0.0110380758422574,0.1666567055,1.0,6,0.4681818181818181,1029.11233372381,0.397394481397239,1049.353533765672,0,True,False
ergun_full_phi0.468_d6_Re7.5e-01,,,0.0394982074860951,0.0201164154130777,0.1666567055,1.0,6,0.4681818181818181,585.635569481999,0.7242342401786299,579.883382356967,0,True,False
ergun_full_phi0.468_d10_Re1.0e-06,,,1.05953839591571e-08,1.609320838658017e-08,0.1666567055,1.0,10,0.4681818181818181,409101837.0529344,9.656502172113422e-07,428108800.8476949,0,True,False
ergun_full_phi0.468_d10_Re1.8e-06,,,1.7855389921244536e-08,3.040899118117053e-08,0.1666567055,1.0,10,0.4681818181818181,193092459.03550884,1.824648524638604e-06,226566025.5860877,0,True,False
ergun_full_phi0.468_d10_Re3.2e-06,,,3.747100054839563e-08,5.226666152252698e-08,0.1666567055,1.0,10,0.4681818181818181,137165777.0030707,3.136187131847927e-06,131817190.3758794,0,True,False
ergun_full_phi0.468_d10_Re5.8e-06,,,6.067557570113442e-08,9.552910346437215e-08,0.1666567055,1.0,10,0.4681818181818181,66487882.50331815,5.732088797613496e-06,72120899.44025862,0,True,False
ergun_full_phi0.468_d10_Re1.1e-05,,,1.190569583850727e-07,1.8543310793908066e-07,0.1666567055,1.0,10,0.4681818181818181,34624238.33229071,1.112665148292402e-05,37154345.07073835,0,True,False
ergun_full_phi0.468_d10_Re1.9e-05,,,2.0975044516761454e-07,3.101699313842526e-07,0.1666567055,1.0,10,0.4681818181818181,21802359.8426628,1.8611308225113847e-05,22212491.005797785,0,True,False
ergun_full_phi0.468_d10_Re3.4e-05,,,3.845867908155773e-07,5.686184674922419e-07,0.1666567055,1.0,10,0.4681818181818181,11894671.231383769,3.411914724860812e-05,12116470.971100962,0,True,False
ergun_full_phi0.468_d10_Re6.1e-05,,,7.03797625316606e-07,1.0185959716903096e-06,0.1666567055,1.0,10,0.4681818181818181,6783344.730471489,6.111941122526927e-05,6763872.455138088,0,True,False
ergun_full_phi0.468_d10_Re1.1e-04,,,1.2690242945153836e-06,1.833355522171305e-06,0.1666567055,1.0,10,0.4681818181818181,3775518.0805226304,0.0001100079061728,3757951.2219728734,0,True,False
ergun_full_phi0.468_d10_Re2.0e-04,,,2.170084500063224e-06,3.0810624691712787e-06,0.1666567055,1.0,10,0.4681818181818181,2285996.9013017425,0.0001848747975623,2236135.102484568,0,True,False
ergun_full_phi0.468_d10_Re3.6e-04,,,3.530756642646136e-06,5.711048494209476e-06,0.1666567055,1.0,10,0.4681818181818181,1082520.399258218,0.0003426833908107,1206380.1941957658,0,True,False
ergun_full_phi0.468_d10_Re6.4e-04,,,7.221365810219312e-06,1.1177142396366725e-05,0.1666567055,1.0,10,0.4681818181818181,578039.8474310059,0.0006706686276338,616413.8488157004,0,True,False
ergun_full_phi0.468_d10_Re1.2e-03,,,1.2865538883227573e-05,1.940868289268189e-05,0.1666567055,1.0,10,0.4681818181818181,341535.5007395539,0.0011645905776459,354986.47965617804,0,True,False
ergun_full_phi0.468_d10_Re2.1e-03,,,2.4035368314543865e-05,3.4051175146139294e-05,0.1666567055,1.0,10,0.4681818181818181,207293.92394324337,0.0020431926242619,202341.1167889775,0,True,False
ergun_full_phi0.468_d10_Re3.8e-03,,,4.25556945816676e-05,6.0622484060588335e-05,0.1666567055,1.0,10,0.4681818181818181,115795.1120553038,0.0036375664500693,113657.39771336636,0,True,False
ergun_full_phi0.468_d10_Re6.8e-03,,,8.31988968005757e-05,0.0001139121386589,0.1666567055,1.0,10,0.4681818181818181,64117.64407679479,0.0068351368351615,60491.15699377589,0,True,False
ergun_full_phi0.468_d10_Re1.2e-02,,,0.0001457425804719,0.0002007006176183,0.1666567055,1.0,10,0.4681818181818181,36181.70570484652,0.0120427568165454,34337.0350641819,0,True,False
ergun_full_phi0.468_d10_Re2.2e-02,,,0.0002867726672419,0.0003842969792836,0.1666567055,1.0,10,0.4681818181818181,19417.969479674743,0.0230591969360442,17936.985052288073,0,True,False
ergun_full_phi0.468_d10_Re3.9e-02,,,0.0004715586921907,0.0006686569651701,0.1666567055,1.0,10,0.4681818181818181,10547.001525881797,0.0401218158707765,10312.773787223765,0,True,False
ergun_full_phi0.468_d10_Re7.1e-02,,,0.0009940664467361,0.0012882842553268,0.1666567055,1.0,10,0.4681818181818181,5989.519963898771,0.0773016754088447,5356.991185034107,0,True,False
ergun_full_phi0.468_d10_Re1.3e-01,,,0.0015054218244848,0.0020807391630023,0.1666567055,1.0,10,0.4681818181818181,3477.145988805328,0.1248518117983739,3320.221133984793,0,True,False
ergun_full_phi0.468_d10_Re2.3e-01,,,0.0027124338400963,0.0039027231739168,0.1666567055,1.0,10,0.4681818181818181,1780.8349056002987,0.2341773865148689,1774.4116964157918,0,True,False
ergun_full_phi0.468_d10_Re4.1e-01,,,0.004938273509007,0.0069317285871492,0.1666567055,1.0,10,0.4681818181818181,1027.760780395024,0.415928574032039,1002.9976644714976,0,True,False
ergun_full_phi0.468_d10_Re7.5e-01,,,0.0090482755630129,0.0127754411674059,0.1666567055,1.0,10,0.4681818181818181,554.3882356689645,0.7665722857701635,548.3571096387652,0,True,False
ergun_full_phi0.532_d6_Re1.0e-06,,,2.6421054009885546e-08,2.6921686436662343e-08,0.1666567055,1.0,6,0.5318181818181817,218724214.7371604,9.692386402056534e-07,225527805.95765775,0,True,False
ergun_full_phi0.532_d6_Re1.8e-06,,,5.1079031498363015e-08,5.071941902133882e-08,0.1666567055,1.0,6,0.5318181818181817,119136644.54474306,1.8260082198014704e-06,119709356.32787862,0,True,False
ergun_full_phi0.532_d6_Re3.2e-06,,,7.892850653987148e-08,8.84367788411507e-08,0.1666567055,1.0,6,0.5318181818181817,60550718.95753956,3.183914331289263e-06,68654572.1065136,0,True,False
ergun_full_phi0.532_d6_Re5.8e-06,,,1.7004146782952237e-07,1.6533856168760384e-07,0.1666567055,1.0,6,0.5318181818181817,37321387.83008635,5.952543986450176e-06,36722163.09815809,0,True,False
ergun_full_phi0.532_d6_Re1.1e-05,,,2.88686849760579e-07,2.7684704430975176e-07,0.1666567055,1.0,6,0.5318181818181817,22599481.190947656,9.967089298177147e-06,21931208.44486413,0,True,False
ergun_full_phi0.532_d6_Re1.9e-05,,,5.386246985580824e-07,5.249043158508675e-07,0.1666567055,1.0,6,0.5318181818181817,11729438.62633154,1.889768482856038e-05,11567044.514475545,0,True,False
ergun_full_phi0.532_d6_Re3.4e-05,,,9.483884104458876e-07,9.725259565879668e-07,0.1666567055,1.0,6,0.5318181818181817,6016377.600896468,3.5013027060755145e-05,6243117.712575996,0,True,False
ergun_full_phi0.532_d6_Re6.1e-05,,,1.820555704598272e-06,1.7386112863264508e-06,0.1666567055,1.0,6,0.5318181818181817,3613684.501526557,6.259374734824999e-05,3492211.4253982417,0,True,False
ergun_full_phi0.532_d6_Re1.1e-04,,,3.442096495824645e-06,3.1343420990715685e-06,0.1666567055,1.0,6,0.5318181818181817,2102236.1485164883,0.0001128430598577,1937122.8823041124,0,True,False
ergun_full_phi0.532_d6_Re2.0e-04,,,5.534592448186491e-06,5.6250505499483066e-06,0.1666567055,1.0,6,0.5318181818181817,1049503.8529524975,0.0002025139234478,1079389.2986797488,0,True,False
ergun_full_phi0.532_d6_Re3.6e-04,,,1.0032382364260717e-05,1.0478373729047367e-05,0.1666567055,1.0,6,0.5318181818181817,548236.0098721312,0.0003772440009879,579445.4331889544,0,True,False
ergun_full_phi0.532_d6_Re6.4e-04,,,1.6996840563037944e-05,1.7625986419338523e-05,0.1666567055,1.0,6,0.5318181818181817,328255.9361938109,0.0006345734376468,344473.47193215985,0,True,False
ergun_full_phi0.532_d6_Re1.2e-03,,,3.426306115615004e-05,3.207469060046254e-05,0.1666567055,1.0,6,0.5318181818181817,199826.2140766748,0.0011547578780307,189300.76417108416,0,True,False
ergun_full_phi0.532_d6_Re2.1e-03,,,6.236900661200566e-05,6.02183867435858e-05,0.1666567055,1.0,6,0.5318181818181817,103195.75770093862,0.0021679914971168,100831.60759170156,0,True,False
ergun_full_phi0.532_d6_Re3.8e-03,,,0.0001007788121893,0.0001023764278162,0.1666567055,1.0,6,0.5318181818181817,57692.65720213311,0.0036857716889023,59311.95793119518,0,True,False
ergun_full_phi0.532_d6_Re6.8e-03,,,0.0001956651208831,0.0001843316172439,0.1666567055,1.0,6,0.5318181818181817,34551.348265166795,0.0066363348546058,32943.848083854326,0,True,False
ergun_full_phi0.532_d6_Re1.2e-02,,,0.0003475513013007,0.0003288264729341,0.1666567055,1.0,6,0.5318181818181817,19285.75392013517,0.0118384605749042,18469.862888784686,0,True,False
ergun_full_phi0.532_d6_Re2.2e-02,,,0.0006205778190421,0.0006076764572499,0.1666567055,1.0,6,0.5318181818181817,10083.29972899448,0.0218776600231054,9996.929636701452,0,True,False
ergun_full_phi0.532_d6_Re3.9e-02,,,0.0011334117344681,0.0011458087947759,0.1666567055,1.0,6,0.5318181818181817,5179.819810286425,0.0412515820952407,5304.4016225574605,0,True,False
ergun_full_phi0.532_d6_Re7.1e-02,,,0.0019576611460796,0.0020719809519709,0.1666567055,1.0,6,0.5318181818181817,2736.0073181843723,0.0745957726364957,2935.777450087623,0,True,False
ergun_full_phi0.532_d6_Re1.3e-01,,,0.0032473739470606,0.0034618545025735,0.1666567055,1.0,6,0.5318181818181817,1625.795549476252,0.1246342111055412,1759.3014644113573,0,True,False
ergun_full_phi0.532_d6_Re2.3e-01,,,0.0065445414149227,0.0062466039587896,0.1666567055,1.0,6,0.5318181818181817,1006.3348817280448,0.2248911835877972,977.429410399518,0,True,False
ergun_full_phi0.532_d6_Re4.1e-01,,,0.0122088315439079,0.0117572179339888,0.1666567055,1.0,6,0.5318181818181817,529.9272042364063,0.4232851441068078,521.8607978017051,0,True,False
ergun_full_phi0.532_d6_Re7.5e-01,,,0.0202871097979128,0.0208685303102294,0.1666567055,1.0,6,0.5318181818181817,279.5037899803878,0.7513119948322553,296.3917921381386,0,True,False
ergun_full_phi0.532_d10_Re1.0e-06,,,6.024497860117012e-09,1.719135408043837e-08,0.1666567055,1.0,10,0.5318181818181817,203845291.2217072,1.03154289705063e-06,211906131.0385928,0,True,False
ergun_full_phi0.532_d10_Re1.8e-06,,,1.1438872181530086e-08,3.1539713783686464e-08,0.1666567055,1.0,10,0.5318181818181817,114992022.2212088,1.892495935825784e-06,115503692.69809385,0,True,False
ergun_full_phi0.532_d10_Re3.2e-06,,,1.95350197010918e-08,5.522029719845351e-08,0.1666567055,1.0,10,0.5318181818181817,64064342.62526665,3.313415864833204e-06,65971277.27426651,0,True,False
ergun_full_phi0.532_d10_Re5.8e-06,,,3.5844954936608435e-08,9.452813047751561e-08,0.1666567055,1.0,10,0.5318181818181817,40114917.30197111,5.672026828678406e-06,38538303.18399933,0,True,False
ergun_full_phi0.532_d10_Re1.1e-05,,,5.99196530607504e-08,1.7103369958425266e-07,0.1666567055,1.0,10,0.5318181818181817,20483582.257056985,1.0262635341981644e-05,21299627.952536177,0,True,False
ergun_full_phi0.532_d10_Re1.9e-05,,,1.1125923506664615e-07,3.23680302644508e-07,0.1666567055,1.0,10,0.5318181818181817,10619486.734396392,1.9421978952086505e-05,11254793.604071498,0,True,False
ergun_full_phi0.532_d10_Re3.4e-05,,,2.034867529667201e-07,5.435587441861374e-07,0.1666567055,1.0,10,0.5318181818181817,6887207.513888063,3.2615473980201616e-05,6702046.902244945,0,True,False
ergun_full_phi0.532_d10_Re6.1e-05,,,3.377944953158216e-07,9.62768475939542e-07,0.1666567055,1.0,10,0.5318181818181817,3644255.7249012864,5.7769561269740925e-05,3783836.480074844,0,True,False
ergun_full_phi0.532_d10_Re1.1e-04,,,6.192326513833012e-07,1.818076030799384e-06,0.1666567055,1.0,10,0.5318181818181817,1873396.7640064529,0.0001090910818946,2003746.3111184973,0,True,False
ergun_full_phi0.532_d10_Re2.0e-04,,,1.2051795615150945e-06,3.199903170140573e-06,0.1666567055,1.0,10,0.5318181818181817,1177004.3951957196,0.000192005665811,1138462.7825466236,0,True,False
ergun_full_phi0.532_d10_Re3.6e-04,,,2.0880757003633114e-06,6.009309943723478e-06,0.1666567055,1.0,10,0.5318181818181817,578225.2209647724,0.000360580147417,606223.6769467383,0,True,False
ergun_full_phi0.532_d10_Re6.4e-04,,,4.28236217085998e-06,1.0895119811188328e-05,0.1666567055,1.0,10,0.5318181818181817,360760.8263724501,0.000653746261124,334371.0437777535,0,True,False
ergun_full_phi0.532_d10_Re1.2e-03,,,6.787971054117919e-06,1.8575656445526725e-05,0.1666567055,1.0,10,0.5318181818181817,196721.4157317752,0.0011146060033886,196119.8211467623,0,True,False
ergun_full_phi0.532_d10_Re2.1e-03,,,1.3850769472033948e-05,3.687441946707667e-05,0.1666567055,1.0,10,0.5318181818181817,101864.65476373032,0.0022125974083339,98798.95458958264,0,True,False
ergun_full_phi0.532_d10_Re3.8e-03,,,2.3122633719274488e-05,6.410447349876259e-05,0.1666567055,1.0,10,0.5318181818181817,56267.889313251966,0.0038464983035898,56833.82484309098,0,True,False
ergun_full_phi0.532_d10_Re6.8e-03,,,4.24195914701142e-05,0.0001099546217081,0.1666567055,1.0,10,0.5318181818181817,35086.45606684052,0.006597671625531,33136.87147392168,0,True,False
ergun_full_phi0.532_d10_Re1.2e-02,,,7.514766165652328e-05,0.0002067504433044,0.1666567055,1.0,10,0.5318181818181817,17580.149846156393,0.012405768053804,17625.49749831325,0,True,False
ergun_full_phi0.532_d10_Re2.2e-02,,,0.0001202046907985,0.0003599030624741,0.1666567055,1.0,10,0.5318181818181817,9280.050324589529,0.0215954744451694,10127.487188902964,0,True,False
ergun_full_phi0.532_d10_Re3.9e-02,,,0.0002325200580294,0.0006600833066154,0.1666567055,1.0,10,0.5318181818181817,5336.5787598791285,0.039607365610345,5524.376576504576,0,True,False
ergun_full_phi0.532_d10_Re7.1e-02,,,0.0004445869240651,0.001178063538745,0.1666567055,1.0,10,0.5318181818181817,3203.4596338321708,0.0706880371366159,3097.770292326776,0,True,False
ergun_full_phi0.532_d10_Re1.3e-01,,,0.0008267433141753,0.0021821743699254,0.1666567055,1.0,10,0.5318181818181817,1736.168171881147,0.1309382879841877,1674.861434690853,0,True,False
ergun_full_phi0.532_d10_Re2.3e-01,,,0.0015933626968062,0.0041011511893886,0.1666567055,1.0,10,0.5318181818181817,947.3339151972232,0.2460837790525414,893.722842687309,0,True,False
ergun_full_phi0.532_d10_Re4.1e-01,,,0.0023832380624414,0.0067471993201929,0.1666567055,1.0,10,0.5318181818181817,523.5044123861096,0.4048561562494689,545.3678685242983,0,True,False
ergun_full_phi0.532_d10_Re7.5e-01,,,0.0047875181804025,0.0133197571979425,0.1666567055,1.0,10,0.5318181818181817,269.84714007938675,0.7992331996471937,278.94704438563286,0,True,False
ergun_full_phi0.595_d6_Re1.0e-06,,,1.5720746356032982e-08,2.8661535688531652e-08,0.1666567055,1.0,6,0.5954545454545455,114822103.4702476,1.031876956977227e-06,112681382.0110502,0,True,False
ergun_full_phi0.595_d6_Re1.8e-06,,,2.5298436665331042e-08,4.812390858692657e-08,0.1666567055,1.0,6,0.5954545454545455,65542522.00180249,1.7325642592974415e-06,67110540.5200065,0,True,False
ergun_full_phi0.595_d6_Re3.2e-06,,,4.8699281900182986e-08,9.055142173144502e-08,0.1666567055,1.0,6,0.5954545454545455,35635533.15053883,3.2600460255028272e-06,35666161.80859434,0,True,False
ergun_full_phi0.595_d6_Re5.8e-06,,,8.640980438151606e-08,1.5236444050519944e-07,0.1666567055,1.0,6,0.5954545454545455,22332998.14557549,5.48544770694028e-06,21196690.356587645,0,True,False
ergun_full_phi0.595_d6_Re1.1e-05,,,1.7794911231941682e-07,3.0725779267726737e-07,0.1666567055,1.0,6,0.5954545454545455,11309444.241230074,1.1061941675449744e-05,10511116.27793339,0,True,False
ergun_full_phi0.595_d6_Re1.9e-05,,,2.802033013855783e-07,5.093376287473927e-07,0.1666567055,1.0,6,0.5954545454545455,6480566.539228928,1.833725059736259e-05,6340829.503778657,0,True,False
ergun_full_phi0.595_d6_Re3.4e-05,,,5.194929754871383e-07,8.869122309657607e-07,0.1666567055,1.0,6,0.5954545454545455,3962503.3436124646,3.193074871982612e-05,3641424.9539807914,0,True,False
ergun_full_phi0.595_d6_Re6.1e-05,,,8.821580787320864e-07,1.6055774110349266e-06,0.1666567055,1.0,6,0.5954545454545455,2053218.4932536543,5.780424158336408e-05,2011504.8439652745,0,True,False
ergun_full_phi0.595_d6_Re1.1e-04,,,1.8214375060778664e-06,3.172282035104251e-06,0.1666567055,1.0,6,0.5954545454545455,1085980.2870813855,0.0001142089791918,1018078.4550030296,0,True,False
ergun_full_phi0.595_d6_Re2.0e-04,,,2.7929984210328614e-06,5.572183594567142e-06,0.1666567055,1.0,6,0.5954545454545455,539723.2240527782,0.0002006105992981,579600.4359283751,0,True,False
ergun_full_phi0.595_d6_Re3.6e-04,,,5.256820985626881e-06,9.897940269712084e-06,0.1666567055,1.0,6,0.5954545454545455,321947.2953258883,0.0003563471475096,326295.6188467387,0,True,False
ergun_full_phi0.595_d6_Re6.4e-04,,,1.021971085290814e-05,1.807097024382844e-05,0.1666567055,1.0,6,0.5954545454545455,187770.30740295848,0.0006505938128182,178722.11109004737,0,True,False
ergun_full_phi0.595_d6_Re1.2e-03,,,1.9643208415208423e-05,3.2819121391521704e-05,0.1666567055,1.0,6,0.5954545454545455,109423.29149671414,0.0011815589883308,98410.05084814616,0,True,False
ergun_full_phi0.595_d6_Re2.1e-03,,,3.119012618915504e-05,5.907900879957231e-05,0.1666567055,1.0,6,0.5954545454545455,53616.9347022917,0.0021269714394866,54669.4930268308,0,True,False
ergun_full_phi0.595_d6_Re3.8e-03,,,5.802246781517352e-05,0.0001094904802883,0.1666567055,1.0,6,0.5954545454545455,29039.873820600777,0.0039418928854935,29500.176552953737,0,True,False
ergun_full_phi0.595_d6_Re6.8e-03,,,0.0001028353368871,0.0001892915071166,0.1666567055,1.0,6,0.5954545454545455,17219.92943499903,0.0068149015624198,17064.98161184008,0,True,False
ergun_full_phi0.595_d6_Re1.2e-02,,,0.0001722080412294,0.0003154276738489,0.1666567055,1.0,6,0.5954545454545455,10384.966283285075,0.0113560749770958,10242.218156275125,0,True,False
ergun_full_phi0.595_d6_Re2.2e-02,,,0.0003270328584435,0.0006135756825,0.1666567055,1.0,6,0.5954545454545455,5212.023467249385,0.0220900448257105,5266.960360927961,0,True,False
ergun_full_phi0.595_d6_Re3.9e-02,,,0.0005510318392019,0.0010903738268453,0.1666567055,1.0,6,0.5954545454545455,2780.847080264672,0.03925580396807,2965.29274488911,0,True,False
ergun_full_phi0.595_d6_Re7.1e-02,,,0.001149041937182,0.0019761038876621,0.1666567055,1.0,6,0.5954545454545455,1765.4994430772028,0.071143992018807,1637.691038767327,0,True,False
ergun_full_phi0.595_d6_Re1.3e-01,,,0.0018577879788849,0.0035297577857717,0.1666567055,1.0,6,0.5954545454545455,894.6591110541821,0.1270788754109301,918.3228817242734,0,True,False
ergun_full_phi0.595_d6_Re2.3e-01,,,0.0037590301674202,0.006272716655241,0.1666567055,1.0,6,0.5954545454545455,573.2125898348671,0.2258312968477962,518.2212447169277,0,True,False
ergun_full_phi0.595_d6_Re4.1e-01,,,0.0062709638515184,0.011041690649091,0.1666567055,1.0,6,0.5954545454545455,308.61312817833937,0.3975246222213731,295.8465748513848,0,True,False
ergun_full_phi0.595_d6_Re7.5e-01,,,0.0125730920893212,0.0207712930736525,0.1666567055,1.0,6,0.5954545454545455,174.85025898174126,0.7478112450861782,158.8380490180057,0,True,False
ergun_full_phi0.595_d10_Re1.0e-06,,,3.338706079237795e-09,1.7097172412174077e-08,0.1666567055,1.0,10,0.5954545454545455,114216699.27219015,1.0258916591972398e-06,113338792.17661726,0,True,False
ergun_full_phi0.595_d10_Re1.8e-06,,,5.344873517099809e-09,2.917705712962337e-08,0.1666567055,1.0,10,0.5954545454545455,62784792.153966665,1.7507280635415756e-06,66414268.674480334,0,True,False
ergun_full_phi0.595_d10_Re3.2e-06,,,1.0615906432928633e-08,5.390474660732021e-08,0.1666567055,1.0,10,0.5954545454545455,36534491.26971578,3.2344781114925022e-06,35948095.78404033,0,True,False
ergun_full_phi0.595_d10_Re5.8e-06,,,1.9889284679807304e-08,9.870427944755405e-08,0.1666567055,1.0,10,0.5954545454545455,20414897.27915892,5.922610743529551e-06,19632108.712224714,0,True,False
ergun_full_phi0.595_d10_Re1.1e-05,,,3.0972986779635585e-08,1.802445909333535e-07,0.1666567055,1.0,10,0.5954545454545455,9533636.871559083,1.0815321855342536e-05,10750799.277042996,0,True,False
ergun_full_phi0.595_d10_Re1.9e-05,,,5.9531575182435465e-08,3.237347441045841e-07,0.1666567055,1.0,10,0.5954545454545455,5680267.008752192,1.9425245634930908e-05,5985684.06492218,0,True,False
ergun_full_phi0.595_d10_Re3.4e-05,,,1.155755952927369e-07,5.864793173842482e-07,0.1666567055,1.0,10,0.5954545454545455,3360166.0303629423,3.5190862295321694e-05,3304080.3360745497,0,True,False
ergun_full_phi0.595_d10_Re6.1e-05,,,1.9625913554482186e-07,1.0405723804760006e-06,0.1666567055,1.0,10,0.5954545454545455,1812530.372663969,6.243807456496255e-05,1862221.5418233704,0,True,False
ergun_full_phi0.595_d10_Re1.1e-04,,,3.272026759993424e-07,1.85378174487592e-06,0.1666567055,1.0,10,0.5954545454545455,952137.4438515668,0.0001112335527883,1045311.3129197586,0,True,False
ergun_full_phi0.595_d10_Re2.0e-04,,,6.517578581704229e-07,3.4195182006930644e-06,0.1666567055,1.0,10,0.5954545454545455,557386.4884525831,0.0002051833552351,566683.4232490824,0,True,False
ergun_full_phi0.595_d10_Re3.6e-04,,,1.126259341940085e-06,5.511649389518871e-06,0.1666567055,1.0,10,0.5954545454545455,370744.9464797559,0.0003307187294374,351581.01653775893,0,True,False
ergun_full_phi0.595_d10_Re6.4e-04,,,2.091540412369647e-06,1.1276643165291438e-05,0.1666567055,1.0,10,0.5954545454545455,164477.53339661058,0.0006766390306024,171842.86120815974,0,True,False
ergun_full_phi0.595_d10_Re1.2e-03,,,3.736714751804113e-06,2.0019479231212323e-05,0.1666567055,1.0,10,0.5954545454545455,93236.1634726103,0.0012012405484165,96797.71988317408,0,True,False
ergun_full_phi0.595_d10_Re2.1e-03,,,6.180125972128811e-06,3.246695854220801e-05,0.1666567055,1.0,10,0.5954545454545455,58629.21976939182,0.001948133946654,59687.81089257879,0,True,False
ergun_full_phi0.595_d10_Re3.8e-03,,,1.2325098931247564e-05,6.317424426892296e-05,0.1666567055,1.0,10,0.5954545454545455,30882.347345677197,0.0037906812137794,30676.81571563405,0,True,False
ergun_full_phi0.595_d10_Re6.8e-03,,,2.2222057981932926e-05,0.0001129691307198,0.1666567055,1.0,10,0.5954545454545455,17412.643260156023,0.0067785529769682,17156.47105809182,0,True,False
ergun_full_phi0.595_d10_Re1.2e-02,,,3.913051965099023e-05,0.0002040565986327,0.1666567055,1.0,10,0.5954545454545455,9397.543157997889,0.0122441277127489,9499.60486056124,0,True,False
ergun_full_phi0.595_d10_Re2.2e-02,,,6.858251100862631e-05,0.0003584371585925,0.1666567055,1.0,10,0.5954545454545455,5338.107679152749,0.0215075149551997,5409.524874026553,0,True,False
ergun_full_phi0.595_d10_Re3.9e-02,,,0.000124222098647,0.0006501081185846,0.1666567055,1.0,10,0.5954545454545455,2939.190146060768,0.0390088185551361,2984.046346985708,0,True,False
ergun_full_phi0.595_d10_Re7.1e-02,,,0.0002162201001652,0.0011442381526686,0.1666567055,1.0,10,0.5954545454545455,1651.4415806748782,0.0686583926662733,1696.8580089615646,0,True,False
ergun_full_phi0.595_d10_Re1.3e-01,,,0.0004215993988445,0.0021344062428325,0.1666567055,1.0,10,0.5954545454545455,925.4347814945012,0.1280720290509161,911.2276129442027,0,True,False
ergun_full_phi0.595_d10_Re2.3e-01,,,0.0007393854783912,0.0038255219435812,0.1666567055,1.0,10,0.5954545454545455,505.23045512803554,0.2295450358330298,509.8913519754107,0,True,False
ergun_full_phi0.595_d10_Re4.1e-01,,,0.0014322989824145,0.0070114417105015,0.1666567055,1.0,10,0.5954545454545455,291.35268691839013,0.4207116473031163,279.72614830884817,0,True,False
ergun_full_phi0.595_d10_Re7.5e-01,,,0.0023001286415758,0.012677215298237,0.1666567055,1.0,10,0.5954545454545455,143.12134002354009,0.7606783813590402,156.20796936476142,0,True,False
ergun_full_phi0.659_d6_Re1.0e-06,,,8.380378118008153e-09,2.7743100739497434e-08,0.1666567055,1.0,6,0.6590909090909091,65328827.97415794,9.98811322578224e-07,60960569.82759203,0,True,False
ergun_full_phi0.659_d6_Re1.8e-06,,,1.3653461597190264e-08,4.984111451744885e-08,0.1666567055,1.0,6,0.6590909090909091,32977561.059257187,1.7943873677779682e-06,33932533.25661852,0,True,False
ergun_full_phi0.659_d6_Re3.2e-06,,,2.6232533039743167e-08,9.064503670754657e-08,0.1666567055,1.0,6,0.6590909090909091,19155937.90388796,3.263416366077627e-06,18657782.29414813,0,True,False
ergun_full_phi0.659_d6_Re5.8e-06,,,4.71184241501742e-08,1.6482463043642454e-07,0.1666567055,1.0,6,0.6590909090909091,10406334.611502102,5.934041355560981e-06,10260817.88277859,0,True,False
ergun_full_phi0.659_d6_Re1.1e-05,,,8.816769752264643e-08,2.983465023286453e-07,0.1666567055,1.0,6,0.6590909090909091,5943179.513898854,1.0741116048114075e-05,5668696.567672443,0,True,False
ergun_full_phi0.659_d6_Re1.9e-05,,,1.404984018877467e-07,5.079791563097097e-07,0.1666567055,1.0,6,0.6590909090909091,3266862.456103622,1.8288342666525697e-05,3329341.784081804,0,True,False
ergun_full_phi0.659_d6_Re3.4e-05,,,2.802728435138378e-07,9.703256233164053e-07,0.1666567055,1.0,6,0.6590909090909091,1786065.0419028525,3.493381032843249e-05,1742958.3979939236,0,True,False
ergun_full_phi0.659_d6_Re6.1e-05,,,4.995954939999711e-07,1.71380793976211e-06,0.1666567055,1.0,6,0.6590909090909091,1020576.2605364496,6.170077350156583e-05,986830.9650825916,0,True,False
ergun_full_phi0.659_d6_Re1.1e-04,,,8.512406800601727e-07,3.152319197685601e-06,0.1666567055,1.0,6,0.6590909090909091,513976.4810819056,0.0001134902740898,536507.1347682811,0,True,False
ergun_full_phi0.659_d6_Re2.0e-04,,,1.4143664567603957e-06,5.315672630650807e-06,0.1666567055,1.0,6,0.6590909090909091,300328.6368303682,0.000191375652652,318162.2281834663,0,True,False
ergun_full_phi0.659_d6_Re3.6e-04,,,2.806991160092831e-06,1.0497343021759929e-05,0.1666567055,1.0,6,0.6590909090909091,152838.76422923684,0.0003779269363425,161112.8684790657,0,True,False
ergun_full_phi0.659_d6_Re6.4e-04,,,4.956332354671212e-06,1.7747034088272737e-05,0.1666567055,1.0,6,0.6590909090909091,94419.15390612753,0.0006389314141916,95298.8619734362,0,True,False
ergun_full_phi0.659_d6_Re1.2e-03,,,8.575475016132979e-06,3.31844666109096e-05,0.1666567055,1.0,6,0.6590909090909091,46723.97184231977,0.0011947122023569,50966.74716006534,0,True,False
ergun_full_phi0.659_d6_Re2.1e-03,,,1.7328567899444885e-05,5.78507320756753e-05,0.1666567055,1.0,6,0.6590909090909091,31066.77732193536,0.0020827508344934,29236.54820707728,0,True,False
ergun_full_phi0.659_d6_Re3.8e-03,,,3.102158648209121e-05,0.0001078115950846,0.1666567055,1.0,6,0.6590909090909091,16013.42801097165,0.0038814494056328,15689.034380581626,0,True,False
ergun_full_phi0.659_d6_Re6.8e-03,,,5.732961769627874e-05,0.0001862340311108,0.1666567055,1.0,6,0.6590909090909091,9917.7283437708,0.0067048258473165,9083.31964200064,0,True,False
ergun_full_phi0.659_d6_Re1.2e-02,,,9.517456473337432e-05,0.000321361911504,0.1666567055,1.0,6,0.6590909090909091,5529.467957734899,0.0115697203016198,5264.795676605201,0,True,False
ergun_full_phi0.659_d6_Re2.2e-02,,,0.0001794466434218,0.0006176152905723,0.1666567055,1.0,6,0.6590909090909091,2822.607626423357,0.0222354794085014,2740.414849011213,0,True,False
ergun_full_phi0.659_d6_Re3.9e-02,,,0.000314758735644,0.0011037720742065,0.1666567055,1.0,6,0.6590909090909091,1550.1375562814114,0.0397381697026253,1534.3159792655104,0,True,False
ergun_full_phi0.659_d6_Re7.1e-02,,,0.0005407050664252,0.0020270406332651,0.1666567055,1.0,6,0.6590909090909091,789.5629852207115,0.0729778244631818,836.4208107372358,0,True,False
ergun_full_phi0.659_d6_Re1.3e-01,,,0.0009754814757562,0.0034183253976136,0.1666567055,1.0,6,0.6590909090909091,500.8912827070527,0.1230670696636436,496.8391913979908,0,True,False
ergun_full_phi0.659_d6_Re2.3e-01,,,0.0018326090502696,0.0063981310849882,0.1666567055,1.0,6,0.6590909090909091,268.605443675998,0.2303464861780172,266.4164117980239,0,True,False
ergun_full_phi0.659_d6_Re4.1e-01,,,0.0033519236813327,0.0120618606457657,0.1666567055,1.0,6,0.6590909090909091,138.23459959610128,0.4342529372428661,142.29718269466926,0,True,False
ergun_full_phi0.659_d6_Re7.5e-01,,,0.0062428978124381,0.0211738959830814,0.1666567055,1.0,6,0.6590909090909091,83.54797459877312,0.7623058161226426,81.95732031274098,0,True,False
ergun_full_phi0.659_d10_Re1.0e-06,,,1.8094600197528163e-09,1.7159850273913178e-08,0.1666567055,1.0,10,0.6590909090909091,61450016.44729324,1.0296525556790858e-06,59134614.97575422,0,True,False
ergun_full_phi0.659_d10_Re1.8e-06,,,2.985620994861263e-09,3.0344268140125855e-08,0.1666567055,1.0,10,0.6590909090909091,32425101.27678193,1.8207649100639304e-06,33440950.421879426,0,True,False
ergun_full_phi0.659_d10_Re3.2e-06,,,5.660856906052164e-09,5.5283045153686654e-08,0.1666567055,1.0,10,0.6590909090909091,18522442.809684213,3.317180967176064e-06,18355378.499986243,0,True,False
ergun_full_phi0.659_d10_Re5.8e-06,,,9.372706576326157e-09,9.506853879252685e-08,0.1666567055,1.0,10,0.6590909090909091,10370301.511221984,5.704453265609937e-06,10673786.661898224,0,True,False
ergun_full_phi0.659_d10_Re1.1e-05,,,2.0208524759889962e-08,1.8159640067740708e-07,0.1666567055,1.0,10,0.6590909090909091,6128019.492659919,1.0896435287892276e-05,5587894.241542932,0,True,False
ergun_full_phi0.659_d10_Re1.9e-05,,,2.8362706273158523e-08,3.101107455779828e-07,0.1666567055,1.0,10,0.6590909090909091,2949266.6311414284,1.8607756864483484e-05,3272191.5118666785,0,True,False
ergun_full_phi0.659_d10_Re3.4e-05,,,5.599294595106691e-08,5.772868349361543e-07,0.1666567055,1.0,10,0.6590909090909091,1680157.5606082613,3.463928038203985e-05,1757778.3603067703,0,True,False
ergun_full_phi0.659_d10_Re6.1e-05,,,1.039424159031026e-07,1.0437594780321149e-06,0.1666567055,1.0,10,0.6590909090909091,954095.708478778,6.26293118480081e-05,972200.3004516308,0,True,False
ergun_full_phi0.659_d10_Re1.1e-04,,,2.0054849942260426e-07,1.965282800425044e-06,0.1666567055,1.0,10,0.6590909090909091,519241.3974491795,0.0001179240159901,516335.45977451664,0,True,False
ergun_full_phi0.659_d10_Re2.0e-04,,,3.2466236868853975e-07,3.3998380110978263e-06,0.1666567055,1.0,10,0.6590909090909091,280876.5633166801,0.0002040024732816,298469.5695066733,0,True,False
ergun_full_phi0.659_d10_Re3.6e-04,,,5.592178326203221e-07,5.473715239985549e-06,0.1666567055,1.0,10,0.6590909090909091,186645.10796036053,0.0003284425444246,185386.42667131775,0,True,False
ergun_full_phi0.659_d10_Re6.4e-04,,,1.1369791564689143e-06,1.080802907676704e-05,0.1666567055,1.0,10,0.6590909090909091,97332.86214629376,0.000648520504731,93889.79405953556,0,True,False
ergun_full_phi0.659_d10_Re1.2e-03,,,1.806164612567386e-06,1.898615673916658e-05,0.1666567055,1.0,10,0.6590909090909091,50105.24676929915,0.0011392374931572,53448.45084382911,0,True,False
ergun_full_phi0.659_d10_Re2.1e-03,,,3.45553448494219e-06,3.312219725539938e-05,0.1666567055,1.0,10,0.6590909090909091,31497.56297808417,0.0019874506192851,30638.369580391573,0,True,False
ergun_full_phi0.659_d10_Re3.8e-03,,,6.207840223609781e-06,6.390651580238973e-05,0.1666567055,1.0,10,0.6590909090909091,15200.233164473726,0.0038346201318848,15880.607073885712,0,True,False
ergun_full_phi0.659_d10_Re6.8e-03,,,1.0848560147419698e-05,0.0001108486353081,0.1666567055,1.0,10,0.6590909090909091,8828.997618581196,0.0066513156476704,9156.378683643674,0,True,False
ergun_full_phi0.659_d10_Re1.2e-02,,,1.9637518056618727e-05,0.000191530009755,0.1666567055,1.0,10,0.6590909090909091,5353.193424241575,0.011492487456803,5300.162625397046,0,True,False
ergun_full_phi0.659_d10_Re2.2e-02,,,3.759325379673604e-05,0.0003743440444576,0.1666567055,1.0,10,0.6590909090909091,2682.674988926052,0.0224619851529245,2712.8016293776527,0,True,False
ergun_full_phi0.659_d10_Re3.9e-02,,,6.333505363646832e-05,0.0006295559270767,0.1666567055,1.0,10,0.6590909090909091,1597.9953403401994,0.0377756133596898,1613.9200375327823,0,True,False
ergun_full_phi0.659_d10_Re7.1e-02,,,0.0001394332927029,0.0012321496542738,0.1666567055,1.0,10,0.6590909090909091,918.4162605021936,0.0739333980338335,825.6371799542087,0,True,False
ergun_full_phi0.659_d10_Re1.3e-01,,,0.0002103029559989,0.0021464056020796,0.1666567055,1.0,10,0.6590909090909091,456.48003835112,0.1287920336382528,474.84670371001584,0,True,False
ergun_full_phi0.659_d10_Re2.3e-01,,,0.0003417035512782,0.0036112303029297,0.1666567055,1.0,10,0.6590909090909091,262.0228223550435,0.2166867688939016,283.07968003398736,0,True,False
ergun_full_phi0.659_d10_Re4.1e-01,,,0.0007162055654556,0.0068815452156384,0.1666567055,1.0,10,0.6590909090909091,151.2396821346999,0.4129173917720591,149.54204724815386,0,True,False
ergun_full_phi0.659_d10_Re7.5e-01,,,0.0012858003683551,0.0125171926658034,0.1666567055,1.0,10,0.6590909090909091,82.06532086499111,0.7510764495343689,83.15151281975474,0,True,False
ergun_full_phi0.723_d6_Re1.0e-06,,,3.976512656168421e-09,2.75197383708799e-08,0.1666567055,1.0,6,0.7227272727272727,31503950.60707217,9.907697966901152e-07,30832553.678094797,0,True,False
ergun_full_phi0.723_d6_Re1.8e-06,,,6.688931296090013e-09,4.554201752699077e-08,0.1666567055,1.0,6,0.7227272727272727,19350110.676906183,1.6396106255799262e-06,18631230.66933454,0,True,False
ergun_full_phi0.723_d6_Re3.2e-06,,,1.2180525137131917e-08,9.092976889792989e-08,0.1666567055,1.0,6,0.7227272727272727,8839039.77380423,3.2736673376012427e-06,9331420.307291329,0,True,False
ergun_full_phi0.723_d6_Re5.8e-06,,,2.218100359208396e-08,1.584546238751433e-07,0.1666567055,1.0,6,0.7227272727272727,5300570.42148352,5.704707412753097e-06,5354870.423303068,0,True,False
ergun_full_phi0.723_d6_Re1.1e-05,,,4.099355201574961e-08,2.95348461805635e-07,0.1666567055,1.0,6,0.7227272727272727,2819664.096776383,1.0633180138280184e-05,2872891.7347119683,0,True,False
ergun_full_phi0.723_d6_Re1.9e-05,,,7.851375925654347e-08,5.43841039014256e-07,0.1666567055,1.0,6,0.7227272727272727,1592770.00483806,1.9579447609358483e-05,1560206.7760821194,0,True,False
ergun_full_phi0.723_d6_Re3.4e-05,,,1.2752927112444164e-07,9.23290414868987e-07,0.1666567055,1.0,6,0.7227272727272727,897603.3690912954,3.3240441616757635e-05,919001.1595948034,0,True,False
ergun_full_phi0.723_d6_Re6.1e-05,,,2.512990105877946e-07,1.713447024889959e-06,0.1666567055,1.0,6,0.7227272727272727,513571.204870188,6.168777978957321e-05,495204.0916413845,0,True,False
ergun_full_phi0.723_d6_Re1.1e-04,,,4.4001745689736346e-07,3.1266879688563944e-06,0.1666567055,1.0,6,0.7227272727272727,270054.9063922003,0.0001125674947002,271375.9103879583,0,True,False
ergun_full_phi0.723_d6_Re2.0e-04,,,7.824430539660183e-07,5.539768654940263e-06,0.1666567055,1.0,6,0.7227272727272727,152975.0953736449,0.0001994435917229,153167.20761388005,0,True,False
ergun_full_phi0.723_d6_Re3.6e-04,,,1.3698272378221052e-06,1.0175894647211152e-05,0.1666567055,1.0,6,0.7227272727272727,79372.82611899056,0.0003663541031852,83384.9881678608,0,True,False
ergun_full_phi0.723_d6_Re6.4e-04,,,2.3459923817521143e-06,1.819853875734073e-05,0.1666567055,1.0,6,0.7227272727272727,42501.5542350699,0.000655186553799,46626.115315418334,0,True,False
ergun_full_phi0.723_d6_Re1.2e-03,,,4.6715966319859e-06,3.261202472931091e-05,0.1666567055,1.0,6,0.7227272727272727,26354.88109156149,0.0011741030628729,26019.411554765888,0,True,False
ergun_full_phi0.723_d6_Re2.1e-03,,,7.362871326445246e-06,5.791827296577307e-05,0.1666567055,1.0,6,0.7227272727272727,13169.43837582582,0.0020851824518674,14651.303932854173,0,True,False
ergun_full_phi0.723_d6_Re3.8e-03,,,1.6167221347511395e-05,0.0001092829011151,0.1666567055,1.0,6,0.7227272727272727,8122.3594208194545,0.0039344195885998,7765.572046718362,0,True,False
ergun_full_phi0.723_d6_Re6.8e-03,,,2.718799182543081e-05,0.0001878409768749,0.1666567055,1.0,6,0.7227272727272727,4623.253475077245,0.0067626793525553,4518.424206135457,0,True,False
ergun_full_phi0.723_d6_Re1.2e-02,,,4.768495021508645e-05,0.000328502644777,0.1666567055,1.0,6,0.7227272727272727,2651.2754054027023,0.0118268020644539,2584.2288638580617,0,True,False
ergun_full_phi0.723_d6_Re2.2e-02,,,8.506738109589295e-05,0.0006374163381903,0.1666567055,1.0,6,0.7227272727272727,1256.226443267234,0.0229483597294682,1332.446359225597,0,True,False
ergun_full_phi0.723_d6_Re3.9e-02,,,0.0001645488121594,0.0011871339201156,0.1666567055,1.0,6,0.7227272727272727,700.5619948140405,0.0427393755284193,716.0351877648727,0,True,False
ergun_full_phi0.723_d6_Re7.1e-02,,,0.0002750468653066,0.0020207637006562,0.1666567055,1.0,6,0.7227272727272727,404.1353927888122,0.0727518413829272,421.1779765812757,0,True,False
ergun_full_phi0.723_d6_Re1.3e-01,,,0.0004790005484729,0.0035903852498793,0.1666567055,1.0,6,0.7227272727272727,222.94881017001927,0.1292615945733789,237.61201722403288,0,True,False
ergun_full_phi0.723_d6_Re2.3e-01,,,0.0008839501328257,0.0062630769229375,0.1666567055,1.0,6,0.7227272727272727,135.20835354314886,0.2254842457426686,136.76249554941484,0,True,False
ergun_full_phi0.723_d6_Re4.1e-01,,,0.0016023735332811,0.0112758224126425,0.1666567055,1.0,6,0.7227272727272727,75.61684596242898,0.4059538695000498,76.53518631391982,0,True,False
ergun_full_phi0.723_d6_Re7.5e-01,,,0.0029194500759936,0.0213170692388592,0.1666567055,1.0,6,0.7227272727272727,38.54759716076517,0.7674603614023526,41.08931157327911,0,True,False
ergun_full_phi0.723_d10_Re1.0e-06,,,7.722407127602531e-10,1.603871370488626e-08,0.1666567055,1.0,10,0.7227272727272727,30020202.92943844,9.623803408790088e-07,31742089.48895511,0,True,False
ergun_full_phi0.723_d10_Re1.8e-06,,,1.616833247225305e-09,3.074725419550421e-08,0.1666567055,1.0,10,0.7227272727272727,17102222.585954074,1.844945518589062e-06,16557651.014194077,0,True,False
ergun_full_phi0.723_d10_Re3.2e-06,,,2.912496359434487e-09,5.48545168680988e-08,0.1666567055,1.0,10,0.7227272727272727,9679225.379410185,3.29146773323794e-06,9280955.60160244,0,True,False
ergun_full_phi0.723_d10_Re5.8e-06,,,5.007656281859275e-09,9.562296840295092e-08,0.1666567055,1.0,10,0.7227272727272727,5476587.985605478,5.737721030549887e-06,5324059.653289869,0,True,False
ergun_full_phi0.723_d10_Re1.1e-05,,,8.67711202164926e-09,1.699086233432346e-07,0.1666567055,1.0,10,0.7227272727272727,3005691.2153921537,1.0195126732733513e-05,2996331.04822872,0,True,False
ergun_full_phi0.723_d10_Re1.9e-05,,,1.5945349043230732e-08,3.239862439522496e-07,0.1666567055,1.0,10,0.7227272727272727,1519080.8480833708,1.9440336527728227e-05,1571371.2882329992,0,True,False
ergun_full_phi0.723_d10_Re3.4e-05,,,3.2405125833603314e-08,6.014254476983654e-07,0.1666567055,1.0,10,0.7227272727272727,895880.5581659097,3.608768371449449e-05,846494.0086659185,0,True,False
ergun_full_phi0.723_d10_Re6.1e-05,,,5.3598765228174566e-08,1.0639808021864674e-06,0.1666567055,1.0,10,0.7227272727272727,473464.2596720135,6.384266381567631e-05,478489.4911974458,0,True,False
ergun_full_phi0.723_d10_Re1.1e-04,,,8.667959403829633e-08,1.7631107424834234e-06,0.1666567055,1.0,10,0.7227272727272727,278841.6766990486,0.0001057929674772,288753.57573546283,0,True,False
ergun_full_phi0.723_d10_Re2.0e-04,,,1.68901285360147e-07,3.3642070023633586e-06,0.1666567055,1.0,10,0.7227272727272727,149233.91545905688,0.0002018644849764,151330.33993548987,0,True,False
ergun_full_phi0.723_d10_Re3.6e-04,,,3.122422154864599e-07,6.087133534992356e-06,0.1666567055,1.0,10,0.7227272727272727,84268.63546948897,0.0003652498419868,83637.08242504524,0,True,False
ergun_full_phi0.723_d10_Re6.4e-04,,,5.620208596053157e-07,1.0535365975394988e-05,0.1666567055,1.0,10,0.7227272727272727,50635.27600397939,0.0006321597408149,48324.45383759785,0,True,False
ergun_full_phi0.723_d10_Re1.2e-03,,,9.86717636586702e-07,2.0103155756375686e-05,0.1666567055,1.0,10,0.7227272727272727,24415.432159252112,0.00120626144001,25325.780234808302,0,True,False
ergun_full_phi0.723_d10_Re2.1e-03,,,1.810862223834832e-06,3.5289157349010856e-05,0.1666567055,1.0,10,0.7227272727272727,14541.286548431744,0.0021174759961285,14427.877067873846,0,True,False
ergun_full_phi0.723_d10_Re3.8e-03,,,3.1956848688393727e-06,6.308853055930084e-05,0.1666567055,1.0,10,0.7227272727272727,8029.030768939064,0.0037855380838127,8070.933837091648,0,True,False
ergun_full_phi0.723_d10_Re6.8e-03,,,5.926801874987501e-06,0.0001084648568497,0.1666567055,1.0,10,0.7227272727272727,5037.816155314895,0.0065082803913784,4694.992418172044,0,True,False
ergun_full_phi0.723_d10_Re1.2e-02,,,9.58180654750525e-06,0.0001964863520578,0.1666567055,1.0,10,0.7227272727272727,2481.8905135832206,0.0117898857695756,2592.316533766297,0,True,False
ergun_full_phi0.723_d10_Re2.2e-02,,,1.913893051904694e-05,0.0003722191946979,0.1666567055,1.0,10,0.7227272727272727,1381.4021748976777,0.0223344865471335,1369.0339047845216,0,True,False
ergun_full_phi0.723_d10_Re3.9e-02,,,3.165376912813935e-05,0.0006414990807389,0.1666567055,1.0,10,0.7227272727272727,769.1895115563119,0.0384922454103668,794.8987491021583,0,True,False
ergun_full_phi0.723_d10_Re7.1e-02,,,5.880894309470942e-05,0.001177115229982,0.1666567055,1.0,10,0.7227272727272727,424.4293581260337,0.070631135209982,433.78529033270775,0,True,False
ergun_full_phi0.723_d10_Re1.3e-01,,,0.0001048400891545,0.0021708471990258,0.1666567055,1.0,10,0.7227272727272727,222.4686761882396,0.1302586171083222,235.80313105072028,0,True,False
ergun_full_phi0.723_d10_Re2.3e-01,,,0.0002150437491258,0.0038748827435077,0.1666567055,1.0,10,0.7227272727272727,143.22198646571715,0.2325068608480194,132.67055677601184,0,True,False
ergun_full_phi0.723_d10_Re4.1e-01,,,0.0003439767665764,0.0069417278571831,0.1666567055,1.0,10,0.7227272727272727,71.38285971068707,0.4165285660938002,74.62476710669368,0,True,False
ergun_full_phi0.723_d10_Re7.5e-01,,,0.0006391797625688,0.0121546615196194,0.1666567055,1.0,10,0.7227272727272727,43.26505674551482,0.7293232806416791,43.17070247948181,0,True,False
ergun_full_phi0.786_d6_Re1.0e-06,,,1.7807289815780103e-09,2.7759082476714745e-08,0.1666567055,1.0,6,0.7863636363636363,13865606.241223171,9.993866995066005e-07,14087625.720580911,0,True,False
ergun_full_phi0.786_d6_Re1.8e-06,,,3.3575144036516733e-09,4.7936107981454116e-08,0.1666567055,1.0,6,0.7863636363636363,8766850.383516004,1.725803033402245e-06,8157933.471427085,0,True,False
ergun_full_phi0.786_d6_Re3.2e-06,,,5.977510255914942e-09,9.433648250407605e-08,0.1666567055,1.0,6,0.7863636363636363,4030066.59487766,3.3963163577864937e-06,4145369.904479836,0,True,False
ergun_full_phi0.786_d6_Re5.8e-06,,,1.0648528248514866e-08,1.6459972481338566e-07,0.1666567055,1.0,6,0.7863636363636363,2358210.822385037,5.925944269193019e-06,2375822.1341640064,0,True,False
ergun_full_phi0.786_d6_Re1.1e-05,,,2.067671665628944e-08,2.938460698132947e-07,0.1666567055,1.0,6,0.7863636363636363,1436789.1971933814,1.0579090793798085e-05,1330832.0547175547,0,True,False
ergun_full_phi0.786_d6_Re1.9e-05,,,3.7134340708406333e-08,5.20915418897811e-07,0.1666567055,1.0,6,0.7863636363636363,821093.3654659962,1.875407595517881e-05,750716.7752310819,0,True,False
ergun_full_phi0.786_d6_Re3.4e-05,,,6.07984535553584e-08,9.371985166773636e-07,0.1666567055,1.0,6,0.7863636363636363,415317.8509865219,3.374116320848657e-05,417265.132780812,0,True,False
ergun_full_phi0.786_d6_Re6.1e-05,,,1.1901196611778369e-07,1.8010310022574572e-06,0.1666567055,1.0,6,0.7863636363636363,220140.2741588079,6.484099143280342e-05,217131.70243757643,0,True,False
ergun_full_phi0.786_d6_Re1.1e-04,,,1.8998815872237695e-07,2.882377787347372e-06,0.1666567055,1.0,6,0.7863636363636363,137206.90866125136,0.0001037718024738,135673.3183192299,0,True,False
ergun_full_phi0.786_d6_Re2.0e-04,,,3.182995576242622e-07,5.306923519700868e-06,0.1666567055,1.0,6,0.7863636363636363,67811.23089496269,0.000191060665832,73689.32710732549,0,True,False
ergun_full_phi0.786_d6_Re3.6e-04,,,6.393845202662287e-07,9.651203955675765e-06,0.1666567055,1.0,6,0.7863636363636363,41186.072626098925,0.0003474641092917,40520.018547233645,0,True,False
ergun_full_phi0.786_d6_Re6.4e-04,,,1.0504000950311782e-06,1.7285275163344385e-05,0.1666567055,1.0,6,0.7863636363636363,21093.731220763548,0.0006223070993088,22624.622927044664,0,True,False
ergun_full_phi0.786_d6_Re1.2e-03,,,2.1157204569754804e-06,3.180925363762388e-05,0.1666567055,1.0,6,0.7863636363636363,12545.921837739525,0.001145201576217,12294.661296095725,0,True,False
ergun_full_phi0.786_d6_Re2.1e-03,,,3.463527516554846e-06,5.672147042069014e-05,0.1666567055,1.0,6,0.7863636363636363,6459.143469907312,0.0020420949850358,6895.15187939318,0,True,False
ergun_full_phi0.786_d6_Re3.8e-03,,,6.125647354624265e-06,9.76859208263987e-05,0.1666567055,1.0,6,0.7863636363636363,3851.583277353424,0.0035169033445125,4004.0022725808367,0,True,False
ergun_full_phi0.786_d6_Re6.8e-03,,,1.3197000355607942e-05,0.000192512587356,0.1666567055,1.0,6,0.7863636363636363,2136.5261705410658,0.0069308673819689,2032.1141701349868,0,True,False
ergun_full_phi0.786_d6_Re1.2e-02,,,2.236911554591985e-05,0.0003459937450643,0.1666567055,1.0,6,0.7863636363636363,1121.1496043382626,0.0124565193111056,1131.0191777457878,0,True,False
ergun_full_phi0.786_d6_Re2.2e-02,,,4.245442100271323e-05,0.0006106359538011,0.1666567055,1.0,6,0.7863636363636363,683.1395501022422,0.0219842082670154,641.1824089307469,0,True,False
ergun_full_phi0.786_d6_Re3.9e-02,,,7.095872090686721e-05,0.0010668377344163,0.1666567055,1.0,6,0.7863636363636363,374.0763844009572,0.0384084539970593,367.3283865176604,0,True,False
ergun_full_phi0.786_d6_Re7.1e-02,,,0.0001261408283623,0.0018636303407075,0.1666567055,1.0,6,0.7863636363636363,217.91512985580317,0.067094702314546,210.60635844558243,0,True,False
ergun_full_phi0.786_d6_Re1.3e-01,,,0.0002168474831943,0.0035008858922536,0.1666567055,1.0,6,0.7863636363636363,106.1572660045652,0.1260394251194539,112.4718769702525,0,True,False
ergun_full_phi0.786_d6_Re2.3e-01,,,0.0004082734872764,0.0065379680694341,0.1666567055,1.0,6,0.7863636363636363,57.30820929495374,0.2353809185109848,60.58247317692685,0,True,False
ergun_full_phi0.786_d6_Re4.1e-01,,,0.00080597126898,0.0112045172396023,0.1666567055,1.0,6,0.7863636363636363,38.5198433717928,0.4033867298403684,35.67080616259793,0,True,False
ergun_full_phi0.786_d6_Re7.5e-01,,,0.0013153197614136,0.0200624274776244,0.1666567055,1.0,6,0.7863636363636363,19.607202568758183,0.7222905583342787,20.26098727859841,0,True,False
ergun_full_phi0.786_d10_Re1.0e-06,,,3.9058079736271924e-10,1.709499004146909e-08,0.1666567055,1.0,10,0.7863636363636363,13365129.876868136,1.025760709128448e-06,13725409.510972377,0,True,False
ergun_full_phi0.786_d10_Re1.8e-06,,,6.853940904720876e-10,3.0208509594386844e-08,0.1666567055,1.0,10,0.7863636363636363,7510723.217264926,1.8126189104576316e-06,7767207.059798711,0,True,False
ergun_full_phi0.786_d10_Re3.2e-06,,,1.1991019444521814e-09,5.465427941728221e-08,0.1666567055,1.0,10,0.7863636363636363,4014280.924357491,3.279452768090523e-06,4293090.50058599,0,True,False
ergun_full_phi0.786_d10_Re5.8e-06,,,2.478900009915131e-09,9.800879974404097e-08,0.1666567055,1.0,10,0.7863636363636363,2580648.5762306466,5.880879467165571e-06,2394027.900848756,0,True,False
ergun_full_phi0.786_d10_Re1.1e-05,,,4.0410542045554395e-09,1.7738378310170417e-07,0.1666567055,1.0,10,0.7863636363636363,1284301.086540616,1.0643663125916296e-05,1322758.2479117988,0,True,False
ergun_full_phi0.786_d10_Re1.9e-05,,,8.385771724165681e-09,3.241850124304069e-07,0.1666567055,1.0,10,0.7863636363636363,797915.9934925666,1.9452263349248004e-05,723771.8155228407,0,True,False
ergun_full_phi0.786_d10_Re3.4e-05,,,1.3669961079307874e-08,5.797768955809929e-07,0.1666567055,1.0,10,0.7863636363636363,406673.1213211028,3.4788692950671155e-05,404700.7966561822,0,True,False
ergun_full_phi0.786_d10_Re6.1e-05,,,2.390342887835888e-08,9.967927375556013e-07,0.1666567055,1.0,10,0.7863636363636363,240574.988351583,5.981113898567983e-05,235391.4543192661,0,True,False
ergun_full_phi0.786_d10_Re1.1e-04,,,4.1306822886197365e-08,1.9472462630175577e-06,0.1666567055,1.0,10,0.7863636363636363,108938.15969210488,0.0001168417590624,120496.94348517434,0,True,False
ergun_full_phi0.786_d10_Re2.0e-04,,,8.054458022686255e-08,3.407438882692088e-06,0.1666567055,1.0,10,0.7863636363636363,69371.35423671674,0.0002044585528358,68860.61750687212,0,True,False
ergun_full_phi0.786_d10_Re3.6e-04,,,1.453304074857773e-07,6.2334941373651855e-06,0.1666567055,1.0,10,0.7863636363636363,37401.875525277625,0.0003740320030126,37641.89284977343,0,True,False
ergun_full_phi0.786_d10_Re6.4e-04,,,2.604921268673518e-07,1.0049458206431842e-05,0.1666567055,1.0,10,0.7863636363636363,25793.44227119804,0.000603003532098,23348.8659280401,0,True,False
ergun_full_phi0.786_d10_Re1.2e-03,,,4.55351294073815e-07,1.864434676693288e-05,0.1666567055,1.0,10,0.7863636363636363,13099.424965641025,0.0011187276690125,12585.587655344962,0,True,False
ergun_full_phi0.786_d10_Re2.1e-03,,,8.107620877670281e-07,3.461861081654583e-05,0.1666567055,1.0,10,0.7863636363636363,6765.099048161127,0.0020772407994436,6778.502569217481,0,True,False
ergun_full_phi0.786_d10_Re3.8e-03,,,1.4345449143528147e-06,6.281797840510015e-05,0.1666567055,1.0,10,0.7863636363636363,3635.350072337182,0.0037693039842972,3735.937218481355,0,True,False
ergun_full_phi0.786_d10_Re6.8e-03,,,2.699462817401889e-06,0.0001132507264768,0.1666567055,1.0,10,0.7863636363636363,2104.724985490056,0.0067954497322548,2072.5942000855275,0,True,False
ergun_full_phi0.786_d10_Re1.2e-02,,,4.906564082446761e-06,0.0002076696812746,0.1666567055,1.0,10,0.7863636363636363,1137.7092330944945,0.0124609256286193,1130.6195090572871,0,True,False
ergun_full_phi0.786_d10_Re2.2e-02,,,9.25038608710237e-06,0.0003684686232492,0.1666567055,1.0,10,0.7863636363636363,681.3320773202477,0.0221094388097854,637.555028879401,0,True,False
ergun_full_phi0.786_d10_Re3.9e-02,,,1.5088342605989442e-05,0.0006394626459898,0.1666567055,1.0,10,0.7863636363636363,368.9870939557202,0.0383700520222878,367.6952510185035,0,True,False
ergun_full_phi0.786_d10_Re7.1e-02,,,2.9764661487479523e-05,0.0011998265744613,0.1666567055,1.0,10,0.7863636363636363,206.7587958816401,0.0719938973269402,196.3268861384012,0,True,False
ergun_full_phi0.786_d10_Re1.3e-01,,,5.04594556794399e-05,0.0021250902066187,0.1666567055,1.0,10,0.7863636363636363,111.7346367931572,0.1275130334685978,111.18097748183044,0,True,False
ergun_full_phi0.786_d10_Re2.3e-01,,,9.587860969628674e-05,0.0037934176761513,0.1666567055,1.0,10,0.7863636363636363,66.62855593608721,0.2276186646538104,62.62223783992691,0,True,False
ergun_full_phi0.786_d10_Re4.1e-01,,,0.0001696494406661,0.0068337576249952,0.1666567055,1.0,10,0.7863636363636363,36.32731411251586,0.4100499649559722,35.1036559517162,0,True,False
ergun_full_phi0.786_d10_Re7.5e-01,,,0.0003028128051839,0.0123832860211169,0.1666567055,1.0,10,0.7863636363636363,19.74705920419056,0.7430415706325698,19.71662805679823,0,True,False
ergun_full_phi0.850_d6_Re1.0e-06,,,6.972558141865771e-10,2.8114856490055707e-08,0.1666567055,1.0,6,0.85,5292631.444750597,1.012195329520265e-06,5429410.83351293,0,True,False
ergun_full_phi0.850_d6_Re1.8e-06,,,1.239828965941629e-09,4.7949531377885534e-08,0.1666567055,1.0,6,0.85,3235521.534994016,1.7262863045574438e-06,3183495.448263196,0,True,False
ergun_full_phi0.850_d6_Re3.2e-06,,,2.1126093825907904e-09,8.829685445265758e-08,0.1666567055,1.0,6,0.85,1625848.1835803138,3.1788767522225237e-06,1728794.678814436,0,True,False
ergun_full_phi0.850_d6_Re5.8e-06,,,3.929697001131973e-09,1.561936942138384e-07,0.1666567055,1.0,6,0.85,966458.7499088176,5.623309080011967e-06,977294.0061618212,0,True,False
ergun_full_phi0.850_d6_Re1.1e-05,,,7.684244303595911e-09,3.04686856029861e-07,0.1666567055,1.0,6,0.85,496643.75091228855,1.096938242415434e-05,500997.07816745766,0,True,False
ergun_full_phi0.850_d6_Re1.9e-05,,,1.233140836097922e-08,5.423115521414066e-07,0.1666567055,1.0,6,0.85,251574.26863261728,1.9524382790876906e-05,281475.3357067924,0,True,False
ergun_full_phi0.850_d6_Re3.4e-05,,,2.2023237888637327e-08,9.218487253019754e-07,0.1666567055,1.0,6,0.85,155493.8086775972,3.318853769020324e-05,165588.43575452917,0,True,False
ergun_full_phi0.850_d6_Re6.1e-05,,,4.4626452259022964e-08,1.6878290228169842e-06,0.1666567055,1.0,6,0.85,93991.0955819464,6.076547659165088e-05,90440.33120068464,0,True,False
ergun_full_phi0.850_d6_Re1.1e-04,,,7.204802345890056e-08,3.0137339310124543e-06,0.1666567055,1.0,6,0.85,47595.23833111137,0.0001085009062901,50650.91546544567,0,True,False
ergun_full_phi0.850_d6_Re2.0e-04,,,1.3895894780887301e-07,5.674032543549483e-06,0.1666567055,1.0,6,0.85,25897.27822586243,0.0002042773806139,26903.180148261185,0,True,False
ergun_full_phi0.850_d6_Re3.6e-04,,,2.46333443374883e-07,1.0009540607392108e-05,0.1666567055,1.0,6,0.85,14751.844862864116,0.000360364999801,15250.587297864236,0,True,False
ergun_full_phi0.850_d6_Re6.4e-04,,,4.53054533886708e-07,1.815180160330423e-05,0.1666567055,1.0,6,0.85,8250.157870419054,0.0006535039156874,8409.9009281658,0,True,False
ergun_full_phi0.850_d6_Re1.2e-03,,,8.648157875778921e-07,3.295044687356892e-05,0.1666567055,1.0,6,0.85,4779.167389744915,0.0011862869882629,4633.05336136689,0,True,False
ergun_full_phi0.850_d6_Re2.1e-03,,,1.5690350271897293e-06,6.191003223248705e-05,0.1666567055,1.0,6,0.85,2456.1892657366884,0.0022288943746996,2466.0552022165284,0,True,False
ergun_full_phi0.850_d6_Re3.8e-03,,,2.4315279735536348e-06,0.0001012586648353,0.1666567055,1.0,6,0.85,1422.8729640085,0.0036455298164542,1507.9240515584129,0,True,False
ergun_full_phi0.850_d6_Re6.8e-03,,,4.781759350766717e-06,0.000184364130982,0.1666567055,1.0,6,0.85,844.0848489629536,0.0066375054191387,828.3926906267411,0,True,False
ergun_full_phi0.850_d6_Re1.2e-02,,,9.08658904946942e-06,0.0003307330660485,0.1666567055,1.0,6,0.85,498.4216556135379,0.0119071020295143,461.9691157686471,0,True,False
ergun_full_phi0.850_d6_Re2.2e-02,,,1.4851561541495377e-05,0.0006119373847404,0.1666567055,1.0,6,0.85,237.9629791297665,0.0220310625811721,249.87631600362235,0,True,False
ergun_full_phi0.850_d6_Re3.9e-02,,,2.669136611997855e-05,0.0010799023383631,0.1666567055,1.0,6,0.85,137.32610102228205,0.038878807850782,141.78012178776382,0,True,False
ergun_full_phi0.850_d6_Re7.1e-02,,,4.816515493070406e-05,0.0019817916140157,0.1666567055,1.0,6,0.85,73.58143262770754,0.0713487624060489,77.45223321332936,0,True,False
ergun_full_phi0.850_d6_Re1.3e-01,,,9.311481273306432e-05,0.003687712212218,0.1666567055,1.0,6,0.85,41.08241652980647,0.1327655746399475,41.82087746483632,0,True,False
ergun_full_phi0.850_d6_Re2.3e-01,,,0.0001719931749485,0.0063428171523211,0.1666567055,1.0,6,0.85,25.65063258831082,0.2283550655807656,24.493572493619197,0,True,False
ergun_full_phi0.850_d6_Re4.1e-01,,,0.0002950612563249,0.0112445246550317,0.1666567055,1.0,6,0.85,14.001715066783268,0.4048270828814062,14.002675055533484,0,True,False
ergun_full_phi0.850_d6_Re7.5e-01,,,0.0006020228818833,0.0218455218856626,0.1666567055,1.0,6,0.85,7.569015593941726,0.7864857937802937,7.415006542572488,0,True,False
ergun_full_phi0.850_d10_Re1.0e-06,,,1.6206176068452286e-10,1.8049161798553576e-08,0.1666567055,1.0,10,0.85,4974695.20034812,1.0830144364370371e-06,5074377.711971294,0,True,False
ergun_full_phi0.850_d10_Re1.8e-06,,,2.822120192746397e-10,2.9222294132292322e-08,0.1666567055,1.0,10,0.85,3304813.0026330235,1.7534424459322052e-06,3134191.611087386,0,True,False
ergun_full_phi0.850_d10_Re3.2e-06,,,5.503566203292891e-10,5.435460548805728e-08,0.1666567055,1.0,10,0.85,1862822.6041653748,3.261471257636092e-06,1685014.15926517,0,True,False
ergun_full_phi0.850_d10_Re5.8e-06,,,8.801319452296996e-10,9.936433622110097e-08,0.1666567055,1.0,10,0.85,891428.9067506439,5.962216517060633e-06,921742.1721984184,0,True,False
ergun_full_phi0.850_d10_Re1.1e-05,,,1.6276603300068955e-09,1.7399527778302644e-07,0.1666567055,1.0,10,0.85,537636.6363886842,1.0440340654821503e-05,526384.0040633715,0,True,False
ergun_full_phi0.850_d10_Re1.9e-05,,,2.7679316956201755e-09,3.198467405331124e-07,0.1666567055,1.0,10,0.85,270564.9340730653,1.9191951477350687e-05,286350.87291264086,0,True,False
ergun_full_phi0.850_d10_Re3.4e-05,,,4.525669386940591e-09,5.353866244626939e-07,0.1666567055,1.0,10,0.85,157887.5153132766,3.212511748965864e-05,171069.80506217622,0,True,False
ergun_full_phi0.850_d10_Re6.1e-05,,,9.453923547001918e-09,1.0401541635983331e-06,0.1666567055,1.0,10,0.85,87380.9299181189,6.24129800524788e-05,88053.0064114877,0,True,False
ergun_full_phi0.850_d10_Re1.1e-04,,,1.550072859696079e-08,1.7396830730532538e-06,0.1666567055,1.0,10,0.85,51216.72877896429,0.0001043872232943,52646.945676341566,0,True,False
ergun_full_phi0.850_d10_Re2.0e-04,,,2.822210170284401e-08,3.1221810360228387e-06,0.1666567055,1.0,10,0.85,28951.64131068279,0.0001873420590342,29335.13147242292,0,True,False
ergun_full_phi0.850_d10_Re3.6e-04,,,5.169816609689079e-08,5.804163725563203e-06,0.1666567055,1.0,10,0.85,15346.022415615906,0.000348270638625,15780.178141560802,0,True,False
ergun_full_phi0.850_d10_Re6.4e-04,,,9.88693356029076e-08,1.069631994494072e-05,0.1666567055,1.0,10,0.85,8641.573852773805,0.0006418175562063,8563.022526834913,0,True,False
ergun_full_phi0.850_d10_Re1.2e-03,,,1.8895392942539082e-07,1.933875523289445e-05,0.1666567055,1.0,10,0.85,5052.413588363602,0.0011603946672817,4736.422879334175,0,True,False
ergun_full_phi0.850_d10_Re2.1e-03,,,3.570014521741881e-07,3.734688029980853e-05,0.1666567055,1.0,10,0.85,2559.5364772382127,0.002240946752653,2452.7944329997777,0,True,False
ergun_full_phi0.850_d10_Re3.8e-03,,,5.917180441654274e-07,6.220426867894718e-05,0.1666567055,1.0,10,0.85,1529.235727875624,0.0037324791998211,1472.8064007931653,0,True,False
ergun_full_phi0.850_d10_Re6.8e-03,,,9.688684910691898e-07,0.0001101880739096,0.1666567055,1.0,10,0.85,797.9866925214344,0.0066116795948319,831.6267985194386,0,True,False
ergun_full_phi0.850_d10_Re1.2e-02,,,1.837241704944264e-06,0.0001975048995433,0.1666567055,1.0,10,0.85,470.9887652449779,0.0118510022714536,464.15394165068585,0,True,False
ergun_full_phi0.850_d10_Re2.2e-02,,,3.88407795619285e-06,0.0003787778818149,0.1666567055,1.0,10,0.85,270.7189866819197,0.022728031295141,242.22681649985813,0,True,False
ergun_full_phi0.850_d10_Re3.9e-02,,,6.504208645685489e-06,0.0006836301180981,0.1666567055,1.0,10,0.85,139.17207060979348,0.0410202587436947,134.40084526818643,0,True,False
ergun_full_phi0.850_d10_Re7.1e-02,,,1.0709386484731715e-05,0.0011585599931693,0.1666567055,1.0,10,0.85,79.78615506272186,0.0695177544577888,79.48096694368748,0,True,False
ergun_full_phi0.850_d10_Re1.3e-01,,,1.9899211202075645e-05,0.0021641452817969,0.1666567055,1.0,10,0.85,42.48768192494703,0.1298564780399381,42.74818981413951,0,True,False
ergun_full_phi0.850_d10_Re2.3e-01,,,3.630521333539622e-05,0.0040531794906706,0.1666567055,1.0,10,0.85,22.099239074594006,0.2432053050917065,23.024082056535494,0,True,False
ergun_full_phi0.850_d10_Re4.1e-01,,,6.502933034804845e-05,0.0067536676593125,0.1666567055,1.0,10,0.85,14.257057805920365,0.4052442797936218,13.988699417849476,0,True,False
ergun_full_phi0.850_d10_Re7.5e-01,,,0.0001171475351643,0.0131919649482776,0.1666567055,1.0,10,0.85,6.731536080080757,0.7915652063743465,7.370167852893917,0,True,False
