filename,dP_L,v,mu,rho,D,eps,f,Re,eps_rel,f_true,branch
moody_eps1.00e-06_Re8.46e+03,1.2698476915155457,0.0881270934265537,0.001,1000.0,0.1,1e-07,0.0327011281980606,8812.709342655371,1e-06,0.0319435485385059,colebrook
moody_eps1.00e-06_Re9.62e+03,1.4512205834728986,0.097007756586273,0.001,1000.0,0.1,1e-07,0.0308425660146942,9700.77565862731,1e-06,0.031134403628911,colebrook
moody_eps1.00e-06_Re1.09e+04,2.066607921554464,0.114325701961896,0.001,1000.0,0.1,1e-07,0.0316228007868343,11432.570196189608,1e-06,0.0298167600977039,colebrook
moody_eps1.00e-06_Re1.24e+04,2.5809860827962727,0.1313431485569864,0.001,1000.0,0.1,1e-07,0.0299227023433966,13134.314855698642,1e-06,0.0287651433862385,colebrook
moody_eps1.00e-06_Re1.41e+04,2.7758819847721705,0.1430135294235785,0.001,1000.0,0.1,1e-07,0.0271441811276985,14301.352942357851,1e-06,0.0281461973238124,colebrook
moody_eps1.00e-06_Re1.61e+04,3.605267098918932,0.1608605303917825,0.001,1000.0,0.1,1e-07,0.0278656031820024,16086.053039178258,1e-06,0.027322179802615,colebrook
moody_eps1.00e-06_Re1.83e+04,4.186905618128051,0.17599824381233,0.001,1000.0,0.1,1e-07,0.0270337627589503,17599.824381233004,1e-06,0.0267152054432331,colebrook
moody_eps1.00e-06_Re2.08e+04,5.793178942456889,0.2107082108161927,0.001,1000.0,0.1,1e-07,0.0260966054906095,21070.821081619277,1e-06,0.0255573249488844,colebrook
moody_eps1.00e-06_Re2.37e+04,6.401867740114571,0.2282652562439416,0.001,1000.0,0.1,1e-07,0.0245729369434734,22826.52562439416,1e-06,0.0250656100783482,colebrook
moody_eps1.00e-06_Re2.69e+04,8.223010341113142,0.2654409370899074,0.001,1000.0,0.1,1e-07,0.0233412993440582,26544.093708990746,1e-06,0.0241749833548133,colebrook
moody_eps1.00e-06_Re3.06e+04,11.810507605206894,0.3221830841770876,0.001,1000.0,0.1,1e-07,0.0227558514531485,32218.308417708755,1e-06,0.0230969284443581,colebrook
moody_eps1.00e-06_Re3.48e+04,13.851602289678665,0.3511668753397544,0.001,1000.0,0.1,1e-07,0.0224648189356915,35116.68753397543,1e-06,0.0226397601458374,colebrook
moody_eps1.00e-06_Re3.95e+04,19.48985514354214,0.414614906860342,0.001,1000.0,0.1,1e-07,0.022675077602172,41461.4906860342,1e-06,0.021794455198492,colebrook
moody_eps1.00e-06_Re4.50e+04,20.93632093920331,0.45819738566897,0.001,1000.0,0.1,1e-07,0.0199445916527297,45819.73856689701,1e-06,0.0213075891611383,colebrook
moody_eps1.00e-06_Re5.11e+04,27.807340890826968,0.5119944948640469,0.001,1000.0,0.1,1e-07,0.0212157736829305,51199.44948640469,1e-06,0.0207850579535654,colebrook
moody_eps1.00e-06_Re5.81e+04,35.36147305226695,0.5990381997874761,0.001,1000.0,0.1,1e-07,0.0197083972996217,59903.8199787476,1e-06,0.0200771432269233,colebrook
moody_eps1.00e-06_Re6.61e+04,45.48040718248874,0.6980706952162783,0.001,1000.0,0.1,1e-07,0.0186661832986501,69807.06952162783,1e-06,0.0194204461457138,colebrook
moody_eps1.00e-06_Re7.52e+04,53.583013510160285,0.7367640682856975,0.001,1000.0,0.1,1e-07,0.0197424140388653,73676.40682856976,1e-06,0.019196305115641,colebrook
moody_eps1.00e-06_Re8.55e+04,72.3040983083466,0.8558017196924648,0.001,1000.0,0.1,1e-07,0.0197445209178525,85580.17196924648,1e-06,0.0185933549004427,colebrook
moody_eps1.00e-06_Re9.72e+04,84.70753584903848,0.9771851752901696,0.001,1000.0,0.1,1e-07,0.0177418255412364,97718.51752901694,1e-06,0.0180820674703258,colebrook
moody_eps1.00e-06_Re1.10e+05,102.027627305851,1.0924161851278944,0.001,1000.0,0.1,1e-07,0.0170990322247406,109241.61851278944,1e-06,0.0176680204358266,colebrook
moody_eps1.00e-06_Re1.26e+05,128.88470222302595,1.209058484408524,0.001,1000.0,0.1,1e-07,0.017633428051522,120905.8484408524,1e-06,0.0173030723288722,colebrook
moody_eps1.00e-06_Re1.43e+05,183.0720722369225,1.453625589107599,0.001,1000.0,0.1,1e-07,0.0173279415385023,145362.5589107599,1e-06,0.01666788062909,colebrook
moody_eps1.00e-06_Re1.62e+05,217.18695469034785,1.5879457688767675,0.001,1000.0,0.1,1e-07,0.0172263155635001,158794.57688767675,1e-06,0.0163751503907889,colebrook
moody_eps1.00e-06_Re1.85e+05,279.7776557499842,1.8310897328132287,0.001,1000.0,0.1,1e-07,0.0166887484125784,183108.9732813229,1e-06,0.0159188269910922,colebrook
moody_eps1.00e-06_Re2.10e+05,326.54292124477195,2.0730124634782614,0.001,1000.0,0.1,1e-07,0.0151973002178031,207301.2463478261,1e-06,0.015536347731388,colebrook
moody_eps1.00e-06_Re2.39e+05,450.60878025431407,2.405922726794617,0.001,1000.0,0.1,1e-07,0.0155691999546043,240592.2726794617,1e-06,0.0150948104841381,colebrook
moody_eps1.00e-06_Re2.72e+05,538.9467074885962,2.728422884245286,0.001,1000.0,0.1,1e-07,0.0144794628790296,272842.2884245286,1e-06,0.0147360541916019,colebrook
moody_eps1.00e-06_Re3.09e+05,611.6209176900887,2.965691966105212,0.001,1000.0,0.1,1e-07,0.0139078578861098,296569.1966105212,1e-06,0.0145050897112022,colebrook
moody_eps1.00e-06_Re3.51e+05,916.8871654085514,3.5639909778023315,0.001,1000.0,0.1,1e-07,0.0144368584144024,356399.09778023313,1e-06,0.0140145091030899,colebrook
moody_eps1.00e-06_Re3.99e+05,1049.329494275495,3.972220160311356,0.001,1000.0,0.1,1e-07,0.0133007231298822,397222.0160311356,1e-06,0.0137364014620211,colebrook
moody_eps1.00e-06_Re4.54e+05,1393.707834711283,4.659456418533785,0.001,1000.0,0.1,1e-07,0.0128390008946884,465945.6418533785,1e-06,0.0133417644803993,colebrook
moody_eps1.00e-06_Re5.16e+05,1709.381946922069,5.051923204643154,0.001,1000.0,0.1,1e-07,0.0133953982044583,505192.3204643154,1e-06,0.0131481451414368,colebrook
moody_eps1.00e-06_Re5.87e+05,1971.8968461123045,5.485511418806161,0.001,1000.0,0.1,1e-07,0.0131062950672681,548551.1418806161,1e-06,0.0129552558939628,colebrook
moody_eps1.00e-06_Re6.67e+05,2707.488534760937,6.557561799059751,0.001,1000.0,0.1,1e-07,0.0125924964663388,655756.179905975,1e-06,0.0125512809374316,colebrook
moody_eps1.00e-06_Re7.59e+05,3528.7177837852814,7.570435186239958,0.001,1000.0,0.1,1e-07,0.0123141724319343,757043.5186239958,1e-06,0.0122397321963031,colebrook
moody_eps1.00e-06_Re8.63e+05,4522.3705509928095,8.809232117596988,0.001,1000.0,0.1,1e-07,0.0116552081245649,880923.2117596988,1e-06,0.0119234162885198,colebrook
moody_eps1.00e-06_Re9.81e+05,6224.322555910268,10.237506624605302,0.001,1000.0,0.1,1e-07,0.0118777367208853,1023750.6624605304,1e-06,0.0116218037845656,colebrook
moody_eps1.00e-06_Re1.12e+06,7730.430469504541,11.440894041084226,0.001,1000.0,0.1,1e-07,0.0118117364204496,1144089.4041084226,1e-06,0.0114060934943131,colebrook
moody_eps1.00e-06_Re1.27e+06,9659.391333028218,12.987187804654427,0.001,1000.0,0.1,1e-07,0.011453797882436,1298718.780465443,1e-06,0.0111674020964088,colebrook
moody_eps1.00e-06_Re1.44e+06,10982.572174026269,14.455240274029288,0.001,1000.0,0.1,1e-07,0.0105119535192349,1445524.0274029288,1e-06,0.0109716673614394,colebrook
moody_eps1.00e-06_Re1.64e+06,14017.892435662809,16.33306129813048,0.001,1000.0,0.1,1e-07,0.0105093906292843,1633306.129813048,1e-06,0.0107548266265646,colebrook
moody_eps1.00e-06_Re1.86e+06,17052.164869354205,17.86804589249408,0.001,1000.0,0.1,1e-07,0.0106820695218877,1786804.589249408,1e-06,0.0105995654658527,colebrook
moody_eps1.00e-06_Re2.12e+06,21782.744004515705,20.844565341977724,0.001,1000.0,0.1,1e-07,0.0100266740326635,2084456.5341977724,1e-06,0.0103412740607247,colebrook
moody_eps1.00e-06_Re2.41e+06,27950.664823584888,23.366730292524814,0.001,1000.0,0.1,1e-07,0.0102382621719487,2336673.029252481,1e-06,0.0101561494893431,colebrook
moody_eps1.00e-06_Re2.74e+06,39506.37380784483,27.71065335894182,0.001,1000.0,0.1,1e-07,0.010289721800389,2771065.335894182,1e-06,0.0098894822110673,colebrook
moody_eps1.00e-06_Re3.12e+06,48644.77642721167,31.15867994666914,0.001,1000.0,0.1,1e-07,0.0100209318083182,3115867.994666914,1e-06,0.0097125697137095,colebrook
moody_eps1.00e-06_Re3.54e+06,66935.63221508043,36.96722684283464,0.001,1000.0,0.1,1e-07,0.009796109261444,3696722.6842834633,1e-06,0.0094638599049395,colebrook
moody_eps1.00e-06_Re4.03e+06,69035.48827972294,37.5419214906594,0.001,1000.0,0.1,1e-07,0.0097964652498063,3754192.14906594,1e-06,0.0094419367210347,colebrook
moody_eps1.00e-06_Re4.58e+06,99338.0037998295,46.29617990835448,0.001,1000.0,0.1,1e-07,0.0092694744170492,4629617.990835448,1e-06,0.0091523762057936,colebrook
moody_eps1.00e-06_Re5.21e+06,126117.72874604682,52.6918708572322,0.001,1000.0,0.1,1e-07,0.0090848738066783,5269187.085723219,1e-06,0.0089811514385454,colebrook
moody_eps1.00e-06_Re5.93e+06,156101.37174442344,59.82121191827708,0.001,1000.0,0.1,1e-07,0.0087242138144798,5982121.191827708,1e-06,0.0088186584569365,colebrook
moody_eps1.00e-06_Re6.74e+06,176416.9943265424,63.63619070354432,0.001,1000.0,0.1,1e-07,0.0087128866663862,6363619.070354432,1e-06,0.0087414020776572,colebrook
moody_eps1.00e-06_Re7.66e+06,246814.3802938976,74.78168231048195,0.001,1000.0,0.1,1e-07,0.0088269363191703,7478168.231048196,1e-06,0.0085454851368799,colebrook
moody_eps1.00e-06_Re8.71e+06,313158.7023031767,86.3557545253164,0.001,1000.0,0.1,1e-07,0.0083986970121863,8635575.452531641,1e-06,0.0083776907989635,colebrook
moody_eps1.00e-06_Re9.90e+06,378803.0657113624,96.55412950758377,0.001,1000.0,0.1,1e-07,0.0081264669840307,9655412.950758375,1e-06,0.0082519120558259,colebrook
moody_eps1.00e-06_Re1.13e+07,490060.94956916367,112.58398577149306,0.001,1000.0,0.1,1e-07,0.0077326232925254,11258398.577149304,1e-06,0.0080849913706089,colebrook
moody_eps1.00e-06_Re1.28e+07,660898.9695429308,129.22040941278107,0.001,1000.0,0.1,1e-07,0.0079159464023879,12922040.941278106,1e-06,0.0079411763923181,colebrook
moody_eps1.00e-06_Re1.46e+07,721855.2677983596,140.52436874466187,0.001,1000.0,0.1,1e-07,0.0073110009387923,14052436.874466186,1e-06,0.0078563897193447,colebrook
moody_eps1.00e-06_Re1.66e+07,1076217.0766312382,168.14010543859226,0.001,1000.0,0.1,1e-07,0.0076135506917234,16814010.543859225,1e-06,0.0076818251339949,colebrook
moody_eps1.00e-06_Re1.88e+07,1294006.2783347624,185.29687975261476,0.001,1000.0,0.1,1e-07,0.0075375493174045,18529687.975261472,1e-06,0.0075911397427307,colebrook
moody_eps1.00e-06_Re2.14e+07,1891561.0308595437,226.0615580076891,0.001,1000.0,0.1,1e-07,0.0074028154232651,22606155.800768908,1e-06,0.0074138837108335,colebrook
moody_eps1.00e-06_Re2.43e+07,2092910.8062838677,244.0480568694757,0.001,1000.0,0.1,1e-07,0.0070279717611695,24404805.68694757,1e-06,0.0073486038173724,colebrook
moody_eps1.00e-06_Re2.77e+07,3131620.4127296675,290.8013163372912,0.001,1000.0,0.1,1e-07,0.0074063865504374,29080131.63372912,1e-06,0.0072053084267168,colebrook
moody_eps1.00e-06_Re3.15e+07,3763990.153377372,324.95335993759926,0.001,1000.0,0.1,1e-07,0.0071291279725471,32495335.993759923,1e-06,0.007118939310056,colebrook
moody_eps1.00e-06_Re3.58e+07,4806674.21490689,367.8321719546668,0.001,1000.0,0.1,1e-07,0.0071051828721979,36783217.19546668,1e-06,0.0070265518496357,colebrook
moody_eps1.00e-06_Re4.07e+07,5934857.21331158,414.4599411909557,0.001,1000.0,0.1,1e-07,0.006909953873667,41445994.11909557,1e-06,0.0069415753970068,colebrook
moody_eps1.00e-06_Re4.63e+07,6968654.164000648,442.666884433284,0.001,1000.0,0.1,1e-07,0.0071125419337942,44266688.44332839,1e-06,0.0068963622662417,colebrook
moody_eps1.32e-06_Re8.46e+03,1.291552849061368,0.0877538417555574,0.001,1000.0,0.1,1.3197340148878117e-07,0.0335436177651176,8775.384175555742,1.3197340148878116e-06,0.0319804759859972,colebrook
moody_eps1.32e-06_Re9.62e+03,1.3064407478580409,0.0926818934297958,0.001,1000.0,0.1,1.3197340148878117e-07,0.0304179483501347,9268.189342979584,1.3197340148878116e-06,0.031515621064375,colebrook
moody_eps1.32e-06_Re1.09e+04,1.5999837924706506,0.1037781485214248,0.001,1000.0,0.1,1.3197340148878117e-07,0.0297121269799528,10377.814852142488,1.3197340148878116e-06,0.0305838137079676,colebrook
moody_eps1.32e-06_Re1.24e+04,1.855413444485936,0.1133606356709138,0.001,1000.0,0.1,1.3197340148878117e-07,0.0288766061651826,11336.063567091383,1.3197340148878116e-06,0.0298833109022875,colebrook
moody_eps1.32e-06_Re1.41e+04,2.992426106698489,0.147101862180855,0.001,1000.0,0.1,1.3197340148878117e-07,0.0276577654660024,14710.186218085504,1.3197340148878116e-06,0.0279460736781451,colebrook
moody_eps1.32e-06_Re1.61e+04,3.644204294707091,0.1650599712087855,0.001,1000.0,0.1,1.3197340148878117e-07,0.0267515642213375,16505.997120878554,1.3197340148878116e-06,0.0271468771892739,colebrook
moody_eps1.32e-06_Re1.83e+04,4.886267105002117,0.1928562088704774,0.001,1000.0,0.1,1.3197340148878117e-07,0.02627483206605,19285.620887047746,1.3197340148878116e-06,0.0261182678168389,colebrook
moody_eps1.32e-06_Re2.08e+04,5.868702805406108,0.2056381991118616,0.001,1000.0,0.1,1.3197340148878117e-07,0.0277564889378829,20563.81991118616,1.3197340148878116e-06,0.0257104346676712,colebrook
moody_eps1.32e-06_Re2.37e+04,6.58759837588757,0.2342286419411597,0.001,1000.0,0.1,1.3197340148878117e-07,0.0240146968523361,23422.864194115977,1.3197340148878116e-06,0.0249108315842032,colebrook
moody_eps1.32e-06_Re2.69e+04,8.799101797566221,0.2705732115198931,0.001,1000.0,0.1,1.3197340148878117e-07,0.0240380229165107,27057.32115198932,1.3197340148878116e-06,0.0240660447631882,colebrook
moody_eps1.32e-06_Re3.06e+04,11.2524492440625,0.315743024342685,0.001,1000.0,0.1,1.3197340148878117e-07,0.0225740524224861,31574.3024342685,1.3197340148878116e-06,0.0232069114472626,colebrook
moody_eps1.32e-06_Re3.48e+04,14.688025488236477,0.3562148136006434,0.001,1000.0,0.1,1.3197340148878117e-07,0.0231509843231725,35621.48136006435,1.3197340148878116e-06,0.0225662368574619,colebrook
moody_eps1.32e-06_Re3.95e+04,16.70238351218495,0.387538558261415,0.001,1000.0,0.1,1.3197340148878117e-07,0.0222422444094462,38753.8558261415,1.3197340148878116e-06,0.022133583308512,colebrook
moody_eps1.32e-06_Re4.50e+04,22.19948241988097,0.438507505055615,0.001,1000.0,0.1,1.3197340148878117e-07,0.0230897262104373,43850.7505055615,1.3197340148878116e-06,0.021520662574247,colebrook
moody_eps1.32e-06_Re5.11e+04,25.81443790176052,0.5005106196774026,0.001,1000.0,0.1,1.3197340148878117e-07,0.0206094344960393,50051.061967740265,1.3197340148878116e-06,0.020891475177259,colebrook
moody_eps1.32e-06_Re5.81e+04,31.92180426221474,0.5629728373737601,0.001,1000.0,0.1,1.3197340148878117e-07,0.0201438529940916,56297.28373737601,1.3197340148878116e-06,0.0203541091996904,colebrook
moody_eps1.32e-06_Re6.61e+04,43.911954632385495,0.6608215003175973,0.001,1000.0,0.1,1.3197340148878117e-07,0.0201114987111378,66082.15003175974,1.3197340148878116e-06,0.0196535513568321,colebrook
moody_eps1.32e-06_Re7.52e+04,51.95701616847889,0.7378930960214718,0.001,1000.0,0.1,1.3197340148878117e-07,0.0190847864095272,73789.30960214719,1.3197340148878116e-06,0.0191914470446244,colebrook
moody_eps1.32e-06_Re8.55e+04,61.40291272866996,0.8189904260904884,0.001,1000.0,0.1,1.3197340148878117e-07,0.0183088606296071,81899.04260904885,1.3197340148878116e-06,0.018769011715718,colebrook
moody_eps1.32e-06_Re9.72e+04,102.26265176028149,1.055420790181455,0.001,1000.0,0.1,1.3197340148878117e-07,0.0183609757115659,105542.07901814548,1.3197340148878116e-06,0.0177962939641791,colebrook
moody_eps1.32e-06_Re1.10e+05,99.11024077504294,1.0792605282208063,0.001,1000.0,0.1,1.3197340148878117e-07,0.0170175070443566,107926.05282208066,1.3197340148878116e-06,0.0177141642121298,colebrook
moody_eps1.32e-06_Re1.26e+05,128.4755907775579,1.2200658890890657,0.001,1000.0,0.1,1.3197340148878117e-07,0.0172617192453087,122006.58890890656,1.3197340148878116e-06,0.0172729555466011,colebrook
moody_eps1.32e-06_Re1.43e+05,167.227766487525,1.429990357407371,0.001,1000.0,0.1,1.3197340148878117e-07,0.0163558141491514,142999.03574073708,1.3197340148878116e-06,0.0167251614237379,colebrook
moody_eps1.32e-06_Re1.62e+05,209.3830302897377,1.562804793423306,0.001,1000.0,0.1,1.3197340148878117e-07,0.0171459679367294,156280.4793423306,1.3197340148878116e-06,0.0164297166347851,colebrook
moody_eps1.32e-06_Re1.85e+05,274.69580950618564,1.8721424435653715,0.001,1000.0,0.1,1.3197340148878117e-07,0.0156748809584415,187214.24435653712,1.3197340148878116e-06,0.0158520135913711,colebrook
moody_eps1.32e-06_Re2.10e+05,332.4208584959036,2.086246638872835,0.001,1000.0,0.1,1.3197340148878117e-07,0.015275202011647,208624.6638872835,1.3197340148878116e-06,0.0155198002429617,colebrook
moody_eps1.32e-06_Re2.39e+05,368.9328868005231,2.1866235052333804,0.001,1000.0,0.1,1.3197340148878117e-07,0.0154322532351212,218662.35052333807,1.3197340148878116e-06,0.0153787983509374,colebrook
moody_eps1.32e-06_Re2.72e+05,497.928321698355,2.629456378394626,0.001,1000.0,0.1,1.3197340148878117e-07,0.0144033954325002,262945.6378394626,1.3197340148878116e-06,0.0148432393904121,colebrook
moody_eps1.32e-06_Re3.09e+05,677.5310122395207,3.0287170154150918,0.001,1000.0,0.1,1.3197340148878117e-07,0.0147720843722221,302871.7015415092,1.3197340148878116e-06,0.0144510945221047,colebrook
moody_eps1.32e-06_Re3.51e+05,778.5811666036608,3.3895072890841065,0.001,1000.0,0.1,1.3197340148878117e-07,0.0135537897816378,338950.72890841065,1.3197340148878116e-06,0.0141497172377557,colebrook
moody_eps1.32e-06_Re3.99e+05,1158.5041996493037,4.069212829465931,0.001,1000.0,0.1,1.3197340148878117e-07,0.013992869955579,406921.282946593,1.3197340148878116e-06,0.0136797528273804,colebrook
moody_eps1.32e-06_Re4.54e+05,1333.2876037323754,4.41028589933166,0.001,1000.0,0.1,1.3197340148878117e-07,0.0137094600198144,441028.589933166,1.3197340148878116e-06,0.0134800953192011,colebrook
moody_eps1.32e-06_Re5.16e+05,1733.1019330763118,5.116200497995366,0.001,1000.0,0.1,1.3197340148878117e-07,0.0132421648803819,511620.0497995365,1.3197340148878116e-06,0.0131230113715381,colebrook
moody_eps1.32e-06_Re5.87e+05,2110.31187951117,5.650735737533323,0.001,1000.0,0.1,1.3197340148878117e-07,0.013218027293,565073.5737533323,1.3197340148878116e-06,0.0128918427759016,colebrook
moody_eps1.32e-06_Re6.67e+05,3034.3796682330053,6.91827077647764,0.001,1000.0,0.1,1.3197340148878117e-07,0.0126795781087336,691827.077647764,1.3197340148878116e-06,0.012439544603495,colebrook
moody_eps1.32e-06_Re7.59e+05,3244.4602015114097,7.715812531762173,0.001,1000.0,0.1,1.3197340148878117e-07,0.0108995636648491,771581.2531762173,1.3197340148878116e-06,0.0122055530030732,colebrook
moody_eps1.32e-06_Re8.63e+05,4516.813339876483,8.69539878267594,0.001,1000.0,0.1,1.3197340148878117e-07,0.01194766758371,869539.8782675939,1.3197340148878116e-06,0.0119567914312169,colebrook
moody_eps1.32e-06_Re9.81e+05,5486.476035814423,9.76707729566978,0.001,1000.0,0.1,1.3197340148878117e-07,0.0115025527310471,976707.7295669778,1.3197340148878116e-06,0.0117222216533201,colebrook
moody_eps1.32e-06_Re1.12e+06,7242.32924424178,11.173479881220668,0.001,1000.0,0.1,1.3197340148878117e-07,0.0116019598285821,1117347.988122067,1.3197340148878116e-06,0.0114594018166898,colebrook
moody_eps1.32e-06_Re1.27e+06,8772.556458317735,12.58394791207366,0.001,1000.0,0.1,1.3197340148878117e-07,0.011079555661638,1258394.791207366,1.3197340148878116e-06,0.0112346337037248,colebrook
moody_eps1.32e-06_Re1.44e+06,11827.177958547549,14.96451607325018,0.001,1000.0,0.1,1.3197340148878117e-07,0.0105629633525447,1496451.607325018,1.3197340148878116e-06,0.0109191144492318,colebrook
moody_eps1.32e-06_Re1.64e+06,15393.369067871878,16.914096099922883,0.001,1000.0,0.1,1.3197340148878117e-07,0.0107613334882191,1691409.6099922883,1.3197340148878116e-06,0.0107044024767787,colebrook
moody_eps1.32e-06_Re1.86e+06,17374.01788060446,18.20264759220041,0.001,1000.0,0.1,1.3197340148878117e-07,0.0104872383249055,1820264.759220041,1.3197340148878116e-06,0.0105788695957788,colebrook
moody_eps1.32e-06_Re2.12e+06,22510.94468447188,20.625948823936632,0.001,1000.0,0.1,1.3197340148878117e-07,0.0105826844016974,2062594.8823936635,1.3197340148878116e-06,0.0103705201786952,colebrook
moody_eps1.32e-06_Re2.41e+06,29485.644218792026,24.36238424743276,0.001,1000.0,0.1,1.3197340148878117e-07,0.009935758781493,2436238.424743276,1.3197340148878116e-06,0.0101031184430177,colebrook
moody_eps1.32e-06_Re2.74e+06,35388.82551313587,26.5224151348254,0.001,1000.0,0.1,1.3197340148878117e-07,0.0100616685843955,2652241.51348254,1.3197340148878116e-06,0.0099710064963689,colebrook
moody_eps1.32e-06_Re3.12e+06,49667.44524282903,32.079970539466245,0.001,1000.0,0.1,1.3197340148878117e-07,0.0096523685461252,3207997.0539466245,1.3197340148878116e-06,0.0096853886092299,colebrook
moody_eps1.32e-06_Re3.54e+06,60652.971393149695,35.89199856106693,0.001,1000.0,0.1,1.3197340148878117e-07,0.0094164410986811,3589199.856106693,1.3197340148878116e-06,0.0095232676364354,colebrook
moody_eps1.32e-06_Re4.03e+06,75645.97533536122,40.38443378511567,0.001,1000.0,0.1,1.3197340148878117e-07,0.009276578544668,4038443.378511567,1.3197340148878116e-06,0.0093579970279485,colebrook
moody_eps1.32e-06_Re4.58e+06,93710.86562946269,46.23292073496509,0.001,1000.0,0.1,1.3197340148878117e-07,0.0087683380309378,4623292.073496508,1.3197340148878116e-06,0.0091746152426209,colebrook
moody_eps1.32e-06_Re5.21e+06,126029.84920909304,53.12513049559443,0.001,1000.0,0.1,1.3197340148878117e-07,0.00893106792916,5312513.049559443,1.3197340148878116e-06,0.0089928871761991,colebrook
moody_eps1.32e-06_Re5.93e+06,156960.32018532103,59.8915919906866,0.001,1000.0,0.1,1.3197340148878117e-07,0.0087516140534552,5989159.19906866,1.3197340148878116e-06,0.0088414195862281,colebrook
moody_eps1.32e-06_Re6.74e+06,194588.36738559,68.02275212984678,0.001,1000.0,0.1,1.3197340148878117e-07,0.0084108225782542,6802275.212984677,1.3197340148878116e-06,0.0086858578005365,colebrook
moody_eps1.32e-06_Re7.66e+06,254641.43493503728,79.38897890716909,0.001,1000.0,0.1,1.3197340148878117e-07,0.0080805074745041,7938897.890716909,1.3197340148878116e-06,0.0085042072739259,colebrook
moody_eps1.32e-06_Re8.71e+06,302759.76684995147,84.43324946045543,0.001,1000.0,0.1,1.3197340148878117e-07,0.0084937827862404,8443324.946045542,1.3197340148878116e-06,0.0084339436740761,colebrook
moody_eps1.32e-06_Re9.90e+06,443360.0503371876,103.49023142122104,0.001,1000.0,0.1,1.3197340148878117e-07,0.008279189768005,10349023.142122105,1.3197340148878116e-06,0.0082103973488611,colebrook
moody_eps1.32e-06_Re1.13e+07,486673.6240803208,111.78844727261234,0.001,1000.0,0.1,1.3197340148878117e-07,0.0077888610734204,11178844.727261234,1.3197340148878116e-06,0.0081290766979481,colebrook
moody_eps1.32e-06_Re1.28e+07,647781.7258242692,127.32726899395196,0.001,1000.0,0.1,1.3197340148878117e-07,0.0079912706493261,12732726.899395196,1.3197340148878116e-06,0.0079960373476487,colebrook
moody_eps1.32e-06_Re1.46e+07,934352.1181066884,153.18855837284767,0.001,1000.0,0.1,1.3197340148878117e-07,0.0079632052890635,15318855.837284766,1.3197340148878116e-06,0.007815960309839,colebrook
moody_eps1.32e-06_Re1.66e+07,1034710.61414348,158.14830666208468,0.001,1000.0,0.1,1.3197340148878117e-07,0.008274081749096,15814830.666208468,1.3197340148878116e-06,0.0077859791816939,colebrook
moody_eps1.32e-06_Re1.88e+07,1287470.9342869297,186.04884567360705,0.001,1000.0,0.1,1.3197340148878117e-07,0.0074389813395899,18604884.567360703,1.3197340148878116e-06,0.0076378619473541,colebrook
moody_eps1.32e-06_Re2.14e+07,1869510.6798830936,223.75635166565837,0.001,1000.0,0.1,1.3197340148878117e-07,0.0074680497355153,22375635.16656583,1.3197340148878116e-06,0.0074792054141089,colebrook
moody_eps1.32e-06_Re2.43e+07,2164168.132770447,240.74649801195417,0.001,1000.0,0.1,1.3197340148878117e-07,0.0074679437240331,24074649.801195417,1.3197340148878116e-06,0.0074190877907441,colebrook
moody_eps1.32e-06_Re2.77e+07,3026156.8102718247,283.8843008202113,0.001,1000.0,0.1,1.3197340148878117e-07,0.0075099781264049,28388430.08202113,1.3197340148878116e-06,0.0072894818526642,colebrook
moody_eps1.32e-06_Re3.15e+07,3506922.678715466,301.99713969924005,0.001,1000.0,0.1,1.3197340148878117e-07,0.007690428290762,30199713.969924003,1.3197340148878116e-06,0.0072429025616827,colebrook
moody_eps1.32e-06_Re3.58e+07,4758254.109422331,368.16565400963367,0.001,1000.0,0.1,1.3197340148878117e-07,0.0070208724817177,36816565.400963366,1.3197340148878116e-06,0.0071011981783281,colebrook
moody_eps1.32e-06_Re4.07e+07,5397593.092786311,397.0335787460652,0.001,1000.0,0.1,1.3197340148878117e-07,0.0068481877793165,39703357.87460652,1.3197340148878116e-06,0.0070501890525649,colebrook
moody_eps1.74e-06_Re8.46e+03,1.2127201722894867,0.0874349736094394,0.001,1000.0,0.1,1.741697870051903e-07,0.0317263587473349,8743.497360943942,1.7416978700519029e-06,0.0320124079354122,colebrook
moody_eps1.74e-06_Re9.62e+03,1.5957936653038467,0.1025249233387118,0.001,1000.0,0.1,1.741697870051903e-07,0.0303632199759871,10252.492333871189,1.7416978700519029e-06,0.030682678297503,colebrook
moody_eps1.74e-06_Re1.09e+04,1.6940961469221865,0.1057626251395264,0.001,1000.0,0.1,1.741697870051903e-07,0.0302903022205337,10576.26251395264,1.7416978700519029e-06,0.0304322775169694,colebrook
moody_eps1.74e-06_Re1.24e+04,2.3228467025091035,0.1285219000748413,0.001,1000.0,0.1,1.741697870051903e-07,0.0281252421185119,12852.190007484129,1.7416978700519029e-06,0.0289274529249768,colebrook
moody_eps1.74e-06_Re1.41e+04,3.0461406752403923,0.1500178935253525,0.001,1000.0,0.1,1.741697870051903e-07,0.0270703471643447,15001.78935253525,1.7416978700519029e-06,0.0278083049327333,colebrook
moody_eps1.74e-06_Re1.61e+04,3.7788234000059897,0.1655550902421712,0.001,1000.0,0.1,1.741697870051903e-07,0.0275741107141029,16555.50902421712,1.7416978700519029e-06,0.0271273771172063,colebrook
moody_eps1.74e-06_Re1.83e+04,4.536692116202764,0.1820903784618183,0.001,1000.0,0.1,1.741697870051903e-07,0.0273649907262383,18209.03784618184,1.7416978700519029e-06,0.0264921508914495,colebrook
moody_eps1.74e-06_Re2.08e+04,5.3386151496691445,0.1988566900457062,0.001,1000.0,0.1,1.741697870051903e-07,0.0270008973345818,19885.66900457062,1.7416978700519029e-06,0.0259233199159243,colebrook
moody_eps1.74e-06_Re2.37e+04,6.816564895991687,0.2360683485122442,0.001,1000.0,0.1,1.741697870051903e-07,0.0244635819015124,23606.83485122442,1.7416978700519029e-06,0.0248649359481687,colebrook
moody_eps1.74e-06_Re2.69e+04,9.361444918694078,0.2750521278766081,0.001,1000.0,0.1,1.741697870051903e-07,0.0247481570724929,27505.21278766081,1.7416978700519029e-06,0.0239736198792276,colebrook
moody_eps1.74e-06_Re3.06e+04,12.09216451533182,0.3129466707293434,0.001,1000.0,0.1,1.741697870051903e-07,0.0246941096064996,31294.667072934342,1.7416978700519029e-06,0.0232563827930983,colebrook
moody_eps1.74e-06_Re3.48e+04,15.09952048131302,0.3591766153231316,0.001,1000.0,0.1,1.741697870051903e-07,0.0234086864253475,35917.66153231317,1.7416978700519029e-06,0.0225244631404106,colebrook
moody_eps1.74e-06_Re3.95e+04,16.788640095642712,0.3890275056290152,0.001,1000.0,0.1,1.741697870051903e-07,0.0221863008391084,38902.75056290152,1.7416978700519029e-06,0.0221155129513175,colebrook
moody_eps1.74e-06_Re4.50e+04,22.27424487564025,0.4572311049284779,0.001,1000.0,0.1,1.741697870051903e-07,0.0213089205874391,45723.110492847794,1.7416978700519029e-06,0.02132026564386,colebrook
moody_eps1.74e-06_Re5.11e+04,27.966739976652097,0.5158427961968278,0.001,1000.0,0.1,1.741697870051903e-07,0.0210202124114627,51584.279619682784,1.7416978700519029e-06,0.0207532181791322,colebrook
moody_eps1.74e-06_Re5.81e+04,35.61355075952315,0.5961747560512527,0.001,1000.0,0.1,1.741697870051903e-07,0.0200400179595441,59617.47560512526,1.7416978700519029e-06,0.020101198479318,colebrook
moody_eps1.74e-06_Re6.61e+04,41.09954559886496,0.6540383983564088,0.001,1000.0,0.1,1.741697870051903e-07,0.0192158908536458,65403.83983564088,1.7416978700519029e-06,0.0196993778663187,colebrook
moody_eps1.74e-06_Re7.52e+04,53.31397839938264,0.7316934099560873,0.001,1000.0,0.1,1.741697870051903e-07,0.0199164898939456,73169.34099560873,1.7416978700519029e-06,0.0192281334357498,colebrook
moody_eps1.74e-06_Re8.55e+04,69.23089303159739,0.8523791421613849,0.001,1000.0,0.1,1.741697870051903e-07,0.0190574286103854,85237.9142161385,1.7416978700519029e-06,0.0186127838319736,colebrook
moody_eps1.74e-06_Re9.72e+04,75.2221452081474,0.9345822869155842,0.001,1000.0,0.1,1.741697870051903e-07,0.0172242618449611,93458.2286915584,1.7416978700519029e-06,0.0182554562055579,colebrook
moody_eps1.74e-06_Re1.10e+05,105.26588614116268,1.0706287522869686,0.001,1000.0,0.1,1.741697870051903e-07,0.0183670683270926,107062.87522869684,1.7416978700519029e-06,0.0177460061898399,colebrook
moody_eps1.74e-06_Re1.26e+05,144.98421824492112,1.2972085322297924,0.001,1000.0,0.1,1.741697870051903e-07,0.0172318193795875,129720.85322297922,1.7416978700519029e-06,0.0170610225793067,colebrook
moody_eps1.74e-06_Re1.43e+05,162.84199577807945,1.3945346327487635,0.001,1000.0,0.1,1.741697870051903e-07,0.0167470302015259,139453.46327487635,1.7416978700519029e-06,0.0168128759827267,colebrook
moody_eps1.74e-06_Re1.62e+05,209.5032932062354,1.609858957311006,0.001,1000.0,0.1,1.741697870051903e-07,0.016167586493429,160985.8957311006,1.7416978700519029e-06,0.0163357769027007,colebrook
moody_eps1.74e-06_Re1.85e+05,230.76659418993063,1.713179169998285,0.001,1000.0,0.1,1.741697870051903e-07,0.0157252430101311,171317.9169998285,1.7416978700519029e-06,0.0161352294782239,colebrook
moody_eps1.74e-06_Re2.10e+05,354.13040695801925,2.088159706475776,0.001,1000.0,0.1,1.741697870051903e-07,0.0162429830686603,208815.97064757755,1.7416978700519029e-06,0.0155205999513136,colebrook
moody_eps1.74e-06_Re2.39e+05,453.6411048989132,2.3995044354103605,0.001,1000.0,0.1,1.741697870051903e-07,0.0157579341433828,239950.44354103607,1.7416978700519029e-06,0.0151094042046903,colebrook
moody_eps1.74e-06_Re2.72e+05,528.4675509499699,2.683393566416439,0.001,1000.0,0.1,1.741697870051903e-07,0.0146784288861581,268339.35664164386,1.7416978700519029e-06,0.0147901238530129,colebrook
moody_eps1.74e-06_Re3.09e+05,563.1840656529118,2.7466014824528515,0.001,1000.0,0.1,1.741697870051903e-07,0.0149310054533295,274660.14824528515,1.7416978700519029e-06,0.0147249015499507,colebrook
moody_eps1.74e-06_Re3.51e+05,941.2877013774602,3.5687427484725367,0.001,1000.0,0.1,1.741697870051903e-07,0.0147816152467314,356874.2748472537,1.7416978700519029e-06,0.0140198113177538,colebrook
moody_eps1.74e-06_Re3.99e+05,1068.5653022247188,3.933978182919936,0.001,1000.0,0.1,1.741697870051903e-07,0.0138091570699129,393397.8182919935,1.7416978700519029e-06,0.0137702064203421,colebrook
moody_eps1.74e-06_Re4.54e+05,1283.685191497504,4.443941419367585,0.001,1000.0,0.1,1.741697870051903e-07,0.0130002551518369,444394.1419367584,1.7416978700519029e-06,0.0134671945701033,colebrook
moody_eps1.74e-06_Re5.16e+05,1661.9325987597556,5.051917161787157,0.001,1000.0,0.1,1.741697870051903e-07,0.013023597357805,505191.71617871575,1.7416978700519029e-06,0.013159090980784,colebrook
moody_eps1.74e-06_Re5.87e+05,2376.2521043828056,6.112144569523419,0.001,1000.0,0.1,1.741697870051903e-07,0.0127214107147206,611214.456952342,1.7416978700519029e-06,0.01272056670158,colebrook
moody_eps1.74e-06_Re6.67e+05,2682.08562638014,6.516593288978957,0.001,1000.0,0.1,1.741697870051903e-07,0.0126316883075717,651659.3288978956,1.7416978700519029e-06,0.0125780378705569,colebrook
moody_eps1.74e-06_Re7.59e+05,3496.700799919047,7.637335154188633,0.001,1000.0,0.1,1.741697870051903e-07,0.0119896020801497,763733.5154188633,1.7416978700519029e-06,0.0122353186724259,colebrook
moody_eps1.74e-06_Re8.63e+05,4486.618304692295,8.928711776476975,0.001,1000.0,0.1,1.741697870051903e-07,0.0112556741449255,892871.1776476974,1.7416978700519029e-06,0.0119117205630626,colebrook
moody_eps1.74e-06_Re9.81e+05,5687.756730457045,9.747611657127235,0.001,1000.0,0.1,1.741697870051903e-07,0.0119722167636238,974761.1657127236,1.7416978700519029e-06,0.0117357145006196,colebrook
moody_eps1.74e-06_Re1.12e+06,6703.874901134856,10.715905980443711,0.001,1000.0,0.1,1.741697870051903e-07,0.0116761081255353,1071590.5980443712,1.7416978700519029e-06,0.0115502502221012,colebrook
moody_eps1.74e-06_Re1.27e+06,9834.113282767052,13.185562260544858,0.001,1000.0,0.1,1.741697870051903e-07,0.0113127423191058,1318556.2260544857,1.7416978700519029e-06,0.011159817361278,colebrook
moody_eps1.74e-06_Re1.44e+06,10195.445343208,13.70943649429351,0.001,1000.0,0.1,1.741697870051903e-07,0.010849181835505,1370943.6494293509,1.7416978700519029e-06,0.0110887992369063,colebrook
moody_eps1.74e-06_Re1.64e+06,15642.92130691497,17.016982383572607,0.001,1000.0,0.1,1.741697870051903e-07,0.0108039547777411,1701698.2383572608,1.7416978700519029e-06,0.0107076901922265,colebrook
moody_eps1.74e-06_Re1.86e+06,18581.2133565864,18.64168974687857,0.001,1000.0,0.1,1.741697870051903e-07,0.0106938358709136,1864168.9746878564,1.7416978700519029e-06,0.0105532246874246,colebrook
moody_eps1.74e-06_Re2.12e+06,23682.948867105024,21.666801652683212,0.001,1000.0,0.1,1.741697870051903e-07,0.0100896513121934,2166680.165268321,1.7416978700519029e-06,0.0103063914622883,colebrook
moody_eps1.74e-06_Re2.41e+06,29115.677421989723,23.900305906752735,0.001,1000.0,0.1,1.741697870051903e-07,0.0101941254905318,2390030.590675274,1.7416978700519029e-06,0.0101505126600003,colebrook
moody_eps1.74e-06_Re2.74e+06,36094.07613864178,26.97034817874118,0.001,1000.0,0.1,1.741697870051903e-07,0.0099241385684552,2697034.8178741178,1.7416978700519029e-06,0.0099639499614388,colebrook
moody_eps1.74e-06_Re3.12e+06,49441.5618506304,32.40933340215041,0.001,1000.0,0.1,1.741697870051903e-07,0.0094141687802697,3240933.340215041,1.7416978700519029e-06,0.0096915121601304,colebrook
moody_eps1.74e-06_Re3.54e+06,70741.7697023203,37.55339157086607,0.001,1000.0,0.1,1.741697870051903e-07,0.0100324634081757,3755339.157086607,1.7416978700519029e-06,0.0094824796119006,colebrook
moody_eps1.74e-06_Re4.03e+06,68999.93108301223,38.28331452030499,0.001,1000.0,0.1,1.741697870051903e-07,0.0094158512687448,3828331.4520305,1.7416978700519029e-06,0.0094557711064375,colebrook
moody_eps1.74e-06_Re4.58e+06,96379.29314573768,46.300446151683,0.001,1000.0,0.1,1.741697870051903e-07,0.0089917325481313,4630044.6151683,1.7416978700519029e-06,0.0091993394450057,colebrook
moody_eps1.74e-06_Re5.21e+06,117010.18243946668,50.962596047973705,0.001,1000.0,0.1,1.741697870051903e-07,0.0090105347565744,5096259.60479737,1.7416978700519029e-06,0.0090749411221467,colebrook
moody_eps1.74e-06_Re5.93e+06,160082.509814676,60.57929865846306,0.001,1000.0,0.1,1.741697870051903e-07,0.0087241956817464,6057929.865846306,1.7416978700519029e-06,0.0088590567164251,colebrook
moody_eps1.74e-06_Re6.74e+06,221405.87737114693,71.16721280353592,0.001,1000.0,0.1,1.741697870051903e-07,0.0087429747905776,7116721.280353591,1.7416978700519029e-06,0.0086672475901605,colebrook
moody_eps1.74e-06_Re7.66e+06,261519.5926618164,76.37135283976775,0.001,1000.0,0.1,1.741697870051903e-07,0.0089675386940108,7637135.283976775,1.7416978700519029e-06,0.0085860041639951,colebrook
moody_eps1.74e-06_Re8.71e+06,335309.4387996018,88.75918138872728,0.001,1000.0,0.1,1.741697870051903e-07,0.0085123446305547,8875918.138872728,1.7416978700519029e-06,0.0084185602009551,colebrook
moody_eps1.74e-06_Re9.90e+06,422028.5225019501,98.06766953189046,0.001,1000.0,0.1,1.741697870051903e-07,0.0087764743782327,9806766.953189043,1.7416978700519029e-06,0.0083116255805605,colebrook
moody_eps1.74e-06_Re1.13e+07,538981.7730467276,115.3995117184532,0.001,1000.0,0.1,1.741697870051903e-07,0.0080946137789888,11539951.17184532,1.7416978700519029e-06,0.0081441608879704,colebrook
moody_eps1.74e-06_Re1.28e+07,610079.7123911418,122.14184319442536,0.001,1000.0,0.1,1.741697870051903e-07,0.0081787633068179,12214184.319442537,1.7416978700519029e-06,0.0080877648547539,colebrook
moody_eps1.74e-06_Re1.46e+07,747612.0391849626,140.7014554116435,0.001,1000.0,0.1,1.741697870051903e-07,0.0075528194413438,14070145.541164352,1.7416978700519029e-06,0.007951807871577,colebrook
moody_eps1.74e-06_Re1.66e+07,1061768.2188823745,164.19118049597392,0.001,1000.0,0.1,1.741697870051903e-07,0.0078769858760763,16419118.049597394,1.7416978700519029e-06,0.007810751598176,colebrook
moody_eps1.74e-06_Re1.88e+07,1478535.130968666,195.65129814291575,0.001,1000.0,0.1,1.741697870051903e-07,0.0077249588774327,19565129.814291578,1.7416978700519029e-06,0.0076597775640982,colebrook
moody_eps1.74e-06_Re2.14e+07,1753986.0642723185,219.31162209243465,0.001,1000.0,0.1,1.741697870051903e-07,0.0072934471450542,21931162.20924346,1.7416978700519029e-06,0.0075666677184266,colebrook
moody_eps1.74e-06_Re2.43e+07,2222937.1074945526,243.2502179529571,0.001,1000.0,0.1,1.741697870051903e-07,0.0075136454008836,24325021.795295708,1.7416978700519029e-06,0.0074856991076695,colebrook
moody_eps1.74e-06_Re2.77e+07,2983528.045066211,284.03216415176195,0.001,1000.0,0.1,1.741697870051903e-07,0.0073964797821656,28403216.4151762,1.7416978700519029e-06,0.0073707713514683,colebrook
moody_eps1.74e-06_Re3.15e+07,3727881.24297949,322.4009595438325,0.001,1000.0,0.1,1.741697870051903e-07,0.0071729765838989,32240095.95438325,1.7416978700519029e-06,0.0072822995901256,colebrook
moody_eps1.74e-06_Re3.58e+07,4773326.898775195,361.71831848440087,0.001,1000.0,0.1,1.741697870051903e-07,0.0072964257428453,36171831.84844009,1.7416978700519029e-06,0.0072061772670273,colebrook
moody_eps1.74e-06_Re4.07e+07,5524783.314648713,391.9316185671174,0.001,1000.0,0.1,1.741697870051903e-07,0.0071932415300767,39193161.85671174,1.7416978700519029e-06,0.0071554603456554,colebrook
moody_eps2.30e-06_Re7.44e+03,0.9386292062822444,0.0750227019820779,0.001,1000.0,0.1,2.298577922765148e-07,0.0333532882140693,7502.270198207798,2.298577922765148e-06,0.0333712205748925,colebrook
moody_eps2.30e-06_Re8.46e+03,1.1226561856008332,0.0841536215650341,0.001,1000.0,0.1,2.298577922765148e-07,0.0317052475131364,8415.362156503417,2.298577922765148e-06,0.0323449688444017,colebrook
moody_eps2.30e-06_Re9.62e+03,1.3930022536235536,0.0954980451957083,0.001,1000.0,0.1,2.298577922765148e-07,0.0305487082598025,9549.804519570836,2.298577922765148e-06,0.0312665343862722,colebrook
moody_eps2.30e-06_Re1.09e+04,1.5358717796261838,0.1017639380902557,0.001,1000.0,0.1,2.298577922765148e-07,0.0296617756786215,10176.393809025576,2.298577922765148e-06,0.0307439877852698,colebrook
moody_eps2.30e-06_Re1.24e+04,2.425858490680683,0.126220943997473,0.001,1000.0,0.1,2.298577922765148e-07,0.0304531773085275,12622.094399747302,2.298577922765148e-06,0.0290633518867379,colebrook
moody_eps2.30e-06_Re1.41e+04,3.11583630786746,0.1493996948148744,0.001,1000.0,0.1,2.298577922765148e-07,0.0279193439315832,14939.969481487446,2.298577922765148e-06,0.0278384240692204,colebrook
moody_eps2.30e-06_Re1.61e+04,3.808193338997675,0.1652522098471165,0.001,1000.0,0.1,2.298577922765148e-07,0.0278903801025631,16525.220984711654,2.298577922765148e-06,0.0271409183911007,colebrook
moody_eps2.30e-06_Re1.83e+04,4.057620364306598,0.1791739434378465,0.001,1000.0,0.1,2.298577922765148e-07,0.0252785234578871,17917.394343784657,2.298577922765148e-06,0.0265995249063975,colebrook
moody_eps2.30e-06_Re2.08e+04,5.269991551313374,0.2082012162732404,0.001,1000.0,0.1,2.298577922765148e-07,0.0243149505197981,20820.12162732404,2.298577922765148e-06,0.0256349700985608,colebrook
moody_eps2.30e-06_Re2.37e+04,6.961553556924207,0.2342605618205291,0.001,1000.0,0.1,2.298577922765148e-07,0.025371012732918,23426.05618205291,2.298577922765148e-06,0.0249123528471416,colebrook
moody_eps2.30e-06_Re2.69e+04,8.094182795528104,0.2577224754803756,0.001,1000.0,0.1,2.298577922765148e-07,0.0243724066344427,25772.247548037565,2.298577922765148e-06,0.0243488045829608,colebrook
moody_eps2.30e-06_Re3.06e+04,11.80359237430664,0.3173925943240756,0.001,1000.0,0.1,2.298577922765148e-07,0.0234342263479616,31739.25943240756,2.298577922765148e-06,0.0231814466167402,colebrook
moody_eps2.30e-06_Re3.48e+04,14.494844225065645,0.3532097598324381,0.001,1000.0,0.1,2.298577922765148e-07,0.0232368982984832,35320.97598324381,2.298577922765148e-06,0.0226133230199796,colebrook
moody_eps2.30e-06_Re3.95e+04,18.972144526285845,0.4164785084668322,0.001,1000.0,0.1,2.298577922765148e-07,0.021875663243301,41647.85084668322,2.298577922765148e-06,0.0217765142053067,colebrook
moody_eps2.30e-06_Re4.50e+04,23.049157795235885,0.4664657094140852,0.001,1000.0,0.1,2.298577922765148e-07,0.0211858361682409,46646.57094140852,2.298577922765148e-06,0.0212266598050763,colebrook
moody_eps2.30e-06_Re5.11e+04,26.64398935953501,0.5028882302129866,0.001,1000.0,0.1,2.298577922765148e-07,0.0210710561552376,50288.82302129866,2.298577922765148e-06,0.0208729846735327,colebrook
moody_eps2.30e-06_Re5.81e+04,32.49970311215429,0.5707961473210552,0.001,1000.0,0.1,2.298577922765148e-07,0.0199502031826731,57079.61473210552,2.298577922765148e-06,0.0202961904190849,colebrook
moody_eps2.30e-06_Re6.61e+04,38.79555969867034,0.6489968222839283,0.001,1000.0,0.1,2.298577922765148e-07,0.0184215800118876,64899.68222839283,2.298577922765148e-06,0.0197348385856312,colebrook
moody_eps2.30e-06_Re7.52e+04,52.2827182261864,0.7539141796824032,0.001,1000.0,0.1,2.298577922765148e-07,0.0183968865965616,75391.41796824032,2.298577922765148e-06,0.019107797624793,colebrook
moody_eps2.30e-06_Re8.55e+04,70.54598331806505,0.8517976523681585,0.001,1000.0,0.1,2.298577922765148e-07,0.0194459609560429,85179.76523681585,2.298577922765148e-06,0.0186182135024371,colebrook
moody_eps2.30e-06_Re9.72e+04,81.79344844870053,0.9566050240326024,0.001,1000.0,0.1,2.298577922765148e-07,0.0178765290685189,95660.50240326022,2.298577922765148e-06,0.0181695824502328,colebrook
moody_eps2.30e-06_Re1.10e+05,117.74479695102772,1.151005736113134,0.001,1000.0,0.1,2.298577922765148e-07,0.0177752920440129,115100.5736113134,2.298577922765148e-06,0.0174863439857831,colebrook
moody_eps2.30e-06_Re1.26e+05,141.3552311594887,1.2936506238205276,0.001,1000.0,0.1,2.298577922765148e-07,0.0168930425617293,129365.06238205275,2.298577922765148e-06,0.0170740640764179,colebrook
moody_eps2.30e-06_Re1.43e+05,174.1636271980669,1.460922906735613,0.001,1000.0,0.1,2.298577922765148e-07,0.0163204774278378,146092.2906735613,2.298577922765148e-06,0.0166599171033916,colebrook
moody_eps2.30e-06_Re1.62e+05,211.1958527484784,1.5916947572287958,0.001,1000.0,0.1,2.298577922765148e-07,0.0166723112652701,159169.47572287958,2.298577922765148e-06,0.0163767395344779,colebrook
moody_eps2.30e-06_Re1.85e+05,268.6980052395519,1.814085906614022,0.001,1000.0,0.1,2.298577922765148e-07,0.0163297200436292,181408.5906614022,2.298577922765148e-06,0.0159582064335019,colebrook
moody_eps2.30e-06_Re2.10e+05,370.11434249975,2.256324038040044,0.001,1000.0,0.1,2.298577922765148e-07,0.0145399519124012,225632.4038040044,2.298577922765148e-06,0.0152943692983325,colebrook
moody_eps2.30e-06_Re2.39e+05,428.248487103524,2.334677597541164,0.001,1000.0,0.1,2.298577922765148e-07,0.0157134663900578,233467.7597541164,2.298577922765148e-06,0.0151941987088418,colebrook
moody_eps2.30e-06_Re2.72e+05,559.067051953778,2.7034834599300246,0.001,1000.0,0.1,2.298577922765148e-07,0.015298415787782,270348.34599300247,2.298577922765148e-06,0.0147747048127695,colebrook
moody_eps2.30e-06_Re3.09e+05,656.5784819146611,2.9953019561312497,0.001,1000.0,0.1,2.298577922765148e-07,0.0146364387913574,299530.195613125,2.298577922765148e-06,0.0144916685517381,colebrook
moody_eps2.30e-06_Re3.51e+05,863.5296935710878,3.4948267480846624,0.001,1000.0,0.1,2.298577922765148e-07,0.014140213591475,349482.6748084662,2.298577922765148e-06,0.0140807926336265,colebrook
moody_eps2.30e-06_Re3.99e+05,1074.637996940975,4.031697451291642,0.001,1000.0,0.1,2.298577922765148e-07,0.0132225835437575,403169.7451291641,2.298577922765148e-06,0.0137154979832842,colebrook
moody_eps2.30e-06_Re4.54e+05,1359.9497049376823,4.395069760954664,0.001,1000.0,0.1,2.298577922765148e-07,0.0140806044053788,439506.9760954664,2.298577922765148e-06,0.0135017722704431,colebrook
moody_eps2.30e-06_Re5.16e+05,1780.9182863354351,5.206758314424962,0.001,1000.0,0.1,2.298577922765148e-07,0.0131382992788218,520675.8314424963,2.298577922765148e-06,0.0130964497739538,colebrook
moody_eps2.30e-06_Re5.87e+05,2226.222343245532,5.860836392130398,0.001,1000.0,0.1,2.298577922765148e-07,0.0129622184658662,586083.6392130399,2.298577922765148e-06,0.0128243098819592,colebrook
moody_eps2.30e-06_Re6.67e+05,2542.448029693072,6.445550061770871,0.001,1000.0,0.1,2.298577922765148e-07,0.0122394557966609,644555.0061770871,2.298577922765148e-06,0.0126118346995429,colebrook
moody_eps2.30e-06_Re7.59e+05,3808.106607302659,7.890479035509855,0.001,1000.0,0.1,2.298577922765148e-07,0.0122329824589499,789047.9035509855,2.298577922765148e-06,0.0121775918284065,colebrook
moody_eps2.30e-06_Re8.63e+05,4592.788846329828,8.850590181218257,0.001,1000.0,0.1,2.298577922765148e-07,0.0117263272946171,885059.0181218255,2.298577922765148e-06,0.0119413412032043,colebrook
moody_eps2.30e-06_Re9.81e+05,6154.639280215079,10.22392331392126,0.001,1000.0,0.1,2.298577922765148e-07,0.0117759901373582,1022392.331392126,2.298577922765148e-06,0.0116546398639468,colebrook
moody_eps2.30e-06_Re1.12e+06,7460.178010153166,11.317152871827762,0.001,1000.0,0.1,2.298577922765148e-07,0.0116494338973399,1131715.287182776,2.298577922765148e-06,0.0114592321473937,colebrook
moody_eps2.30e-06_Re1.27e+06,8186.641634169438,12.384248639983976,0.001,1000.0,0.1,2.298577922765148e-07,0.0106757021818528,1238424.8639983975,2.298577922765148e-06,0.0112902775438031,colebrook
moody_eps2.30e-06_Re1.44e+06,11336.644183323731,13.964873056032529,0.001,1000.0,0.1,2.298577922765148e-07,0.0116262732836009,1396487.3056032527,2.298577922765148e-06,0.0110712514545891,colebrook
moody_eps2.30e-06_Re1.64e+06,15427.04038216981,17.051927141991307,0.001,1000.0,0.1,2.298577922765148e-07,0.0106112287110711,1705192.714199131,2.298577922765148e-06,0.0107222432682325,colebrook
moody_eps2.30e-06_Re1.86e+06,18647.16453501277,18.47920295511657,0.001,1000.0,0.1,2.298577922765148e-07,0.0109213500663559,1847920.295511657,2.298577922765148e-06,0.0105869426762799,colebrook
moody_eps2.30e-06_Re2.12e+06,22194.446708360385,21.09629529539816,0.001,1000.0,0.1,2.298577922765148e-07,0.0099738292010973,2109629.529539816,2.298577922765148e-06,0.0103702629494718,colebrook
moody_eps2.30e-06_Re2.41e+06,32129.40182863639,25.04237909454005,0.001,1000.0,0.1,2.298577922765148e-07,0.0102466396756995,2504237.909454005,2.298577922765148e-06,0.0101010002942693,colebrook
moody_eps2.30e-06_Re2.74e+06,32258.415588190797,25.420770780751425,0.001,1000.0,0.1,2.298577922765148e-07,0.0099837937161434,2542077.0780751426,2.298577922765148e-06,0.0100780405426373,colebrook
moody_eps2.30e-06_Re3.12e+06,48567.32935380665,31.3063327870319,0.001,1000.0,0.1,2.298577922765148e-07,0.009910825363467,3130633.278703189,2.298577922765148e-06,0.0097687667123369,colebrook
moody_eps2.30e-06_Re3.54e+06,59620.90889924593,35.60650514644565,0.001,1000.0,0.1,2.298577922765148e-07,0.0094052401767147,3560650.5146445646,2.298577922765148e-06,0.0095863408146005,colebrook
moody_eps2.30e-06_Re4.03e+06,76662.58721724738,40.16293522036957,0.001,1000.0,0.1,2.298577922765148e-07,0.0095052288593797,4016293.5220369566,2.298577922765148e-06,0.0094215351641215,colebrook
moody_eps2.30e-06_Re4.58e+06,94599.44537051652,45.45990494637782,0.001,1000.0,0.1,2.298577922765148e-07,0.0091550672582271,4545990.494637782,2.298577922765148e-06,0.0092577824737451,colebrook
moody_eps2.30e-06_Re5.21e+06,128565.1399597301,54.10285115816808,0.001,1000.0,0.1,2.298577922765148e-07,0.0087844164702256,5410285.115816807,2.298577922765148e-06,0.009037454262076,colebrook
moody_eps2.30e-06_Re5.93e+06,144576.17009769188,58.632783272955606,0.001,1000.0,0.1,2.298577922765148e-07,0.0084109623826992,5863278.32729556,2.298577922765148e-06,0.008939449150111,colebrook
moody_eps2.30e-06_Re6.74e+06,210461.03212683456,68.47443764666677,0.001,1000.0,0.1,2.298577922765148e-07,0.008977279422994,6847443.7646666765,2.298577922765148e-06,0.0087569611408951,colebrook
moody_eps2.30e-06_Re7.66e+06,268450.98300343106,77.87769058247169,0.001,1000.0,0.1,2.298577922765148e-07,0.0088525597291503,7787769.058247169,2.298577922765148e-06,0.0086121713633305,colebrook
moody_eps2.30e-06_Re8.71e+06,333626.415048973,88.26641125582128,0.001,1000.0,0.1,2.298577922765148e-07,0.0085644501480506,8826641.125582127,2.298577922765148e-06,0.0084768970628729,colebrook
moody_eps2.30e-06_Re9.90e+06,417667.3538963552,100.46509656349312,0.001,1000.0,0.1,2.298577922765148e-07,0.0082761835611542,10046509.656349313,2.298577922765148e-06,0.0083428191975728,colebrook
moody_eps2.30e-06_Re1.13e+07,552315.1139114038,116.71036012294292,0.001,1000.0,0.1,2.298577922765148e-07,0.0081095751953138,11671036.01229429,2.298577922765148e-06,0.0081948232861887,colebrook
moody_eps2.30e-06_Re1.28e+07,627803.5351263502,122.56339854869898,0.001,1000.0,0.1,2.298577922765148e-07,0.008358573439722,12256339.854869898,2.298577922765148e-06,0.0081481773397363,colebrook
moody_eps2.30e-06_Re1.46e+07,914112.0616288312,153.92625041608323,0.001,1000.0,0.1,2.298577922765148e-07,0.0077162102835647,15392625.041608324,2.298577922765148e-06,0.0079417041538288,colebrook
moody_eps2.30e-06_Re1.66e+07,1051949.8598171251,165.06793144344002,0.001,1000.0,0.1,2.298577922765148e-07,0.0077214634115768,16506793.144344002,2.298577922765148e-06,0.007881885622811,colebrook
moody_eps2.30e-06_Re1.88e+07,1350026.3807739776,186.129384810888,0.001,1000.0,0.1,2.298577922765148e-07,0.0077936763522508,18612938.4810888,2.298577922765148e-06,0.0077829067888597,colebrook
moody_eps2.30e-06_Re2.14e+07,1624516.8145667908,206.2437683996698,0.001,1000.0,0.1,2.298577922765148e-07,0.0076382265581544,20624376.83996698,2.298577922765148e-06,0.0077021157240534,colebrook
moody_eps2.30e-06_Re2.43e+07,2029966.3137314648,232.94154931883804,0.001,1000.0,0.1,2.298577922765148e-07,0.0074821241026802,23294154.931883805,2.298577922765148e-06,0.0076107639292693,colebrook
moody_eps2.30e-06_Re2.77e+07,2596526.3588964497,267.1039772901328,0.001,1000.0,0.1,2.298577922765148e-07,0.007278837462153,26710397.72901328,2.298577922765148e-06,0.0075138124079998,colebrook
moody_eps2.30e-06_Re3.15e+07,3446467.6109577427,298.8902047374515,0.001,1000.0,0.1,2.298577922765148e-07,0.0077157976944522,29889020.473745145,2.298577922765148e-06,0.0074386489385287,colebrook
moody_eps2.30e-06_Re3.58e+07,4560692.807076685,363.3617551034029,0.001,1000.0,0.1,2.298577922765148e-07,0.0069084781296314,36336175.51034029,2.298577922765148e-06,0.0073175333203891,colebrook
moody_eps2.30e-06_Re4.07e+07,5685507.209677236,399.6846359638632,0.001,1000.0,0.1,2.298577922765148e-07,0.0071181035568879,39968463.59638633,2.298577922765148e-06,0.0072627205756031,colebrook
moody_eps3.03e-06_Re8.46e+03,1.1694367806901331,0.0845650529569269,0.001,1000.0,0.1,3.033511470543335e-07,0.0327058088599912,8456.505295692692,3.033511470543335e-06,0.0323034450504294,colebrook
moody_eps3.03e-06_Re9.62e+03,1.3964169000635167,0.0954009735973223,0.001,1000.0,0.1,3.033511470543335e-07,0.0306859432962491,9540.097359732235,3.033511470543335e-06,0.031276111588786,colebrook
moody_eps3.03e-06_Re1.09e+04,1.7973027185194248,0.1091355398955485,0.001,1000.0,0.1,3.033511470543335e-07,0.030179971434003,10913.553989554855,3.033511470543335e-06,0.0301844952650901,colebrook
moody_eps3.03e-06_Re1.24e+04,2.2046761420412806,0.1218253719787954,0.001,1000.0,0.1,3.033511470543335e-07,0.0297097711027746,12182.537197879545,3.033511470543335e-06,0.02933197216913,colebrook
moody_eps3.03e-06_Re1.41e+04,2.951993233632127,0.1446932045932561,0.001,1000.0,0.1,3.033511470543335e-07,0.0281999983417315,14469.320459325614,3.033511470543335e-06,0.0280665770050399,colebrook
moody_eps3.03e-06_Re1.61e+04,3.796421443606389,0.1693683737919553,0.001,1000.0,0.1,3.033511470543335e-07,0.0264691367814361,16936.83737919553,3.033511470543335e-06,0.0269760537625082,colebrook
moody_eps3.03e-06_Re1.83e+04,4.495590472741482,0.1858133644667093,0.001,1000.0,0.1,3.033511470543335e-07,0.026041310974956,18581.336446670928,3.033511470543335e-06,0.0263625964591,colebrook
moody_eps3.03e-06_Re2.08e+04,5.478298623095431,0.2094776945035568,0.001,1000.0,0.1,3.033511470543335e-07,0.0249689412112227,20947.76945035568,3.033511470543335e-06,0.0255984340872057,colebrook
moody_eps3.03e-06_Re2.37e+04,7.4132342531186195,0.2445660945217858,0.001,1000.0,0.1,3.033511470543335e-07,0.0247882131942294,24456.609452178585,3.033511470543335e-06,0.024657660884481,colebrook
moody_eps3.03e-06_Re2.69e+04,8.938777342020815,0.2787325581518402,0.001,1000.0,0.1,3.033511470543335e-07,0.0230108527744524,27873.255815184024,3.033511470543335e-06,0.0239016819682505,colebrook
moody_eps3.03e-06_Re3.06e+04,10.371109286862486,0.3013081441394694,0.001,1000.0,0.1,3.033511470543335e-07,0.0228472253543492,30130.814413946944,3.033511470543335e-06,0.0234672693168478,colebrook
moody_eps3.03e-06_Re3.48e+04,13.065334202654183,0.3422132887406707,0.001,1000.0,0.1,3.033511470543335e-07,0.0223129390408953,34221.32887406708,3.033511470543335e-06,0.0227814139790204,colebrook
moody_eps3.03e-06_Re3.95e+04,17.106541926128536,0.3939522620955908,0.001,1000.0,0.1,3.033511470543335e-07,0.022044742214354,39395.226209559085,3.033511470543335e-06,0.0220561514308678,colebrook
moody_eps3.03e-06_Re4.50e+04,21.22847063439255,0.4490211268362335,0.001,1000.0,0.1,3.033511470543335e-07,0.0210579045195364,44902.11268362335,3.033511470543335e-06,0.0214117902690462,colebrook
moody_eps3.03e-06_Re5.11e+04,28.180743245796783,0.5140783875928495,0.001,1000.0,0.1,3.033511470543335e-07,0.0213267042655145,51407.83875928496,3.033511470543335e-06,0.0207737785332454,colebrook
moody_eps3.03e-06_Re5.81e+04,32.549443592099884,0.5657420625343071,0.001,1000.0,0.1,3.033511470543335e-07,0.0203393292104519,56574.20625343072,3.033511470543335e-06,0.0203387869965855,colebrook
moody_eps3.03e-06_Re6.61e+04,43.37683068971906,0.6594709433642251,0.001,1000.0,0.1,3.033511470543335e-07,0.0199478678672603,65947.09433642251,3.033511470543335e-06,0.0196695474452271,colebrook
moody_eps3.03e-06_Re7.52e+04,53.7967032302398,0.7500934506290642,0.001,1000.0,0.1,3.033511470543335e-07,0.0191229509357423,75009.34506290642,3.033511470543335e-06,0.0191319397658177,colebrook
moody_eps3.03e-06_Re8.55e+04,64.46930838844091,0.8295092008024983,0.001,1000.0,0.1,3.033511470543335e-07,0.0187387489073641,82950.92008024982,3.033511470543335e-06,0.0187265517949436,colebrook
moody_eps3.03e-06_Re9.72e+04,82.64893552070244,0.9451692936936688,0.001,1000.0,0.1,3.033511470543335e-07,0.0185032515097136,94516.92936936687,3.033511470543335e-06,0.0182191884017242,colebrook
moody_eps3.03e-06_Re1.10e+05,107.1891048410713,1.1014442396199031,0.001,1000.0,0.1,3.033511470543335e-07,0.0176707754340684,110144.42396199032,3.033511470543335e-06,0.0176496581876802,colebrook
moody_eps3.03e-06_Re1.26e+05,132.37700701633406,1.2231587336092462,0.001,1000.0,0.1,3.033511470543335e-07,0.0176960734446538,122315.87336092464,3.033511470543335e-06,0.0172744762063215,colebrook
moody_eps3.03e-06_Re1.43e+05,181.9468930024502,1.4584807106903923,0.001,1000.0,0.1,3.033511470543335e-07,0.0171069765516695,145848.07106903926,3.033511470543335e-06,0.0166704992931263,colebrook
moody_eps3.03e-06_Re1.62e+05,242.4009709420323,1.73655100978311,0.001,1000.0,0.1,3.033511470543335e-07,0.0160764169372912,173655.100978311,3.033511470543335e-06,0.0161017666068929,colebrook
moody_eps3.03e-06_Re1.85e+05,288.5102797600619,1.9148417618755944,0.001,1000.0,0.1,3.033511470543335e-07,0.0157371290490109,191484.17618755944,3.033511470543335e-06,0.0157956985948182,colebrook
moody_eps3.03e-06_Re2.10e+05,353.3616856027696,2.1250791314591795,0.001,1000.0,0.1,3.033511470543335e-07,0.0156494558282389,212507.91314591796,3.033511470543335e-06,0.0154788723855042,colebrook
moody_eps3.03e-06_Re2.39e+05,446.5041845634433,2.406991655217626,0.001,1000.0,0.1,3.033511470543335e-07,0.0154136807574369,240699.1655217626,3.033511470543335e-06,0.0151122819982681,colebrook
moody_eps3.03e-06_Re2.72e+05,536.2109509195543,2.690629996066898,0.001,1000.0,0.1,3.033511470543335e-07,0.014813501159068,269062.9996066898,3.033511470543335e-06,0.0147953218111657,colebrook
moody_eps3.03e-06_Re3.09e+05,745.5538731842464,3.1374371242482675,0.001,1000.0,0.1,3.033511470543335e-07,0.0151481279294263,313743.71242482675,3.033511470543335e-06,0.0143742920719808,colebrook
moody_eps3.03e-06_Re3.51e+05,784.9093914704056,3.4230425584604127,0.001,1000.0,0.1,3.033511470543335e-07,0.0133975357218472,342304.25584604125,3.033511470543335e-06,0.0141434945223654,colebrook
moody_eps3.03e-06_Re3.99e+05,1069.843042870555,3.93429398227585,0.001,1000.0,0.1,3.033511470543335e-07,0.0138234499783566,393429.398227585,3.033511470543335e-06,0.0137862066036725,colebrook
moody_eps3.03e-06_Re4.54e+05,1400.959051994132,4.562892949727964,0.001,1000.0,0.1,3.033511470543335e-07,0.0134578250293115,456289.2949727963,3.033511470543335e-06,0.0134206449582115,colebrook
moody_eps3.03e-06_Re5.16e+05,1920.7144922488128,5.347583357208358,0.001,1000.0,0.1,3.033511470543335e-07,0.0134331443896127,534758.3357208358,3.033511470543335e-06,0.013045504884196,colebrook
moody_eps3.03e-06_Re5.87e+05,2173.120872051148,5.859923371493405,0.001,1000.0,0.1,3.033511470543335e-07,0.0126569774077552,585992.3371493405,3.033511470543335e-06,0.0128365304879688,colebrook
moody_eps3.03e-06_Re6.67e+05,2712.2535060946625,6.604081160272978,0.001,1000.0,0.1,3.033511470543335e-07,0.0124375680878014,660408.1160272977,3.033511470543335e-06,0.0125712278831521,colebrook
moody_eps3.03e-06_Re7.59e+05,3328.8810258723506,7.536467837113321,0.001,1000.0,0.1,3.033511470543335e-07,0.0117217530958127,753646.7837113321,3.033511470543335e-06,0.0122880331156839,colebrook
moody_eps3.03e-06_Re8.63e+05,4302.395777692398,8.509165659532899,0.001,1000.0,0.1,3.033511470543335e-07,0.0118841027168731,850916.5659532899,3.033511470543335e-06,0.0120365517756895,colebrook
moody_eps3.03e-06_Re9.81e+05,5554.228512477152,9.754826849854576,0.001,1000.0,0.1,3.033511470543335e-07,0.0116738634559655,975482.6849854576,3.033511470543335e-06,0.0117632639492147,colebrook
moody_eps3.03e-06_Re1.12e+06,7310.025674008557,11.382104800717398,0.001,1000.0,0.1,3.033511470543335e-07,0.0112850565014945,1138210.4800717398,3.033511470543335e-06,0.011466591468548,colebrook
moody_eps3.03e-06_Re1.27e+06,8990.721806426616,12.51813434138868,0.001,1000.0,0.1,3.033511470543335e-07,0.0114748056746169,1251813.4341388682,3.033511470543335e-06,0.0112897547875627,colebrook
moody_eps3.03e-06_Re1.44e+06,11402.428962524236,14.321039415998287,0.001,1000.0,0.1,3.033511470543335e-07,0.0111193215860455,1432103.941599829,3.033511470543335e-06,0.0110473506242722,colebrook
moody_eps3.03e-06_Re1.64e+06,15279.140904418193,16.73199538965126,0.001,1000.0,0.1,3.033511470543335e-07,0.0109152442705316,1673199.538965126,3.033511470543335e-06,0.010777938185546,colebrook
moody_eps3.03e-06_Re1.86e+06,18570.917670501403,18.787675538454764,0.001,1000.0,0.1,3.033511470543335e-07,0.0105224593733174,1878767.553845476,3.033511470543335e-06,0.0105846539064751,colebrook
moody_eps3.03e-06_Re2.12e+06,24381.62830284994,21.641365785616177,0.001,1000.0,0.1,3.033511470543335e-07,0.0104117413468243,2164136.578561617,3.033511470543335e-06,0.0103570520662722,colebrook
moody_eps3.03e-06_Re2.41e+06,28665.052662950024,23.747034942761275,0.001,1000.0,0.1,3.033511470543335e-07,0.0101663242469475,2374703.494276128,3.033511470543335e-06,0.0102124237044723,colebrook
moody_eps3.03e-06_Re2.74e+06,34105.72709390166,26.43034804942749,0.001,1000.0,0.1,3.033511470543335e-07,0.009764534492685,2643034.804942749,3.033511470543335e-06,0.0100503109207717,colebrook
moody_eps3.03e-06_Re3.12e+06,42053.94767308645,29.459694922922157,0.001,1000.0,0.1,3.033511470543335e-07,0.0096912606775968,2945969.492292215,3.033511470543335e-06,0.0098909723746533,colebrook
moody_eps3.03e-06_Re3.54e+06,64092.24910584614,36.89330790338761,0.001,1000.0,0.1,3.033511470543335e-07,0.0094176016140447,3689330.7903387607,3.033511470543335e-06,0.0095761450524776,colebrook
moody_eps3.03e-06_Re4.03e+06,80258.4616431257,41.26619148872379,0.001,1000.0,0.1,3.033511470543335e-07,0.0094261001247048,4126619.148872379,3.033511470543335e-06,0.0094270757353293,colebrook
moody_eps3.03e-06_Re4.58e+06,97668.00143209194,44.87381255862068,0.001,1000.0,0.1,3.033511470543335e-07,0.0097005499774244,4487381.255862067,3.033511470543335e-06,0.0093188030948553,colebrook
moody_eps3.03e-06_Re5.21e+06,121538.34213856382,53.02643397128182,0.001,1000.0,0.1,3.033511470543335e-07,0.0086448698659453,5302643.397128182,3.033511470543335e-06,0.00911134265428,colebrook
moody_eps3.03e-06_Re5.93e+06,161799.50110057573,61.13105191637369,0.001,1000.0,0.1,3.033511470543335e-07,0.008659312957221,6113105.191637369,3.033511470543335e-06,0.0089430717743549,colebrook
moody_eps3.03e-06_Re6.74e+06,202477.2791485096,67.01349287298235,0.001,1000.0,0.1,3.033511470543335e-07,0.0090174092908033,6701349.287298236,3.033511470543335e-06,0.0088384690022032,colebrook
moody_eps3.03e-06_Re7.66e+06,259335.28963034612,75.92069637399744,0.001,1000.0,0.1,3.033511470543335e-07,0.008998523354299,7592069.637399744,3.033511470543335e-06,0.0087014716842322,colebrook
moody_eps3.03e-06_Re8.71e+06,323238.1511395879,89.11933838062619,0.001,1000.0,0.1,3.033511470543335e-07,0.0081397056925105,8911933.83806262,3.033511470543335e-06,0.0085340179828499,colebrook
moody_eps3.03e-06_Re9.90e+06,405973.63034945575,97.65285877256878,0.001,1000.0,0.1,3.033511470543335e-07,0.0085144754483035,9765285.877256878,3.033511470543335e-06,0.0084427281505871,colebrook
moody_eps3.03e-06_Re1.13e+07,506614.6175063044,110.69686446813164,0.001,1000.0,0.1,3.033511470543335e-07,0.0082686969107015,11069686.446813164,3.033511470543335e-06,0.0083225210817881,colebrook
moody_eps3.03e-06_Re1.28e+07,709458.0717724685,131.16978337946873,0.001,1000.0,0.1,3.033511470543335e-07,0.0082468695940132,13116978.337946871,3.033511470543335e-06,0.0081688672027902,colebrook
moody_eps3.03e-06_Re1.46e+07,817117.983207258,141.6464182232958,0.001,1000.0,0.1,3.033511470543335e-07,0.0081452340867023,14164641.82232958,3.033511470543335e-06,0.0081026793463941,colebrook
moody_eps3.03e-06_Re1.66e+07,1017806.6528415997,162.5585004454109,0.001,1000.0,0.1,3.033511470543335e-07,0.0077032840483699,16255850.044541089,3.033511470543335e-06,0.0079892949033976,colebrook
moody_eps3.03e-06_Re1.88e+07,1319794.185808031,181.9911157182188,0.001,1000.0,0.1,3.033511470543335e-07,0.0079695872844487,18199111.571821883,3.033511470543335e-06,0.0079012742324706,colebrook
moody_eps3.03e-06_Re2.14e+07,1780643.7826015288,213.89166603095228,0.001,1000.0,0.1,3.033511470543335e-07,0.0077842955523841,21389166.60309523,3.033511470543335e-06,0.0077830271716348,colebrook
moody_eps3.03e-06_Re2.43e+07,2122689.0550076105,235.1868514957861,0.001,1000.0,0.1,3.033511470543335e-07,0.0076752105836401,23518685.14957861,3.033511470543335e-06,0.0077176785835509,colebrook
moody_eps3.03e-06_Re2.77e+07,2671636.391086685,268.2998161075921,0.001,1000.0,0.1,3.033511470543335e-07,0.0074227801233325,26829981.61075921,3.033511470543335e-06,0.0076319660190521,colebrook
moody_eps3.03e-06_Re3.15e+07,3546286.632773741,313.1617453688048,0.001,1000.0,0.1,3.033511470543335e-07,0.007232133277329,31316174.536880475,3.033511470543335e-06,0.00753859454889,colebrook
moody_eps3.03e-06_Re3.58e+07,5352782.536929541,365.1123644443141,0.001,1000.0,0.1,3.033511470543335e-07,0.008030757550883,36511236.44443141,3.033511470543335e-06,0.0074534154578696,colebrook
moody_eps3.03e-06_Re4.07e+07,6095603.328823575,412.5450250081752,0.001,1000.0,0.1,3.033511470543335e-07,0.0071631489971624,41254502.50081752,3.033511470543335e-06,0.0073908059054811,colebrook
moody_eps4.00e-06_Re7.44e+03,0.8976499560088426,0.0753296724164713,0.001,1000.0,0.1,4.003428272228385e-07,0.0316376962360933,7532.96724164713,4.003428272228385e-06,0.033336243026901,colebrook
moody_eps4.00e-06_Re8.46e+03,1.125807247130571,0.083533666906399,0.001,1000.0,0.1,4.003428272228385e-07,0.0322679178987336,8353.3666906399,4.003428272228385e-06,0.0324120855130682,colebrook
moody_eps4.00e-06_Re9.62e+03,1.4198938176405556,0.0922139139272344,0.001,1000.0,0.1,4.003428272228385e-07,0.0333958846773113,9221.39139272344,4.003428272228385e-06,0.0315622735195092,colebrook
moody_eps4.00e-06_Re1.09e+04,1.8307455376999795,0.1076717865707086,0.001,1000.0,0.1,4.003428272228385e-07,0.0315830553491414,10767.178657070865,4.003428272228385e-06,0.030293149619074,colebrook
moody_eps4.00e-06_Re1.24e+04,2.1664904330744097,0.1219771880695389,0.001,1000.0,0.1,4.003428272228385e-07,0.0291225591815317,12197.718806953895,4.003428272228385e-06,0.0293241743244016,colebrook
moody_eps4.00e-06_Re1.41e+04,3.033836320961288,0.1466039718461471,0.001,1000.0,0.1,4.003428272228385e-07,0.0282312864740944,14660.397184614709,4.003428272228385e-06,0.0279751329612112,colebrook
moody_eps4.00e-06_Re1.61e+04,3.600986309458808,0.1618116449343749,0.001,1000.0,0.1,4.003428272228385e-07,0.027506283842135,16181.164493437487,4.003428272228385e-06,0.0272877034726937,colebrook
moody_eps4.00e-06_Re1.83e+04,4.073753762997135,0.1755879618163755,0.001,1000.0,0.1,4.003428272228385e-07,0.0264262351363277,17558.79618163755,4.003428272228385e-06,0.0267368797418204,colebrook
moody_eps4.00e-06_Re2.08e+04,5.306657055861765,0.2021247354023331,0.001,1000.0,0.1,4.003428272228385e-07,0.0259783814267633,20212.47354023331,4.003428272228385e-06,0.0258249815089478,colebrook
moody_eps4.00e-06_Re2.37e+04,6.74752722790549,0.2326911301301905,0.001,1000.0,0.1,4.003428272228385e-07,0.0249238416638703,23269.113013019047,4.003428272228385e-06,0.0249568071225514,colebrook
moody_eps4.00e-06_Re2.69e+04,8.673274891203196,0.268316334560288,0.001,1000.0,0.1,4.003428272228385e-07,0.0240945534547279,26831.633456028805,4.003428272228385e-06,0.0241208576480207,colebrook
moody_eps4.00e-06_Re3.06e+04,10.70428469789688,0.3054837294359393,0.001,1000.0,0.1,4.003428272228385e-07,0.022940954264568,30548.37294359393,4.003428272228385e-06,0.0233943619800366,colebrook
moody_eps4.00e-06_Re3.48e+04,12.720792572041155,0.336895356081463,0.001,1000.0,0.1,4.003428272228385e-07,0.0224157935254279,33689.5356081463,4.003428272228385e-06,0.0228670376066501,colebrook
moody_eps4.00e-06_Re3.95e+04,18.44379092376388,0.4082958842284027,0.001,1000.0,0.1,4.003428272228385e-07,0.0221273895662458,40829.588422840265,4.003428272228385e-06,0.0218804016397168,colebrook
moody_eps4.00e-06_Re4.50e+04,23.26626921346988,0.4575600561992875,0.001,1000.0,0.1,4.003428272228385e-07,0.0222259603542466,45756.00561992875,4.003428272228385e-06,0.0213246131709797,colebrook
moody_eps4.00e-06_Re5.11e+04,25.91826446374949,0.4934246071844552,0.001,1000.0,0.1,4.003428272228385e-07,0.0212909139433223,49342.46071844552,4.003428272228385e-06,0.0209676722226034,colebrook
moody_eps4.00e-06_Re5.81e+04,31.93365924893975,0.5628168690631778,0.001,1000.0,0.1,4.003428272228385e-07,0.0201625041929787,56281.68690631778,4.003428272228385e-06,0.0203657512436008,colebrook
moody_eps4.00e-06_Re6.61e+04,46.26523960055645,0.6706096570646797,0.001,1000.0,0.1,4.003428272228385e-07,0.0205752539876823,67060.96570646796,4.003428272228385e-06,0.0196025318311576,colebrook
moody_eps4.00e-06_Re7.52e+04,51.65469387167215,0.7341024590624137,0.001,1000.0,0.1,4.003428272228385e-07,0.0191701905622833,73410.24590624137,4.003428272228385e-06,0.0192247860245462,colebrook
moody_eps4.00e-06_Re8.55e+04,69.1548863269046,0.8847049319077245,0.001,1000.0,0.1,4.003428272228385e-07,0.0176707902067979,88470.49319077244,4.003428272228385e-06,0.0184784880827302,colebrook
moody_eps4.00e-06_Re9.72e+04,86.41576655077687,0.9822874459463572,0.001,1000.0,0.1,4.003428272228385e-07,0.0179120707158666,98228.74459463572,4.003428272228385e-06,0.0180784961102392,colebrook
moody_eps4.00e-06_Re1.10e+05,103.15318787856113,1.0760188526530046,0.001,1000.0,0.1,4.003428272228385e-07,0.0178185716872036,107601.88526530046,4.003428272228385e-06,0.0177403612791942,colebrook
moody_eps4.00e-06_Re1.26e+05,136.2683104349728,1.2789253123072335,0.001,1000.0,0.1,4.003428272228385e-07,0.016662282790201,127892.53123072335,4.003428272228385e-06,0.0171245078053658,colebrook
moody_eps4.00e-06_Re1.43e+05,175.3181119327418,1.44487897102715,0.001,1000.0,0.1,4.003428272228385e-07,0.0167955349085596,144487.89710271498,4.003428272228385e-06,0.0167084064355262,colebrook
moody_eps4.00e-06_Re1.62e+05,210.96017130656224,1.5649047917798773,0.001,1000.0,0.1,4.003428272228385e-07,0.017228783926564,156490.47917798773,4.003428272228385e-06,0.0164443028052987,colebrook
moody_eps4.00e-06_Re1.85e+05,280.61758999521305,1.9083328039470533,0.001,1000.0,0.1,4.003428272228385e-07,0.0154112070245856,190833.28039470533,4.003428272228385e-06,0.0158139549682831,colebrook
moody_eps4.00e-06_Re2.10e+05,339.35132583393926,2.0634668283674444,0.001,1000.0,0.1,4.003428272228385e-07,0.0159398621994149,206346.68283674444,4.003428272228385e-06,0.0155755070786015,colebrook
moody_eps4.00e-06_Re2.39e+05,397.7616265698083,2.3527302624748483,0.001,1000.0,0.1,4.003428272228385e-07,0.0143717151608465,235273.02624748484,4.003428272228385e-06,0.015187209725256,colebrook
moody_eps4.00e-06_Re2.72e+05,576.9368262883964,2.802074176484473,0.001,1000.0,0.1,4.003428272228385e-07,0.0146959951966319,280207.41764844727,4.003428272228385e-06,0.0146921241540615,colebrook
moody_eps4.00e-06_Re3.09e+05,771.0963653722681,3.2692407143005657,0.001,1000.0,0.1,4.003428272228385e-07,0.0144292864119328,326924.0714300566,4.003428272228385e-06,0.0142753733050294,colebrook
moody_eps4.00e-06_Re3.51e+05,956.2948426502708,3.5308204544985617,0.001,1000.0,0.1,4.003428272228385e-07,0.0153415959848769,353082.0454498562,4.003428272228385e-06,0.0140740519792652,colebrook
moody_eps4.00e-06_Re3.99e+05,1055.663311913285,3.971317843507641,0.001,1000.0,0.1,4.003428272228385e-07,0.0133870883616117,397131.7843507641,4.003428272228385e-06,0.0137748595679376,colebrook
moody_eps4.00e-06_Re4.54e+05,1451.237687015984,4.570321112517426,0.001,1000.0,0.1,4.003428272228385e-07,0.0138955299297104,457032.1112517426,4.003428272228385e-06,0.0134300475825717,colebrook
moody_eps4.00e-06_Re5.16e+05,1598.2179849944152,4.983873709196048,0.001,1000.0,0.1,4.003428272228385e-07,0.0128686192553863,498387.3709196047,4.003428272228385e-06,0.0132240836374278,colebrook
moody_eps4.00e-06_Re5.87e+05,2060.347148476956,5.948314350996361,0.001,1000.0,0.1,4.003428272228385e-07,0.0116461551989197,594831.4350996361,4.003428272228385e-06,0.0128185900051721,colebrook
moody_eps4.00e-06_Re6.67e+05,2698.625960385792,6.457793669622202,0.001,1000.0,0.1,4.003428272228385e-07,0.0129420883337565,645779.3669622202,4.003428272228385e-06,0.0126368877930104,colebrook
moody_eps4.00e-06_Re7.59e+05,3263.1347482778338,7.455256860165831,0.001,1000.0,0.1,4.003428272228385e-07,0.011741937964152,745525.6860165831,4.003428272228385e-06,0.0123290882448697,colebrook
moody_eps4.00e-06_Re8.63e+05,4770.566485325094,9.140747061163044,0.001,1000.0,0.1,4.003428272228385e-07,0.0114192232977337,914074.7061163044,4.003428272228385e-06,0.0119128094335309,colebrook
moody_eps4.00e-06_Re9.81e+05,5443.571948715765,9.657430984222923,0.001,1000.0,0.1,4.003428272228385e-07,0.0116732217786766,965743.0984222924,4.003428272228385e-06,0.0118044836159507,colebrook
moody_eps4.00e-06_Re1.12e+06,7125.949913518692,11.18279554583853,0.001,1000.0,0.1,4.003428272228385e-07,0.0113965130342913,1118279.554583853,4.003428272228385e-06,0.0115235479599289,colebrook
moody_eps4.00e-06_Re1.27e+06,9057.922211853684,12.653156617031396,0.001,1000.0,0.1,4.003428272228385e-07,0.0113151630141128,1265315.6617031395,4.003428272228385e-06,0.0112956630200663,colebrook
moody_eps4.00e-06_Re1.44e+06,11482.76344406001,14.38504170721376,0.001,1000.0,0.1,4.003428272228385e-07,0.0110982412951611,1438504.1707213758,4.003428272228385e-06,0.0110672294366075,colebrook
moody_eps4.00e-06_Re1.64e+06,12952.091835806734,15.26976816076122,0.001,1000.0,0.1,4.003428272228385e-07,0.0111097688789837,1526976.816076122,4.003428272228385e-06,0.0109637333707109,colebrook
moody_eps4.00e-06_Re1.86e+06,16021.348925126442,17.87785013570108,0.001,1000.0,0.1,4.003428272228385e-07,0.0100253256772055,1787785.0135701082,4.003428272228385e-06,0.010698609978805,colebrook
moody_eps4.00e-06_Re2.12e+06,24344.50732778971,22.10027783195856,0.001,1000.0,0.1,4.003428272228385e-07,0.0099686309622652,2210027.783195856,4.003428272228385e-06,0.0103605851531483,colebrook
moody_eps4.00e-06_Re2.41e+06,29336.178252459944,24.23988298606927,0.001,1000.0,0.1,4.003428272228385e-07,0.0099855615612337,2423988.298606927,4.003428272228385e-06,0.0102196981629591,colebrook
moody_eps4.00e-06_Re2.74e+06,36852.35876033678,26.861735239014205,0.001,1000.0,0.1,4.003428272228385e-07,0.0102147362566574,2686173.5239014206,4.003428272228385e-06,0.0100675941508377,colebrook
moody_eps4.00e-06_Re3.12e+06,45671.29661242611,30.206693765085262,0.001,1000.0,0.1,4.003428272228385e-07,0.0100107577413658,3020669.376508526,4.003428272228385e-06,0.0098994585194319,colebrook
moody_eps4.00e-06_Re3.54e+06,64319.52212790726,35.85147065309577,0.001,1000.0,0.1,4.003428272228385e-07,0.0100082663305502,3585147.0653095767,4.003428272228385e-06,0.0096646794607362,colebrook
moody_eps4.00e-06_Re4.03e+06,78225.93379033038,39.898189047108325,0.001,1000.0,0.1,4.003428272228385e-07,0.009828209018808,3989818.904710833,4.003428272228385e-06,0.009524422169154,colebrook
moody_eps4.00e-06_Re4.58e+06,113392.74885822069,48.25462563457882,0.001,1000.0,0.1,4.003428272228385e-07,0.0097395160564097,4825462.563457882,4.003428272228385e-06,0.0092867714408578,colebrook
moody_eps4.00e-06_Re5.21e+06,130761.49564376828,53.03259246080752,0.001,1000.0,0.1,4.003428272228385e-07,0.0092987411719935,5303259.246080752,4.003428272228385e-06,0.0091742812315787,colebrook
moody_eps4.00e-06_Re5.93e+06,199343.7295301952,64.53847351817708,0.001,1000.0,0.1,4.003428272228385e-07,0.0095718348461769,6453847.351817708,4.003428272228385e-06,0.0089518448298544,colebrook
moody_eps4.00e-06_Re6.74e+06,198995.5372519149,65.8403508481268,0.001,1000.0,0.1,4.003428272228385e-07,0.0091809803864897,6584035.08481268,4.003428272228385e-06,0.0089300833071734,colebrook
moody_eps4.00e-06_Re7.66e+06,266823.6996899737,78.00272004945528,0.001,1000.0,0.1,4.003428272228385e-07,0.0087707130533323,7800272.004945527,4.003428272228385e-06,0.0087517185360187,colebrook
moody_eps4.00e-06_Re8.71e+06,335580.2180914764,87.5086642414679,0.001,1000.0,0.1,4.003428272228385e-07,0.008764441331468,8750866.42414679,4.003428272228385e-06,0.0086371202633207,colebrook
moody_eps4.00e-06_Re9.90e+06,443622.2197761455,101.87155057607288,0.001,1000.0,0.1,4.003428272228385e-07,0.008549435755078,10187155.05760729,4.003428272228385e-06,0.0084935087167653,colebrook
moody_eps4.00e-06_Re1.13e+07,566521.4700290418,113.7768741966163,0.001,1000.0,0.1,4.003428272228385e-07,0.008752626025388,11377687.41966163,4.003428272228385e-06,0.008394607732447,colebrook
moody_eps4.00e-06_Re1.28e+07,703918.274434002,129.28646488112292,0.001,1000.0,0.1,4.003428272228385e-07,0.008422598809483,12928646.488112291,4.003428272228385e-06,0.0082860033950475,colebrook
moody_eps4.00e-06_Re1.46e+07,965013.17513486,150.00361799984543,0.001,1000.0,0.1,4.003428272228385e-07,0.0085774811074265,15000361.799984545,4.003428272228385e-06,0.0081673330269685,colebrook
moody_eps4.00e-06_Re1.66e+07,1203644.4489828574,171.78045836403246,0.001,1000.0,0.1,4.003428272228385e-07,0.008157943599424,17178045.836403247,4.003428272228385e-06,0.0080661450465819,colebrook
moody_eps4.00e-06_Re1.88e+07,1383335.0868739013,189.4441030446837,0.001,1000.0,0.1,4.003428272228385e-07,0.0077089495887568,18944410.304468367,4.003428272228385e-06,0.0079971885248608,colebrook
moody_eps4.00e-06_Re2.14e+07,1788028.6511062633,215.9560556335248,0.001,1000.0,0.1,4.003428272228385e-07,0.0076678515442654,21595605.56335248,4.003428272228385e-06,0.0079101880671554,colebrook
moody_eps4.00e-06_Re2.43e+07,2231371.305057984,236.05041359676383,0.001,1000.0,0.1,4.003428272228385e-07,0.0080092584495765,23605041.359676387,4.003428272228385e-06,0.0078544708986004,colebrook
moody_eps4.00e-06_Re2.77e+07,2997812.543944321,275.9453350695162,0.001,1000.0,0.1,4.003428272228385e-07,0.0078738720814633,27594533.506951623,4.003428272228385e-06,0.0077631149273963,colebrook
moody_eps4.00e-06_Re3.15e+07,3808337.955755788,308.852780426543,0.001,1000.0,0.1,4.003428272228385e-07,0.0079847706462137,30885278.0426543,4.003428272228385e-06,0.0077021532910303,colebrook
moody_eps4.00e-06_Re3.58e+07,5104181.263892998,359.40155514906604,0.001,1000.0,0.1,4.003428272228385e-07,0.0079030764064471,35940155.5149066,4.003428272228385e-06,0.0076264331001627,colebrook
moody_eps4.00e-06_Re4.07e+07,6549734.755587149,415.2097725670319,0.001,1000.0,0.1,4.003428272228385e-07,0.0075983374125618,41520977.25670318,4.003428272228385e-06,0.0075607620902348,colebrook
moody_eps5.28e-06_Re8.46e+03,1.1537894536076712,0.083121872086382,0.001,1000.0,0.1,5.283460467023342e-07,0.0333984205283029,8312.187208638199,5.283460467023342e-06,0.0324572353936051,colebrook
moody_eps5.28e-06_Re9.62e+03,1.4148982768418343,0.0936590528848716,0.001,1000.0,0.1,5.283460467023342e-07,0.032259355752174,9365.905288487163,5.283460467023342e-06,0.0314334406085553,colebrook
moody_eps5.28e-06_Re1.09e+04,1.8125725314394987,0.1093258603504002,0.001,1000.0,0.1,5.283460467023342e-07,0.0303305008819108,10932.586035040022,5.283460467023342e-06,0.0301743523552588,colebrook
moody_eps5.28e-06_Re1.24e+04,2.409837978339612,0.1302057456821252,0.001,1000.0,0.1,5.283460467023342e-07,0.0284287354411846,13020.574568212529,5.283460467023342e-06,0.0288370340434681,colebrook
moody_eps5.28e-06_Re1.41e+04,2.955167302025102,0.1487206453405637,0.001,1000.0,0.1,5.283460467023342e-07,0.0267220360694778,14872.064534056371,5.283460467023342e-06,0.0278761678746642,colebrook
moody_eps5.28e-06_Re1.61e+04,3.230443401732939,0.1569501802703753,0.001,1000.0,0.1,5.283460467023342e-07,0.0262282004686112,15695.018027037537,5.283460467023342e-06,0.0275000253852062,colebrook
moody_eps5.28e-06_Re1.83e+04,4.333555138900773,0.1788811115769374,0.001,1000.0,0.1,5.283460467023342e-07,0.0270860298379539,17888.111157693744,5.283460467023342e-06,0.0266165080830139,colebrook
moody_eps5.28e-06_Re2.08e+04,5.821779299992347,0.2126633184064427,0.001,1000.0,0.1,5.283460467023342e-07,0.0257454543501067,21266.33184064428,5.283460467023342e-06,0.0255095992455273,colebrook
moody_eps5.28e-06_Re2.37e+04,6.808907469234735,0.2384225823088848,0.001,1000.0,0.1,5.283460467023342e-07,0.0239559089133947,23842.25823088848,5.283460467023342e-06,0.024814169019388,colebrook
moody_eps5.28e-06_Re2.69e+04,8.20324254346717,0.2584443678018968,0.001,1000.0,0.1,5.283460467023342e-07,0.0245629997478195,25844.436780189684,5.283460467023342e-06,0.0243400839148678,colebrook
moody_eps5.28e-06_Re3.06e+04,11.619800028237696,0.3184205971335395,0.001,1000.0,0.1,5.283460467023342e-07,0.022920619145177,31842.059713353952,5.283460467023342e-06,0.0231723775762903,colebrook
moody_eps5.28e-06_Re3.48e+04,12.25520545613468,0.334733824216782,0.001,1000.0,0.1,5.283460467023342e-07,0.0218751678336829,33473.3824216782,5.283460467023342e-06,0.0229048921544656,colebrook
moody_eps5.28e-06_Re3.95e+04,17.425134396991055,0.387387861158619,0.001,1000.0,0.1,5.283460467023342e-07,0.0232227750963817,38738.7861158619,5.283460467023342e-06,0.0221479993067134,colebrook
moody_eps5.28e-06_Re4.50e+04,20.74589705038288,0.4467804450385925,0.001,1000.0,0.1,5.283460467023342e-07,0.0207861425488426,44678.04450385925,5.283460467023342e-06,0.0214435701877359,colebrook
moody_eps5.28e-06_Re5.11e+04,25.939218245202824,0.5019341210994466,0.001,1000.0,0.1,5.283460467023342e-07,0.0205917586559821,50193.41210994466,5.283460467023342e-06,0.0208926470158195,colebrook
moody_eps5.28e-06_Re5.81e+04,33.97945843444321,0.5859151148405495,0.001,1000.0,0.1,5.283460467023342e-07,0.0197959817690063,58591.51148405494,5.283460467023342e-06,0.0201918583211962,colebrook
moody_eps5.28e-06_Re6.61e+04,40.734104178052085,0.6435256278992838,0.001,1000.0,0.1,5.283460467023342e-07,0.0196723603668871,64352.56278992839,5.283460467023342e-06,0.0197836360338455,colebrook
moody_eps5.28e-06_Re7.52e+04,56.615066535947406,0.7621730783888361,0.001,1000.0,0.1,5.283460467023342e-07,0.0194919284600706,76217.30783888361,5.283460467023342e-06,0.0190771091353121,colebrook
moody_eps5.28e-06_Re8.55e+04,69.07152826008209,0.8687740113924797,0.001,1000.0,0.1,5.283460467023342e-07,0.018302710865737,86877.40113924796,5.283460467023342e-06,0.0185556456694535,colebrook
moody_eps5.28e-06_Re9.72e+04,76.26950071835822,0.9234976752888794,0.001,1000.0,0.1,5.283460467023342e-07,0.017885837717773,92349.76752888794,5.283460467023342e-06,0.0183194748790274,colebrook
moody_eps5.28e-06_Re1.10e+05,105.1062357223112,1.1143165681045228,0.001,1000.0,0.1,5.283460467023342e-07,0.0169293897133878,111431.65681045227,5.283460467023342e-06,0.0176204508294773,colebrook
moody_eps5.28e-06_Re1.26e+05,135.13827567613603,1.2658589787747494,0.001,1000.0,0.1,5.283460467023342e-07,0.0168669949923016,126585.89787747494,5.283460467023342e-06,0.0171681862046152,colebrook
moody_eps5.28e-06_Re1.43e+05,171.3235987980642,1.403769262180397,0.001,1000.0,0.1,5.283460467023342e-07,0.0173882440495208,140376.9262180397,5.283460467023342e-06,0.0168139540236674,colebrook
moody_eps5.28e-06_Re1.62e+05,227.1658331706779,1.6349976455123547,0.001,1000.0,0.1,5.283460467023342e-07,0.0169956877879,163499.76455123548,5.283460467023342e-06,0.0163111996531991,colebrook
moody_eps5.28e-06_Re1.85e+05,267.0645646797743,1.7956288837248724,0.001,1000.0,0.1,5.283460467023342e-07,0.0165658261005785,179562.88837248724,5.283460467023342e-06,0.0160133006732762,colebrook
moody_eps5.28e-06_Re2.10e+05,328.93030939951035,2.1581661003426325,0.001,1000.0,0.1,5.283460467023342e-07,0.0141242096779274,215816.61003426329,5.283460467023342e-06,0.0154520303176866,colebrook
moody_eps5.28e-06_Re2.39e+05,450.4189047874116,2.381645934221019,0.001,1000.0,0.1,5.283460467023342e-07,0.0158815252789673,238164.5934221019,5.283460467023342e-06,0.0151634779366909,colebrook
moody_eps5.28e-06_Re2.72e+05,561.3706377260584,2.779400281413221,0.001,1000.0,0.1,5.283460467023342e-07,0.0145337436139868,277940.0281413221,5.283460467023342e-06,0.0147274445052931,colebrook
moody_eps5.28e-06_Re3.09e+05,653.5905281191124,3.065967753780802,0.001,1000.0,0.1,5.283460467023342e-07,0.0139059473157604,306596.77537808014,5.283460467023342e-06,0.0144603160958512,colebrook
moody_eps5.28e-06_Re3.51e+05,832.9130289979929,3.532441473154249,0.001,1000.0,0.1,5.283460467023342e-07,0.0133499519108543,353244.1473154249,5.283460467023342e-06,0.0140877826787714,colebrook
moody_eps5.28e-06_Re3.99e+05,1074.0505454521606,3.872091530383976,0.001,1000.0,0.1,5.283460467023342e-07,0.0143272713424808,387209.1530383976,5.283460467023342e-06,0.0138542199694177,colebrook
moody_eps5.28e-06_Re4.54e+05,1370.390204504344,4.536204172812315,0.001,1000.0,0.1,5.283460467023342e-07,0.0133195347061268,453620.4172812315,5.283460467023342e-06,0.0134655492180184,colebrook
moody_eps5.28e-06_Re5.16e+05,1892.2121624871304,5.144785680566319,0.001,1000.0,0.1,5.283460467023342e-07,0.0142976693634847,514478.56805663183,5.283460467023342e-06,0.0131686594449206,colebrook
moody_eps5.28e-06_Re5.87e+05,2291.544701478593,6.053703320333889,0.001,1000.0,0.1,5.283460467023342e-07,0.0125059319928406,605370.3320333889,5.283460467023342e-06,0.0128003476716668,colebrook
moody_eps5.28e-06_Re6.67e+05,3062.910825939537,7.015139325926523,0.001,1000.0,0.1,5.283460467023342e-07,0.0124477754927433,701513.9325926523,5.283460467023342e-06,0.0124809786807936,colebrook
moody_eps5.28e-06_Re7.59e+05,3628.0839786066695,7.757911084841208,0.001,1000.0,0.1,5.283460467023342e-07,0.012056402301522,775791.1084841207,5.283460467023342e-06,0.0122704599499458,colebrook
moody_eps5.28e-06_Re8.63e+05,4364.678328046188,8.388313088285381,0.001,1000.0,0.1,5.283460467023342e-07,0.0124060342027934,838831.308828538,5.283460467023342e-06,0.01211113895183,colebrook
moody_eps5.28e-06_Re9.81e+05,5317.67291372189,9.586559190535423,0.001,1000.0,0.1,5.283460467023342e-07,0.0115724709739743,958655.9190535424,5.283460467023342e-06,0.0118469284232809,colebrook
moody_eps5.28e-06_Re1.12e+06,7298.027373651949,11.459478251389044,0.001,1000.0,0.1,5.283460467023342e-07,0.0111149060017953,1145947.8251389044,5.283460467023342e-06,0.0115092281498452,colebrook
moody_eps5.28e-06_Re1.27e+06,8561.638919637453,12.155212757202916,0.001,1000.0,0.1,5.283460467023342e-07,0.0115894219169532,1215521.2757202915,5.283460467023342e-06,0.0114014569113238,colebrook
moody_eps5.28e-06_Re1.44e+06,10126.384454525978,13.598952129552767,0.001,1000.0,0.1,5.283460467023342e-07,0.010951497725467,1359895.2129552767,5.283460467023342e-06,0.0112012793022214,colebrook
moody_eps5.28e-06_Re1.64e+06,13771.80347352358,16.22045862765118,0.001,1000.0,0.1,5.283460467023342e-07,0.0104687433569279,1622045.8627651178,5.283460467023342e-06,0.0108998955231945,colebrook
moody_eps5.28e-06_Re1.86e+06,17791.238589654688,18.03247879239052,0.001,1000.0,0.1,5.283460467023342e-07,0.0109427208206286,1803247.879239052,5.283460467023342e-06,0.0107262958438383,colebrook
moody_eps5.28e-06_Re2.12e+06,23254.81482964591,21.3899959727154,0.001,1000.0,0.1,5.283460467023342e-07,0.0101653298583544,2138999.59727154,5.283460467023342e-06,0.0104578641016897,colebrook
moody_eps5.28e-06_Re2.41e+06,32199.891685289916,24.495460818824064,0.001,1000.0,0.1,5.283460467023342e-07,0.0107328035064722,2449546.081882406,5.283460467023342e-06,0.0102546006284238,colebrook
moody_eps5.28e-06_Re2.74e+06,35370.51083493386,26.37942220486997,0.001,1000.0,0.1,5.283460467023342e-07,0.0101657814809969,2637942.2204869976,5.283460467023342e-06,0.0101471172448944,colebrook
moody_eps5.28e-06_Re3.12e+06,54791.16680198709,33.076062613353294,0.001,1000.0,0.1,5.283460467023342e-07,0.0100164293917328,3307606.2613353296,5.283460467023342e-06,0.0098344535383905,colebrook
moody_eps5.28e-06_Re3.54e+06,63672.7592191748,36.31988429586637,0.001,1000.0,0.1,5.283460467023342e-07,0.0096537212213044,3631988.429586637,5.283460467023342e-06,0.0097118621450137,colebrook
moody_eps5.28e-06_Re4.03e+06,76994.99363568146,39.34930920275135,0.001,1000.0,0.1,5.283460467023342e-07,0.0099453084713503,3934930.920275135,5.283460467023342e-06,0.0096099572906499,colebrook
moody_eps5.28e-06_Re4.58e+06,102501.5622254462,46.73449758986816,0.001,1000.0,0.1,5.283460467023342e-07,0.0093861031723102,4673449.758986816,5.283460467023342e-06,0.0094006224485814,colebrook
moody_eps5.28e-06_Re5.21e+06,116394.25700973938,51.38592468713958,0.001,1000.0,0.1,5.283460467023342e-07,0.0088160327729737,5138592.468713958,5.283460467023342e-06,0.0092906054850113,colebrook
moody_eps5.28e-06_Re5.93e+06,158403.60722357157,59.52849304769156,0.001,1000.0,0.1,5.283460467023342e-07,0.008940159884409,5952849.3047691565,5.283460467023342e-06,0.0091276188552164,colebrook
moody_eps5.28e-06_Re6.74e+06,206802.1694019669,67.1061554758905,0.001,1000.0,0.1,5.283460467023342e-07,0.0091846025694933,6710615.54758905,5.283460467023342e-06,0.0090015716213638,colebrook
moody_eps5.28e-06_Re7.66e+06,278584.66641605063,78.5146320311097,0.001,1000.0,0.1,5.283460467023342e-07,0.0090382844480585,7851463.203110971,5.283460467023342e-06,0.0088454159571106,colebrook
moody_eps5.28e-06_Re8.71e+06,390711.6338185012,93.20397484991946,0.001,1000.0,0.1,5.283460467023342e-07,0.0089953376682813,9320397.484991947,5.283460467023342e-06,0.0086863501941205,colebrook
moody_eps5.28e-06_Re9.90e+06,395987.62127132085,96.85447672021292,0.001,1000.0,0.1,5.283460467023342e-07,0.0084425221243009,9685447.672021294,5.283460467023342e-06,0.0086523430021548,colebrook
moody_eps5.28e-06_Re1.13e+07,605404.0070033002,120.7702520006344,0.001,1000.0,0.1,5.283460467023342e-07,0.0083014764795212,12077025.20006344,5.283460467023342e-06,0.0084683287303915,colebrook
moody_eps5.28e-06_Re1.28e+07,725908.4124428163,127.89056441998038,0.001,1000.0,0.1,5.283460467023342e-07,0.0088763581464213,12789056.441998038,5.283460467023342e-06,0.0084236698427158,colebrook
moody_eps5.28e-06_Re1.46e+07,972618.7562197952,153.30233037149253,0.001,1000.0,0.1,5.283460467023342e-07,0.00827704130865,15330233.037149252,5.283460467023342e-06,0.0082906181784547,colebrook
moody_eps5.28e-06_Re1.66e+07,1090184.3786243722,166.77812249571994,0.001,1000.0,0.1,5.283460467023342e-07,0.0078388398078404,16677812.249571994,5.283460467023342e-06,0.0082329477244357,colebrook
moody_eps5.28e-06_Re1.88e+07,1356441.1759681527,183.2056121238541,0.001,1000.0,0.1,5.283460467023342e-07,0.0080826433141424,18320561.21238541,5.283460467023342e-06,0.0081716981222593,colebrook
moody_eps6.97e-06_Re7.44e+03,0.9478394598030644,0.0759277143810821,0.001,1000.0,0.1,6.972762494645748e-07,0.0328824468841121,7592.77143810821,6.972762494645748e-06,0.0332682507511206,colebrook
moody_eps6.97e-06_Re8.46e+03,1.2473891647391608,0.0888814216083221,0.001,1000.0,0.1,6.972762494645748e-07,0.0315798438595689,8888.142160832218,6.972762494645748e-06,0.0318792365647356,colebrook
moody_eps6.97e-06_Re9.62e+03,1.474684784868414,0.0970584308004723,0.001,1000.0,0.1,6.972762494645748e-07,0.031308529056543,9705.843080047232,6.972762494645748e-06,0.0311391919290079,colebrook
moody_eps6.97e-06_Re1.09e+04,1.6163537116022024,0.1021573067507125,0.001,1000.0,0.1,6.972762494645748e-07,0.030976156580183,10215.730675071258,6.972762494645748e-06,0.0307199772391394,colebrook
moody_eps6.97e-06_Re1.24e+04,2.278980070940461,0.1255177905068309,0.001,1000.0,0.1,6.972762494645748e-07,0.0289307672630768,12551.779050683095,6.972762494645748e-06,0.0291133488292231,colebrook
moody_eps6.97e-06_Re1.41e+04,2.699216402768259,0.1408899678060048,0.001,1000.0,0.1,6.972762494645748e-07,0.0271961582930274,14088.996780600484,6.972762494645748e-06,0.0282645347273959,colebrook
moody_eps6.97e-06_Re1.61e+04,3.716490618294007,0.1612805253014723,0.001,1000.0,0.1,6.972762494645748e-07,0.0285758513413628,16128.05253014723,6.972762494645748e-06,0.0273160444368775,colebrook
moody_eps6.97e-06_Re1.83e+04,4.32024006805502,0.1819636193695464,0.001,1000.0,0.1,6.972762494645748e-07,0.0260956874926041,18196.36193695464,6.972762494645748e-06,0.026507662524209,colebrook
moody_eps6.97e-06_Re2.08e+04,5.709738314019899,0.2042503631259981,0.001,1000.0,0.1,6.972762494645748e-07,0.0273728820074035,20425.03631259981,6.972762494645748e-06,0.0257655976654013,colebrook
moody_eps6.97e-06_Re2.37e+04,6.641395556652864,0.2270963987965147,0.001,1000.0,0.1,6.972762494645748e-07,0.0257554325545934,22709.639879651477,6.972762494645748e-06,0.0251107762038395,colebrook
moody_eps6.97e-06_Re2.69e+04,9.292995279557797,0.2698396161738828,0.001,1000.0,0.1,6.972762494645748e-07,0.0255255019651702,26983.96161738829,6.972762494645748e-06,0.024096127351667,colebrook
moody_eps6.97e-06_Re3.06e+04,11.696073368718867,0.3180717208692216,0.001,1000.0,0.1,6.972762494645748e-07,0.0231217106736799,31807.17208692216,6.972762494645748e-06,0.0231830538186828,colebrook
moody_eps6.97e-06_Re3.48e+04,13.204721096987091,0.3320044560928823,0.001,1000.0,0.1,6.972762494645748e-07,0.0239591497994532,33200.44560928823,6.972762494645748e-06,0.0229532856802932,colebrook
moody_eps6.97e-06_Re3.95e+04,18.017723915801103,0.413057693876644,0.001,1000.0,0.1,6.972762494645748e-07,0.0211207089358114,41305.7693876644,6.972762494645748e-06,0.0218325305620506,colebrook
moody_eps6.97e-06_Re4.50e+04,21.987947705205595,0.4597378752169444,0.001,1000.0,0.1,6.972762494645748e-07,0.0208062648492539,45973.78752169444,6.972762494645748e-06,0.0213121457349536,colebrook
moody_eps6.97e-06_Re5.11e+04,24.86307757458171,0.4994299231958565,0.001,1000.0,0.1,6.972762494645748e-07,0.0199358961117647,49942.99231958565,6.972762494645748e-06,0.0209220020329016,colebrook
moody_eps6.97e-06_Re5.81e+04,36.22279787679164,0.5977625958570308,0.001,1000.0,0.1,6.972762494645748e-07,0.0202747036885785,59776.25958570308,6.972762494645748e-06,0.0201104611015858,colebrook
moody_eps6.97e-06_Re6.61e+04,46.09626953622252,0.6708161002322482,0.001,1000.0,0.1,6.972762494645748e-07,0.0204874931298391,67081.61002322483,6.972762494645748e-06,0.0196139365226023,colebrook
moody_eps6.97e-06_Re7.52e+04,57.02158008882931,0.7667588125029359,0.001,1000.0,0.1,6.972762494645748e-07,0.0193977648840218,76675.88125029359,6.972762494645748e-06,0.0190605540124326,colebrook
moody_eps6.97e-06_Re8.55e+04,68.58375991162316,0.8739693368932838,0.001,1000.0,0.1,6.972762494645748e-07,0.01795803834696,87396.93368932838,6.972762494645748e-06,0.0185408237255432,colebrook
moody_eps6.97e-06_Re9.72e+04,82.41621854324845,0.970670081678644,0.001,1000.0,0.1,6.972762494645748e-07,0.0174944136916477,97067.00816786442,6.972762494645748e-06,0.0181390932820807,colebrook
moody_eps6.97e-06_Re1.10e+05,102.41411297931356,1.075430921497628,0.001,1000.0,0.1,6.972762494645748e-07,0.0177102529716895,107543.0921497628,6.972762494645748e-06,0.0177591030234689,colebrook
moody_eps6.97e-06_Re1.26e+05,152.93440834036943,1.2969676699098829,0.001,1000.0,0.1,6.972762494645748e-07,0.0181834757706647,129696.7669909883,6.972762494645748e-06,0.0170946720094589,colebrook
moody_eps6.97e-06_Re1.43e+05,162.17432477016928,1.382744196260747,0.001,1000.0,0.1,6.972762494645748e-07,0.0169640055332643,138274.4196260747,6.972762494645748e-06,0.0168760231376246,colebrook
moody_eps6.97e-06_Re1.62e+05,218.2133253624166,1.6208522194510298,0.001,1000.0,0.1,6.972762494645748e-07,0.0166120956554315,162085.22194510297,6.972762494645748e-06,0.016351408089093,colebrook
moody_eps6.97e-06_Re1.85e+05,283.6274529642648,1.8794989018405477,0.001,1000.0,0.1,6.972762494645748e-07,0.0160580981468864,187949.89018405476,6.972762494645748e-06,0.0158844500250366,colebrook
moody_eps6.97e-06_Re2.10e+05,329.2138551149089,2.040043487168035,0.001,1000.0,0.1,6.972762494645748e-07,0.0158208294743698,204004.3487168035,6.972762494645748e-06,0.0156346113089568,colebrook
moody_eps6.97e-06_Re2.39e+05,447.10392360022365,2.452749745758302,0.001,1000.0,0.1,6.972762494645748e-07,0.0148638734120348,245274.9745758302,6.972762494645748e-06,0.0150945747411466,colebrook
moody_eps6.97e-06_Re2.72e+05,603.6680156206135,2.881290847280472,0.001,1000.0,0.1,6.972762494645748e-07,0.0145429986038506,288129.0847280472,6.972762494645748e-06,0.0146458508607409,colebrook
moody_eps6.97e-06_Re3.09e+05,671.7352635532148,3.029298785534946,0.001,1000.0,0.1,6.972762494645748e-07,0.0146400959105357,302929.8785534946,6.972762494645748e-06,0.014510502369991,colebrook
moody_eps6.97e-06_Re3.51e+05,823.6950678983063,3.483622874325085,0.001,1000.0,0.1,6.972762494645748e-07,0.0135748235767359,348362.28743250854,6.972762494645748e-06,0.0141431732801283,colebrook
moody_eps6.97e-06_Re3.99e+05,1151.7083804722922,3.9887157299797535,0.001,1000.0,0.1,6.972762494645748e-07,0.0144779259473225,398871.57299797534,6.972762494645748e-06,0.0138011796140536,colebrook
moody_eps6.97e-06_Re4.54e+05,1524.0532749087356,4.820046126812541,0.001,1000.0,0.1,6.972762494645748e-07,0.0131198163368337,482004.61268125416,6.972762494645748e-06,0.0133449098636271,colebrook
moody_eps6.97e-06_Re5.16e+05,1852.8729765260523,5.303247052360353,0.001,1000.0,0.1,6.972762494645748e-07,0.0131762529782854,530324.7052360354,6.972762494645748e-06,0.0131239697344788,colebrook
moody_eps6.97e-06_Re5.87e+05,2343.02737013112,5.918784832255901,0.001,1000.0,0.1,6.972762494645748e-07,0.0133764925844794,591878.4832255901,6.972762494645748e-06,0.0128774503290421,colebrook
moody_eps6.97e-06_Re6.67e+05,2957.3799603199145,6.845765102211439,0.001,1000.0,0.1,6.972762494645748e-07,0.0126209816417712,684576.5102211438,6.972762494645748e-06,0.012562686433975,colebrook
moody_eps6.97e-06_Re7.59e+05,3265.531577425459,7.3791560174074595,0.001,1000.0,0.1,6.972762494645748e-07,0.011994178226795,737915.601740746,6.972762494645748e-06,0.0124055110022699,colebrook
moody_eps6.97e-06_Re8.63e+05,4527.206825437727,8.611121577006225,0.001,1000.0,0.1,6.972762494645748e-07,0.0122107092273148,861112.1577006225,6.972762494645748e-06,0.0120927363704396,colebrook
moody_eps6.97e-06_Re9.81e+05,5996.661972049295,9.959469353035232,0.001,1000.0,0.1,6.972762494645748e-07,0.0120911376452089,995946.9353035232,6.972762494645748e-06,0.0118107918565923,colebrook
moody_eps6.97e-06_Re1.12e+06,7088.315960888826,11.487617398892782,0.001,1000.0,0.1,6.972762494645748e-07,0.0107426923396362,1148761.7398892783,6.972762494645748e-06,0.0115457573670698,colebrook
moody_eps6.97e-06_Re1.27e+06,9316.438255073572,13.032404129057952,0.001,1000.0,0.1,6.972762494645748e-07,0.010970611306804,1303240.4129057953,6.972762494645748e-06,0.0113208191287709,colebrook
moody_eps6.97e-06_Re1.44e+06,12456.515118448651,14.912670883844855,0.001,1000.0,0.1,6.972762494645748e-07,0.0112025189845927,1491267.0883844856,6.972762494645748e-06,0.0110899504405734,colebrook
moody_eps6.97e-06_Re1.64e+06,14980.28826222488,16.712542770584047,0.001,1000.0,0.1,6.972762494645748e-07,0.0107266745126999,1671254.2770584049,6.972762494645748e-06,0.0109021646012858,colebrook
moody_eps6.97e-06_Re1.86e+06,17914.905571342166,18.80599617760948,0.001,1000.0,0.1,6.972762494645748e-07,0.0101309887251182,1880599.6177609477,6.972762494645748e-06,0.0107146856867072,colebrook
moody_eps6.97e-06_Re2.12e+06,24914.722951607448,21.91140201592216,0.001,1000.0,0.1,6.972762494645748e-07,0.0103787660789463,2191140.201592216,6.972762494645748e-06,0.0104822899108691,colebrook
moody_eps6.97e-06_Re2.41e+06,26857.496170984014,22.307676387580727,0.001,1000.0,0.1,6.972762494645748e-07,0.0107941101816685,2230767.6387580726,6.972762494645748e-06,0.0104557924388533,colebrook
moody_eps6.97e-06_Re2.74e+06,40855.356390415785,28.828370537674576,0.001,1000.0,0.1,6.972762494645748e-07,0.0098319306810395,2882837.0537674576,6.972762494645748e-06,0.0100937781309801,colebrook
moody_eps6.97e-06_Re3.12e+06,50793.32994154016,32.32663789631805,0.001,1000.0,0.1,6.972762494645748e-07,0.00972110432894,3232663.789631805,6.972762494645748e-06,0.009942235448915,colebrook
moody_eps6.97e-06_Re3.54e+06,53760.76716217947,33.11439875241688,0.001,1000.0,0.1,6.972762494645748e-07,0.0098053184941398,3311439.875241688,6.972762494645748e-06,0.0099111631835174,colebrook
moody_eps6.97e-06_Re4.03e+06,80292.41598144261,40.69891467983864,0.001,1000.0,0.1,6.972762494645748e-07,0.0096948002539043,4069891.4679838633,6.972762494645748e-06,0.0096560354163871,colebrook
moody_eps6.97e-06_Re4.58e+06,101428.55755966404,45.96953013055313,0.001,1000.0,0.1,6.972762494645748e-07,0.0095995332135106,4596953.013055313,6.972762494645748e-06,0.0095145460237095,colebrook
moody_eps6.97e-06_Re5.21e+06,128026.85579301378,52.44793891284301,0.001,1000.0,0.1,6.972762494645748e-07,0.0093083825500821,5244793.891284301,6.972762494645748e-06,0.0093689074890169,colebrook
moody_eps6.97e-06_Re5.93e+06,155530.1830341909,58.19133407585934,0.001,1000.0,0.1,6.972762494645748e-07,0.009186034055511,5819133.407585934,6.972762494645748e-06,0.0092595765498138,colebrook
moody_eps6.97e-06_Re6.74e+06,200905.42686341377,66.66507660644393,0.001,1000.0,0.1,6.972762494645748e-07,0.0090411754841155,6666507.6606443925,6.972762494645748e-06,0.009123713252335,colebrook
moody_eps6.97e-06_Re7.66e+06,243817.58751070083,74.11339747642384,0.001,1000.0,0.1,6.972762494645748e-07,0.0088777228016839,7411339.747642384,6.972762494645748e-06,0.0090234154410142,colebrook
moody_eps6.97e-06_Re8.71e+06,341620.2521278613,87.32224357669013,0.001,1000.0,0.1,6.972762494645748e-07,0.0089603264692751,8732224.357669013,6.972762494645748e-06,0.0088775364819649,colebrook
moody_eps6.97e-06_Re9.90e+06,426402.0166378316,98.85667648029644,0.001,1000.0,0.1,6.972762494645748e-07,0.0087264425625739,9885667.648029642,6.972762494645748e-06,0.0087746561950548,colebrook
moody_eps6.97e-06_Re1.13e+07,581228.0111031466,114.44323906277072,0.001,1000.0,0.1,6.972762494645748e-07,0.0088755699199518,11444323.906277072,6.972762494645748e-06,0.0086613317266794,colebrook
moody_eps6.97e-06_Re1.28e+07,694212.1710369396,130.6995776784142,0.001,1000.0,0.1,6.972762494645748e-07,0.0081278157619317,13069957.76784142,6.972762494645748e-06,0.0085659024926098,colebrook
moody_eps6.97e-06_Re1.46e+07,895840.8604081105,143.63715434906416,0.001,1000.0,0.1,6.972762494645748e-07,0.0086841492292386,14363715.434906416,6.972762494645748e-06,0.0085022411941958,colebrook
moody_eps6.97e-06_Re1.66e+07,1212513.9217861828,168.15193546853342,0.001,1000.0,0.1,6.972762494645748e-07,0.0085765571997305,16815193.54685334,6.972762494645748e-06,0.0084034157169121,colebrook
moody_eps9.20e-06_Re7.44e+03,0.9279341310781452,0.0767752283360574,0.001,1000.0,0.1,9.202191841917988e-07,0.031485087988105,7677.522833605747,9.202191841917986e-06,0.0331705909801886,colebrook
moody_eps9.20e-06_Re8.46e+03,1.1976202084692928,0.0845400770890602,0.001,1000.0,0.1,9.202191841917988e-07,0.0335138122438914,8454.007708906025,9.202191841917986e-06,0.032314821961768,colebrook
moody_eps9.20e-06_Re9.62e+03,1.550795298620628,0.0995145897500553,0.001,1000.0,0.1,9.202191841917988e-07,0.0313192214413325,9951.458975005538,9.202191841917986e-06,0.0309369930145309,colebrook
moody_eps9.20e-06_Re1.09e+04,1.8787738500436413,0.1085794992276326,0.001,1000.0,0.1,9.202191841917988e-07,0.0318719645538632,10857.949922763266,9.202191841917986e-06,0.0302348812412956,colebrook
moody_eps9.20e-06_Re1.24e+04,2.132109300315507,0.1183452135128497,0.001,1000.0,0.1,9.202191841917988e-07,0.0304465483722497,11834.521351284977,9.202191841917986e-06,0.0295635763687351,colebrook
moody_eps9.20e-06_Re1.41e+04,2.954670738592862,0.1436619774692574,0.001,1000.0,0.1,9.202191841917988e-07,0.0286322453366481,14366.197746925744,9.202191841917986e-06,0.0281290385051904,colebrook
moody_eps9.20e-06_Re1.61e+04,3.609723176056878,0.1621700713330998,0.001,1000.0,0.1,9.202191841917988e-07,0.0274512723164443,16217.007133309984,9.202191841917986e-06,0.0272828176186767,colebrook
moody_eps9.20e-06_Re1.83e+04,4.49444081568601,0.1881140636583685,0.001,1000.0,0.1,9.202191841917988e-07,0.0254017203853835,18811.406365836858,9.202191841917986e-06,0.0262957741376948,colebrook
moody_eps9.20e-06_Re2.08e+04,5.223036752371448,0.2003732385386545,0.001,1000.0,0.1,9.202191841917988e-07,0.0260179840063776,20037.323853865448,9.202191841917986e-06,0.0258914913235629,colebrook
moody_eps9.20e-06_Re2.37e+04,7.010249541187473,0.236890123582136,0.001,1000.0,0.1,9.202191841917988e-07,0.0249844368175278,23689.012358213604,9.202191841917986e-06,0.0248620687554345,colebrook
moody_eps9.20e-06_Re2.69e+04,9.325504869076635,0.2820821678022835,0.001,1000.0,0.1,9.202191841917988e-07,0.0234396479098784,28208.21678022835,9.202191841917986e-06,0.0238505725728405,colebrook
moody_eps9.20e-06_Re3.06e+04,11.51927364786586,0.3127732524306477,0.001,1000.0,0.1,9.202191841917988e-07,0.0235502693471675,31277.32524306477,9.202191841917986e-06,0.0232802142623912,colebrook
moody_eps9.20e-06_Re3.48e+04,14.930371187887667,0.3733025892438694,0.001,1000.0,0.1,9.202191841917988e-07,0.0214278499328261,37330.25892438694,9.202191841917986e-06,0.0223484523866666,colebrook
moody_eps9.20e-06_Re3.95e+04,16.51942673291021,0.388955816241988,0.001,1000.0,0.1,9.202191841917988e-07,0.0218385815874777,38895.58162419881,9.202191841917986e-06,0.0221399109282986,colebrook
moody_eps9.20e-06_Re4.50e+04,22.66776029449068,0.4677423324277013,0.001,1000.0,0.1,9.202191841917988e-07,0.0207216938597366,46774.23324277013,9.202191841917986e-06,0.0212377173491755,colebrook
moody_eps9.20e-06_Re5.11e+04,31.183848835096768,0.5372649131914679,0.001,1000.0,0.1,9.202191841917988e-07,0.0216064169962051,53726.49131914679,9.202191841917986e-06,0.0205949748009046,colebrook
moody_eps9.20e-06_Re5.81e+04,36.2892560803884,0.5965570635588676,0.001,1000.0,0.1,9.202191841917988e-07,0.0203940780160729,59655.70635588676,9.202191841917986e-06,0.0201282295340224,colebrook
moody_eps9.20e-06_Re6.61e+04,39.779299116485255,0.6307910670026915,0.001,1000.0,0.1,9.202191841917988e-07,0.0199947534689416,63079.10670026915,9.202191841917986e-06,0.0198857904190348,colebrook
moody_eps9.20e-06_Re7.52e+04,49.55112609376693,0.719958381875053,0.001,1000.0,0.1,9.202191841917988e-07,0.0191191570189589,71995.8381875053,9.202191841917986e-06,0.0193282858172454,colebrook
moody_eps9.20e-06_Re8.55e+04,68.16892534061724,0.8597658605636582,0.001,1000.0,0.1,9.202191841917988e-07,0.0184440398020289,85976.58605636582,9.202191841917986e-06,0.0186157391489353,colebrook
moody_eps9.20e-06_Re9.72e+04,89.81474925889775,0.9997895047350114,0.001,1000.0,0.1,9.202191841917988e-07,0.0179705144719488,99978.95047350114,9.202191841917986e-06,0.0180402904401289,colebrook
moody_eps9.20e-06_Re1.10e+05,96.1351991348106,1.0547052723262331,0.001,1000.0,0.1,9.202191841917988e-07,0.0172842361732367,105470.52723262332,9.202191841917986e-06,0.0178427381483598,colebrook
moody_eps9.20e-06_Re1.26e+05,125.65982671318186,1.2091953010920231,0.001,1000.0,0.1,9.202191841917988e-07,0.0171883247481712,120919.53010920231,9.202191841917986e-06,0.0173522689135251,colebrook
moody_eps9.20e-06_Re1.43e+05,185.96353447996117,1.4829797573087762,0.001,1000.0,0.1,9.202191841917988e-07,0.0169117029479527,148297.97573087763,9.202191841917986e-06,0.0166570488794039,colebrook
moody_eps9.20e-06_Re1.62e+05,211.51219537390213,1.6409324864440404,0.001,1000.0,0.1,9.202191841917988e-07,0.0157102820657392,164093.24864440403,9.202191841917986e-06,0.0163279252657398,colebrook
moody_eps9.20e-06_Re1.85e+05,309.17708320972366,1.9829939901745144,0.001,1000.0,0.1,9.202191841917988e-07,0.0157251390855457,198299.3990174514,9.202191841917986e-06,0.0157384780044393,colebrook
moody_eps9.20e-06_Re2.10e+05,381.34859838700726,2.258032369811494,0.001,1000.0,0.1,9.202191841917988e-07,0.0149586301119752,225803.23698114936,9.202191841917986e-06,0.0153530022570557,colebrook
moody_eps9.20e-06_Re2.39e+05,454.0404743812876,2.3476258587102183,0.001,1000.0,0.1,9.202191841917988e-07,0.0164765695272495,234762.58587102185,9.202191841917986e-06,0.0152403954540571,colebrook
moody_eps9.20e-06_Re2.72e+05,522.167496868318,2.6291054033486483,0.001,1000.0,0.1,9.202191841917988e-07,0.0151085864939878,262910.5403348648,9.202191841917986e-06,0.0149199918655416,colebrook
moody_eps9.20e-06_Re3.09e+05,661.3590104092227,3.0562871100722866,0.001,1000.0,0.1,9.202191841917988e-07,0.0141605124724514,305628.71100722865,9.202191841917986e-06,0.0145103131649119,colebrook
moody_eps9.20e-06_Re3.51e+05,951.9965904061488,3.7457912656032177,0.001,1000.0,0.1,9.202191841917988e-07,0.0135699498717564,374579.1265603217,9.202191841917986e-06,0.0139849494395818,colebrook
moody_eps9.20e-06_Re3.99e+05,1196.033880602426,4.100779430111603,0.001,1000.0,0.1,9.202191841917988e-07,0.0142246194696962,410077.9430111604,9.202191841917986e-06,0.0137610873363174,colebrook
moody_eps9.20e-06_Re4.54e+05,1244.52444264449,4.403296586970988,0.001,1000.0,0.1,9.202191841917988e-07,0.0128374140538051,440329.6586970987,9.202191841917986e-06,0.0135892717431339,colebrook
moody_eps9.20e-06_Re5.16e+05,1559.0135735339188,4.892688017677717,0.001,1000.0,0.1,9.202191841917988e-07,0.0130252133103473,489268.80176777166,9.202191841917986e-06,0.013341433167115,colebrook
moody_eps9.20e-06_Re5.87e+05,2277.03565779293,5.90792402070444,0.001,1000.0,0.1,9.202191841917988e-07,0.0130475816854936,590792.4020704441,9.202191841917986e-06,0.0129169388765775,colebrook
moody_eps9.20e-06_Re6.67e+05,2779.6739333801256,6.63525224744064,0.001,1000.0,0.1,9.202191841917988e-07,0.0126272556897498,663525.2247440639,9.202191841917986e-06,0.0126672107646118,colebrook
moody_eps9.20e-06_Re7.59e+05,3850.782753888242,7.812640669604192,0.001,1000.0,0.1,9.202191841917988e-07,0.0126177905393123,781264.0669604192,9.202191841917986e-06,0.0123303435078934,colebrook
moody_eps9.20e-06_Re8.63e+05,4526.7858888525525,8.726267628629328,0.001,1000.0,0.1,9.202191841917988e-07,0.0118894808670138,872626.7628629329,9.202191841917986e-06,0.0121115926232042,colebrook
moody_eps9.20e-06_Re9.81e+05,6004.351120847667,10.041794355579688,0.001,1000.0,0.1,9.202191841917988e-07,0.0119089488513937,1004179.4355579688,9.202191841917986e-06,0.0118443840036368,colebrook
moody_eps9.20e-06_Re1.12e+06,6836.051698090989,10.90746152976732,0.001,1000.0,0.1,9.202191841917988e-07,0.0114917972273409,1090746.152976732,9.202191841917986e-06,0.0116924153697005,colebrook
moody_eps9.20e-06_Re1.27e+06,10398.829694967151,13.160173426268084,0.001,1000.0,0.1,9.202191841917988e-07,0.0120085684061987,1316017.3426268084,9.202191841917986e-06,0.0113618240701608,colebrook
moody_eps9.20e-06_Re1.44e+06,10634.334457727104,14.195107844351474,0.001,1000.0,0.1,9.202191841917988e-07,0.0105551137526974,1419510.7844351474,9.202191841917986e-06,0.0112340854787132,colebrook
moody_eps9.20e-06_Re1.64e+06,14873.743319743991,16.690949369629884,0.001,1000.0,0.1,9.202191841917988e-07,0.0106779577625084,1669094.9369629885,9.202191841917986e-06,0.0109712638717285,colebrook
moody_eps9.20e-06_Re1.86e+06,19339.707883676117,19.06151097579932,0.001,1000.0,0.1,9.202191841917988e-07,0.0106454802524205,1906151.0975799323,9.202191841917986e-06,0.0107662272815404,colebrook
moody_eps9.20e-06_Re2.12e+06,27104.093882734003,22.66989192572596,0.001,1000.0,0.1,9.202191841917988e-07,0.0105478996453705,2266989.192572596,9.202191841917986e-06,0.0105124410659939,colebrook
moody_eps9.20e-06_Re2.41e+06,30732.507569850637,24.771375720298057,0.001,1000.0,0.1,9.202191841917988e-07,0.0100167708769496,2477137.5720298057,9.202191841917986e-06,0.0103886346647504,colebrook
moody_eps9.20e-06_Re2.74e+06,33022.688018552,25.19077951806449,0.001,1000.0,0.1,9.202191841917988e-07,0.0104078063655711,2519077.951806449,9.202191841917986e-06,0.0103656370235905,colebrook
moody_eps9.20e-06_Re3.12e+06,50815.86669369512,31.417629649064903,0.001,1000.0,0.1,9.202191841917988e-07,0.0102963311273828,3141762.96490649,9.202191841917986e-06,0.010076224525982,colebrook
moody_eps9.20e-06_Re3.54e+06,58150.39694088977,34.86032875285801,0.001,1000.0,0.1,9.202191841917988e-07,0.0095701715415044,3486032.875285801,9.202191841917986e-06,0.0099483457927642,colebrook
moody_eps9.20e-06_Re4.03e+06,73766.20541094673,38.41325072042092,0.001,1000.0,0.1,9.202191841917988e-07,0.0099982805197688,3841325.072042092,9.202191841917986e-06,0.0098337358008984,colebrook
moody_eps9.20e-06_Re4.58e+06,102617.2136613587,46.81387240192047,0.001,1000.0,0.1,9.202191841917988e-07,0.0093648554814084,4681387.240192047,9.202191841917986e-06,0.009614156559305,colebrook
moody_eps9.20e-06_Re5.21e+06,122498.06207829188,51.28936031120245,0.001,1000.0,0.1,9.202191841917988e-07,0.0093133226493434,5128936.031120245,9.202191841917986e-06,0.0095190159918087,colebrook
moody_eps9.20e-06_Re5.93e+06,148644.56109153878,55.97592352985001,0.001,1000.0,0.1,9.202191841917988e-07,0.0094880394866891,5597592.352985,9.202191841917986e-06,0.0094315319250412,colebrook
moody_eps9.20e-06_Re6.74e+06,219030.6603327164,69.10394962022882,0.001,1000.0,0.1,9.202191841917988e-07,0.0091733754329464,6910394.962022881,9.202191841917986e-06,0.0092350479427459,colebrook
moody_eps9.20e-06_Re7.66e+06,245928.6341701571,73.40637262890345,0.001,1000.0,0.1,9.202191841917988e-07,0.0091279145441969,7340637.262890345,9.202191841917986e-06,0.0091823843780502,colebrook
moody_eps9.20e-06_Re8.71e+06,395464.83262554783,90.74661027801316,0.001,1000.0,0.1,9.202191841917988e-07,0.0096045504439959,9074661.027801316,9.202191841917986e-06,0.0090100426829919,colebrook
moody_eps9.20e-06_Re9.90e+06,435163.5318393479,99.84958178992856,0.001,1000.0,0.1,9.202191841917988e-07,0.0087295124384238,9984958.178992854,9.202191841917986e-06,0.0089385890306025,colebrook
moody_eps9.20e-06_Re1.13e+07,478071.7744634423,106.11020367462508,0.001,1000.0,0.1,9.202191841917988e-07,0.0084919768763708,10611020.367462508,9.202191841917986e-06,0.0088950941323407,colebrook
moody_eps9.20e-06_Re1.28e+07,720284.838458877,127.71897807589376,0.001,1000.0,0.1,9.202191841917988e-07,0.0088312748051274,12771897.807589374,9.202191841917986e-06,0.0087716630105765,colebrook
moody_eps9.20e-06_Re1.46e+07,927997.3302872912,146.73844388242466,0.001,1000.0,0.1,9.202191841917988e-07,0.0086196355586745,14673844.388242466,9.202191841917986e-06,0.0086879076121047,colebrook
moody_eps9.20e-06_Re1.66e+07,1030393.0048885698,158.0812854542855,0.001,1000.0,0.1,9.202191841917988e-07,0.008246543986647,15808128.54542855,9.202191841917986e-06,0.0086459229948821,colebrook
moody_eps1.21e-05_Re7.44e+03,0.904581829838883,0.0757952416978866,0.001,1000.0,0.1,1.214444558530229e-06,0.0314915452328645,7579.524169788663,1.214444558530229e-05,0.033291136699919,colebrook
moody_eps1.21e-05_Re8.46e+03,1.1938413428377486,0.0857927704201897,0.001,1000.0,0.1,1.214444558530229e-06,0.0324395802133897,8579.277042018979,1.214444558530229e-05,0.0321911929507316,colebrook
moody_eps1.21e-05_Re9.62e+03,1.3560948805018451,0.09624009383209,0.001,1000.0,0.1,1.214444558530229e-06,0.0292824895232504,9624.009383209008,1.214444558530229e-05,0.0312171614506287,colebrook
moody_eps1.21e-05_Re1.09e+04,2.0144453965186586,0.114699138267037,0.001,1000.0,0.1,1.214444558530229e-06,0.0306242305370438,11469.913826703703,1.214444558530229e-05,0.0298098599286979,colebrook
moody_eps1.21e-05_Re1.24e+04,2.293981405648029,0.1245276471780962,0.001,1000.0,0.1,1.214444558530229e-06,0.0295861410725897,12452.764717809629,1.214444558530229e-05,0.0291817882537252,colebrook
moody_eps1.21e-05_Re1.41e+04,2.7330164461206685,0.1375567226333924,0.001,1000.0,0.1,1.214444558530229e-06,0.0288874096948861,13755.672263339246,1.214444558530229e-05,0.0284468562871992,colebrook
moody_eps1.21e-05_Re1.61e+04,3.707318006221746,0.1685907123407965,0.001,1000.0,0.1,1.214444558530229e-06,0.0260869042919427,16859.071234079656,1.214444558530229e-05,0.0270253686588867,colebrook
moody_eps1.21e-05_Re1.83e+04,5.039520536395009,0.1983250963593379,0.001,1000.0,0.1,1.214444558530229e-06,0.0256249995862687,19832.50963593379,1.214444558530229e-05,0.0259630997644748,colebrook
moody_eps1.21e-05_Re2.08e+04,5.657357480667687,0.2132362305188706,0.001,1000.0,0.1,1.214444558530229e-06,0.0248840820332577,21323.62305188706,1.214444558530229e-05,0.0255084978770335,colebrook
moody_eps1.21e-05_Re2.37e+04,6.837289753076671,0.2393062387220484,0.001,1000.0,0.1,1.214444558530229e-06,0.0238784393642748,23930.623872204847,1.214444558530229e-05,0.0248086929716791,colebrook
moody_eps1.21e-05_Re2.69e+04,8.369368639074388,0.2636745542857914,0.001,1000.0,0.1,1.214444558530229e-06,0.0240761062849483,26367.455428579146,1.214444558530229e-05,0.0242417711708221,colebrook
moody_eps1.21e-05_Re3.06e+04,10.49625576357344,0.2998445829952996,0.001,1000.0,0.1,1.214444558530229e-06,0.0233491989585145,29984.45829952996,1.214444558530229e-05,0.0235189287744927,colebrook
moody_eps1.21e-05_Re3.48e+04,13.924760228812708,0.3580494251080908,0.001,1000.0,0.1,1.214444558530229e-06,0.0217235981227687,35804.94251080908,1.214444558530229e-05,0.0225720337967308,colebrook
moody_eps1.21e-05_Re3.95e+04,16.208286601620774,0.3814475556956944,0.001,1000.0,0.1,1.214444558530229e-06,0.0222790891091183,38144.75556956944,1.214444558530229e-05,0.0222476581810784,colebrook
moody_eps1.21e-05_Re4.50e+04,20.39868456248842,0.4420282506480004,0.001,1000.0,0.1,1.214444558530229e-06,0.0208800774231641,44202.82506480004,1.214444558530229e-05,0.0215183905234911,colebrook
moody_eps1.21e-05_Re5.11e+04,26.952953326509192,0.5132248161252283,0.001,1000.0,0.1,1.214444558530229e-06,0.0204654387306962,51322.48161252282,1.214444558530229e-05,0.0208148891153827,colebrook
moody_eps1.21e-05_Re5.81e+04,34.79514451670822,0.5871561084378516,0.001,1000.0,0.1,1.214444558530229e-06,0.020185591192942,58715.61084378516,1.214444558530229e-05,0.02020968297492,colebrook
moody_eps1.21e-05_Re6.61e+04,42.477674384626965,0.6569603011338506,0.001,1000.0,0.1,1.214444558530229e-06,0.0196839599908648,65696.03011338506,1.214444558530229e-05,0.0197242982449649,colebrook
moody_eps1.21e-05_Re7.52e+04,59.47723130298259,0.7749594997438005,0.001,1000.0,0.1,1.214444558530229e-06,0.0198071835703169,77495.94997438006,1.214444558530229e-05,0.0190415140106975,colebrook
moody_eps1.21e-05_Re8.55e+04,65.47371462224666,0.8504613324774987,0.001,1000.0,0.1,1.214444558530229e-06,0.0181045540475928,85046.13324774987,1.214444558530229e-05,0.0186726995224037,colebrook
moody_eps1.21e-05_Re9.72e+04,73.92335894897272,0.9286035001261348,0.001,1000.0,0.1,1.214444558530229e-06,0.0171455355596083,92860.35001261347,1.214444558530229e-05,0.0183337782985709,colebrook
moody_eps1.21e-05_Re1.10e+05,98.78781382336987,1.0665617460805985,0.001,1000.0,0.1,1.214444558530229e-06,0.0173684620603789,106656.17460805984,1.214444558530229e-05,0.0178182930211568,colebrook
moody_eps1.21e-05_Re1.26e+05,128.19888733569826,1.2543233742739963,0.001,1000.0,0.1,1.214444558530229e-06,0.0162965330115126,125432.33742739965,1.214444558530229e-05,0.0172423497323822,colebrook
moody_eps1.21e-05_Re1.43e+05,191.2025439753589,1.4911037291737836,0.001,1000.0,0.1,1.214444558530229e-06,0.0171991882213457,149110.37291737835,1.214444558530229e-05,0.0166590816788013,colebrook
moody_eps1.21e-05_Re1.62e+05,227.6487757748206,1.6861275280833945,0.001,1000.0,0.1,1.214444558530229e-06,0.0160145403169013,168612.75280833943,1.214444558530229e-05,0.016262856835182,colebrook
moody_eps1.21e-05_Re1.85e+05,268.4235323417144,1.8605142743647132,0.001,1000.0,0.1,1.214444558530229e-06,0.0155090276436247,186051.4274364713,1.214444558530229e-05,0.0159561320925406,colebrook
moody_eps1.21e-05_Re2.10e+05,360.6469007670119,2.200051365639396,0.001,1000.0,0.1,1.214444558530229e-06,0.0149020686188511,220005.1365639396,1.214444558530229e-05,0.0154543541967528,colebrook
moody_eps1.21e-05_Re2.39e+05,440.3523980814732,2.351447696012148,0.001,1000.0,0.1,1.214444558530229e-06,0.0159279438255444,235144.7696012148,1.214444558530229e-05,0.0152620989722756,colebrook
moody_eps1.21e-05_Re2.72e+05,625.6534432635274,2.925858144139562,0.001,1000.0,0.1,1.214444558530229e-06,0.0146169682068598,292585.8144139562,1.214444558530229e-05,0.0146572464910043,colebrook
moody_eps1.21e-05_Re3.09e+05,627.3271354076642,3.0493240648801323,0.001,1000.0,0.1,1.214444558530229e-06,0.0134932605628234,304932.4064880132,1.214444558530229e-05,0.0145472838808309,colebrook
moody_eps1.21e-05_Re3.51e+05,968.5428624170988,3.695493310712098,0.001,1000.0,0.1,1.214444558530229e-06,0.0141841723495609,369549.33107120986,1.214444558530229e-05,0.0140536374335778,colebrook
moody_eps1.21e-05_Re3.99e+05,1022.7761887482023,3.7724919805224495,0.001,1000.0,0.1,1.214444558530229e-06,0.0143732160553479,377249.198052245,1.214444558530229e-05,0.0140023583875331,colebrook
moody_eps1.21e-05_Re4.54e+05,1429.0148406111075,4.623370418044082,0.001,1000.0,0.1,1.214444558530229e-06,0.0133705525396964,462337.04180440825,1.214444558530229e-05,0.0135134664866368,colebrook
moody_eps1.21e-05_Re5.16e+05,1750.9159441350407,5.075504633596608,0.001,1000.0,0.1,1.214444558530229e-06,0.0135936735430781,507550.4633596607,1.214444558530229e-05,0.013299158254783,colebrook
moody_eps1.21e-05_Re5.87e+05,2297.023990771336,5.909923718416831,0.001,1000.0,0.1,1.214444558530229e-06,0.0131532106712916,590992.371841683,1.214444558530229e-05,0.0129625039343537,colebrook
moody_eps1.21e-05_Re6.67e+05,3136.795617915685,6.923094999920682,0.001,1000.0,0.1,1.214444558530229e-06,0.0130892763223294,692309.4999920683,1.214444558530229e-05,0.0126290232166034,colebrook
moody_eps1.21e-05_Re7.59e+05,3801.68225063604,7.762752640595959,0.001,1000.0,0.1,1.214444558530229e-06,0.0126175291158887,776275.2640595959,1.214444558530229e-05,0.012397917385051,colebrook
moody_eps1.21e-05_Re8.63e+05,4089.01888159185,8.303105288824888,0.001,1000.0,0.1,1.214444558530229e-06,0.0118622759148137,830310.5288824887,1.214444558530229e-05,0.0122659489900868,colebrook
moody_eps1.21e-05_Re9.81e+05,6135.622435597371,10.054138262266266,0.001,1000.0,0.1,1.214444558530229e-06,0.012139447352975,1005413.8262266266,1.214444558530229e-05,0.0119060202841665,colebrook
moody_eps1.21e-05_Re1.12e+06,7696.024424149907,11.329700106364196,0.001,1000.0,0.1,1.214444558530229e-06,0.0119911159981659,1132970.0106364195,1.214444558530229e-05,0.0116925937252003,colebrook
moody_eps1.21e-05_Re1.27e+06,9122.339153711117,12.47486189385918,0.001,1000.0,0.1,1.214444558530229e-06,0.0117237005630588,1247486.189385918,1.214444558530229e-05,0.011526684964787,colebrook
moody_eps1.21e-05_Re1.44e+06,11130.49514208064,14.000916039279945,0.001,1000.0,0.1,1.214444558530229e-06,0.0113561619569134,1400091.6039279944,1.214444558530229e-05,0.0113349298607895,colebrook
moody_eps1.21e-05_Re1.64e+06,15383.780897658013,16.86301033530565,0.001,1000.0,0.1,1.214444558530229e-06,0.0108198905878511,1686301.033530565,1.214444558530229e-05,0.011041844436025,colebrook
moody_eps1.21e-05_Re1.86e+06,21854.49297385285,19.7723295529576,0.001,1000.0,0.1,1.214444558530229e-06,0.0111803410107192,1977232.95529576,1.214444558530229e-05,0.0108063571320602,colebrook
moody_eps1.21e-05_Re2.12e+06,25830.59227603593,22.094151985464705,0.001,1000.0,0.1,1.214444558530229e-06,0.0105830216753346,2209415.19854647,1.214444558530229e-05,0.0106502746470076,colebrook
moody_eps1.21e-05_Re2.41e+06,27724.65302149532,23.12547393277473,0.001,1000.0,0.1,1.214444558530229e-06,0.0103684737240586,2312547.393277473,1.214444558530229e-05,0.0105880660703943,colebrook
moody_eps1.21e-05_Re2.74e+06,39846.45843130477,27.871559265064853,0.001,1000.0,0.1,1.214444558530229e-06,0.0102588148348368,2787155.9265064853,1.214444558530229e-05,0.0103450424114892,colebrook
moody_eps1.21e-05_Re3.12e+06,51891.581941042445,31.85362694941463,0.001,1000.0,0.1,1.214444558530229e-06,0.0102284335278007,3185362.694941463,1.214444558530229e-05,0.0101823700195848,colebrook
moody_eps1.21e-05_Re3.54e+06,62846.60364767446,34.822760199651206,0.001,1000.0,0.1,1.214444558530229e-06,0.0103653846706625,3482276.0199651206,1.214444558530229e-05,0.0100789127929987,colebrook
moody_eps1.21e-05_Re4.03e+06,85087.62188038175,41.97061259199344,0.001,1000.0,0.1,1.214444558530229e-06,0.009660637031662,4197061.259199344,1.214444558530229e-05,0.0098751753513362,colebrook
moody_eps1.21e-05_Re4.58e+06,106287.12455494831,46.53608712077959,0.001,1000.0,0.1,1.214444558530229e-06,0.0098159180960928,4653608.712077959,1.214444558530229e-05,0.0097699127740801,colebrook
moody_eps1.21e-05_Re5.21e+06,132859.7429355706,52.549246459365634,0.001,1000.0,0.1,1.214444558530229e-06,0.0096225553517795,5254924.645936563,1.214444558530229e-05,0.0096526557279168,colebrook
moody_eps1.21e-05_Re5.93e+06,162672.5074457041,57.06536943280126,0.001,1000.0,0.1,1.214444558530229e-06,0.0099907683714155,5706536.943280126,1.214444558530229e-05,0.0095771091831368,colebrook
moody_eps1.21e-05_Re6.74e+06,196474.812010876,65.29553437595206,0.001,1000.0,0.1,1.214444558530229e-06,0.0092165825360382,6529553.437595205,1.214444558530229e-05,0.0094604798067386,colebrook
moody_eps1.21e-05_Re7.66e+06,285934.6796982316,78.12991665975976,0.001,1000.0,0.1,1.214444558530229e-06,0.0093683283886374,7812991.665975976,1.214444558530229e-05,0.0093179107580871,colebrook
moody_eps1.21e-05_Re8.71e+06,328217.88768874056,85.05153170646301,0.001,1000.0,0.1,1.214444558530229e-06,0.0090746098709351,8505153.1706463,1.214444558530229e-05,0.0092553967246993,colebrook
moody_eps1.21e-05_Re9.90e+06,438978.19694091525,98.57631626135566,0.001,1000.0,0.1,1.214444558530229e-06,0.0090349920847053,9857631.626135563,1.214444558530229e-05,0.0091539686122802,colebrook
moody_eps1.21e-05_Re1.13e+07,576704.7205400025,114.82867844027383,0.001,1000.0,0.1,1.214444558530229e-06,0.0087474761853167,11482867.844027383,1.214444558530229e-05,0.009058393589645,colebrook
moody_eps1.21e-05_Re1.28e+07,788762.3216975364,129.46345148746667,0.001,1000.0,0.1,1.214444558530229e-06,0.0094119972178157,12946345.148746666,1.214444558530229e-05,0.0089896069859771,colebrook
moody_eps1.21e-05_Re1.46e+07,932432.676213968,146.4953044904699,0.001,1000.0,0.1,1.214444558530229e-06,0.008689605706496,14649530.44904699,1.214444558530229e-05,0.0089242863817924,colebrook
moody_eps1.21e-05_Re1.66e+07,1166384.2352800474,162.01920447128438,0.001,1000.0,0.1,1.214444558530229e-06,0.008886661665887,16201920.447128436,1.214444558530229e-05,0.0088750283442239,colebrook
moody_eps1.21e-05_Re1.88e+07,1561711.7744227364,184.77393853772472,0.001,1000.0,0.1,1.214444558530229e-06,0.0091484906412177,18477393.853772476,1.214444558530229e-05,0.0088158464959619,colebrook
moody_eps1.60e-05_Re8.46e+03,1.0475183819561509,0.0818593658080799,0.001,1000.0,0.1,1.6027437930877554e-06,0.0312647454432556,8185.9365808079965,1.6027437930877553e-05,0.0326070614673257,colebrook
moody_eps1.60e-05_Re9.62e+03,1.4350137925992164,0.0951509354714842,0.001,1000.0,0.1,1.6027437930877554e-06,0.0317000499244499,9515.093547148428,1.6027437930877553e-05,0.0313175904952265,colebrook
moody_eps1.60e-05_Re1.09e+04,1.6759068141141278,0.1071703302801083,0.001,1000.0,0.1,1.6027437930877554e-06,0.0291830530200796,10717.03302801083,1.6027437930877553e-05,0.0303495368267082,colebrook
moody_eps1.60e-05_Re1.24e+04,1.9711858841261167,0.116580675689031,0.001,1000.0,0.1,1.6027437930877554e-06,0.0290071085323037,11658.067568903109,1.6027437930877553e-05,0.0296904960532211,colebrook
moody_eps1.60e-05_Re1.41e+04,3.0458548904902285,0.14511798164173,0.001,1000.0,0.1,1.6027437930877554e-06,0.0289265570829322,14511.798164173,1.6027437930877553e-05,0.0280698878986759,colebrook
moody_eps1.60e-05_Re1.61e+04,3.6701165602904,0.1647395408246604,0.001,1000.0,0.1,1.6027437930877554e-06,0.0270466917066611,16473.954082466047,1.6027437930877553e-05,0.0271892977875886,colebrook
moody_eps1.60e-05_Re1.83e+04,4.6359821550794384,0.1836451571780472,0.001,1000.0,0.1,1.6027437930877554e-06,0.0274924086547843,18364.515717804723,1.6027437930877553e-05,0.0264664743789835,colebrook
moody_eps1.60e-05_Re2.08e+04,5.363482758575936,0.202657640564427,0.001,1000.0,0.1,1.6027437930877554e-06,0.0261186617069312,20265.764056442706,1.6027437930877553e-05,0.0258349389710686,colebrook
moody_eps1.60e-05_Re2.37e+04,6.437092027016831,0.2236103446781137,0.001,1000.0,0.1,1.6027437930877554e-06,0.0257475512685148,22361.03446781137,1.6027437930877553e-05,0.0252258836501603,colebrook
moody_eps1.60e-05_Re2.69e+04,8.233192090889077,0.2653246373982643,0.001,1000.0,0.1,1.6027437930877554e-06,0.0233906927933103,26532.463739826435,1.6027437930877553e-05,0.0242158443085291,colebrook
moody_eps1.60e-05_Re3.06e+04,11.035402220685215,0.3129751988489859,0.001,1000.0,0.1,1.6027437930877554e-06,0.0225319259169352,31297.519884898586,1.6027437930877553e-05,0.0232957346524583,colebrook
moody_eps1.60e-05_Re3.48e+04,13.745486177001398,0.3387878158865356,0.001,1000.0,0.1,1.6027437930877554e-06,0.0239516002655507,33878.78158865357,1.6027437930877553e-05,0.0228723918211274,colebrook
moody_eps1.60e-05_Re3.95e+04,16.00553452719782,0.3831648120396056,0.001,1000.0,0.1,1.6027437930877554e-06,0.0218036368831895,38316.48120396056,1.6027437930877553e-05,0.0222369859459841,colebrook
moody_eps1.60e-05_Re4.50e+04,21.39999075860569,0.4404521667054509,0.001,1000.0,0.1,1.6027437930877554e-06,0.022062060945995,44045.216670545095,1.6027437930877553e-05,0.0215486981803575,colebrook
moody_eps1.60e-05_Re5.11e+04,25.64090136729993,0.4838019615419259,0.001,1000.0,0.1,1.6027437930877554e-06,0.021909276387244,48380.19615419259,1.6027437930877553e-05,0.0211026422123136,colebrook
moody_eps1.60e-05_Re5.81e+04,33.4794488649096,0.5770367208586838,0.001,1000.0,0.1,1.6027437930877554e-06,0.0201095055944434,57703.672085868384,1.6027437930877553e-05,0.0203015778385964,colebrook
moody_eps1.60e-05_Re6.61e+04,40.86374320493336,0.643395484613067,0.001,1000.0,0.1,1.6027437930877554e-06,0.0197429535948522,64339.54846130669,1.6027437930877553e-05,0.0198292909905661,colebrook
moody_eps1.60e-05_Re7.52e+04,58.99808463088339,0.7854253065307212,0.001,1000.0,0.1,1.6027437930877554e-06,0.019127496351458,78542.53065307211,1.6027437930877553e-05,0.0190057454922218,colebrook
moody_eps1.60e-05_Re8.55e+04,64.17466962367857,0.830967653464666,0.001,1000.0,0.1,1.6027437930877554e-06,0.0185876891083781,83096.7653464666,1.6027437930877553e-05,0.0187823977353372,colebrook
moody_eps1.60e-05_Re9.72e+04,88.57015246690409,0.9873792244005962,0.001,1000.0,0.1,1.6027437930877554e-06,0.0181697695075322,98737.9224400596,1.6027437930877553e-05,0.0181233188771007,colebrook
moody_eps1.60e-05_Re1.10e+05,108.57228168091086,1.0963642892880647,0.001,1000.0,0.1,1.6027437930877554e-06,0.01806505124459,109636.42892880648,1.6027437930877553e-05,0.0177403554599039,colebrook
moody_eps1.60e-05_Re1.26e+05,134.4762502694752,1.2699848232575437,0.001,1000.0,0.1,1.6027437930877554e-06,0.016675486931715,126998.48232575436,1.6027437930877553e-05,0.0172234404540099,colebrook
moody_eps1.60e-05_Re1.43e+05,157.1367397885922,1.3487501879721722,0.001,1000.0,0.1,1.6027437930877554e-06,0.0172760597561811,134875.01879721723,1.6027437930877553e-05,0.0170186034771687,colebrook
moody_eps1.60e-05_Re1.62e+05,233.57533453183885,1.7173848693979292,0.001,1000.0,0.1,1.6027437930877554e-06,0.0158387794167248,171738.48693979293,1.6027437930877553e-05,0.0162336016206009,colebrook
moody_eps1.60e-05_Re1.85e+05,282.1953820552808,1.8391482406475936,0.001,1000.0,0.1,1.6027437930877554e-06,0.0166857766557414,183914.8240647594,1.6027437930877553e-05,0.0160215424181094,colebrook
moody_eps1.60e-05_Re2.10e+05,379.44969880686114,2.212615810158934,0.001,1000.0,0.1,1.6027437930877554e-06,0.0155014450628933,221261.5810158934,1.6027437930877553e-05,0.0154711372140899,colebrook
moody_eps1.60e-05_Re2.39e+05,476.12149441760096,2.479189512371008,0.001,1000.0,0.1,1.6027437930877554e-06,0.0154927435328226,247918.9512371008,1.6027437930877553e-05,0.0151477610568899,colebrook
moody_eps1.60e-05_Re2.72e+05,501.4633599170871,2.670375194898946,0.001,1000.0,0.1,1.6027437930877554e-06,0.0140645108197389,267037.51948989456,1.6027437930877553e-05,0.0149426420767976,colebrook
moody_eps1.60e-05_Re3.09e+05,667.4720067346636,3.0043587410953903,0.001,1000.0,0.1,1.6027437930877554e-06,0.0147897037140789,300435.874109539,1.6027437930877553e-05,0.0146267839289223,colebrook
moody_eps1.60e-05_Re3.51e+05,883.6266990114111,3.5550820304362976,0.001,1000.0,0.1,1.6027437930877554e-06,0.0139829747391949,355508.20304362976,1.6027437930877553e-05,0.0141952561673624,colebrook
moody_eps1.60e-05_Re3.99e+05,1007.8992188875771,3.8904429176156192,0.001,1000.0,0.1,1.6027437930877554e-06,0.0133183066213318,389044.2917615619,1.6027437930877553e-05,0.0139733044414937,colebrook
moody_eps1.60e-05_Re4.54e+05,1273.6246692185534,4.315863921489898,0.001,1000.0,0.1,1.6027437930877554e-06,0.0136752719674813,431586.3921489898,1.6027437930877553e-05,0.0137254646299977,colebrook
moody_eps1.60e-05_Re5.16e+05,1625.8138433206177,4.923004567391008,0.001,1000.0,0.1,1.6027437930877554e-06,0.0134165339944333,492300.4567391008,1.6027437930877553e-05,0.013422615473072,colebrook
moody_eps1.60e-05_Re5.87e+05,2121.267611801848,5.729768554108181,0.001,1000.0,0.1,1.6027437930877554e-06,0.0129226415361981,572976.855410818,1.6027437930877553e-05,0.0130889173326707,colebrook
moody_eps1.60e-05_Re6.67e+05,3201.9200914473518,7.112324418407355,0.001,1000.0,0.1,1.6027437930877554e-06,0.012659523773359,711232.4418407355,1.6027437930877553e-05,0.0126412076170828,colebrook
moody_eps1.60e-05_Re7.59e+05,3515.983162204393,7.50984639601166,0.001,1000.0,0.1,1.6027437930877554e-06,0.012468513329792,750984.639601166,1.6027437930877553e-05,0.0125335194058513,colebrook
moody_eps1.60e-05_Re8.63e+05,4380.311750804324,8.254556916331977,0.001,1000.0,0.1,1.6027437930877554e-06,0.0128572320913031,825455.6916331977,1.6027437930877553e-05,0.0123509376563561,colebrook
moody_eps1.60e-05_Re9.81e+05,5973.178990597044,10.062977833521051,0.001,1000.0,0.1,1.6027437930877554e-06,0.0117972964416755,1006297.7833521052,1.6027437930877553e-05,0.0119870900806689,colebrook
moody_eps1.60e-05_Re1.12e+06,7292.23026019358,11.231932060735792,0.001,1000.0,0.1,1.6027437930877554e-06,0.0115606281832595,1123193.2060735791,1.6027437930877553e-05,0.0117959061478768,colebrook
moody_eps1.60e-05_Re1.27e+06,9157.553044772698,12.835619867294293,0.001,1000.0,0.1,1.6027437930877554e-06,0.0111166963986609,1283561.986729429,1.6027437930877553e-05,0.0115737238086999,colebrook
moody_eps1.60e-05_Re1.44e+06,12576.826813559624,14.538689106442828,0.001,1000.0,0.1,1.6027437930877554e-06,0.0119000990644598,1453868.9106442828,1.6027437930877553e-05,0.0113760313592929,colebrook
moody_eps1.60e-05_Re1.64e+06,15162.537209021886,16.62040479982832,0.001,1000.0,0.1,1.6027437930877554e-06,0.0109778851056035,1662040.4799828322,1.6027437930877553e-05,0.0111739534578464,colebrook
moody_eps1.60e-05_Re1.86e+06,21405.09853106948,19.186162658589424,0.001,1000.0,0.1,1.6027437930877554e-06,0.0116297661707037,1918616.2658589424,1.6027437930877553e-05,0.0109687637117321,colebrook
moody_eps1.60e-05_Re2.12e+06,25448.40991860314,21.67322794959551,0.001,1000.0,0.1,1.6027437930877554e-06,0.0108353626135341,2167322.794959551,1.6027437930877553e-05,0.0108038016941986,colebrook
moody_eps1.60e-05_Re2.41e+06,30017.59322357625,23.536130555585444,0.001,1000.0,0.1,1.6027437930877554e-06,0.010837665307755,2353613.0555585446,1.6027437930877553e-05,0.0106969475431022,colebrook
moody_eps1.60e-05_Re2.74e+06,41447.19563389204,29.04146919876824,0.001,1000.0,0.1,1.6027437930877554e-06,0.009828516698459,2904146.919876824,1.6027437930877553e-05,0.0104415645509546,colebrook
moody_eps1.60e-05_Re3.12e+06,53445.74224975524,32.09913167354537,0.001,1000.0,0.1,1.6027437930877554e-06,0.0103742459512588,3209913.167354537,1.6027437930877553e-05,0.010328350892663,colebrook
moody_eps1.60e-05_Re3.54e+06,69716.18702617919,37.09063510342876,0.001,1000.0,0.1,1.6027437930877554e-06,0.0101352643917904,3709063.510342876,1.6027437930877553e-05,0.0101742387932083,colebrook
moody_eps1.60e-05_Re4.03e+06,76897.14108457472,37.76964195940628,0.001,1000.0,0.1,1.6027437930877554e-06,0.0107808859957607,3776964.195940628,1.6027437930877553e-05,0.0101556645059645,colebrook
moody_eps1.60e-05_Re4.58e+06,100333.66087136988,44.26035534785629,0.001,1000.0,0.1,1.6027437930877554e-06,0.01024346437893,4426035.534785629,1.6027437930877553e-05,0.0100004518202114,colebrook
moody_eps1.60e-05_Re5.21e+06,132645.47881872658,51.90926338035652,0.001,1000.0,0.1,1.6027437930877554e-06,0.0098453852629674,5190926.338035652,1.6027437930877553e-05,0.0098570844784648,colebrook
moody_eps1.60e-05_Re5.93e+06,169658.0827791458,59.49585233725413,0.001,1000.0,0.1,1.6027437930877554e-06,0.0095858619314146,5949585.233725413,1.6027437930877553e-05,0.0097441322128871,colebrook
moody_eps1.60e-05_Re6.74e+06,223401.02232276177,67.7503021405499,0.001,1000.0,0.1,1.6027437930877554e-06,0.0097340299728039,6775030.21405499,1.6027437930877553e-05,0.0096445958216536,colebrook
moody_eps1.60e-05_Re7.66e+06,294863.1363343748,78.4712988666672,0.001,1000.0,0.1,1.6027437930877554e-06,0.0095769847080604,7847129.88666672,1.6027437930877553e-05,0.0095411321125367,colebrook
moody_eps1.60e-05_Re8.71e+06,380986.18181838497,87.94390817751031,0.001,1000.0,0.1,1.6027437930877554e-06,0.0098520747199903,8794390.817751031,1.6027437930877553e-05,0.0094672315816069,colebrook
moody_eps1.60e-05_Re9.90e+06,438249.6239355642,96.40241980412242,0.001,1000.0,0.1,1.6027437930877554e-06,0.0094313894203909,9640241.98041224,1.6027437930877553e-05,0.0094115636553385,colebrook
moody_eps1.60e-05_Re1.13e+07,627288.4114792193,114.2506650302166,0.001,1000.0,0.1,1.6027437930877554e-06,0.0096112480708691,11425066.50302166,1.6027437930877553e-05,0.0093172823662746,colebrook
moody_eps1.60e-05_Re1.28e+07,758728.8968067304,127.8159743118325,0.001,1000.0,0.1,1.6027437930877554e-06,0.0092885163671479,12781597.43118325,1.6027437930877553e-05,0.0092608734693148,colebrook
moody_eps1.60e-05_Re1.46e+07,992163.115103178,144.11392072337247,0.001,1000.0,0.1,1.6027437930877554e-06,0.0095543513071272,14411392.072337246,1.6027437930877553e-05,0.0092053883622251,colebrook
moody_eps1.60e-05_Re1.66e+07,1255941.334691043,163.98432881636083,0.001,1000.0,0.1,1.6027437930877554e-06,0.0093410276216096,16398432.88163608,1.6027437930877553e-05,0.0091509481047051,colebrook
moody_eps2.12e-05_Re7.44e+03,0.9518609953038432,0.0765835589017935,0.001,1000.0,0.1,2.115195500888224e-06,0.032458798331338,7658.355890179355,2.1151955008882235e-05,0.0332094846262753,colebrook
moody_eps2.12e-05_Re8.46e+03,1.151048425992744,0.0853346424169172,0.001,1000.0,0.1,2.115195500888224e-06,0.0316135192770397,8533.46424169172,2.1151955008882235e-05,0.0322505395155145,colebrook
moody_eps2.12e-05_Re9.62e+03,1.4688129145545703,0.0977458816832755,0.001,1000.0,0.1,2.115195500888224e-06,0.0307467729873083,9774.588168327557,2.1151955008882235e-05,0.0311026013339117,colebrook
moody_eps2.12e-05_Re1.09e+04,1.919856203545991,0.1120746899727587,0.001,1000.0,0.1,2.115195500888224e-06,0.0305691670184844,11207.468997275872,2.1151955008882235e-05,0.0300049315925711,colebrook
moody_eps2.12e-05_Re1.24e+04,2.533273620426129,0.1330070840719312,0.001,1000.0,0.1,2.115195500888224e-06,0.0286393100677213,13300.708407193122,2.1151955008882235e-05,0.0287082771588252,colebrook
moody_eps2.12e-05_Re1.41e+04,2.5958002063545447,0.1374084510564462,0.001,1000.0,0.1,2.115195500888224e-06,0.0274963071329727,13740.845105644616,2.1151955008882235e-05,0.0284709772783303,colebrook
moody_eps2.12e-05_Re1.61e+04,3.4704514747150386,0.158024775901604,0.001,1000.0,0.1,2.115195500888224e-06,0.0277949313501124,15802.477590160404,2.1151955008882235e-05,0.0274837315396578,colebrook
moody_eps2.12e-05_Re1.83e+04,4.4702224381225,0.1790580598769487,0.001,1000.0,0.1,2.115195500888224e-06,0.0278850469950129,17905.80598769487,2.1151955008882235e-05,0.0266428699038648,colebrook
moody_eps2.12e-05_Re2.08e+04,5.452990817334938,0.2092621816404574,0.001,1000.0,0.1,2.115195500888224e-06,0.0249048118230505,20926.21816404574,2.1151955008882235e-05,0.0256455892909094,colebrook
moody_eps2.12e-05_Re2.37e+04,6.6675902386567225,0.2332575712017799,0.001,1000.0,0.1,2.115195500888224e-06,0.0245091020062606,23325.757120177997,2.1151955008882235e-05,0.0249830094686405,colebrook
moody_eps2.12e-05_Re2.69e+04,8.549933843863098,0.2703813667660288,0.001,1000.0,0.1,2.115195500888224e-06,0.023390485265248,27038.136676602884,2.1151955008882235e-05,0.0241211858586943,colebrook
moody_eps2.12e-05_Re3.06e+04,11.604309015771284,0.317792248103817,0.001,1000.0,0.1,2.115195500888224e-06,0.0229806697907701,31779.224810381704,2.1151955008882235e-05,0.0232276341995527,colebrook
moody_eps2.12e-05_Re3.48e+04,13.962994124338492,0.3452518184988707,0.001,1000.0,0.1,2.115195500888224e-06,0.0234280747710614,34525.18184988708,2.1151955008882235e-05,0.0227881481114142,colebrook
moody_eps2.12e-05_Re3.95e+04,16.59529585602488,0.3866004799899498,0.001,1000.0,0.1,2.115195500888224e-06,0.0222070165973264,38660.047998994974,2.1151955008882235e-05,0.022207930122292,colebrook
moody_eps2.12e-05_Re4.50e+04,24.1670290453463,0.4744071406753919,0.001,1000.0,0.1,2.115195500888224e-06,0.0214758729024343,47440.71406753919,2.1151955008882235e-05,0.0212126100397722,colebrook
moody_eps2.12e-05_Re5.11e+04,27.3018905527459,0.5157219129574648,0.001,1000.0,0.1,2.115195500888224e-06,0.0205301228035989,51572.19129574648,2.1151955008882235e-05,0.0208256431938166,colebrook
moody_eps2.12e-05_Re5.81e+04,34.25124052227106,0.5641833683882751,0.001,1000.0,0.1,2.115195500888224e-06,0.0215211632754662,56418.33683882751,2.1151955008882235e-05,0.0204211783761918,colebrook
moody_eps2.12e-05_Re6.61e+04,45.24480912621418,0.6577709701905314,0.001,1000.0,0.1,2.115195500888224e-06,0.0209145897882413,65777.09701905314,2.1151955008882235e-05,0.0197569879856602,colebrook
moody_eps2.12e-05_Re7.52e+04,54.29036480411817,0.7362698640716181,0.001,1000.0,0.1,2.115195500888224e-06,0.0200298965245317,73626.9864071618,2.1151955008882235e-05,0.0192898181580705,colebrook
moody_eps2.12e-05_Re8.55e+04,68.37065838604178,0.8492958309589141,0.001,1000.0,0.1,2.115195500888224e-06,0.0189575309313237,84929.58309589142,2.1151955008882235e-05,0.0187219720522239,colebrook
moody_eps2.12e-05_Re9.72e+04,93.01375298719655,1.0077968112265363,0.001,1000.0,0.1,2.115195500888224e-06,0.0183160239984085,100779.68112265362,2.1151955008882235e-05,0.0180750090133839,colebrook
moody_eps2.12e-05_Re1.10e+05,107.90141602537486,1.1317851244105244,0.001,1000.0,0.1,2.115195500888224e-06,0.0168472560622267,113178.51244105244,2.1151955008882235e-05,0.0176560003290625,colebrook
moody_eps2.12e-05_Re1.26e+05,141.52434182846903,1.2390578641056222,0.001,1000.0,0.1,2.115195500888224e-06,0.0184364781329913,123905.7864105622,2.1151955008882235e-05,0.0173395590575799,colebrook
moody_eps2.12e-05_Re1.43e+05,171.53886430524668,1.4187153444378933,0.001,1000.0,0.1,2.115195500888224e-06,0.0170451957917738,141871.53444378934,2.1151955008882235e-05,0.0168830389132586,colebrook
moody_eps2.12e-05_Re1.62e+05,211.0681186653399,1.6163761391851914,0.001,1000.0,0.1,2.115195500888224e-06,0.0161572622156996,161637.61391851914,2.1151955008882235e-05,0.0164613788597683,colebrook
moody_eps2.12e-05_Re1.85e+05,243.88328566152887,1.765989466112199,0.001,1000.0,0.1,2.115195500888224e-06,0.0156399663924777,176598.94661121993,2.1151955008882235e-05,0.01618495066018,colebrook
moody_eps2.12e-05_Re2.10e+05,377.7039079385349,2.2088312499060088,0.001,1000.0,0.1,2.115195500888224e-06,0.015483045786083,220883.1249906009,2.1151955008882235e-05,0.0155198123544917,colebrook
moody_eps2.12e-05_Re2.39e+05,397.89417838481774,2.304297090264519,0.001,1000.0,0.1,2.115195500888224e-06,0.0149872046561144,230429.7090264519,2.1151955008882235e-05,0.0153992495277902,colebrook
moody_eps2.12e-05_Re2.72e+05,561.7206335707693,2.7873639139148474,0.001,1000.0,0.1,2.115195500888224e-06,0.0144598246431708,278736.3913914848,2.1151955008882235e-05,0.0148765862987692,colebrook
moody_eps2.12e-05_Re3.09e+05,650.6942472721308,3.030072115806109,0.001,1000.0,0.1,2.115195500888224e-06,0.0141742808342535,303007.2115806109,2.1151955008882235e-05,0.0146571478091192,colebrook
moody_eps2.12e-05_Re3.51e+05,863.2310889893066,3.380510001056478,0.001,1000.0,0.1,2.115195500888224e-06,0.0151075005375893,338051.0001056478,2.1151955008882235e-05,0.0143782911155557,colebrook
moody_eps2.12e-05_Re3.99e+05,1094.123503631128,3.975010238135547,0.001,1000.0,0.1,2.115195500888224e-06,0.0138490454337698,397501.02381355467,2.1151955008882235e-05,0.0139832686159462,colebrook
moody_eps2.12e-05_Re4.54e+05,1392.3021491397044,4.457838643831395,0.001,1000.0,0.1,2.115195500888224e-06,0.0140124733558433,445783.86438313953,2.1151955008882235e-05,0.0137161545223854,colebrook
moody_eps2.12e-05_Re5.16e+05,1805.1069554884443,5.17068505757747,0.001,1000.0,0.1,2.115195500888224e-06,0.0135032019608839,517068.505757747,2.1151955008882235e-05,0.0133852933476707,colebrook
moody_eps2.12e-05_Re5.87e+05,2251.428517060038,5.892736787848339,0.001,1000.0,0.1,2.115195500888224e-06,0.0129674347899459,589273.6787848339,2.1151955008882235e-05,0.0131071888762315,colebrook
moody_eps2.12e-05_Re6.67e+05,2645.3761955041978,6.577412479822686,0.001,1000.0,0.1,2.115195500888224e-06,0.0122294599995824,657741.2479822687,2.1151955008882235e-05,0.0128828228060545,colebrook
moody_eps2.12e-05_Re7.59e+05,3767.300490859033,7.476526055712978,0.001,1000.0,0.1,2.115195500888224e-06,0.0134790894536062,747652.6055712978,2.1151955008882235e-05,0.0126319942011043,colebrook
moody_eps2.12e-05_Re8.63e+05,4296.279425608914,8.312762788482289,0.001,1000.0,0.1,2.115195500888224e-06,0.0124345977258075,831276.2788482287,2.1151955008882235e-05,0.0124329669680461,colebrook
moody_eps2.12e-05_Re9.81e+05,6167.790680747401,9.909564465194912,0.001,1000.0,0.1,2.115195500888224e-06,0.0125617598817654,990956.4465194911,2.1151955008882235e-05,0.0121197519678892,colebrook
moody_eps2.12e-05_Re1.12e+06,8502.505173701311,12.08095748594135,0.001,1000.0,0.1,2.115195500888224e-06,0.0116512947368305,1208095.748594135,2.1151955008882235e-05,0.0117908191205463,colebrook
moody_eps2.12e-05_Re1.27e+06,9261.176263433435,12.354527223641462,0.001,1000.0,0.1,2.115195500888224e-06,0.0121351146619811,1235452.7223641465,2.1151955008882235e-05,0.0117552285192916,colebrook
moody_eps2.12e-05_Re1.44e+06,12875.288189799869,14.514954404704154,0.001,1000.0,0.1,2.115195500888224e-06,0.0122223749475279,1451495.4404704154,2.1151955008882235e-05,0.0115083970166723,colebrook
moody_eps2.12e-05_Re1.64e+06,15558.052661997594,16.760129453418212,0.001,1000.0,0.1,2.115195500888224e-06,0.0110772127106178,1676012.9453418213,2.1151955008882235e-05,0.0113017095629033,colebrook
moody_eps2.12e-05_Re1.86e+06,19427.58320721352,18.53752713901212,0.001,1000.0,0.1,2.115195500888224e-06,0.0113069422407055,1853752.713901212,2.1151955008882235e-05,0.0111643507036861,colebrook
moody_eps2.12e-05_Re2.12e+06,24565.41189633481,21.52403910876219,0.001,1000.0,0.1,2.115195500888224e-06,0.0106048981331258,2152403.910876219,2.1151955008882235e-05,0.0109719217566295,colebrook
moody_eps2.12e-05_Re2.41e+06,26907.577342900524,22.757097241383164,0.001,1000.0,0.1,2.115195500888224e-06,0.0103913234293733,2275709.724138316,2.1151955008882235e-05,0.0109035069455536,colebrook
moody_eps2.12e-05_Re2.74e+06,41405.74879832302,27.926374975691463,0.001,1000.0,0.1,2.115195500888224e-06,0.010618459340677,2792637.4975691466,2.1151955008882235e-05,0.0106673863440225,colebrook
moody_eps2.12e-05_Re3.12e+06,45408.65022976432,29.502206341826,0.001,1000.0,0.1,2.115195500888224e-06,0.0104342105492507,2950220.6341826,2.1151955008882235e-05,0.010608070623504,colebrook
moody_eps2.12e-05_Re3.54e+06,58139.539871943256,33.443363164706376,0.001,1000.0,0.1,2.115195500888224e-06,0.0103963692537202,3344336.316470638,2.1151955008882235e-05,0.010478777184351,colebrook
moody_eps2.12e-05_Re4.03e+06,78293.84560244925,39.26983017174911,0.001,1000.0,0.1,2.115195500888224e-06,0.0101540564747424,3926983.017174911,2.1151955008882235e-05,0.0103254554817186,colebrook
moody_eps2.12e-05_Re4.58e+06,107073.44644486751,45.71105643418387,0.001,1000.0,0.1,2.115195500888224e-06,0.0102487113263826,4571105.643418387,2.1151955008882235e-05,0.0101927132160902,colebrook
moody_eps2.12e-05_Re5.21e+06,142851.8799468458,52.201489503315976,0.001,1000.0,0.1,2.115195500888224e-06,0.0104845589369365,5220148.950331598,2.1151955008882235e-05,0.0100860498619869,colebrook
moody_eps2.12e-05_Re5.93e+06,206773.55249001345,63.67606440504294,0.001,1000.0,0.1,2.115195500888224e-06,0.0101993514792908,6367606.440504294,2.1151955008882235e-05,0.0099419701612453,colebrook
moody_eps2.12e-05_Re6.74e+06,227391.51043186252,66.98993821416124,0.001,1000.0,0.1,2.115195500888224e-06,0.0101340977176659,6698993.821416125,2.1151955008882235e-05,0.0099080416562212,colebrook
moody_eps2.12e-05_Re7.66e+06,269556.9981151039,74.95342545738377,0.001,1000.0,0.1,2.115195500888224e-06,0.009596163439217,7495342.545738378,2.1151955008882235e-05,0.0098368790645012,colebrook
moody_eps2.12e-05_Re8.71e+06,354671.3627100538,84.85985249312802,0.001,1000.0,0.1,2.115195500888224e-06,0.0098503480082654,8485985.249312801,2.1151955008882235e-05,0.0097643305088802,colebrook
moody_eps2.12e-05_Re9.90e+06,545835.0025770643,102.79607082348384,0.001,1000.0,0.1,2.115195500888224e-06,0.0103309045235653,10279607.082348384,2.1151955008882235e-05,0.0096640785507982,colebrook
moody_eps2.12e-05_Re1.13e+07,673347.783456283,117.18731308794868,0.001,1000.0,0.1,2.115195500888224e-06,0.0098063691345317,11718731.308794864,2.1151955008882235e-05,0.0096032488708078,colebrook
moody_eps2.12e-05_Re1.28e+07,755005.9163451905,125.4427139934254,0.001,1000.0,0.1,2.115195500888224e-06,0.0095959829449749,12544271.39934254,2.1151955008882235e-05,0.0095739428474191,colebrook
moody_eps2.12e-05_Re1.46e+07,1037688.8575020191,148.00651446734798,0.001,1000.0,0.1,2.115195500888224e-06,0.0094740459488174,14800651.446734795,2.1151955008882235e-05,0.0095088566850695,colebrook
moody_eps2.12e-05_Re1.66e+07,1413440.5859962269,175.0885558028286,0.001,1000.0,0.1,2.115195500888224e-06,0.0092212974724686,17508855.58028286,2.1151955008882235e-05,0.0094509406257616,colebrook
moody_eps2.12e-05_Re1.88e+07,1620293.7437449573,184.27614348525623,0.001,1000.0,0.1,2.115195500888224e-06,0.0095430131259318,18427614.34852562,2.1151955008882235e-05,0.0094348277973919,colebrook
moody_eps2.79e-05_Re8.46e+03,1.1637890742778705,0.0841003442696204,0.001,1000.0,0.1,2.791495450659851e-06,0.032908548263609,8410.03442696204,2.791495450659851e-05,0.032386940656753,colebrook
moody_eps2.79e-05_Re9.62e+03,1.5120880488707191,0.0970113647632241,0.001,1000.0,0.1,2.791495450659851e-06,0.0321337823589308,9701.136476322414,2.791495450659851e-05,0.0311751050236284,colebrook
moody_eps2.79e-05_Re1.09e+04,1.6344140822177644,0.1042236778747732,0.001,1000.0,0.1,2.791495450659851e-06,0.030092571563231,10422.367787477326,2.791495450659851e-05,0.0305912567055733,colebrook
moody_eps2.79e-05_Re1.24e+04,2.307779587247756,0.1253731046958258,0.001,1000.0,0.1,2.791495450659851e-06,0.0293640234247402,12537.310469582586,2.791495450659851e-05,0.0291581991010244,colebrook
moody_eps2.79e-05_Re1.41e+04,2.6505501462791985,0.1375205890028709,0.001,1000.0,0.1,2.791495450659851e-06,0.0280304824838521,13752.058900287091,2.791495450659851e-05,0.0284773019272584,colebrook
moody_eps2.79e-05_Re1.61e+04,3.4399106659619307,0.1580791818086724,0.001,1000.0,0.1,2.791495450659851e-06,0.0275313686016678,15807.91818086724,2.791495450659851e-05,0.0274944909637647,colebrook
moody_eps2.79e-05_Re1.83e+04,4.565643300755813,0.1868192903916044,0.001,1000.0,0.1,2.791495450659851e-06,0.026163060038324,18681.929039160448,2.791495450659851e-05,0.0263801688663745,colebrook
moody_eps2.79e-05_Re2.08e+04,5.178975736509004,0.2070554758846161,0.001,1000.0,0.1,2.791495450659851e-06,0.0241601947621128,20705.547588461613,2.791495450659851e-05,0.0257267616517013,colebrook
moody_eps2.79e-05_Re2.37e+04,6.966057192347358,0.2291092108529769,0.001,1000.0,0.1,2.791495450659851e-06,0.026541895353554,22910.921085297698,2.791495450659851e-05,0.0251067074538886,colebrook
moody_eps2.79e-05_Re2.69e+04,8.315802342765831,0.2554544677547173,0.001,1000.0,0.1,2.791495450659851e-06,0.0254863209832695,25545.446775471733,2.791495450659851e-05,0.0244641827903177,colebrook
moody_eps2.79e-05_Re3.06e+04,10.17738570468013,0.3030816309566788,0.001,1000.0,0.1,2.791495450659851e-06,0.0221588388052206,30308.16309566788,2.791495450659851e-05,0.0235031043511503,colebrook
moody_eps2.79e-05_Re3.48e+04,15.459240581828915,0.3632615097419965,0.001,1000.0,0.1,2.791495450659851e-06,0.0234303828181184,36326.150974199656,2.791495450659851e-05,0.0225449597015906,colebrook
moody_eps2.79e-05_Re3.95e+04,17.273623063032836,0.3894550760293869,0.001,1000.0,0.1,2.791495450659851e-06,0.0227771140668119,38945.5076029387,2.791495450659851e-05,0.0221921351398816,colebrook
moody_eps2.79e-05_Re4.50e+04,21.34206763123739,0.444799068876528,0.001,1000.0,0.1,2.791495450659851e-06,0.0215744010974196,44479.9068876528,2.791495450659851e-05,0.0215414651475839,colebrook
moody_eps2.79e-05_Re5.11e+04,27.349220562965314,0.5137522208018183,0.001,1000.0,0.1,2.791495450659851e-06,0.0207237108891243,51375.22208018183,2.791495450659851e-05,0.020867831590871,colebrook
moody_eps2.79e-05_Re5.81e+04,35.708641858744954,0.5904811423430876,0.001,1000.0,0.1,2.791495450659851e-06,0.0204828914394503,59048.11423430876,2.791495450659851e-05,0.0202472200694528,colebrook
moody_eps2.79e-05_Re6.61e+04,42.35177163258634,0.6506510601697206,0.001,1000.0,0.1,2.791495450659851e-06,0.0200080744309409,65065.10601697207,2.791495450659851e-05,0.019831193331557,colebrook
moody_eps2.79e-05_Re7.52e+04,53.04023755617259,0.7398858601777234,0.001,1000.0,0.1,2.791495450659851e-06,0.0193778683395273,73988.58601777234,2.791495450659851e-05,0.0193002306752098,colebrook
moody_eps2.79e-05_Re8.55e+04,66.78118312329545,0.8418997850643577,0.001,1000.0,0.1,2.791495450659851e-06,0.0188435752928983,84189.97850643576,2.791495450659851e-05,0.0187886563541326,colebrook
moody_eps2.79e-05_Re9.72e+04,92.07446560525716,1.0194718413752712,0.001,1000.0,0.1,2.791495450659851e-06,0.0177181646497014,101947.18413752712,2.791495450659851e-05,0.0180691688501876,colebrook
moody_eps2.79e-05_Re1.10e+05,105.18988497960903,1.0574126418280978,0.001,1000.0,0.1,2.791495450659851e-06,0.0188154660188159,105741.26418280975,2.791495450659851e-05,0.0179368064561866,colebrook
moody_eps2.79e-05_Re1.26e+05,136.2799884690581,1.267372274533846,0.001,1000.0,0.1,2.791495450659851e-06,0.0169688995801599,126737.2274533846,2.791495450659851e-05,0.0173033592277498,colebrook
moody_eps2.79e-05_Re1.43e+05,165.56079953420368,1.4178425277189015,0.001,1000.0,0.1,2.791495450659851e-06,0.0164714379003403,141784.25277189014,2.791495450659851e-05,0.0169292073608318,colebrook
moody_eps2.79e-05_Re1.62e+05,233.9036483763432,1.67065322178556,0.001,1000.0,0.1,2.791495450659851e-06,0.0167607854349139,167065.322178556,2.791495450659851e-05,0.0164059124871166,colebrook
moody_eps2.79e-05_Re1.85e+05,286.02852607386336,1.8821035746394872,0.001,1000.0,0.1,2.791495450659851e-06,0.0161492480294206,188210.35746394872,2.791495450659851e-05,0.0160429160430027,colebrook
moody_eps2.79e-05_Re2.10e+05,299.208564916212,1.97483563442631,0.001,1000.0,0.1,2.791495450659851e-06,0.015344124249205,197483.563442631,2.791495450659851e-05,0.015900363451384,colebrook
moody_eps2.79e-05_Re2.39e+05,410.7088609462597,2.4084224502944607,0.001,1000.0,0.1,2.791495450659851e-06,0.014161156902293,240842.2450294461,2.791495450659851e-05,0.0153352063633704,colebrook
moody_eps2.79e-05_Re2.72e+05,534.284007683286,2.7088272399594397,0.001,1000.0,0.1,2.791495450659851e-06,0.0145626212554998,270882.7239959439,2.791495450659851e-05,0.0150175186386897,colebrook
moody_eps2.79e-05_Re3.09e+05,720.0476535000723,3.146673256675416,0.001,1000.0,0.1,2.791495450659851e-06,0.014544136333599,314667.3256675416,2.791495450659851e-05,0.0146301717227485,colebrook
moody_eps2.79e-05_Re3.51e+05,947.419122502346,3.623962484100886,0.001,1000.0,0.1,2.791495450659851e-06,0.0144279542183784,362396.2484100886,2.791495450659851e-05,0.0142825419652982,colebrook
moody_eps2.79e-05_Re3.99e+05,1094.349348019285,4.0054922148683385,0.001,1000.0,0.1,2.791495450659851e-06,0.0136418790660077,400549.2214868339,2.791495450659851e-05,0.0140460973754654,colebrook
moody_eps2.79e-05_Re4.54e+05,1576.1992811373357,4.625288683255806,0.001,1000.0,0.1,2.791495450659851e-06,0.0147354510038022,462528.86832558055,2.791495450659851e-05,0.0137203172487731,colebrook
moody_eps2.79e-05_Re5.16e+05,1584.413484254696,4.90300220737991,0.001,1000.0,0.1,2.791495450659851e-06,0.0131817887670856,490300.2207379911,2.791495450659851e-05,0.0135929091389334,colebrook
moody_eps2.79e-05_Re5.87e+05,2534.415649947772,6.169003666755137,0.001,1000.0,0.1,2.791495450659851e-06,0.0133191889677999,616900.3666755137,2.791495450659851e-05,0.0131162515544628,colebrook
moody_eps2.79e-05_Re6.67e+05,2906.3332648597816,6.614010442485117,0.001,1000.0,0.1,2.791495450659851e-06,0.0132875727663948,661401.0442485118,2.791495450659851e-05,0.0129794828331169,colebrook
moody_eps2.79e-05_Re7.59e+05,3657.734756749756,7.663711243357798,0.001,1000.0,0.1,2.791495450659851e-06,0.0124555795300504,766371.1243357798,2.791495450659851e-05,0.0127018459823153,colebrook
moody_eps2.79e-05_Re8.63e+05,4594.76352496336,8.45642400976754,0.001,1000.0,0.1,2.791495450659851e-06,0.0128504891494541,845642.400976754,2.791495450659851e-05,0.0125249620702209,colebrook
moody_eps2.79e-05_Re9.81e+05,6217.133674892805,9.91181794640086,0.001,1000.0,0.1,2.791495450659851e-06,0.0126564983746432,991181.794640086,2.791495450659851e-05,0.0122538517280008,colebrook
moody_eps2.79e-05_Re1.12e+06,7643.652319979034,11.37588286009074,0.001,1000.0,0.1,2.791495450659851e-06,0.011813013420574,1137588.286009074,2.791495450659851e-05,0.0120326238538992,colebrook
moody_eps2.79e-05_Re1.27e+06,10116.46919950806,13.277344427045891,0.001,1000.0,0.1,2.791495450659851e-06,0.0114772149786632,1327734.442704589,2.791495450659851e-05,0.0117995176224925,colebrook
moody_eps2.79e-05_Re1.44e+06,11567.464939261436,14.227693857103118,0.001,1000.0,0.1,2.791495450659851e-06,0.0114287613490914,1422769.3857103118,2.791495450659851e-05,0.0117003244050884,colebrook
moody_eps2.79e-05_Re1.64e+06,14563.545665629536,15.724300242488544,0.001,1000.0,0.1,2.791495450659851e-06,0.0117802487798592,1572430.0242488545,2.791495450659851e-05,0.0115622616309661,colebrook
moody_eps2.79e-05_Re1.86e+06,18198.22893833366,18.06742563389822,0.001,1000.0,0.1,2.791495450659851e-06,0.0111497869322936,1806742.563389822,2.791495450659851e-05,0.0113810208897147,colebrook
moody_eps2.79e-05_Re2.12e+06,27230.29207581058,21.8114035258356,0.001,1000.0,0.1,2.791495450659851e-06,0.0114476164536363,2181140.35258356,2.791495450659851e-05,0.0111543007814831,colebrook
moody_eps2.79e-05_Re2.41e+06,29783.2643762014,23.66413318905095,0.001,1000.0,0.1,2.791495450659851e-06,0.0106370472957621,2366413.318905094,2.791495450659851e-05,0.0110627556391009,colebrook
moody_eps2.79e-05_Re2.74e+06,38835.549339247584,27.32847418489686,0.001,1000.0,0.1,2.791495450659851e-06,0.0103998884034168,2732847.4184896857,2.791495450659851e-05,0.0109105591783638,colebrook
moody_eps2.79e-05_Re3.12e+06,48860.420311195616,30.2409682664604,0.001,1000.0,0.1,2.791495450659851e-06,0.0106855236370539,3024096.8266460397,2.791495450659851e-05,0.0108105572872966,colebrook
moody_eps2.79e-05_Re3.54e+06,65289.50376790225,35.276601869643585,0.001,1000.0,0.1,2.791495450659851e-06,0.0104930049095459,3527660.186964358,2.791495450659851e-05,0.0106692496810383,colebrook
moody_eps2.79e-05_Re4.03e+06,88623.39887808416,40.12730338944375,0.001,1000.0,0.1,2.791495450659851e-06,0.0110077471876325,4012730.338944376,2.791495450659851e-05,0.0105606845931082,colebrook
moody_eps2.79e-05_Re4.58e+06,118679.05679420754,46.6972200430826,0.001,1000.0,0.1,2.791495450659851e-06,0.0108848394468561,4669722.00430826,2.791495450659851e-05,0.0104436501953149,colebrook
moody_eps2.79e-05_Re5.21e+06,149279.36026302076,53.52801972039089,0.001,1000.0,0.1,2.791495450659851e-06,0.0104199925188908,5352801.972039089,2.791495450659851e-05,0.0103477268575575,colebrook
moody_eps2.79e-05_Re5.93e+06,161571.98653340715,57.13190273700785,0.001,1000.0,0.1,2.791495450659851e-06,0.0099000795434703,5713190.273700785,2.791495450659851e-05,0.010304960737147,colebrook
moody_eps2.79e-05_Re6.74e+06,228506.73492242265,67.33053478840392,0.001,1000.0,0.1,2.791495450659851e-06,0.0100810291969441,6733053.478840392,2.791495450659851e-05,0.0102053652687555,colebrook
moody_eps2.79e-05_Re7.66e+06,285063.18320815027,74.48878883511776,0.001,1000.0,0.1,2.791495450659851e-06,0.0102751767323131,7448878.883511776,2.791495450659851e-05,0.010149656089146,colebrook
moody_eps2.79e-05_Re8.71e+06,409663.8579635256,90.36534252742922,0.001,1000.0,0.1,2.791495450659851e-06,0.0100335321832262,9036534.252742922,2.791495450659851e-05,0.0100540478681528,colebrook
moody_eps2.79e-05_Re9.90e+06,485615.2518598719,99.30213030754103,0.001,1000.0,0.1,2.791495450659851e-06,0.0098492958561156,9930213.030754104,2.791495450659851e-05,0.0100122456815841,colebrook
moody_eps2.79e-05_Re1.13e+07,643676.5758217665,110.3224286609291,0.001,1000.0,0.1,2.791495450659851e-06,0.0105771843251634,11032242.866092913,2.791495450659851e-05,0.0099690936096258,colebrook
moody_eps2.79e-05_Re1.28e+07,751248.81014949,123.32296704811576,0.001,1000.0,0.1,2.791495450659851e-06,0.0098792929320381,12332296.704811577,2.791495450659851e-05,0.0099271922478152,colebrook
moody_eps2.79e-05_Re1.46e+07,1015897.9534847318,143.67277335284578,0.001,1000.0,0.1,2.791495450659851e-06,0.009843082628142,14367277.335284578,2.791495450659851e-05,0.0098755863501226,colebrook
moody_eps2.79e-05_Re1.66e+07,1477289.132687431,170.85171725047687,0.001,1000.0,0.1,2.791495450659851e-06,0.0101217778690905,17085171.725047685,2.791495450659851e-05,0.009824472317476,colebrook
moody_eps3.68e-05_Re7.44e+03,0.9009320172410074,0.0736105750400267,0.001,1000.0,0.1,3.6840314986403865e-06,0.0332538241560974,7361.057504002674,3.684031498640386e-05,0.0335916191797509,colebrook
moody_eps3.68e-05_Re8.46e+03,1.2427998147980386,0.0896523478162062,0.001,1000.0,0.1,3.6840314986403865e-06,0.0309248670218178,8965.234781620626,3.684031498640386e-05,0.0318492934831508,colebrook
moody_eps3.68e-05_Re9.62e+03,1.4157455977201532,0.0954315369594513,0.001,1000.0,0.1,3.6840314986403865e-06,0.031090762899542,9543.153695945137,3.684031498640386e-05,0.0313245288760128,colebrook
moody_eps3.68e-05_Re1.09e+04,1.676394696075086,0.1073152533514237,0.001,1000.0,0.1,3.6840314986403865e-06,0.0291127588754233,10731.525335142373,3.684031498640386e-05,0.0303720726914727,colebrook
moody_eps3.68e-05_Re1.24e+04,2.318321178814357,0.1292740833506639,0.001,1000.0,0.1,3.6840314986403865e-06,0.0277447403228415,12927.408335066397,3.684031498640386e-05,0.0289456424575339,colebrook
moody_eps3.68e-05_Re1.41e+04,2.720891060866041,0.1376878811993543,0.001,1000.0,0.1,3.6840314986403865e-06,0.0287044821145913,13768.788119935434,3.684031498640386e-05,0.0284846494144563,colebrook
moody_eps3.68e-05_Re1.61e+04,3.3052718600623208,0.1549897943104399,0.001,1000.0,0.1,3.6840314986403865e-06,0.0275188941696729,15498.979431043996,3.684031498640386e-05,0.0276478183365966,colebrook
moody_eps3.68e-05_Re1.83e+04,4.349436098809544,0.1815311036394742,0.001,1000.0,0.1,3.6840314986403865e-06,0.0263973818238628,18153.11036394742,3.684031498640386e-05,0.0265855366583487,colebrook
moody_eps3.68e-05_Re2.08e+04,5.294338456226804,0.2071361645559006,0.001,1000.0,0.1,3.6840314986403865e-06,0.0246791294703562,20713.61645559006,3.684031498640386e-05,0.0257442305682755,colebrook
moody_eps3.68e-05_Re2.37e+04,7.041782924618317,0.2326527053068546,0.001,1000.0,0.1,3.6840314986403865e-06,0.0260193483110035,23265.270530685462,3.684031498640386e-05,0.025035755917399,colebrook
moody_eps3.68e-05_Re2.69e+04,9.144469192155814,0.2784960066165435,0.001,1000.0,0.1,3.6840314986403865e-06,0.0235803665856579,27849.60066165435,3.684031498640386e-05,0.0239948157325479,colebrook
moody_eps3.68e-05_Re3.06e+04,11.305574506581587,0.3159189861323881,0.001,1000.0,0.1,3.6840314986403865e-06,0.0226553709835571,31591.898613238816,3.684031498640386e-05,0.023303251708306,colebrook
moody_eps3.68e-05_Re3.48e+04,12.065247137382537,0.3337771968489815,0.001,1000.0,0.1,3.6840314986403865e-06,0.0216597226777768,33377.719684898155,3.684031498640386e-05,0.0230109992924546,colebrook
moody_eps3.68e-05_Re3.95e+04,16.539377241009007,0.3823957321994484,0.001,1000.0,0.1,3.6840314986403865e-06,0.0226215873223368,38239.57321994485,3.684031498640386e-05,0.0223116354602881,colebrook
moody_eps3.68e-05_Re4.50e+04,22.4662108876656,0.445204197522493,0.001,1000.0,0.1,3.6840314986403865e-06,0.0226694678880114,44520.419752249305,3.684031498640386e-05,0.0215671207713515,colebrook
moody_eps3.68e-05_Re5.11e+04,28.29123084079965,0.52423292296244,0.001,1000.0,0.1,3.6840314986403865e-06,0.0205889051926426,52423.29229624399,3.684031498640386e-05,0.0208088585880528,colebrook
moody_eps3.68e-05_Re5.81e+04,33.75129738331031,0.577384316686943,0.001,1000.0,0.1,3.6840314986403865e-06,0.02024839018363,57738.43166869431,3.684031498640386e-05,0.0203799718398529,colebrook
moody_eps3.68e-05_Re6.61e+04,45.11302526199019,0.681048291542229,0.001,1000.0,0.1,3.6840314986403865e-06,0.0194525317008103,68104.8291542229,3.684031498640386e-05,0.0196780326866433,colebrook
moody_eps3.68e-05_Re7.52e+04,53.21002898889064,0.75120493181797,0.001,1000.0,0.1,3.6840314986403865e-06,0.0188584775970722,75120.493181797,3.684031498640386e-05,0.0192791824011409,colebrook
moody_eps3.68e-05_Re8.55e+04,72.75242742842079,0.8884956062324192,0.001,1000.0,0.1,3.6840314986403865e-06,0.0184317645947165,88849.56062324191,3.684031498640386e-05,0.0186258205587026,colebrook
moody_eps3.68e-05_Re9.72e+04,79.67265885223519,0.9530017073343168,0.001,1000.0,0.1,3.6840314986403865e-06,0.0175449424923215,95300.17073343167,3.684031498640386e-05,0.0183635909904768,colebrook
moody_eps3.68e-05_Re1.10e+05,112.64775908461073,1.1373559834294549,0.001,1000.0,0.1,3.6840314986403865e-06,0.0174164532726763,113735.59834294546,3.684031498640386e-05,0.0177283742844831,colebrook
moody_eps3.68e-05_Re1.26e+05,135.01497238468093,1.2536517626314656,0.001,1000.0,0.1,3.6840314986403865e-06,0.0171813821017936,125365.17626314655,3.684031498640386e-05,0.0173942512415038,colebrook
moody_eps3.68e-05_Re1.43e+05,161.43624978122637,1.42053039412034,0.001,1000.0,0.1,3.6840314986403865e-06,0.0160003688705562,142053.039412034,3.684031498640386e-05,0.0169808836397846,colebrook
moody_eps3.68e-05_Re1.62e+05,202.59032438315788,1.586518527555817,0.001,1000.0,0.1,3.6840314986403865e-06,0.0160974987139476,158651.8527555817,3.684031498640386e-05,0.0166294005087129,colebrook
moody_eps3.68e-05_Re1.85e+05,323.3182402636997,1.9716776211070604,0.001,1000.0,0.1,3.6840314986403865e-06,0.016633681743232,197167.76211070604,3.684031498640386e-05,0.0159749789483166,colebrook
moody_eps3.68e-05_Re2.10e+05,384.3503294598871,2.12788541640994,0.001,1000.0,0.1,3.6840314986403865e-06,0.016976993294155,212788.541640994,3.684031498640386e-05,0.0157565504281147,colebrook
moody_eps3.68e-05_Re2.39e+05,453.3403863610672,2.4812429143760006,0.001,1000.0,0.1,3.6840314986403865e-06,0.0147270526100612,248124.29143760004,3.684031498640386e-05,0.0153333135681385,colebrook
moody_eps3.68e-05_Re2.72e+05,522.7956129582467,2.6125760201883925,0.001,1000.0,0.1,3.6840314986403865e-06,0.0153187757132145,261257.6020188392,3.684031498640386e-05,0.0151961681000877,colebrook
moody_eps3.68e-05_Re3.09e+05,705.6852375833716,3.0810354920750065,0.001,1000.0,0.1,3.6840314986403865e-06,0.0148678313335069,308103.54920750065,3.684031498640386e-05,0.0147738036510387,colebrook
moody_eps3.68e-05_Re3.51e+05,899.7611955298211,3.4248324738681704,0.001,1000.0,0.1,3.6840314986403865e-06,0.0153418802759033,342483.247386817,3.684031498640386e-05,0.0145155608456308,colebrook
moody_eps3.68e-05_Re3.99e+05,1144.238223695496,3.950019857809737,0.001,1000.0,0.1,3.6840314986403865e-06,0.014667222803259,395001.9857809737,3.684031498640386e-05,0.014182493508306,colebrook
moody_eps3.68e-05_Re4.54e+05,1522.5168961178622,4.74214362700936,0.001,1000.0,0.1,3.6840314986403865e-06,0.0135407496803958,474214.362700936,3.684031498640386e-05,0.0137805846992147,colebrook
moody_eps3.68e-05_Re5.16e+05,1962.267154283192,5.25117824998529,0.001,1000.0,0.1,3.6840314986403865e-06,0.0142322842491398,525117.8249985289,3.684031498640386e-05,0.0135681287784135,colebrook
moody_eps3.68e-05_Re5.87e+05,2549.22668332602,6.131024865469289,0.001,1000.0,0.1,3.6840314986403865e-06,0.0135635163853606,613102.486546929,3.684031498640386e-05,0.0132610411930692,colebrook
moody_eps3.68e-05_Re6.67e+05,2996.322172101499,6.7615979301440525,0.001,1000.0,0.1,3.6840314986403865e-06,0.0131074985633624,676159.7930144053,3.684031498640386e-05,0.0130765292426988,colebrook
moody_eps3.68e-05_Re7.59e+05,4046.9011159265215,7.882023081729998,0.001,1000.0,0.1,3.6840314986403865e-06,0.0130279830173851,788202.3081729998,3.684031498640386e-05,0.0128020813755397,colebrook
moody_eps3.68e-05_Re8.63e+05,4673.703457282607,8.65990589518718,0.001,1000.0,0.1,3.6840314986403865e-06,0.0124642113231485,865990.5895187178,3.684031498640386e-05,0.0126422281889123,colebrook
moody_eps3.68e-05_Re9.81e+05,5519.484132785867,9.420130314744542,0.001,1000.0,0.1,3.6840314986403865e-06,0.0124398362445784,942013.031474454,3.684031498640386e-05,0.0125047632807864,colebrook
moody_eps3.68e-05_Re1.12e+06,8340.443385287279,11.796653325612892,0.001,1000.0,0.1,3.6840314986403865e-06,0.0119867514694088,1179665.3325612892,3.684031498640386e-05,0.0121619272823631,colebrook
moody_eps3.68e-05_Re1.27e+06,9287.77035519542,12.44226303474741,0.001,1000.0,0.1,3.6840314986403865e-06,0.0119989351969029,1244226.303474741,3.684031498640386e-05,0.0120858793440766,colebrook
moody_eps4.86e-05_Re7.44e+03,1.0267654921137672,0.0778260001792263,0.001,1000.0,0.1,4.86194168067384e-06,0.0339040701970303,7782.600017922632,4.861941680673839e-05,0.0331018940338598,colebrook
moody_eps4.86e-05_Re8.46e+03,1.2490986804753237,0.0874082974295689,0.001,1000.0,0.1,4.86194168067384e-06,0.0326980176028078,8740.829742956896,4.861941680673839e-05,0.0320829175613509,colebrook
moody_eps4.86e-05_Re9.62e+03,1.3851302468272075,0.094334203505254,0.001,1000.0,0.1,4.86194168067384e-06,0.0311302232211127,9433.420350525405,4.861941680673839e-05,0.0314384031530248,colebrook
moody_eps4.86e-05_Re1.09e+04,1.859497856959286,0.1124497777278823,0.001,1000.0,0.1,4.86194168067384e-06,0.0294109108805954,11244.977772788236,4.861941680673839e-05,0.0300237431670516,colebrook
moody_eps4.86e-05_Re1.24e+04,2.132694279358147,0.1203162641219726,0.001,1000.0,0.1,4.86194168067384e-06,0.0294652359303909,12031.62641219726,4.861941680673839e-05,0.0295039587240167,colebrook
moody_eps4.86e-05_Re1.41e+04,2.5164440920005653,0.1339783157254711,0.001,1000.0,0.1,4.86194168067384e-06,0.0280380789320456,13397.831572547117,4.861941680673839e-05,0.0287039913255224,colebrook
moody_eps4.86e-05_Re1.61e+04,3.3006059935489938,0.1554749913695094,0.001,1000.0,0.1,4.86194168067384e-06,0.0273087987444017,15547.499136950944,4.861941680673839e-05,0.0276488418195494,colebrook
moody_eps4.86e-05_Re1.83e+04,5.105341508776455,0.190279704686041,0.001,1000.0,0.1,4.86194168067384e-06,0.0282013472802212,19027.9704686041,4.861941680673839e-05,0.026305925147187,colebrook
moody_eps4.86e-05_Re2.08e+04,5.583311186874543,0.211742285941141,0.001,1000.0,0.1,4.86194168067384e-06,0.0249061520421122,21174.228594114105,4.861941680673839e-05,0.0256343621342068,colebrook
moody_eps4.86e-05_Re2.37e+04,7.350560241272102,0.2417646940615174,0.001,1000.0,0.1,4.86194168067384e-06,0.0251515456036813,24176.46940615174,4.861941680673839e-05,0.0248362578124419,colebrook
moody_eps4.86e-05_Re2.69e+04,8.711737676943889,0.2641228588556305,0.001,1000.0,0.1,4.86194168067384e-06,0.0249759954468277,26412.28588556305,4.861941680673839e-05,0.0243244706974833,colebrook
moody_eps4.86e-05_Re3.06e+04,10.5299205226255,0.3013981114309439,0.001,1000.0,0.1,4.86194168067384e-06,0.0231832348940867,30139.8111430944,4.861941680673839e-05,0.0235897600950272,colebrook
moody_eps4.86e-05_Re3.48e+04,14.132465587163336,0.3483172064036463,0.001,1000.0,0.1,4.86194168067384e-06,0.0232968967632256,34831.72064036463,4.861941680673839e-05,0.0228227145610239,colebrook
moody_eps4.86e-05_Re3.95e+04,17.18293805234543,0.3910347484715211,0.001,1000.0,0.1,4.86194168067384e-06,0.0224748455825375,39103.47484715211,4.861941680673839e-05,0.0222366116028541,colebrook
moody_eps4.86e-05_Re4.50e+04,19.93488140348651,0.4255646204395906,0.001,1000.0,0.1,4.86194168067384e-06,0.0220146923681998,42556.462043959065,4.861941680673839e-05,0.0218225032529899,colebrook
moody_eps4.86e-05_Re5.11e+04,26.285724119680477,0.5039110647102736,0.001,1000.0,0.1,4.86194168067384e-06,0.0207034228363969,50391.10647102736,4.861941680673839e-05,0.0210307708988117,colebrook
moody_eps4.86e-05_Re5.81e+04,28.813945095085888,0.538847623647139,0.001,1000.0,0.1,4.86194168067384e-06,0.0198472699207845,53884.7623647139,4.861941680673839e-05,0.0207291834572681,colebrook
moody_eps4.86e-05_Re6.61e+04,40.20337246526346,0.6272176781470489,0.001,1000.0,0.1,4.86194168067384e-06,0.0204388238253096,62721.76781470489,4.861941680673839e-05,0.0200709321657671,colebrook
moody_eps4.86e-05_Re7.52e+04,52.37357875402696,0.7310308152050049,0.001,1000.0,0.1,4.86194168067384e-06,0.019600668249039,73103.08152050049,4.861941680673839e-05,0.0194406081147433,colebrook
moody_eps4.86e-05_Re8.55e+04,70.08594054350009,0.871603269798257,0.001,1000.0,0.1,4.86194168067384e-06,0.0184511398209065,87160.3269798257,4.861941680673839e-05,0.0187560922038555,colebrook
moody_eps4.86e-05_Re9.72e+04,84.99224819075596,0.9421804677660544,0.001,1000.0,0.1,4.86194168067384e-06,0.0191487804382532,94218.04677660544,4.861941680673839e-05,0.0184658619149444,colebrook
moody_eps4.86e-05_Re1.10e+05,106.76555742775632,1.113576684223112,0.001,1000.0,0.1,4.86194168067384e-06,0.0172195147631866,111357.6684223112,4.861941680673839e-05,0.0178682219451825,colebrook
moody_eps4.86e-05_Re1.26e+05,138.61806592877394,1.2745393339672568,0.001,1000.0,0.1,4.86194168067384e-06,0.0170664559798718,127453.93339672568,4.861941680673839e-05,0.0174097338038293,colebrook
moody_eps4.86e-05_Re1.43e+05,182.77284196187236,1.4485638588188234,0.001,1000.0,0.1,4.86194168067384e-06,0.0174207307899561,144856.38588188234,4.861941680673839e-05,0.016994260405905,colebrook
moody_eps4.86e-05_Re1.62e+05,213.04659983308903,1.584979103978308,0.001,1000.0,0.1,4.86194168067384e-06,0.0169612369426069,158497.9103978308,4.861941680673839e-05,0.0167129078855267,colebrook
moody_eps4.86e-05_Re1.85e+05,239.1139304095926,1.6874008745115017,0.001,1000.0,0.1,4.86194168067384e-06,0.0167957087153483,168740.08745115018,4.861941680673839e-05,0.0165222767832834,colebrook
moody_eps4.86e-05_Re2.10e+05,339.5148705856008,1.9801739763372035,0.001,1000.0,0.1,4.86194168067384e-06,0.0173173765050948,198017.39763372036,4.861941680673839e-05,0.0160537709846743,colebrook
moody_eps4.86e-05_Re2.39e+05,443.4760061448052,2.4134682289572296,0.001,1000.0,0.1,4.86194168067384e-06,0.0152270912795303,241346.82289572293,4.861941680673839e-05,0.0155099629241664,colebrook
moody_eps4.86e-05_Re2.72e+05,582.6566249125489,2.8091778597325128,0.001,1000.0,0.1,4.86194168067384e-06,0.0147667258012566,280917.7859732513,4.861941680673839e-05,0.0151183576982794,colebrook
moody_eps4.86e-05_Re3.09e+05,708.0733826096114,3.0985127219636444,0.001,1000.0,0.1,4.86194168067384e-06,0.0147503286681966,309851.2721963644,4.861941680673839e-05,0.0148769429691474,colebrook
moody_eps4.86e-05_Re3.51e+05,883.6930168432957,3.5107715279212397,0.001,1000.0,0.1,4.86194168067384e-06,0.0143392449473353,351077.1527921239,4.861941680673839e-05,0.0145819800117453,colebrook
moody_eps4.86e-05_Re3.99e+05,1141.1680875295508,4.044662879475905,0.001,1000.0,0.1,4.86194168067384e-06,0.0139513089238943,404466.2879475905,4.861941680673839e-05,0.0142644271805615,colebrook
moody_eps4.86e-05_Re4.54e+05,1480.804406736004,4.554351479877587,0.001,1000.0,0.1,4.86194168067384e-06,0.0142782376361868,455435.1479877587,4.861941680673839e-05,0.0140115463668916,colebrook
moody_eps4.86e-05_Re5.16e+05,1817.6220896722448,5.069772366062541,0.001,1000.0,0.1,4.86194168067384e-06,0.0141434926152661,506977.23660625407,4.861941680673839e-05,0.0137933403512271,colebrook
moody_eps4.86e-05_Re5.87e+05,2369.478256301856,5.954732401038706,0.001,1000.0,0.1,4.86194168067384e-06,0.0133646695271939,595473.2401038705,4.861941680673839e-05,0.013483683450014,colebrook
moody_eps4.86e-05_Re6.67e+05,2868.004357046526,6.570882972483426,0.001,1000.0,0.1,4.86194168067384e-06,0.0132850238219503,657088.2972483427,4.861941680673839e-05,0.0133044853102827,colebrook
moody_eps4.86e-05_Re7.59e+05,3608.011165139457,7.485262976363536,0.001,1000.0,0.1,4.86194168067384e-06,0.012879047437433,748526.2976363536,4.861941680673839e-05,0.0130791150084044,colebrook
moody_eps4.86e-05_Re8.63e+05,4716.207639322761,8.593399195183567,0.001,1000.0,0.1,4.86194168067384e-06,0.0127730008004657,859339.9195183567,4.861941680673839e-05,0.0128545877618859,colebrook
moody_eps4.86e-05_Re9.81e+05,6391.924963209664,9.84173437221562,0.001,1000.0,0.1,4.86194168067384e-06,0.0131983118337025,984173.437221562,4.861941680673839e-05,0.0126479521974447,colebrook
moody_eps4.86e-05_Re1.12e+06,8380.246101959341,11.464270670347918,0.001,1000.0,0.1,4.86194168067384e-06,0.0127524581227859,1146427.067034792,4.861941680673839e-05,0.0124315456657031,colebrook
moody_eps4.86e-05_Re1.27e+06,10004.47768618741,12.882311299627233,0.001,1000.0,0.1,4.86194168067384e-06,0.0120569326883096,1288231.129962723,4.861941680673839e-05,0.0122773177724645,colebrook
moody_eps6.42e-05_Re7.44e+03,0.8859047217907858,0.0741057708257124,0.001,1000.0,0.1,6.4164698143860805e-06,0.0322636096079298,7410.577082571247,6.41646981438608e-05,0.0335666704059737,colebrook
moody_eps6.42e-05_Re8.46e+03,1.1825448966072156,0.085431516547183,0.001,1000.0,0.1,6.4164698143860805e-06,0.0324049534657699,8543.151654718302,6.41646981438608e-05,0.0323022440617759,colebrook
moody_eps6.42e-05_Re9.62e+03,1.59417567209214,0.0983491021394156,0.001,1000.0,0.1,6.4164698143860805e-06,0.0329628970480619,9834.910213941565,6.41646981438608e-05,0.0311178476503847,colebrook
moody_eps6.42e-05_Re1.09e+04,1.696223575843532,0.1062353143004643,0.001,1000.0,0.1,6.4164698143860805e-06,0.0300590517860969,10623.531430046432,6.41646981438608e-05,0.0304958906258364,colebrook
moody_eps6.42e-05_Re1.24e+04,2.1664073002051727,0.1221970821274564,0.001,1000.0,0.1,6.4164698143860805e-06,0.029016727724695,12219.708212745649,6.41646981438608e-05,0.0294130209446377,colebrook
moody_eps6.42e-05_Re1.41e+04,2.949850416456972,0.1432109468822016,0.001,1000.0,0.1,6.4164698143860805e-06,0.0287658728977962,14321.094688220162,6.41646981438608e-05,0.0282528569933082,colebrook
moody_eps6.42e-05_Re1.61e+04,3.5995354876141348,0.1584584679954053,0.001,1000.0,0.1,6.4164698143860805e-06,0.0286711788411922,15845.846799540534,6.41646981438608e-05,0.0275483125800133,colebrook
moody_eps6.42e-05_Re1.83e+04,4.371090020236708,0.1814492028571752,0.001,1000.0,0.1,6.4164698143860805e-06,0.0265527567621648,18144.92028571753,6.41646981438608e-05,0.0266452316197759,colebrook
moody_eps6.42e-05_Re2.08e+04,5.428723464745092,0.2025285793562348,0.001,1000.0,0.1,6.4164698143860805e-06,0.0264700695582278,20252.85793562348,6.41646981438608e-05,0.0259449084444921,colebrook
moody_eps6.42e-05_Re2.37e+04,7.275594462714914,0.2418706901150332,0.001,1000.0,0.1,6.4164698143860805e-06,0.0248732188976974,24187.06901150332,6.41646981438608e-05,0.0248711271210313,colebrook
moody_eps6.42e-05_Re2.69e+04,7.77072502433789,0.2521174675807167,0.001,1000.0,0.1,6.4164698143860805e-06,0.0244503828942009,25211.74675807167,6.41646981438608e-05,0.0246299065235165,colebrook
moody_eps6.42e-05_Re3.06e+04,11.224405407211188,0.3112937978440158,0.001,1000.0,0.1,6.4164698143860805e-06,0.0231660721194118,31129.379784401583,6.41646981438608e-05,0.0234579008254827,colebrook
moody_eps6.42e-05_Re3.48e+04,13.972219201726062,0.3467106631663595,0.001,1000.0,0.1,6.4164698143860805e-06,0.023246682744692,34671.06631663595,6.41646981438608e-05,0.0228919600275055,colebrook
moody_eps6.42e-05_Re3.95e+04,16.14944576505606,0.3743773349593469,0.001,1000.0,0.1,6.4164698143860805e-06,0.0230445653495291,37437.73349593469,6.41646981438608e-05,0.0225016531520822,colebrook
moody_eps6.42e-05_Re4.50e+04,19.79546029174908,0.4247448057117796,0.001,1000.0,0.1,6.4164698143860805e-06,0.0219451951522569,42474.48057117796,6.41646981438608e-05,0.0218823860461403,colebrook
moody_eps6.42e-05_Re5.11e+04,27.90302207283217,0.5200899591873793,0.001,1000.0,0.1,6.4164698143860805e-06,0.0206311909904663,52008.995918737935,6.41646981438608e-05,0.0209442155230911,colebrook
moody_eps6.42e-05_Re5.81e+04,35.96488179712361,0.5894683331831038,0.001,1000.0,0.1,6.4164698143860805e-06,0.0207008259689326,58946.833318310375,6.41646981438608e-05,0.0203963875153706,colebrook
moody_eps6.42e-05_Re6.61e+04,41.73926808486616,0.6504783899297507,0.001,1000.0,0.1,6.4164698143860805e-06,0.0197291819816246,65047.83899297508,6.41646981438608e-05,0.0199819669873768,colebrook
moody_eps6.42e-05_Re7.52e+04,57.73967455038822,0.7698766705329635,0.001,1000.0,0.1,6.4164698143860805e-06,0.0194832771487632,76987.66705329635,6.41646981438608e-05,0.0193049649776983,colebrook
moody_eps6.42e-05_Re8.55e+04,72.18841039140241,0.8700770302574601,0.001,1000.0,0.1,6.4164698143860805e-06,0.0190713776956853,87007.70302574601,6.41646981438608e-05,0.0188377639618923,colebrook
moody_eps6.42e-05_Re9.72e+04,81.74229632943022,0.9552190893793808,0.001,1000.0,0.1,6.4164698143860805e-06,0.0179172289678664,95521.90893793807,6.41646981438608e-05,0.0184944714343566,colebrook
moody_eps6.42e-05_Re1.10e+05,99.75487427707117,1.071519062471476,0.001,1000.0,0.1,6.4164698143860805e-06,0.0173765805569584,107151.90624714758,6.41646981438608e-05,0.018087152143551,colebrook
moody_eps6.42e-05_Re1.26e+05,121.98817608606876,1.1828277116424308,0.001,1000.0,0.1,6.4164698143860805e-06,0.0174383243869296,118282.77116424308,6.41646981438608e-05,0.0177497436119626,colebrook
moody_eps6.42e-05_Re1.43e+05,166.80026264429495,1.3904138616976978,0.001,1000.0,0.1,6.4164698143860805e-06,0.0172559370657409,139041.38616976977,6.41646981438608e-05,0.0172226653188302,colebrook
moody_eps6.42e-05_Re1.62e+05,220.60110154017596,1.6132178980300276,0.001,1000.0,0.1,6.4164698143860805e-06,0.0169531970128744,161321.78980300276,6.41646981438608e-05,0.0167644732184514,colebrook
moody_eps6.42e-05_Re1.85e+05,288.331092700938,1.91039076734208,0.001,1000.0,0.1,6.4164698143860805e-06,0.0158007263752224,191039.076734208,6.41646981438608e-05,0.0162726183399123,colebrook
moody_eps6.42e-05_Re2.10e+05,344.29146946480955,2.084396002789966,0.001,1000.0,0.1,6.4164698143860805e-06,0.0158487784570765,208439.6002789966,6.41646981438608e-05,0.0160308422828335,colebrook
moody_eps6.42e-05_Re2.39e+05,410.8228006982393,2.3261926563673865,0.001,1000.0,0.1,6.4164698143860805e-06,0.0151842439994519,232619.26563673865,6.41646981438608e-05,0.0157375341999366,colebrook
moody_eps6.42e-05_Re2.72e+05,572.0302030302039,2.7201388257047903,0.001,1000.0,0.1,6.4164698143860805e-06,0.0154620408725943,272013.882570479,6.41646981438608e-05,0.0153402677348733,colebrook
moody_eps6.42e-05_Re3.09e+05,717.7452365487638,3.0618785236983346,0.001,1000.0,0.1,6.4164698143860805e-06,0.0153117349011966,306187.85236983345,6.41646981438608e-05,0.0150555820929704,colebrook
moody_eps6.42e-05_Re3.51e+05,952.855410125088,3.543641163338296,0.001,1000.0,0.1,6.4164698143860805e-06,0.0151760072063686,354364.1163338296,6.41646981438608e-05,0.0147223362247408,colebrook
moody_eps6.42e-05_Re3.99e+05,1160.6088660109197,3.997031211680537,0.001,1000.0,0.1,6.4164698143860805e-06,0.0145291698364998,399703.1211680537,6.41646981438608e-05,0.0144625505206264,colebrook
moody_eps6.42e-05_Re4.54e+05,1537.4326284778049,4.69421733773106,0.001,1000.0,0.1,6.4164698143860805e-06,0.013954031631279,469421.733773106,6.41646981438608e-05,0.0141358898703641,colebrook
moody_eps6.42e-05_Re5.16e+05,1964.9743067013171,5.233197538539396,0.001,1000.0,0.1,6.4164698143860805e-06,0.0143500235843689,523319.7538539396,6.41646981438608e-05,0.013927861212178,colebrook
moody_eps6.42e-05_Re5.87e+05,2548.1374792631973,6.029682800180101,0.001,1000.0,0.1,6.4164698143860805e-06,0.0140172855068044,602968.2800180101,6.41646981438608e-05,0.0136718085078151,colebrook
moody_eps6.42e-05_Re6.67e+05,3086.874700928282,6.79930511975438,0.001,1000.0,0.1,6.4164698143860805e-06,0.0133542633322859,679930.511975438,6.41646981438608e-05,0.0134677637921649,colebrook
moody_eps6.42e-05_Re7.59e+05,3984.418540961066,7.8150768270839635,0.001,1000.0,0.1,6.4164698143860805e-06,0.0130475342182495,781507.6827083963,6.41646981438608e-05,0.0132458627833181,colebrook
moody_eps6.42e-05_Re8.63e+05,4729.808569880152,8.519608189426663,0.001,1000.0,0.1,6.4164698143860805e-06,0.0130326974938389,851960.8189426663,6.41646981438608e-05,0.0131159798423256,colebrook
moody_eps6.42e-05_Re9.81e+05,6726.84475176971,9.971094846397497,0.001,1000.0,0.1,6.4164698143860805e-06,0.0135318042201459,997109.4846397496,6.41646981438608e-05,0.0128939418469879,colebrook
moody_eps6.42e-05_Re1.12e+06,8884.667718648909,11.605983304244011,0.001,1000.0,0.1,6.4164698143860805e-06,0.0131918985504815,1160598.3304244014,6.41646981438608e-05,0.0126970689248066,colebrook
moody_eps6.42e-05_Re1.27e+06,10585.291843026744,12.94993159762548,0.001,1000.0,0.1,6.4164698143860805e-06,0.0126240260791717,1294993.159762548,6.41646981438608e-05,0.0125652349435606,colebrook
moody_eps8.47e-05_Re8.46e+03,1.2025807815591123,0.0868178780405867,0.001,1000.0,0.1,8.468033469546193e-06,0.0319099351161423,8681.787804058675,8.468033469546193e-05,0.0321930588523708,colebrook
moody_eps8.47e-05_Re9.62e+03,1.4891910495612088,0.0969945147983758,0.001,1000.0,0.1,8.468033469546193e-06,0.0316581886874313,9699.45147983758,8.468033469546193e-05,0.0312627883416653,colebrook
moody_eps8.47e-05_Re1.09e+04,1.8590020778273288,0.1113919634624329,0.001,1000.0,0.1,8.468033469546193e-06,0.0299641631141359,11139.196346243296,8.468033469546193e-05,0.0301560223067033,colebrook
moody_eps8.47e-05_Re1.24e+04,1.940536015808929,0.1161033075565061,0.001,1000.0,0.1,8.468033469546193e-06,0.0287913824804357,11610.330755650612,8.468033469546193e-05,0.0298360531965251,colebrook
moody_eps8.47e-05_Re1.41e+04,3.1018902774079877,0.1439092163677424,0.001,1000.0,0.1,8.468033469546193e-06,0.0299556819277158,14390.921636774245,8.468033469546193e-05,0.0282561615157654,colebrook
moody_eps8.47e-05_Re1.61e+04,3.70042196856216,0.1607123336991637,0.001,1000.0,0.1,8.468033469546193e-06,0.0286538399818589,16071.23336991637,8.468033469546193e-05,0.0274919922120688,colebrook
moody_eps8.47e-05_Re1.83e+04,4.111858692840519,0.1703447041303182,0.001,1000.0,0.1,8.468033469546193e-06,0.0283407216402453,17034.47041303182,8.468033469546193e-05,0.0271017100903301,colebrook
moody_eps8.47e-05_Re2.08e+04,5.103955123958955,0.2010413944710311,0.001,1000.0,0.1,8.468033469546193e-06,0.0252560754891611,20104.13944710311,8.468033469546193e-05,0.0260357708414231,colebrook
moody_eps8.47e-05_Re2.37e+04,6.958373299223989,0.2344021988453106,0.001,1000.0,0.1,8.468033469546193e-06,0.025328784958503,23440.219884531063,8.468033469546193e-05,0.0251043458300803,colebrook
moody_eps8.47e-05_Re2.69e+04,8.501667997508648,0.2594471274325808,0.001,1000.0,0.1,8.468033469546193e-06,0.0252601778275688,25944.71274325808,8.468033469546193e-05,0.024516491110913,colebrook
moody_eps8.47e-05_Re3.06e+04,10.26599260181632,0.2928536381230879,0.001,1000.0,0.1,8.468033469546193e-06,0.023940305898828,29285.363812308788,8.468033469546193e-05,0.0238428052687972,colebrook
moody_eps8.47e-05_Re3.48e+04,13.3130734082171,0.3386198085251833,0.001,1000.0,0.1,8.468033469546193e-06,0.023221143525686,33861.980852518325,8.468033469546193e-05,0.0230729653497362,colebrook
moody_eps8.47e-05_Re3.95e+04,15.19311420954908,0.3721581499248691,0.001,1000.0,0.1,8.468033469546193e-06,0.0219392476265165,37215.814992486914,8.468033469546193e-05,0.0225933646007885,colebrook
moody_eps8.47e-05_Re4.50e+04,21.060400535057344,0.433039006720974,0.001,1000.0,0.1,8.468033469546193e-06,0.0224616981300639,43303.9006720974,8.468033469546193e-05,0.0218569988420677,colebrook
moody_eps8.47e-05_Re5.11e+04,25.74608089101529,0.4779768856495461,0.001,1000.0,0.1,8.468033469546193e-06,0.0225386206878958,47797.68856495461,8.468033469546193e-05,0.0213981162537568,colebrook
moody_eps8.47e-05_Re5.81e+04,33.939411290369485,0.5723833482765142,0.001,1000.0,0.1,8.468033469546193e-06,0.0207185958490327,57238.33482765142,8.468033469546193e-05,0.0206009480196739,colebrook
moody_eps8.47e-05_Re6.61e+04,37.184053226180005,0.6123074752709914,0.001,1000.0,0.1,8.468033469546193e-06,0.0198357031707401,61230.74752709914,8.468033469546193e-05,0.0203156794960021,colebrook
moody_eps8.47e-05_Re7.52e+04,60.23912272492409,0.7706560504396797,0.001,1000.0,0.1,8.468033469546193e-06,0.0202855809293696,77065.60504396797,8.468033469546193e-05,0.0193927554400971,colebrook
moody_eps8.47e-05_Re8.55e+04,68.03113325483662,0.8295126986415018,0.001,1000.0,0.1,8.468033469546193e-06,0.0197738676694624,82951.26986415018,8.468033469546193e-05,0.0191131978370873,colebrook
moody_eps8.47e-05_Re9.72e+04,90.06162206648762,0.9767890207094344,0.001,1000.0,0.1,8.468033469546193e-06,0.018878532045144,97678.90207094346,8.468033469546193e-05,0.0185184131248455,colebrook
moody_eps8.47e-05_Re1.10e+05,114.23825255117302,1.0978391972738393,0.001,1000.0,0.1,8.468033469546193e-06,0.0189567586732529,109783.91972738392,8.468033469546193e-05,0.018114470881223,colebrook
moody_eps8.47e-05_Re1.26e+05,129.5174203294787,1.1935661025375592,0.001,1000.0,0.1,8.468033469546193e-06,0.0181829870265965,119356.61025375592,8.468033469546193e-05,0.0178359094827451,colebrook
moody_eps8.47e-05_Re1.43e+05,196.09520675224397,1.4959420364596707,0.001,1000.0,0.1,8.468033469546193e-06,0.0175253799186869,149594.20364596706,8.468033469546193e-05,0.0171256270285816,colebrook
moody_eps8.47e-05_Re1.62e+05,222.65614614355536,1.6103955757458872,0.001,1000.0,0.1,8.468033469546193e-06,0.0171711564809229,161039.55757458872,8.468033469546193e-05,0.0169066102332087,colebrook
moody_eps8.47e-05_Re1.85e+05,283.4181473190184,1.861486345378184,0.001,1000.0,0.1,8.468033469546193e-06,0.0163582914155307,186148.6345378184,8.468033469546193e-05,0.0164939693615981,colebrook
moody_eps8.47e-05_Re2.10e+05,393.7406811739598,2.168585833115591,0.001,1000.0,0.1,8.468033469546193e-06,0.0167450732380373,216858.58331155908,8.468033469546193e-05,0.0160839257575817,colebrook
moody_eps8.47e-05_Re2.39e+05,442.8894460597829,2.2924458864237187,0.001,1000.0,0.1,8.468033469546193e-06,0.0168549372968252,229244.58864237185,8.468033469546193e-05,0.0159409263218376,colebrook
moody_eps8.47e-05_Re2.72e+05,571.0121371929442,2.71949361901749,0.001,1000.0,0.1,8.468033469546193e-06,0.0154418470654183,271949.361901749,8.468033469546193e-05,0.0155211420030546,colebrook
moody_eps8.47e-05_Re3.09e+05,746.7887389733067,3.174467366497473,0.001,1000.0,0.1,8.468033469546193e-06,0.0148212905941827,317446.7366497473,8.468033469546193e-05,0.015166373808798,colebrook
moody_eps8.47e-05_Re3.51e+05,936.2683257375792,3.560303580171389,0.001,1000.0,0.1,8.468033469546193e-06,0.01477257708909,356030.3580171389,8.468033469546193e-05,0.0149184183429313,colebrook
moody_eps8.47e-05_Re3.99e+05,1181.270229336177,3.9876652923492473,0.001,1000.0,0.1,8.468033469546193e-06,0.0148573672276632,398766.5292349248,8.468033469546193e-05,0.014685684655206,colebrook
moody_eps8.47e-05_Re4.54e+05,1474.109295544568,4.541883636794847,0.001,1000.0,0.1,8.468033469546193e-06,0.0142918244723252,454188.3636794847,8.468033469546193e-05,0.0144332347965854,colebrook
moody_eps8.47e-05_Re5.16e+05,2059.197042009654,5.351176583829851,0.001,1000.0,0.1,8.468033469546193e-06,0.0143823328805839,535117.658382985,8.468033469546193e-05,0.0141369235850841,colebrook
moody_eps8.47e-05_Re5.87e+05,2542.923215322184,5.957153697100595,0.001,1000.0,0.1,8.468033469546193e-06,0.014331301471821,595715.3697100595,8.468033469546193e-05,0.0139558355025489,colebrook
moody_eps8.47e-05_Re6.67e+05,2800.2839868931987,6.267570005969787,0.001,1000.0,0.1,8.468033469546193e-06,0.0142571817346918,626757.0005969787,8.468033469546193e-05,0.013873527199386,colebrook
moody_eps8.47e-05_Re7.59e+05,4321.962578536111,8.13138347063095,0.001,1000.0,0.1,8.468033469546193e-06,0.0130732062452512,813138.347063095,8.468033469546193e-05,0.0134852073813699,colebrook
moody_eps8.47e-05_Re8.63e+05,5458.54609514419,9.304676782765045,0.001,1000.0,0.1,8.468033469546193e-06,0.0126096895541757,930467.6782765042,8.468033469546193e-05,0.0133053703437003,colebrook
moody_eps8.47e-05_Re9.81e+05,6246.554042976373,9.60712353808198,0.001,1000.0,0.1,8.468033469546193e-06,0.0135357943250256,960712.353808198,8.468033469546193e-05,0.0132647313765499,colebrook
moody_eps8.47e-05_Re1.12e+06,7659.3587573133955,10.956689264737864,0.001,1000.0,0.1,8.468033469546193e-06,0.0127603832234318,1095668.9264737864,8.468033469546193e-05,0.0131057048195126,colebrook
moody_eps8.47e-05_Re1.27e+06,10642.43254884352,12.742297663755508,0.001,1000.0,0.1,8.468033469546193e-06,0.0131091764694985,1274229.7663755508,8.468033469546193e-05,0.0129383279412879,colebrook
moody_eps1.12e-04_Re7.44e+03,0.9960148399549268,0.0748237393431431,0.001,1000.0,0.1,1.1175551808968563e-05,0.0355809048210072,7482.373934314313,0.0001117555180896,0.0335425103921186,colebrook
moody_eps1.12e-04_Re8.46e+03,1.2227008094198135,0.0888484187859966,0.001,1000.0,0.1,1.1175551808968563e-05,0.0309778155131938,8884.841878599666,0.0001117555180896,0.0320350307020669,colebrook
moody_eps1.12e-04_Re9.62e+03,1.507504419549582,0.0954937840894499,0.001,1000.0,0.1,1.1175551808968563e-05,0.0330627050752509,9549.378408944996,0.0001117555180896,0.0314319633849299,colebrook
moody_eps1.12e-04_Re1.09e+04,1.7743696445113988,0.1045989983377451,0.001,1000.0,0.1,1.1175551808968563e-05,0.0324353839658009,10459.899833774518,0.0001117555180896,0.0306944131480031,colebrook
moody_eps1.12e-04_Re1.24e+04,2.278838294036276,0.1268236821719282,0.001,1000.0,0.1,1.1175551808968563e-05,0.0283362769144552,12682.368217192829,0.0001117555180896,0.0292172917642503,colebrook
moody_eps1.12e-04_Re1.41e+04,2.5366112719438427,0.1323647607234298,0.001,1000.0,0.1,1.1175551808968563e-05,0.0289560391967434,13236.476072342984,0.0001117555180896,0.028903991256969,colebrook
moody_eps1.12e-04_Re1.61e+04,3.934047308148472,0.1695191481609039,0.001,1000.0,0.1,1.1175551808968563e-05,0.0273799121963054,16951.914816090397,0.0001117555180896,0.0271879706354937,colebrook
moody_eps1.12e-04_Re1.83e+04,4.666296931010288,0.1860011791904158,0.001,1000.0,0.1,1.1175551808968563e-05,0.0269755911979173,18600.117919041582,0.0001117555180896,0.0265845141543082,colebrook
moody_eps1.12e-04_Re2.08e+04,5.593737417245186,0.2064806692294449,0.001,1000.0,0.1,1.1175551808968563e-05,0.0262405705158256,20648.06692294449,0.0001117555180896,0.0259297328627643,colebrook
moody_eps1.12e-04_Re2.37e+04,6.679218118371555,0.2321072612909059,0.001,1000.0,0.1,1.1175551808968563e-05,0.0247958024335234,23210.726129090595,0.0001117555180896,0.0252258869259411,colebrook
moody_eps1.12e-04_Re2.69e+04,8.301602264584034,0.2615887048368941,0.001,1000.0,0.1,1.1175551808968563e-05,0.0242635276427002,26158.870483689407,0.0001117555180896,0.0245372821342977,colebrook
moody_eps1.12e-04_Re3.06e+04,10.915527435908905,0.3023849900657521,0.001,1000.0,0.1,1.1175551808968563e-05,0.0238755982199706,30238.499006575214,0.0001117555180896,0.0237422801961353,colebrook
moody_eps1.12e-04_Re3.48e+04,12.996598868578682,0.3441319921658327,0.001,1000.0,0.1,1.1175551808968563e-05,0.0219487409813326,34413.19921658326,0.0001117555180896,0.0230676754950204,colebrook
moody_eps1.12e-04_Re3.95e+04,16.354934665471223,0.3824817183183877,0.001,1000.0,0.1,1.1175551808968563e-05,0.0223592610073924,38248.171831838765,0.0001117555180896,0.0225397458072241,colebrook
moody_eps1.12e-04_Re4.50e+04,22.43872294884073,0.4567671194227581,0.001,1000.0,0.1,1.1175551808968563e-05,0.0215099036502797,45676.71194227581,0.0001117555180896,0.0216975236313855,colebrook
moody_eps1.12e-04_Re5.11e+04,27.000685258064426,0.5172241360488836,0.001,1000.0,0.1,1.1175551808968563e-05,0.0201858581168194,51722.41360488836,0.0001117555180896,0.0211394494756699,colebrook
moody_eps1.12e-04_Re5.81e+04,36.66239665307582,0.6023779287400981,0.001,1000.0,0.1,1.1175551808968563e-05,0.0202075073647761,60237.79287400981,0.0001117555180896,0.0204890744100009,colebrook
moody_eps1.12e-04_Re6.61e+04,42.10385162461112,0.6451504968596481,0.001,1000.0,0.1,1.1175551808968563e-05,0.0202315776431914,64515.04968596481,0.0001117555180896,0.0202080680182817,colebrook
moody_eps1.12e-04_Re7.52e+04,56.357742079145766,0.7617626323804284,0.001,1000.0,0.1,1.1175551808968563e-05,0.0194242496430865,76176.26323804284,0.0001117555180896,0.0195563976202723,colebrook
moody_eps1.12e-04_Re8.55e+04,68.65624021685939,0.8716328442878662,0.001,1000.0,0.1,1.1175551808968563e-05,0.0180735239536102,87163.28442878662,0.0001117555180896,0.019056934140975,colebrook
moody_eps1.12e-04_Re9.72e+04,89.96271086751663,0.9687617856340336,0.001,1000.0,0.1,1.1175551808968563e-05,0.019171607595246,96876.17856340336,0.0001117555180896,0.0186827286372342,colebrook
moody_eps1.12e-04_Re1.10e+05,113.29990791106069,1.1208704913902985,0.001,1000.0,0.1,1.1175551808968563e-05,0.0180363511010662,112087.0491390298,0.0001117555180896,0.0181904722365861,colebrook
moody_eps1.12e-04_Re1.26e+05,150.9378892775138,1.268628317974864,0.001,1000.0,0.1,1.1175551808968563e-05,0.0187568310003438,126862.8317974864,0.0001117555180896,0.0177939103481699,colebrook
moody_eps1.12e-04_Re1.43e+05,168.4924827017361,1.380914445923,0.001,1000.0,0.1,1.1175551808968563e-05,0.0176716450405059,138091.44459230002,0.0001117555180896,0.0175333107347946,colebrook
moody_eps1.12e-04_Re1.62e+05,231.3986189491668,1.6304654540511518,0.001,1000.0,0.1,1.1175551808968563e-05,0.0174087486648438,163046.54540511518,0.0001117555180896,0.0170479926526109,colebrook
moody_eps1.12e-04_Re1.85e+05,280.7066531867717,1.7847829048843942,0.001,1000.0,0.1,1.1175551808968563e-05,0.017624301222037,178478.29048843944,0.0001117555180896,0.0167974100580915,colebrook
moody_eps1.12e-04_Re2.10e+05,406.13517195666685,2.1557413288396283,0.001,1000.0,0.1,1.1175551808968563e-05,0.017478626482203,215574.13288396283,0.0001117555180896,0.0163040521722494,colebrook
moody_eps1.12e-04_Re2.39e+05,451.5314130169843,2.3937447328500965,0.001,1000.0,0.1,1.1175551808968563e-05,0.0157602206608432,239374.4732850096,0.0001117555180896,0.016047394252308,colebrook
moody_eps1.12e-04_Re2.72e+05,518.0929178776532,2.572783992405053,0.001,1000.0,0.1,1.1175551808968563e-05,0.0156542044464456,257278.39924050533,0.0001117555180896,0.0158774647914625,colebrook
moody_eps1.12e-04_Re3.09e+05,646.7586260412088,2.9721317958554674,0.001,1000.0,0.1,1.1175551808968563e-05,0.0146432034959595,297213.1795855467,0.0001117555180896,0.0155539042218541,colebrook
moody_eps1.12e-04_Re3.51e+05,885.7228601127853,3.420598249282992,0.001,1000.0,0.1,1.1175551808968563e-05,0.0151399245624883,342059.8249282992,0.0001117555180896,0.0152592144301613,colebrook
moody_eps1.12e-04_Re3.99e+05,1275.821353967178,3.9719081731833152,0.001,1000.0,0.1,1.1175551808968563e-05,0.0161741498933034,397190.8173183315,0.0001117555180896,0.0149673104473955,colebrook
moody_eps1.12e-04_Re4.54e+05,1666.1900180511493,4.756376668273023,0.001,1000.0,0.1,1.1175551808968563e-05,0.0147299761565009,475637.6668273023,0.0001117555180896,0.0146435801327117,colebrook
moody_eps1.12e-04_Re5.16e+05,1989.960457156682,5.273942911965442,0.001,1000.0,0.1,1.1175551808968563e-05,0.014308812517532,527394.2911965442,0.0001117555180896,0.014471549930413,colebrook
moody_eps1.12e-04_Re5.87e+05,2442.160687958127,5.79620011906008,0.001,1000.0,0.1,1.1175551808968563e-05,0.0145384292970956,579620.011906008,0.0001117555180896,0.0143226151377909,colebrook
moody_eps1.12e-04_Re6.67e+05,3276.342805341654,6.650735647175443,0.001,1000.0,0.1,1.1175551808968563e-05,0.0148142599070771,665073.5647175442,0.0001117555180896,0.0141194926563922,colebrook
moody_eps1.12e-04_Re7.59e+05,4061.0722011952457,7.760847482313719,0.001,1000.0,0.1,1.1175551808968563e-05,0.0134850452817392,776084.7482313719,0.0001117555180896,0.0139102551978041,colebrook
moody_eps1.12e-04_Re8.63e+05,4730.461946312023,8.250456913786193,0.001,1000.0,0.1,1.1175551808968563e-05,0.0138988077454161,825045.6913786194,0.0001117555180896,0.0138326184031266,colebrook
moody_eps1.12e-04_Re9.81e+05,6811.904450276511,10.171197711897456,0.001,1000.0,0.1,1.1175551808968563e-05,0.0131690470840395,1017119.7711897456,0.0001117555180896,0.0135886305180967,colebrook
moody_eps1.12e-04_Re1.12e+06,8549.990322205103,10.848211832853416,0.001,1000.0,0.1,1.1175551808968563e-05,0.0145304580402403,1084821.1832853416,0.0001117555180896,0.0135199669729676,colebrook
moody_eps1.12e-04_Re1.27e+06,10663.401465027471,12.69537795683935,0.001,1000.0,0.1,1.1175551808968563e-05,0.0132322740276463,1269537.795683935,0.0001117555180896,0.0133644689431121,colebrook
moody_eps1.47e-04_Re7.44e+03,0.9196806977273172,0.0747002833589094,0.001,1000.0,0.1,1.4748755857436831e-05,0.0329626841334897,7470.028335890942,0.0001474875585743,0.0336052918701255,colebrook
moody_eps1.47e-04_Re8.46e+03,1.1976144911584516,0.0833621799602528,0.001,1000.0,0.1,1.4748755857436831e-05,0.034467430756473,8336.217996025283,0.0001474875585743,0.0326326638500826,colebrook
moody_eps1.47e-04_Re9.62e+03,1.372250673384147,0.0942381925195852,0.001,1000.0,0.1,1.4748755857436831e-05,0.0309036340673645,9423.81925195852,0.0001474875585743,0.0315946494874785,colebrook
moody_eps1.47e-04_Re1.09e+04,1.587020466514974,0.1044707957048941,0.001,1000.0,0.1,1.4748755857436831e-05,0.0290818960738833,10447.079570489412,0.0001474875585743,0.0307601644735262,colebrook
moody_eps1.47e-04_Re1.24e+04,2.203147466006063,0.1235346928132786,0.001,1000.0,0.1,1.4748755857436831e-05,0.0288732508290631,12353.469281327863,0.0001474875585743,0.0294730828400626,colebrook
moody_eps1.47e-04_Re1.41e+04,2.975300510811484,0.1444516195780894,0.001,1000.0,0.1,1.4748755857436831e-05,0.028517798858699,14445.161957808945,0.0001474875585743,0.0283450345632052,colebrook
moody_eps1.47e-04_Re1.61e+04,3.5588014083982533,0.1565485298539923,0.001,1000.0,0.1,1.4748755857436831e-05,0.0290426179887402,15654.85298539923,0.0001474875585743,0.0277909282218005,colebrook
moody_eps1.47e-04_Re1.83e+04,4.74906058748634,0.1890685604759505,0.001,1000.0,0.1,1.4748755857436831e-05,0.0265704598495731,18906.85604759505,0.0001474875585743,0.0265553169797924,colebrook
moody_eps1.47e-04_Re2.08e+04,6.163605835640272,0.2129560833027243,0.001,1000.0,0.1,1.4748755857436831e-05,0.0271822092931158,21295.608330272436,0.0001474875585743,0.0258206726938567,colebrook
moody_eps1.47e-04_Re2.37e+04,7.080215101559358,0.2393294769226993,0.001,1000.0,0.1,1.4748755857436831e-05,0.0247220263204632,23932.947692269936,0.0001474875585743,0.0251311015464285,colebrook
moody_eps1.47e-04_Re2.69e+04,8.951911117322414,0.2698864317687233,0.001,1000.0,0.1,1.4748755857436831e-05,0.0245801004999641,26988.64317687233,0.0001474875585743,0.0244523462779685,colebrook
moody_eps1.47e-04_Re3.06e+04,11.678684349696551,0.3083594409772695,0.001,1000.0,0.1,1.4748755857436831e-05,0.0245645841739058,30835.94409772695,0.0001474875585743,0.0237345267417621,colebrook
moody_eps1.47e-04_Re3.48e+04,13.527624445704918,0.3510479452967675,0.001,1000.0,0.1,1.4748755857436831e-05,0.0219542528976869,35104.79452967675,0.0001474875585743,0.023069763226297,colebrook
moody_eps1.47e-04_Re3.95e+04,16.30851446932629,0.3859973259824111,0.001,1000.0,0.1,1.4748755857436831e-05,0.021891514438456,38599.73259824111,0.0001474875585743,0.0226032774868201,colebrook
moody_eps1.47e-04_Re4.50e+04,22.36417422747039,0.4543805229958025,0.001,1000.0,0.1,1.4748755857436831e-05,0.0216642395129017,45438.05229958025,0.0001474875585743,0.0218395301553735,colebrook
moody_eps1.47e-04_Re5.11e+04,27.96875324761317,0.5166332806135149,0.001,1000.0,0.1,1.4748755857436831e-05,0.0209574454605098,51663.32806135149,0.0001474875585743,0.0212705817125523,colebrook
moody_eps1.47e-04_Re5.81e+04,34.78310859005384,0.5687017611118889,0.001,1000.0,0.1,1.4748755857436831e-05,0.0215094468509784,56870.17611118889,0.0001474875585743,0.0208629018098494,colebrook
moody_eps1.47e-04_Re6.61e+04,44.89214900763989,0.6689772816117376,0.001,1000.0,0.1,1.4748755857436831e-05,0.0200621582860914,66897.72816117376,0.0001474875585743,0.0202067265750619,colebrook
moody_eps1.47e-04_Re7.52e+04,49.05789274981978,0.7149597095444414,0.001,1000.0,0.1,1.4748755857436831e-05,0.0191944533502486,71495.97095444414,0.0001474875585743,0.019949797972438,colebrook
moody_eps1.47e-04_Re8.55e+04,65.9215133110672,0.8247133357327534,0.001,1000.0,0.1,1.4748755857436831e-05,0.0193843449589713,82471.33357327535,0.0001474875585743,0.019419960280509,colebrook
moody_eps1.47e-04_Re9.72e+04,87.19121733094408,0.9441286124840184,0.001,1000.0,0.1,1.4748755857436831e-05,0.0195632235634173,94412.86124840184,0.0001474875585743,0.0189451959223577,colebrook
moody_eps1.47e-04_Re1.10e+05,116.5492655260275,1.1297443820848911,0.001,1000.0,0.1,1.4748755857436831e-05,0.0182632959149379,112974.43820848913,0.0001474875585743,0.0183538884968027,colebrook
moody_eps1.47e-04_Re1.26e+05,133.70459068283307,1.2246069988904154,0.001,1000.0,0.1,1.4748755857436831e-05,0.0178312931555948,122460.69988904153,0.0001474875585743,0.0181021961603889,colebrook
moody_eps1.47e-04_Re1.43e+05,183.05691939707265,1.4410298966536172,0.001,1000.0,0.1,1.4748755857436831e-05,0.0176307246550354,144102.9896653617,0.0001474875585743,0.0176196006666853,colebrook
moody_eps1.47e-04_Re1.62e+05,233.43961064080452,1.6139905453291403,0.001,1000.0,0.1,1.4748755857436831e-05,0.0179226644188695,161399.05453291404,0.0001474875585743,0.0173029736786965,colebrook
moody_eps1.47e-04_Re1.85e+05,282.31990983021814,1.8276752954778464,0.001,1000.0,0.1,1.4748755857436831e-05,0.0169033747209572,182767.52954778465,0.0001474875585743,0.0169735243350863,colebrook
moody_eps1.47e-04_Re2.10e+05,381.2224218644686,2.135295977590909,0.001,1000.0,0.1,1.4748755857436831e-05,0.0167221558919978,213529.5977590909,0.0001474875585743,0.0165868627106434,colebrook
moody_eps1.47e-04_Re2.39e+05,487.195247476232,2.466659280089495,0.001,1000.0,0.1,1.4748755857436831e-05,0.0160145488978322,246665.9280089495,0.0001474875585743,0.0162528335296286,colebrook
moody_eps1.47e-04_Re2.72e+05,577.4602550703235,2.652579420476641,0.001,1000.0,0.1,1.4748755857436831e-05,0.0164140329986219,265257.9420476641,0.0001474875585743,0.0160932628510019,colebrook
moody_eps1.47e-04_Re3.09e+05,775.6335174703322,3.099284591788117,0.001,1000.0,0.1,1.4748755857436831e-05,0.0161496698843433,309928.4591788117,0.0001474875585743,0.015770514969922,colebrook
moody_eps1.47e-04_Re3.51e+05,1018.1635828430497,3.5874924634717136,0.001,1000.0,0.1,1.4748755857436831e-05,0.0158221522869325,358749.24634717137,0.0001474875585743,0.0154900926866221,colebrook
moody_eps1.47e-04_Re3.99e+05,1150.1681398386206,3.876767252317464,0.001,1000.0,0.1,1.4748755857436831e-05,0.015305653330626,387676.7252317463,0.0001474875585743,0.0153501538090695,colebrook
moody_eps1.47e-04_Re4.54e+05,1485.9614966751249,4.466124070436309,0.001,1000.0,0.1,1.4748755857436831e-05,0.0148996471804641,446612.4070436309,0.0001474875585743,0.0151098448960771,colebrook
moody_eps1.47e-04_Re5.16e+05,2089.185304573892,5.180291060449666,0.001,1000.0,0.1,1.4748755857436831e-05,0.0155703593024938,518029.1060449666,0.0001474875585743,0.0148781247016673,colebrook
moody_eps1.47e-04_Re5.87e+05,2782.8606930727424,6.248051607904679,0.001,1000.0,0.1,1.4748755857436831e-05,0.0142571344791725,624805.1607904679,0.0001474875585743,0.0146134620307596,colebrook
moody_eps1.47e-04_Re6.67e+05,3149.94751690665,6.664834036828776,0.001,1000.0,0.1,1.4748755857436831e-05,0.0141825601692299,666483.4036828777,0.0001474875585743,0.014529208263378,colebrook
moody_eps1.47e-04_Re7.59e+05,3923.2262806946464,7.412202555432088,0.001,1000.0,0.1,1.4748755857436831e-05,0.0142816634819046,741220.2555432087,0.0001474875585743,0.0143979522040034,colebrook
moody_eps1.47e-04_Re8.63e+05,4873.956794481003,8.217967435090166,0.001,1000.0,0.1,1.4748755857436831e-05,0.0144338716379989,821796.7435090167,0.0001474875585743,0.0142790255513246,colebrook
moody_eps1.47e-04_Re9.81e+05,6320.113054379836,9.483953596553372,0.001,1000.0,0.1,1.4748755857436831e-05,0.0140532250749985,948395.3596553372,0.0001474875585743,0.014127154400914,colebrook
moody_eps1.47e-04_Re1.12e+06,8470.384331807683,10.89090757093138,0.001,1000.0,0.1,1.4748755857436831e-05,0.0142825241600702,1089090.7570931378,0.0001474875585743,0.0139943328450388,colebrook
moody_eps1.47e-04_Re1.27e+06,11897.179341196184,12.992127909003168,0.001,1000.0,0.1,1.4748755857436831e-05,0.0140965692369681,1299212.7909003168,0.0001474875585743,0.0138432159534877,colebrook
moody_eps1.95e-04_Re7.44e+03,0.8664284518048122,0.0735484899554817,0.001,1000.0,0.1,1.946443478233524e-05,0.0320342956783771,7354.848995548175,0.0001946443478233,0.0338090331152088,colebrook
moody_eps1.95e-04_Re8.46e+03,1.2085279142757266,0.0862617006987628,0.001,1000.0,0.1,1.946443478233524e-05,0.0324825899104416,8626.170069876285,0.0001946443478233,0.0324054527310681,colebrook
moody_eps1.95e-04_Re9.62e+03,1.2812133635333811,0.0911607761420031,0.001,1000.0,0.1,1.946443478233524e-05,0.0308343946981831,9116.07761420031,0.0001946443478233,0.03193978615014,colebrook
moody_eps1.95e-04_Re1.09e+04,1.7096868489567731,0.1062426210932086,0.001,1000.0,0.1,1.946443478233524e-05,0.030293469350343,10624.26210932086,0.0001946443478233,0.03070147148347,colebrook
moody_eps1.95e-04_Re1.24e+04,2.2300985137754443,0.1211267119877343,0.001,1000.0,0.1,1.946443478233524e-05,0.0304000422517055,12112.671198773438,0.0001946443478233,0.0296990437361361,colebrook
moody_eps1.95e-04_Re1.41e+04,2.679727164672999,0.1375077131362393,0.001,1000.0,0.1,1.946443478233524e-05,0.0283443469593734,13750.771313623936,0.0001946443478233,0.0287771556963507,colebrook
moody_eps1.95e-04_Re1.61e+04,3.462960718787106,0.1559094063082333,0.001,1000.0,0.1,1.946443478233524e-05,0.0284926553838727,15590.940630823332,0.0001946443478233,0.027908209877713,colebrook
moody_eps1.95e-04_Re1.83e+04,4.393985451465216,0.1805835015557775,0.001,1000.0,0.1,1.946443478233524e-05,0.0269483680796466,18058.35015557775,0.0001946443478233,0.0269440685547029,colebrook
moody_eps1.95e-04_Re2.08e+04,5.805184521671398,0.2114858240507256,0.001,1000.0,0.1,1.946443478233524e-05,0.0259587335480899,21148.582405072564,0.0001946443478233,0.0259667334667302,colebrook
moody_eps1.95e-04_Re2.37e+04,7.186440102418561,0.2355152834474081,0.001,1000.0,0.1,1.946443478233524e-05,0.0259122792412993,23551.52834474081,0.0001946443478233,0.0253341807587425,colebrook
moody_eps1.95e-04_Re2.69e+04,9.103610353359832,0.2719790504730597,0.001,1000.0,0.1,1.946443478233524e-05,0.0246134646446429,27197.905047305976,0.0001946443478233,0.0245280547661326,colebrook
moody_eps1.95e-04_Re3.06e+04,11.002987478134797,0.3022922734838687,0.001,1000.0,0.1,1.946443478233524e-05,0.0240816655560832,30229.227348386878,0.0001946443478233,0.0239641295893131,colebrook
moody_eps1.95e-04_Re3.48e+04,14.14569342144332,0.3402966650522716,0.001,1000.0,0.1,1.946443478233524e-05,0.0244308654068308,34029.66650522716,0.0001946443478233,0.0233589032748092,colebrook
moody_eps1.95e-04_Re3.95e+04,18.20516674560041,0.3987596793783805,0.001,1000.0,0.1,1.946443478233524e-05,0.0228982440877688,39875.96793783805,0.0001946443478233,0.0225909759512377,colebrook
moody_eps1.95e-04_Re4.50e+04,21.373769986122777,0.4410066407081438,0.001,1000.0,0.1,1.946443478233524e-05,0.0219796548717766,44100.66407081438,0.0001946443478233,0.022127312320647,colebrook
moody_eps1.95e-04_Re5.11e+04,27.477960981839686,0.521892134928682,0.001,1000.0,0.1,1.946443478233524e-05,0.0201768327595007,52189.2134928682,0.0001946443478233,0.0213918582760923,colebrook
moody_eps1.95e-04_Re5.81e+04,34.20573553952047,0.5765659345086245,0.001,1000.0,0.1,1.946443478233524e-05,0.0205793176591988,57656.59345086245,0.0001946443478233,0.0209793826296775,colebrook
moody_eps1.95e-04_Re6.61e+04,42.84283207719917,0.6388312903766566,0.001,1000.0,0.1,1.946443478233524e-05,0.0209959634120507,63883.12903766567,0.0001946443478233,0.0205717327866264,colebrook
moody_eps1.95e-04_Re7.52e+04,52.39602889368902,0.7344158282390238,0.001,1000.0,0.1,1.946443478233524e-05,0.0194287254872409,73441.58282390238,0.0001946443478233,0.0200441041956924,colebrook
moody_eps1.95e-04_Re8.55e+04,71.10154944235023,0.8805981152253252,0.001,1000.0,0.1,1.946443478233524e-05,0.0183380670976503,88059.81152253252,0.0001946443478233,0.0194014202966055,colebrook
moody_eps1.95e-04_Re9.72e+04,98.39179711417938,1.0022741779568651,0.001,1000.0,0.1,1.946443478233524e-05,0.0195891596398545,100227.41779568652,0.0001946443478233,0.0189725290824716,colebrook
moody_eps1.95e-04_Re1.10e+05,101.1148471599937,1.0391310090890091,0.001,1000.0,0.1,1.946443478233524e-05,0.0187285569308214,103913.10090890096,0.0001946443478233,0.0188570843601901,colebrook
moody_eps1.95e-04_Re1.26e+05,151.10166439951342,1.267158489774206,0.001,1000.0,0.1,1.946443478233524e-05,0.0188207691823197,126715.8489774206,0.0001946443478233,0.0182547820096798,colebrook
moody_eps1.95e-04_Re1.43e+05,176.6270824501351,1.4059442531036586,0.001,1000.0,0.1,1.946443478233524e-05,0.0178710919427467,140594.42531036586,0.0001946443478233,0.0179602080191133,colebrook
moody_eps1.95e-04_Re1.62e+05,235.18522470766044,1.6609960795700551,0.001,1000.0,0.1,1.946443478233524e-05,0.0170491532681749,166099.6079570055,0.0001946443478233,0.0175166666037905,colebrook
moody_eps1.95e-04_Re1.85e+05,314.2171927199259,1.8794825807573377,0.001,1000.0,0.1,1.946443478233524e-05,0.0177903023849921,187948.2580757338,0.0001946443478233,0.0172101715949358,colebrook
moody_eps1.95e-04_Re2.10e+05,355.674127481437,2.035059096946547,0.001,1000.0,0.1,1.946443478233524e-05,0.0171762447409589,203505.90969465472,0.0001946443478233,0.0170226676054273,colebrook
moody_eps1.95e-04_Re2.39e+05,462.5152797689234,2.393556607829922,0.001,1000.0,0.1,1.946443478233524e-05,0.0161461385316153,239355.6607829922,0.0001946443478233,0.016663054086588,colebrook
moody_eps1.95e-04_Re2.72e+05,605.2146318592619,2.727665061767803,0.001,1000.0,0.1,1.946443478233524e-05,0.0162688679053949,272766.50617678027,0.0001946443478233,0.0163951189085134,colebrook
moody_eps1.95e-04_Re3.09e+05,728.388939003627,3.014800984134768,0.001,1000.0,0.1,1.946443478233524e-05,0.0160278784818407,301480.0984134767,0.0001946443478233,0.0162024985872962,colebrook
moody_eps1.95e-04_Re3.51e+05,939.8539235820784,3.4092454384241075,0.001,1000.0,0.1,1.946443478233524e-05,0.0161723755670524,340924.5438424107,0.0001946443478233,0.0159803454490741,colebrook
moody_eps1.95e-04_Re3.99e+05,1311.298452217921,4.0411954494194,0.001,1000.0,0.1,1.946443478233524e-05,0.0160587535706524,404119.54494194,0.0001946443478233,0.0156983813622123,colebrook
moody_eps1.95e-04_Re4.54e+05,1618.366960795511,4.552693733762657,0.001,1000.0,0.1,1.946443478233524e-05,0.0156160117814173,455269.37337626575,0.0001946443478233,0.0155174824068636,colebrook
moody_eps1.95e-04_Re5.16e+05,2017.853048717198,5.075317519609629,0.001,1000.0,0.1,1.946443478233524e-05,0.0156672616306728,507531.75196096295,0.0001946443478233,0.0153639912912122,colebrook
moody_eps1.95e-04_Re5.87e+05,2563.95430298873,5.7595873887041895,0.001,1000.0,0.1,1.946443478233524e-05,0.0154581505267605,575958.738870419,0.0001946443478233,0.0151985071956758,colebrook
moody_eps1.95e-04_Re6.67e+05,3182.718850703459,6.581978568526983,0.001,1000.0,0.1,1.946443478233524e-05,0.0146931646178806,658197.8568526984,0.0001946443478233,0.0150384752990795,colebrook
moody_eps1.95e-04_Re7.59e+05,4602.453609229828,7.676871519128871,0.001,1000.0,0.1,1.946443478233524e-05,0.0156189153374134,767687.1519128871,0.0001946443478233,0.0148714932081738,colebrook
moody_eps1.95e-04_Re8.63e+05,5694.9166289475925,8.852116494293698,0.001,1000.0,0.1,1.946443478233524e-05,0.0145352707217927,885211.6494293698,0.0001946443478233,0.0147325459234909,colebrook
moody_eps1.95e-04_Re9.81e+05,6211.388874577207,9.40971706981321,0.001,1000.0,0.1,1.946443478233524e-05,0.0140302556615179,940971.706981321,0.0001946443478233,0.0146772937388791,colebrook
moody_eps1.95e-04_Re1.12e+06,9238.454371392623,11.249130511133329,0.001,1000.0,0.1,1.946443478233524e-05,0.0146012959264027,1124913.0511133329,0.0001946443478233,0.014529727899497,colebrook
moody_eps1.95e-04_Re1.27e+06,10326.970346962144,11.970379885371408,0.001,1000.0,0.1,1.946443478233524e-05,0.0144140843549932,1197037.988537141,0.0001946443478233,0.0144829669197377,colebrook
moody_eps2.57e-04_Re7.44e+03,0.9439136929893528,0.075278397286882,0.001,1000.0,0.1,2.5687876662813252e-05,0.0333135989848336,7527.839728688201,0.0002568787666281,0.0336818397083906,colebrook
moody_eps2.57e-04_Re8.46e+03,1.223097206247874,0.0870520317469181,0.001,1000.0,0.1,2.5687876662813252e-05,0.0322799717743311,8705.203174691811,0.0002568787666281,0.0324167756561748,colebrook
moody_eps2.57e-04_Re9.62e+03,1.3864082353699274,0.0944465403269589,0.001,1000.0,0.1,2.5687876662813252e-05,0.0310848672711652,9444.654032695897,0.0002568787666281,0.0317390229760358,colebrook
moody_eps2.57e-04_Re1.09e+04,1.648316748417264,0.1027694754553816,0.001,1000.0,0.1,2.5687876662813252e-05,0.031213494119349,10276.947545538163,0.0002568787666281,0.0310600670239276,colebrook
moody_eps2.57e-04_Re1.24e+04,2.412983400861981,0.1270524374792832,0.001,1000.0,0.1,2.5687876662813252e-05,0.0298963608876126,12705.243747928322,0.0002568787666281,0.0294528899415281,colebrook
moody_eps2.57e-04_Re1.41e+04,3.2697722131133724,0.1532474604261202,0.001,1000.0,0.1,2.5687876662813252e-05,0.0278458783817091,15324.74604261202,0.0002568787666281,0.0281413331241591,colebrook
moody_eps2.57e-04_Re1.61e+04,3.5479819506005965,0.1547758602971761,0.001,1000.0,0.1,2.5687876662813252e-05,0.0296213565795358,15477.586029717611,0.0002568787666281,0.0280745803691192,colebrook
moody_eps2.57e-04_Re1.83e+04,4.792893408325905,0.1917329135849782,0.001,1000.0,0.1,2.5687876662813252e-05,0.0260756067339807,19173.29135849782,0.0002568787666281,0.026696362583974,colebrook
moody_eps2.57e-04_Re2.08e+04,5.56826483381895,0.2076406952599412,0.001,1000.0,0.1,2.5687876662813252e-05,0.0258300311298008,20764.069525994124,0.0002568787666281,0.0262124320606325,colebrook
moody_eps2.57e-04_Re2.37e+04,7.254400317148893,0.2403908322639972,0.001,1000.0,0.1,2.5687876662813252e-05,0.0251070513608146,24039.08322639972,0.0002568787666281,0.0253620741354544,colebrook
moody_eps2.57e-04_Re2.69e+04,9.603476031714044,0.2752244678923998,0.001,1000.0,0.1,2.5687876662813252e-05,0.0253562118117734,27522.44678923998,0.0002568787666281,0.0246191125718937,colebrook
moody_eps2.57e-04_Re3.06e+04,12.36285858353772,0.3245468026021952,0.001,1000.0,0.1,2.5687876662813252e-05,0.0234743852312379,32454.680260219528,0.0002568787666281,0.0237666024708081,colebrook
moody_eps2.57e-04_Re3.48e+04,15.233714692977555,0.3558929019145582,0.001,1000.0,0.1,2.5687876662813252e-05,0.0240545457809855,35589.29019145582,0.0002568787666281,0.0233138109670674,colebrook
moody_eps2.57e-04_Re3.95e+04,18.9706464757162,0.3982626656462655,0.001,1000.0,0.1,2.5687876662813252e-05,0.0239206476566819,39826.26656462656,0.0002568787666281,0.0227838140317683,colebrook
moody_eps2.57e-04_Re4.50e+04,23.11882780301721,0.4555853174280922,0.001,1000.0,0.1,2.5687876662813252e-05,0.0222769826925802,45558.53174280922,0.0002568787666281,0.0221813495310576,colebrook
moody_eps2.57e-04_Re5.11e+04,31.085928346243215,0.544882059694109,0.001,1000.0,0.1,2.5687876662813252e-05,0.0209405854508384,54488.2059694109,0.0002568787666281,0.0214297828952909,colebrook
moody_eps2.57e-04_Re5.81e+04,37.3390310097507,0.6024767533986156,0.001,1000.0,0.1,2.5687876662813252e-05,0.0205737022559851,60247.67533986156,0.0002568787666281,0.0210320373094033,colebrook
moody_eps2.57e-04_Re6.61e+04,47.82858729148413,0.6729115067921686,0.001,1000.0,0.1,2.5687876662813252e-05,0.0211252394070043,67291.15067921685,0.0002568787666281,0.0206137131108681,colebrook
moody_eps2.57e-04_Re7.52e+04,62.84013150017629,0.7734092741869684,0.001,1000.0,0.1,2.5687876662813252e-05,0.0210110777476946,77340.92741869684,0.0002568787666281,0.0201149629640607,colebrook
moody_eps2.57e-04_Re8.55e+04,67.06242674544444,0.8376686669396907,0.001,1000.0,0.1,2.5687876662813252e-05,0.0191145781915264,83766.86669396906,0.0002568787666281,0.0198425919219946,colebrook
moody_eps2.57e-04_Re9.72e+04,93.38767583200764,0.9778903364499262,0.001,1000.0,0.1,2.5687876662813252e-05,0.0195316644196004,97789.0336449926,0.0002568787666281,0.0193417683792996,colebrook
moody_eps3.39e-04_Re8.46e+03,1.1080433978282744,0.0827819411721137,0.001,1000.0,0.1,3.390116460215746e-05,0.0323381785014235,8278.194117211373,0.0003390116460215,0.0329603966755184,colebrook
moody_eps3.39e-04_Re9.62e+03,1.232819081335738,0.0914095661003362,0.001,1000.0,0.1,3.390116460215746e-05,0.0295084262648232,9140.956610033629,0.0003390116460215,0.0321275921709953,colebrook
moody_eps3.39e-04_Re1.09e+04,1.9674858946208968,0.1092492414721909,0.001,1000.0,0.1,3.390116460215746e-05,0.03296892317554,10924.924147219092,0.0003390116460215,0.0307126280598465,colebrook
moody_eps3.39e-04_Re1.24e+04,2.2345219791054296,0.1233442791607854,0.001,1000.0,0.1,3.390116460215746e-05,0.0293749140104572,12334.427916078546,0.0003390116460215,0.0298068142932848,colebrook
moody_eps3.39e-04_Re1.41e+04,2.902910234287437,0.1435814709039348,0.001,1000.0,0.1,3.390116460215746e-05,0.0281622147563701,14358.147090393484,0.0003390116460215,0.0287340612193488,colebrook
moody_eps3.39e-04_Re1.61e+04,3.391914931297335,0.1584181142121519,0.001,1000.0,0.1,3.390116460215746e-05,0.0270311964595986,15841.811421215196,0.0003390116460215,0.02807420167956,colebrook
moody_eps3.39e-04_Re1.83e+04,4.46705966888421,0.1779077876062284,0.001,1000.0,0.1,3.390116460215746e-05,0.0282268120376037,17790.778760622845,0.0003390116460215,0.027328803503681,colebrook
moody_eps3.39e-04_Re2.08e+04,5.486657245905873,0.2027605321827363,0.001,1000.0,0.1,3.390116460215746e-05,0.0266913771081506,20276.053218273635,0.0003390116460215,0.0265299076769948,colebrook
moody_eps3.39e-04_Re2.37e+04,6.851027639274346,0.2339123363701872,0.001,1000.0,0.1,3.390116460215746e-05,0.0250426025953724,23391.23363701873,0.0003390116460215,0.0257041883282558,colebrook
moody_eps3.39e-04_Re2.69e+04,9.40240428755697,0.2714564716892938,0.001,1000.0,0.1,3.390116460215746e-05,0.0255192858683892,27145.647168929383,0.0003390116460215,0.0248942395810297,colebrook
moody_eps3.39e-04_Re3.06e+04,10.742732661930225,0.2947901804147944,0.001,1000.0,0.1,3.390116460215746e-05,0.0247240001817098,29479.018041479445,0.0003390116460215,0.0244665812127612,colebrook
moody_eps3.39e-04_Re3.48e+04,14.78289458222297,0.3560171475948718,0.001,1000.0,0.1,3.390116460215746e-05,0.0233263959378195,35601.714759487186,0.0003390116460215,0.0235416863577989,colebrook
moody_eps3.39e-04_Re3.95e+04,17.948319045832207,0.3944344131525001,0.001,1000.0,0.1,3.390116460215746e-05,0.0230730060020634,39443.44131525001,0.0003390116460215,0.0230695791665422,colebrook
moody_eps3.39e-04_Re4.50e+04,22.222275360039667,0.4523276786121052,0.001,1000.0,0.1,3.390116460215746e-05,0.0217226193977118,45232.76786121052,0.0003390116460215,0.0224702569287887,colebrook
moody_eps3.39e-04_Re5.11e+04,28.251630557320127,0.503345859031324,0.001,1000.0,0.1,3.390116460215746e-05,0.0223018306639908,50334.5859031324,0.0003390116460215,0.0220268557662269,colebrook
moody_eps3.39e-04_Re5.81e+04,34.69344032011405,0.5681842953840213,0.001,1000.0,0.1,3.390116460215746e-05,0.0214930927322754,56818.42953840212,0.0003390116460215,0.0215489652024924,colebrook
moody_eps3.39e-04_Re6.61e+04,44.60444946810672,0.6594978390077307,0.001,1000.0,0.1,3.390116460215746e-05,0.0205107445362936,65949.78390077307,0.0003390116460215,0.0209960838899165,colebrook
moody_eps3.39e-04_Re7.52e+04,60.77549084744332,0.7545387892311253,0.001,1000.0,0.1,3.390116460215746e-05,0.0213498746267286,75453.87892311253,0.0003390116460215,0.020528518358715,colebrook
moody_eps3.39e-04_Re8.55e+04,69.03371316770186,0.8344524298442786,0.001,1000.0,0.1,3.390116460215746e-05,0.019828417841538,83445.24298442787,0.0003390116460215,0.0201979783575234,colebrook
moody_eps3.39e-04_Re9.72e+04,89.02299621840528,0.9670099059003152,0.001,1000.0,0.1,3.390116460215746e-05,0.0190401496225629,96700.99059003154,0.0003390116460215,0.0197423553633771,colebrook
moody_eps4.47e-04_Re8.46e+03,1.0362855293252682,0.0800510835029909,0.001,1000.0,0.1,4.474052006977783e-05,0.0323426052647805,8005.108350299094,0.0004474052006977,0.0333976636318837,colebrook
moody_eps4.47e-04_Re9.62e+03,1.7006997524878114,0.103052128072464,0.001,1000.0,0.1,4.474052006977783e-05,0.0320290247461043,10305.212807246402,0.0004474052006977,0.0313305640371684,colebrook
moody_eps4.47e-04_Re1.09e+04,1.9416088116202763,0.114067998290058,0.001,1000.0,0.1,4.474052006977783e-05,0.0298444850007708,11406.799829005808,0.0004474052006977,0.0305590498581629,colebrook
moody_eps4.47e-04_Re1.24e+04,2.1767888924292125,0.1191222286986497,0.001,1000.0,0.1,4.474052006977783e-05,0.0306803767223716,11912.222869864974,0.0004474052006977,0.0302395370584362,colebrook
moody_eps4.47e-04_Re1.41e+04,2.978469779662308,0.1421702513793805,0.001,1000.0,0.1,4.474052006977783e-05,0.0294717368668843,14217.025137938052,0.0004474052006977,0.0289943977184486,colebrook
moody_eps4.47e-04_Re1.61e+04,4.061905077615689,0.1685228126029362,0.001,1000.0,0.1,4.474052006977783e-05,0.0286050274126586,16852.281260293625,0.0004474052006977,0.0278812187210764,colebrook
moody_eps4.47e-04_Re1.83e+04,4.153441944755138,0.1746357793415966,0.001,1000.0,0.1,4.474052006977783e-05,0.027237778686296,17463.57793415966,0.0004474052006977,0.0276578722033957,colebrook
moody_eps4.47e-04_Re2.08e+04,5.2008901071971785,0.1946850222380193,0.001,1000.0,0.1,4.474052006977783e-05,0.0274436954291192,19468.502223801934,0.0004474052006977,0.0269970125897507,colebrook
moody_eps4.47e-04_Re2.37e+04,6.798122439254184,0.2332415122721288,0.001,1000.0,0.1,4.474052006977783e-05,0.0249923607338639,23324.15122721288,0.0004474052006977,0.0259635597621904,colebrook
moody_eps4.47e-04_Re2.69e+04,8.989722272366162,0.2718553326542472,0.001,1000.0,0.1,4.474052006977783e-05,0.0243276723303797,27185.53326542472,0.0004474052006977,0.0251479743862335,colebrook
moody_eps4.47e-04_Re3.06e+04,12.38919765370544,0.3151934961171112,0.001,1000.0,0.1,4.474052006977783e-05,0.0249412768111185,31519.34961171112,0.0004474052006977,0.0244104478961007,colebrook
moody_eps4.47e-04_Re3.48e+04,15.97812384606858,0.371828111361516,0.001,1000.0,0.1,4.474052006977783e-05,0.0231137992681098,37182.811136151606,0.0004474052006977,0.0236416869654269,colebrook
moody_eps4.47e-04_Re3.95e+04,18.982243153748737,0.4068649953581106,0.001,1000.0,0.1,4.474052006977783e-05,0.0229338450557524,40686.49953581107,0.0004474052006977,0.0232462421683249,colebrook
moody_eps4.47e-04_Re4.50e+04,22.8396927854627,0.433626473556688,0.001,1000.0,0.1,4.474052006977783e-05,0.0242934209885818,43362.6473556688,0.0004474052006977,0.0229761859568955,colebrook
moody_eps4.47e-04_Re5.11e+04,28.90600269746138,0.4951747597721905,0.001,1000.0,0.1,4.474052006977783e-05,0.0235776781717682,49517.47597721905,0.0004474052006977,0.022438561828042,colebrook
moody_eps4.47e-04_Re5.81e+04,36.9640409370439,0.5751002708239935,0.001,1000.0,0.1,4.474052006977783e-05,0.0223523039278652,57510.02708239936,0.0004474052006977,0.0218717064498199,colebrook
moody_eps4.47e-04_Re6.61e+04,44.56556418026367,0.6525257527742216,0.001,1000.0,0.1,4.474052006977783e-05,0.0209331262074122,65252.57527742216,0.0004474052006977,0.0214243432010296,colebrook
moody_eps4.47e-04_Re7.52e+04,55.600788270493645,0.7315048852945923,0.001,1000.0,0.1,4.474052006977783e-05,0.0207814804353772,73150.48852945924,0.0004474052006977,0.0210433077143957,colebrook
moody_eps4.47e-04_Re8.55e+04,79.37027418764569,0.8608750272006305,0.001,1000.0,0.1,4.474052006977783e-05,0.0214194175388895,86087.50272006304,0.0004474052006977,0.0205375465654111,colebrook
moody_eps4.47e-04_Re9.72e+04,91.253171438714,0.9488122703054752,0.001,1000.0,0.1,4.474052006977783e-05,0.0202729699996788,94881.22703054754,0.0004474052006977,0.020255651273353,colebrook
moody_eps5.90e-04_Re7.44e+03,0.9148407107419044,0.0753330063143132,0.001,1000.0,0.1,5.904558617985661e-05,0.0322407309903464,7533.300631431327,0.0005904558617985,0.0341169014837071,colebrook
moody_eps5.90e-04_Re8.46e+03,1.1636644143966417,0.0815574705909119,0.001,1000.0,0.1,5.904558617985661e-05,0.0349888970760464,8155.747059091196,0.0005904558617985,0.0334327774278357,colebrook
moody_eps5.90e-04_Re9.62e+03,1.4895542652703542,0.0960996399415071,0.001,1000.0,0.1,5.904558617985661e-05,0.0322583986109319,9609.963994150708,0.0005904558617985,0.0320907617374822,colebrook
moody_eps5.90e-04_Re1.09e+04,1.8339923599277104,0.1056814952503444,0.001,1000.0,0.1,5.904558617985661e-05,0.0328420016934382,10568.149525034443,0.0005904558617985,0.0313555853470133,colebrook
moody_eps5.90e-04_Re1.24e+04,2.2798130274148165,0.1240183905038993,0.001,1000.0,0.1,5.904558617985661e-05,0.0296453815990581,12401.839050389935,0.0005904558617985,0.030183902767126,colebrook
moody_eps5.90e-04_Re1.41e+04,3.187461871070655,0.1409799326193706,0.001,1000.0,0.1,5.904558617985661e-05,0.032074537052754,14097.993261937068,0.0005904558617985,0.0293018498273143,colebrook
moody_eps5.90e-04_Re1.61e+04,3.729282166030446,0.1610392798696222,0.001,1000.0,0.1,5.904558617985661e-05,0.0287601800347388,16103.92798696222,0.0005904558617985,0.0284369073822261,colebrook
moody_eps5.90e-04_Re1.83e+04,4.206452576447581,0.1752496145883212,0.001,1000.0,0.1,5.904558617985661e-05,0.0273925113103787,17524.961458832124,0.0005904558617985,0.0279126512034458,colebrook
moody_eps5.90e-04_Re2.08e+04,5.422173700059232,0.1967236601421492,0.001,1000.0,0.1,5.904558617985661e-05,0.0280214258110444,19672.366014214924,0.0005904558617985,0.027226891401166,colebrook
moody_eps5.90e-04_Re2.37e+04,6.972207447156949,0.2317516786461707,0.001,1000.0,0.1,5.904558617985661e-05,0.0259629788134258,23175.167864617077,0.0005904558617985,0.0263131778778925,colebrook
moody_eps5.90e-04_Re2.69e+04,9.402624183682033,0.2699681647099013,0.001,1000.0,0.1,5.904558617985661e-05,0.0258020353201285,26996.816470990136,0.0005904558617985,0.0255207671737069,colebrook
moody_eps5.90e-04_Re3.06e+04,13.040907064091568,0.32532161440265,0.001,1000.0,0.1,5.904558617985661e-05,0.0246440430038457,32532.16144026501,0.0005904558617985,0.0246251916937987,colebrook
moody_eps5.90e-04_Re3.48e+04,15.249252463533267,0.3589344776813544,0.001,1000.0,0.1,5.904558617985661e-05,0.0236727219284878,35893.44776813545,0.0005904558617985,0.0241837624241892,colebrook
moody_eps5.90e-04_Re3.95e+04,17.225938156861226,0.3837872118975726,0.001,1000.0,0.1,5.904558617985661e-05,0.0233900893163216,38378.721189757256,0.0005904558617985,0.0238948912806802,colebrook
moody_eps5.90e-04_Re4.50e+04,23.60436262610922,0.4488052194536667,0.001,1000.0,0.1,5.904558617985661e-05,0.0234372404523709,44880.521945366665,0.0005904558617985,0.0232553671985515,colebrook
moody_eps5.90e-04_Re5.11e+04,32.41025124573181,0.5276744395926929,0.001,1000.0,0.1,5.904558617985661e-05,0.0232798553894135,52767.44395926929,0.0005904558617985,0.0226444928893005,colebrook
moody_eps5.90e-04_Re5.81e+04,36.84905331034732,0.5715378447693698,0.001,1000.0,0.1,5.904558617985661e-05,0.0225614155631745,57153.78447693697,0.0005904558617985,0.0223614095651219,colebrook
moody_eps5.90e-04_Re6.61e+04,48.75116125111255,0.6827333124443882,0.001,1000.0,0.1,5.904558617985661e-05,0.0209176442744356,68273.33124443881,0.0005904558617985,0.02177261009763,colebrook
moody_eps5.90e-04_Re7.52e+04,56.230017660777726,0.7364961882264608,0.001,1000.0,0.1,5.904558617985661e-05,0.0207327642133834,73649.61882264608,0.0005904558617985,0.0215383544137585,colebrook
moody_eps5.90e-04_Re8.55e+04,79.686977555078,0.8702937141926919,0.001,1000.0,0.1,5.904558617985661e-05,0.0210419341368681,87029.37141926918,0.0005904558617985,0.0210563431538027,colebrook
moody_eps5.90e-04_Re9.72e+04,94.77101780706742,0.9466305434195098,0.001,1000.0,0.1,5.904558617985661e-05,0.0211516628027202,94663.05434195098,0.0005904558617985,0.0208305831239413,colebrook
moody_eps7.79e-04_Re7.44e+03,0.9357020166851002,0.073494614060349,0.001,1000.0,0.1,7.792446851054645e-05,0.0346462738552984,7349.461406034903,0.0007792446851054,0.034578822959852,colebrook
moody_eps7.79e-04_Re8.46e+03,1.2840491533984175,0.087734549218647,0.001,1000.0,0.1,7.792446851054645e-05,0.0333634033911021,8773.454921864703,0.0007792446851054,0.0330878357954508,colebrook
moody_eps7.79e-04_Re9.62e+03,1.6360774933567306,0.1002277538375957,0.001,1000.0,0.1,7.792446851054645e-05,0.0325730083519588,10022.775383759574,0.0007792446851054,0.0320415835061616,colebrook
moody_eps7.79e-04_Re1.09e+04,1.7743700859303315,0.1072956817608987,0.001,1000.0,0.1,7.792446851054645e-05,0.0308254705990498,10729.568176089871,0.0007792446851054,0.0315295205681697,colebrook
moody_eps7.79e-04_Re1.24e+04,2.2992129653388487,0.1247927256266989,0.001,1000.0,0.1,7.792446851054645e-05,0.0295277703680346,12479.272562669898,0.0007792446851054,0.0304483663399573,colebrook
moody_eps7.79e-04_Re1.41e+04,3.1775378027205963,0.1434586236146747,0.001,1000.0,0.1,7.792446851054645e-05,0.0308792968240915,14345.862361467469,0.0007792446851054,0.0295137904301435,colebrook
moody_eps7.79e-04_Re1.61e+04,3.671854275659206,0.1598748602358997,0.001,1000.0,0.1,7.792446851054645e-05,0.0287312867837952,15987.486023589969,0.0007792446851054,0.0288270981385341,colebrook
moody_eps7.79e-04_Re1.83e+04,5.339426759797808,0.1937707471276984,0.001,1000.0,0.1,7.792446851054645e-05,0.028441218695824,19377.074712769845,0.0007792446851054,0.0276894567659688,colebrook
moody_eps7.79e-04_Re2.08e+04,6.272430524306581,0.2116417256253182,0.001,1000.0,0.1,7.792446851054645e-05,0.0280067856458686,21164.17256253183,0.0007792446851054,0.0272006501207114,colebrook
moody_eps7.79e-04_Re2.37e+04,7.881299932568099,0.2378004053252,0.001,1000.0,0.1,7.792446851054645e-05,0.0278742165731785,23780.040532520008,0.0007792446851054,0.0265854630290669,colebrook
moody_eps7.79e-04_Re2.69e+04,9.217137248660189,0.2766771736717274,0.001,1000.0,0.1,7.792446851054645e-05,0.0240812701030165,27667.717367172743,0.0007792446851054,0.0258360078728589,colebrook
moody_eps7.79e-04_Re3.06e+04,12.52254806025481,0.3128971474010351,0.001,1000.0,0.1,7.792446851054645e-05,0.0255811164778427,31289.714740103514,0.0007792446851054,0.0252668625561853,colebrook
moody_eps7.79e-04_Re3.48e+04,14.289414676027553,0.3323425475981482,0.001,1000.0,0.1,7.792446851054645e-05,0.0258745345360714,33234.254759814816,0.0007792446851054,0.0250004855521497,colebrook
moody_eps7.79e-04_Re3.95e+04,18.61781434515681,0.3948363983881315,0.001,1000.0,0.1,7.792446851054645e-05,0.0238849495053192,39483.63983881316,0.0007792446851054,0.0242830349014802,colebrook
moody_eps7.79e-04_Re4.50e+04,21.434423836387644,0.4225632663975519,0.001,1000.0,0.1,7.792446851054645e-05,0.0240081296538759,42256.32663975519,0.0007792446851054,0.0240177040682041,colebrook
moody_eps7.79e-04_Re5.11e+04,31.07298152996405,0.5113704824044781,0.001,1000.0,0.1,7.792446851054645e-05,0.023765207516118,51137.04824044781,0.0007792446851054,0.0233218189807984,colebrook
moody_eps7.79e-04_Re5.81e+04,39.19970314827528,0.5856557258789401,0.001,1000.0,0.1,7.792446851054645e-05,0.0228574609509501,58565.57258789401,0.0007792446851054,0.0228698878205267,colebrook
moody_eps7.79e-04_Re6.61e+04,46.64800553568089,0.6459936784293407,0.001,1000.0,0.1,7.792446851054645e-05,0.0223566402999546,64599.36784293407,0.0007792446851054,0.0225643399428043,colebrook
moody_eps7.79e-04_Re7.52e+04,61.32685464160272,0.7643511920320318,0.001,1000.0,0.1,7.792446851054645e-05,0.0209939806323977,76435.11920320318,0.0007792446851054,0.0220796231558342,colebrook
moody_eps7.79e-04_Re8.55e+04,77.29900271433064,0.8416756505138782,0.001,1000.0,0.1,7.792446851054645e-05,0.0218229953369179,84167.5650513878,0.0007792446851054,0.0218235055799839,colebrook
moody_eps7.79e-04_Re9.72e+04,103.22052294082128,0.9705762830298198,0.001,1000.0,0.1,7.792446851054645e-05,0.0219147591124398,97057.62830298198,0.0007792446851054,0.0214720968497507,colebrook
moody_eps1.03e-03_Re8.46e+03,1.27332556175932,0.0877727189484987,0.001,1000.0,0.1,0.0001028395716854,0.0330560037925418,8777.271894849871,0.0010283957168542,0.0334285967251472,colebrook
moody_eps1.03e-03_Re9.62e+03,1.4768017739042316,0.0936017804638545,0.001,1000.0,0.1,0.0001028395716854,0.0337119583222322,9360.178046385452,0.0010283957168542,0.032925278234381,colebrook
moody_eps1.03e-03_Re1.09e+04,2.216632791992104,0.1187748652606196,0.001,1000.0,0.1,0.0001028395716854,0.0314249544275348,11877.486526061966,0.0010283957168542,0.0311860463211544,colebrook
moody_eps1.03e-03_Re1.24e+04,2.2686128926851663,0.1231246944095355,0.001,1000.0,0.1,0.0001028395716854,0.0299295412610745,12312.46944095356,0.0010283957168542,0.0309397930996021,colebrook
moody_eps1.03e-03_Re1.41e+04,3.0190230715281032,0.1448743128313613,0.001,1000.0,0.1,0.0001028395716854,0.0287682636056854,14487.431283136131,0.0010283957168542,0.0298768719770578,colebrook
moody_eps1.03e-03_Re1.61e+04,3.976801615055648,0.1639733667639046,0.001,1000.0,0.1,0.0001028395716854,0.0295813026270144,16397.33667639046,0.0010283957168542,0.0291212861744082,colebrook
moody_eps1.03e-03_Re1.83e+04,4.796310689434558,0.1843262699620029,0.001,1000.0,0.1,0.0001028395716854,0.0282333774128624,18432.62699620029,0.0010283957168542,0.0284479452190825,colebrook
moody_eps1.03e-03_Re2.08e+04,6.751951804422994,0.2214631590736249,0.001,1000.0,0.1,0.0001028395716854,0.0275331783517663,22146.315907362496,0.0010283957168542,0.0274671761263088,colebrook
moody_eps1.03e-03_Re2.37e+04,8.553409058616982,0.2499758170103267,0.001,1000.0,0.1,0.0001028395716854,0.0273762050392832,24997.581701032672,0.0010283957168542,0.0268681833854204,colebrook
moody_eps1.03e-03_Re2.69e+04,10.20393291739411,0.2802649409711293,0.001,1000.0,0.1,0.0001028395716854,0.0259812500139892,28026.494097112933,0.0010283957168542,0.026336012493676,colebrook
moody_eps1.03e-03_Re3.06e+04,12.512394285785966,0.3106397909324061,0.001,1000.0,0.1,0.0001028395716854,0.025933208182715,31063.97909324061,0.0010283957168542,0.0258839958736067,colebrook
moody_eps1.03e-03_Re3.48e+04,14.663547656536062,0.3457074879103108,0.001,1000.0,0.1,0.0001028395716854,0.0245386958670322,34570.74879103108,0.0010283957168542,0.0254400591225749,colebrook
moody_eps1.03e-03_Re3.95e+04,20.966355202313657,0.3968074600562719,0.001,1000.0,0.1,0.0001028395716854,0.0266313558705719,39680.74600562719,0.0010283957168542,0.0249053374361068,colebrook
moody_eps1.03e-03_Re4.50e+04,27.251849632709668,0.4747900875463897,0.001,1000.0,0.1,0.0001028395716854,0.0241781291393509,47479.00875463898,0.0010283957168542,0.0242695779559396,colebrook
moody_eps1.03e-03_Re5.11e+04,35.232106853701254,0.5420555589904238,0.001,1000.0,0.1,0.0001028395716854,0.0239817573722374,54205.55589904238,0.0010283957168542,0.0238415125242789,colebrook
moody_eps1.03e-03_Re5.81e+04,38.11843013787751,0.5675812474535565,0.001,1000.0,0.1,0.0001028395716854,0.0236651316994836,56758.12474535566,0.0010283957168542,0.0237007241791468,colebrook
moody_eps1.03e-03_Re6.61e+04,53.54416197532562,0.6713067416252231,0.001,1000.0,0.1,0.0001028395716854,0.0237629363197705,67130.67416252231,0.0010283957168542,0.0232201315294297,colebrook
moody_eps1.03e-03_Re7.52e+04,65.58708280616625,0.7562693205032545,0.001,1000.0,0.1,0.0001028395716854,0.0229348204658956,75626.93205032544,0.0010283957168542,0.0229089285572999,colebrook
moody_eps1.03e-03_Re8.55e+04,85.95590391654733,0.8709172134092148,0.001,1000.0,0.1,0.0001028395716854,0.0226648035308077,87091.72134092147,0.0010283957168542,0.0225707193058471,colebrook
moody_eps1.03e-03_Re9.72e+04,99.17429066289426,0.9428491500168746,0.001,1000.0,0.1,0.0001028395716854,0.0223123169635054,94284.91500168746,0.0010283957168542,0.022394331965378,colebrook
