filename,dP_L,v,mu,rho,D,eps,f,Re,eps_rel,f_true,branch
moody_eps5.28e-06_Re2.14e+07,1832276.557814706,214.03579329794485,0.001,1000.0,0.1,5.283460467023342e-07,0.0079992304317387,21403579.329794485,5.283460467023342e-06,0.0080771973949356,colebrook
moody_eps5.28e-06_Re2.43e+07,2555332.1280653854,244.5293644836098,0.001,1000.0,0.1,5.283460467023342e-07,0.0085470316605991,24452936.448360983,5.283460467023342e-06,0.0080028922136732,colebrook
moody_eps5.28e-06_Re2.77e+07,3153196.533933653,280.6617832545664,0.001,1000.0,0.1,5.283460467023342e-07,0.0080059795347391,28066178.32545663,5.283460467023342e-06,0.0079321767113538,colebrook
moody_eps5.28e-06_Re3.15e+07,3881789.543367464,314.7341797687606,0.001,1000.0,0.1,5.283460467023342e-07,0.0078374388032029,31473417.976876058,5.283460467023342e-06,0.0078779626688151,colebrook
moody_eps5.28e-06_Re3.58e+07,5224708.849769003,371.3390304457743,0.001,1000.0,0.1,5.283460467023342e-07,0.0075779352740763,37133903.04457744,5.283460467023342e-06,0.0078066709188517,colebrook
moody_eps5.28e-06_Re4.07e+07,6179353.600457335,405.3752851817877,0.001,1000.0,0.1,5.283460467023342e-07,0.0075207042201761,40537528.51817877,5.283460467023342e-06,0.0077720432535897,colebrook
moody_eps5.28e-06_Re4.63e+07,8339299.811515897,463.8902818848479,0.001,1000.0,0.1,5.283460467023342e-07,0.0077504877533663,46389028.1884848,5.283460467023342e-06,0.0077228561840112,colebrook
moody_eps5.28e-06_Re5.26e+07,11631367.66280131,540.8288579327619,0.001,1000.0,0.1,5.283460467023342e-07,0.0079531846490973,54082885.7932762,5.283460467023342e-06,0.0076725005916222,colebrook
moody_eps5.28e-06_Re5.98e+07,14928026.558827454,610.2282927081696,0.001,1000.0,0.1,5.283460467023342e-07,0.0080176614835999,61022829.27081696,5.283460467023342e-06,0.0076368026567731,colebrook
moody_eps5.28e-06_Re6.80e+07,19511856.824034367,713.4053865338333,0.001,1000.0,0.1,5.283460467023342e-07,0.0076675360738046,71340538.65338331,5.283460467023342e-06,0.0075953374159264,colebrook
moody_eps5.28e-06_Re7.73e+07,21857770.447918467,782.151651206243,0.001,1000.0,0.1,5.283460467023342e-07,0.007145850456667,78215165.12062429,5.283460467023342e-06,0.0075732347147078,colebrook
moody_eps5.28e-06_Re8.79e+07,29740966.37035219,887.9443368076452,0.001,1000.0,0.1,5.283460467023342e-07,0.0075442068605074,88794433.68076451,5.283460467023342e-06,0.0075453593005917,colebrook
moody_eps5.28e-06_Re1.00e+08,33591966.10182911,950.6067097821848,0.001,1000.0,0.1,5.283460467023342e-07,0.0074347037556041,95060670.97821848,5.283460467023342e-06,0.0075315458695385,colebrook
moody_eps6.97e-06_Re1.88e+07,1466835.8742184862,190.05055047219216,0.001,1000.0,0.1,6.972762494645748e-07,0.008122192062159,19005055.047219217,6.972762494645748e-06,0.0083328553804118,colebrook
moody_eps6.97e-06_Re2.14e+07,1953081.2478211357,222.06941218283197,0.001,1000.0,0.1,6.972762494645748e-07,0.0079208688027098,22206941.218283195,6.972762494645748e-06,0.0082506217681927,colebrook
moody_eps6.97e-06_Re2.43e+07,2573544.635082233,250.7206362175184,0.001,1000.0,0.1,6.972762494645748e-07,0.0081880698396351,25072063.62175184,6.972762494645748e-06,0.008192093249359,colebrook
moody_eps6.97e-06_Re2.77e+07,2829936.3597047795,264.8173845513256,0.001,1000.0,0.1,6.972762494645748e-07,0.0080707460239916,26481738.45513256,6.972762494645748e-06,0.0081672371875193,colebrook
moody_eps6.97e-06_Re3.15e+07,4226268.120730073,326.28987406744534,0.001,1000.0,0.1,6.972762494645748e-07,0.0079392567864597,32628987.40674453,6.972762494645748e-06,0.0080806451710893,colebrook
moody_eps6.97e-06_Re3.58e+07,4757569.042712764,345.0913153227911,0.001,1000.0,0.1,6.972762494645748e-07,0.0079900047142606,34509131.53227911,6.972762494645748e-06,0.0080595285182368,colebrook
moody_eps6.97e-06_Re4.07e+07,6081318.957733675,397.0405454717762,0.001,1000.0,0.1,6.972762494645748e-07,0.0077153931336726,39704054.54717762,6.972762494645748e-06,0.0080103578937346,colebrook
moody_eps6.97e-06_Re4.63e+07,8956987.78300974,468.79253022659856,0.001,1000.0,0.1,6.972762494645748e-07,0.0081513700907991,46879253.02265985,6.972762494645748e-06,0.0079585024934683,colebrook
moody_eps6.97e-06_Re5.26e+07,10786019.272891585,517.4618212770847,0.001,1000.0,0.1,6.972762494645748e-07,0.0080562801897699,51746182.12770847,6.972762494645748e-06,0.0079307154111668,colebrook
moody_eps6.97e-06_Re5.98e+07,13763478.119792491,591.3040765669609,0.001,1000.0,0.1,6.972762494645748e-07,0.0078729310181003,59130407.656696096,6.972762494645748e-06,0.0078965175529847,colebrook
moody_eps6.97e-06_Re6.80e+07,19166536.36475017,682.7281778447255,0.001,1000.0,0.1,6.972762494645748e-07,0.0082239029752581,68272817.78447254,6.972762494645748e-06,0.0078636148448753,colebrook
moody_eps6.97e-06_Re7.73e+07,23446625.666527063,785.3072238611628,0.001,1000.0,0.1,6.972762494645748e-07,0.0076038083225855,78530722.38611628,6.972762494645748e-06,0.0078351702901798,colebrook
moody_eps6.97e-06_Re8.79e+07,30953546.101250548,893.1697373040652,0.001,1000.0,0.1,6.972762494645748e-07,0.0077601909192855,89316973.73040652,6.972762494645748e-06,0.00781185604168,colebrook
moody_eps6.97e-06_Re1.00e+08,36959583.41467775,986.106604305206,0.001,1000.0,0.1,6.972762494645748e-07,0.0076016755307234,98610660.4305206,6.972762494645748e-06,0.0077956160302825,colebrook
moody_eps9.20e-06_Re1.88e+07,1491857.0109169616,189.1006243932768,0.001,1000.0,0.1,9.202191841917988e-07,0.00834394186483,18910062.43932768,9.202191841917986e-06,0.0085529203568253,colebrook
moody_eps9.20e-06_Re2.14e+07,2010731.617562689,222.61818536570988,0.001,1000.0,0.1,9.202191841917988e-07,0.0081145198310509,22261818.536570985,9.202191841917986e-06,0.0084775577850524,colebrook
moody_eps9.20e-06_Re2.43e+07,2705393.210178016,256.05173658697794,0.001,1000.0,0.1,9.202191841917988e-07,0.0082528687837276,25605173.65869779,9.202191841917986e-06,0.0084195447300724,colebrook
moody_eps9.20e-06_Re2.77e+07,3277789.4971150486,278.6386469967003,0.001,1000.0,0.1,9.202191841917988e-07,0.0084436135803763,27863864.699670028,9.202191841917986e-06,0.0083872735920119,colebrook
moody_eps9.20e-06_Re3.15e+07,3812258.7457707855,311.4856879671825,0.001,1000.0,0.1,9.202191841917988e-07,0.0078584369267285,31148568.796718247,9.202191841917986e-06,0.0083477513877815,colebrook
moody_eps9.20e-06_Re3.58e+07,5409024.86293068,352.71320433849434,0.001,1000.0,0.1,9.202191841917988e-07,0.0086957197875942,35271320.43384943,9.202191841917986e-06,0.0083074866999886,colebrook
moody_eps9.20e-06_Re4.07e+07,6003871.978435229,391.56708543444745,0.001,1000.0,0.1,9.202191841917988e-07,0.0078315741064523,39156708.543444745,9.202191841917986e-06,0.0082765548386623,colebrook
moody_eps9.20e-06_Re4.63e+07,8591302.93828099,459.6512118841819,0.001,1000.0,0.1,9.202191841917988e-07,0.0081326523865582,45965121.18841819,9.202191841917986e-06,0.0082338913594805,colebrook
moody_eps9.20e-06_Re5.26e+07,10280124.54148404,506.08388535525023,0.001,1000.0,0.1,9.202191841917988e-07,0.0080275561900406,50608388.535525024,9.202191841917986e-06,0.0082108572067542,colebrook
moody_eps9.20e-06_Re5.98e+07,14041183.547887895,589.6380269665783,0.001,1000.0,0.1,9.202191841917988e-07,0.0080772354672279,58963802.69665782,9.202191841917986e-06,0.0081779041609803,colebrook
moody_eps9.20e-06_Re6.80e+07,19446893.0537532,683.5350534266648,0.001,1000.0,0.1,9.202191841917988e-07,0.0083245092284561,68353505.34266648,9.202191841917986e-06,0.0081498880015913,colebrook
moody_eps9.20e-06_Re7.73e+07,25136522.69593915,782.4738398813705,0.001,1000.0,0.1,9.202191841917988e-07,0.0082109903276692,78247383.98813705,9.202191841917986e-06,0.0081272375306956,colebrook
moody_eps9.20e-06_Re8.79e+07,35816161.075540125,924.9188924002588,0.001,1000.0,0.1,9.202191841917988e-07,0.0083733979027078,92491889.24002588,9.202191841917986e-06,0.0081027269657829,colebrook
moody_eps9.20e-06_Re1.00e+08,33653951.2988737,916.324055395552,0.001,1000.0,0.1,9.202191841917988e-07,0.0080161877775891,91632405.5395552,9.202191841917986e-06,0.0081040004682372,colebrook
moody_eps1.21e-05_Re2.14e+07,1891768.0820535424,202.5732508233381,0.001,1000.0,0.1,1.214444558530229e-06,0.009220058876213,20257325.08233381,1.214444558530229e-05,0.0087776835364011,colebrook
moody_eps1.21e-05_Re2.43e+07,2287746.737566865,229.0675384928758,0.001,1000.0,0.1,1.214444558530229e-06,0.0087198867052737,22906753.849287577,1.214444558530229e-05,0.0087306210888626,colebrook
moody_eps1.21e-05_Re2.77e+07,3191973.654826473,267.9313883540333,0.001,1000.0,0.1,1.214444558530229e-06,0.008892873301503,26793138.835403327,1.214444558530229e-05,0.0086767297967849,colebrook
moody_eps1.21e-05_Re3.15e+07,3945659.648147245,307.49308766008454,0.001,1000.0,0.1,1.214444558530229e-06,0.0083460100084596,30749308.76600845,1.214444558530229e-05,0.0086345847113595,colebrook
moody_eps1.21e-05_Re3.58e+07,5326737.813206495,354.2229037359319,0.001,1000.0,0.1,1.214444558530229e-06,0.0084905933050824,35422290.37359319,1.214444558530229e-05,0.0085959326336459,colebrook
moody_eps1.21e-05_Re4.07e+07,6408165.572994279,383.9566862154554,0.001,1000.0,0.1,1.214444558530229e-06,0.0086935919223846,38395668.62154554,1.214444558530229e-05,0.0085758551095266,colebrook
moody_eps1.21e-05_Re4.63e+07,8212068.432029044,430.63265022606777,0.001,1000.0,0.1,1.214444558530229e-06,0.0088566329467401,43063265.022606775,1.214444558530229e-05,0.0085495319985263,colebrook
moody_eps1.21e-05_Re5.26e+07,11882553.410685835,520.914407577268,0.001,1000.0,0.1,1.214444558530229e-06,0.0087580421680908,52091440.7577268,1.214444558530229e-05,0.0085111935023518,colebrook
moody_eps1.21e-05_Re5.98e+07,14308837.436250482,587.5283275379514,0.001,1000.0,0.1,1.214444558530229e-06,0.0082904236415574,58752832.75379515,1.214444558530229e-05,0.0084900448463664,colebrook
moody_eps1.21e-05_Re6.80e+07,20008561.56153599,693.635890666796,0.001,1000.0,0.1,1.214444558530229e-06,0.0083173073475605,69363589.06667958,1.214444558530229e-05,0.0084643460488468,colebrook
moody_eps1.21e-05_Re7.73e+07,22988346.40521012,738.3515460245504,0.001,1000.0,0.1,1.214444558530229e-06,0.008433568005377,73835154.60245505,1.214444558530229e-05,0.0084556278689724,colebrook
moody_eps1.21e-05_Re8.79e+07,30034071.145364035,843.8625897084343,0.001,1000.0,0.1,1.214444558530229e-06,0.0084353038825669,84386258.97084342,1.214444558530229e-05,0.008438570805267,colebrook
moody_eps1.21e-05_Re1.00e+08,47046404.89346322,1042.2357705285167,0.001,1000.0,0.1,1.214444558530229e-06,0.0086621258378395,104223577.05285168,1.214444558530229e-05,0.0084155410291381,colebrook
moody_eps1.60e-05_Re1.88e+07,1604285.341189512,187.69218247354692,0.001,1000.0,0.1,1.6027437930877554e-06,0.0091079207344118,18769218.247354697,1.6027437930877553e-05,0.0090994966963321,colebrook
moody_eps1.60e-05_Re2.14e+07,1933739.8807525707,206.35981462331983,0.001,1000.0,0.1,1.6027437930877554e-06,0.0090819225005541,20635981.462331988,1.6027437930877553e-05,0.0090664839963695,colebrook
moody_eps1.60e-05_Re2.43e+07,2549899.9664415447,243.19830970732676,0.001,1000.0,0.1,1.6027437930877554e-06,0.0086224768016534,24319830.970732678,1.6027437930877553e-05,0.0090149146579606,colebrook
moody_eps1.60e-05_Re2.77e+07,3247428.413862253,270.6988337706032,0.001,1000.0,0.1,1.6027437930877554e-06,0.0088633278201475,27069883.37706032,1.6027437930877553e-05,0.0089848323675745,colebrook
moody_eps1.60e-05_Re3.15e+07,3902326.781365316,300.6096203044687,0.001,1000.0,0.1,1.6027437930877554e-06,0.0086367009068258,30060962.03044687,1.6027437930877553e-05,0.0089578978405065,colebrook
moody_eps1.60e-05_Re3.58e+07,6040650.67978291,373.9843812486236,0.001,1000.0,0.1,1.6027437930877554e-06,0.0086378724628289,37398438.12486236,1.6027437930877553e-05,0.0089089445927774,colebrook
moody_eps1.60e-05_Re4.07e+07,6709759.158019626,396.5810026312447,0.001,1000.0,0.1,1.6027437930877554e-06,0.008532437477098,39658100.26312447,1.6027437930877553e-05,0.0088973004232194,colebrook
moody_eps1.60e-05_Re4.63e+07,10497173.667890953,480.0333733494979,0.001,1000.0,0.1,1.6027437930877554e-06,0.0091108629592772,48003337.33494978,1.6027437930877553e-05,0.0088633180165185,colebrook
moody_eps1.60e-05_Re5.26e+07,12511668.642027533,531.144540309418,0.001,1000.0,0.1,1.6027437930877554e-06,0.0088699217057394,53114454.03094179,1.6027437930877553e-05,0.0088475337540279,colebrook
moody_eps1.60e-05_Re5.98e+07,15214198.275748575,589.447109504014,0.001,1000.0,0.1,1.6027437930877554e-06,0.0087576862596977,58944710.9504014,1.6027437930877553e-05,0.0088327289327427,colebrook
moody_eps1.60e-05_Re6.80e+07,19979240.57242398,666.5866129986649,0.001,1000.0,0.1,1.6027437930877554e-06,0.0089928178520846,66658661.2998665,1.6027437930877553e-05,0.008816969524523,colebrook
moody_eps1.60e-05_Re7.73e+07,28192552.99451078,789.6691612378258,0.001,1000.0,0.1,1.6027437930877554e-06,0.0090421986776268,78966916.12378259,1.6027437930877553e-05,0.0087979919564422,colebrook
moody_eps1.60e-05_Re8.79e+07,39226911.47923226,935.2076705202156,0.001,1000.0,0.1,1.6027437930877554e-06,0.0089701145814359,93520767.05202158,1.6027437930877553e-05,0.008781817500754,colebrook
moody_eps1.60e-05_Re1.00e+08,46968336.69032124,1019.2181895485812,0.001,1000.0,0.1,1.6027437930877554e-06,0.0090427566734938,101921818.95485812,1.6027437930877553e-05,0.0087745293305127,colebrook
moody_eps2.12e-05_Re2.14e+07,2294849.509011641,227.35600158156728,0.001,1000.0,0.1,2.115195500888224e-06,0.0088791493426148,22735600.158156727,2.1151955008882235e-05,0.009375388673813,colebrook
moody_eps2.12e-05_Re2.43e+07,2740831.8420201414,237.31428889135904,0.001,1000.0,0.1,2.115195500888224e-06,0.0097334008736509,23731428.8891359,2.1151955008882235e-05,0.0093645030444671,colebrook
moody_eps2.12e-05_Re2.77e+07,3650877.548372401,271.1986477995906,0.001,1000.0,0.1,2.115195500888224e-06,0.0099277817890128,27119864.77995906,2.1151955008882235e-05,0.0093330720333202,colebrook
moody_eps2.12e-05_Re3.15e+07,4530865.768291555,307.0553511302696,0.001,1000.0,0.1,2.115195500888224e-06,0.0096112052296932,30705535.11302696,2.1151955008882235e-05,0.0093069352601416,colebrook
moody_eps2.12e-05_Re3.58e+07,5991963.145236043,356.90934419109675,0.001,1000.0,0.1,2.115195500888224e-06,0.0094076963760426,35690934.41910967,2.1151955008882235e-05,0.0092788846356271,colebrook
moody_eps2.12e-05_Re4.07e+07,6866767.990142774,394.4546195876888,0.001,1000.0,0.1,2.115195500888224e-06,0.0088264949377469,39445461.95876888,2.1151955008882235e-05,0.0092622241764313,colebrook
moody_eps2.12e-05_Re4.63e+07,10192949.004020602,473.5704365374584,0.001,1000.0,0.1,2.115195500888224e-06,0.009089932979093,47357043.653745845,2.1151955008882235e-05,0.0092354261984672,colebrook
moody_eps2.12e-05_Re5.26e+07,11688157.87133249,511.7964042921272,0.001,1000.0,0.1,2.115195500888224e-06,0.0089244529425768,51179640.42921272,2.1151955008882235e-05,0.0092253378844146,colebrook
moody_eps2.12e-05_Re5.98e+07,16119946.181668632,579.7460336663665,0.001,1000.0,0.1,2.115195500888224e-06,0.0095921952659244,57974603.366636656,2.1151955008882235e-05,0.0092105813960459,colebrook
moody_eps2.12e-05_Re6.80e+07,19804904.105952952,661.6359147830544,0.001,1000.0,0.1,2.115195500888224e-06,0.0090482501075316,66163591.47830545,2.1151955008882235e-05,0.0091967077438703,colebrook
moody_eps2.12e-05_Re7.73e+07,30490376.639418736,820.4465583838296,0.001,1000.0,0.1,2.115195500888224e-06,0.0090592488524035,82044655.83838296,2.1151955008882235e-05,0.0091775077916615,colebrook
moody_eps2.12e-05_Re8.79e+07,35851621.934765585,879.305217441837,0.001,1000.0,0.1,2.115195500888224e-06,0.0092738379645951,87930521.7441837,2.1151955008882235e-05,0.009172113933029,colebrook
moody_eps2.12e-05_Re1.00e+08,44091745.44490362,991.1593378206568,0.001,1000.0,0.1,2.115195500888224e-06,0.0089763614796158,99115933.78206567,2.1151955008882235e-05,0.009163593624903,colebrook
moody_eps2.79e-05_Re1.88e+07,1781275.2875886206,187.4770029066416,0.001,1000.0,0.1,2.791495450659851e-06,0.0101359634145706,18747700.29066416,2.791495450659851e-05,0.0098000252520827,colebrook
moody_eps2.79e-05_Re2.14e+07,2161739.46686241,209.20542194059377,0.001,1000.0,0.1,2.791495450659851e-06,0.0098784197354833,20920542.194059376,2.791495450659851e-05,0.0097735742631344,colebrook
moody_eps2.79e-05_Re2.43e+07,3152416.88323926,256.7626052848485,0.001,1000.0,0.1,2.791495450659851e-06,0.0095633509398323,25676260.52848485,2.791495450659851e-05,0.009730505237012,colebrook
moody_eps2.79e-05_Re2.77e+07,3940681.133422959,278.4876246036477,0.001,1000.0,0.1,2.791495450659851e-06,0.0101622409668162,27848762.46036477,2.791495450659851e-05,0.0097154906640856,colebrook
moody_eps2.79e-05_Re3.15e+07,4575300.336563578,306.8623548610765,0.001,1000.0,0.1,2.791495450659851e-06,0.0097176751362534,30686235.486107647,2.791495450659851e-05,0.009698940492674,colebrook
moody_eps2.79e-05_Re3.58e+07,5879815.3331594085,354.491059210185,0.001,1000.0,0.1,2.791495450659851e-06,0.0093580014875614,35449105.9210185,2.791495450659851e-05,0.0096768849254862,colebrook
moody_eps2.79e-05_Re4.07e+07,7985990.8398561375,411.8702972039833,0.001,1000.0,0.1,2.791495450659851e-06,0.0094153800977023,41187029.72039833,2.791495450659851e-05,0.0096568586571751,colebrook
moody_eps2.79e-05_Re4.63e+07,11400376.442232918,486.2421764592224,0.001,1000.0,0.1,2.791495450659851e-06,0.0096437053879825,48624217.64592224,2.791495450659851e-05,0.0096377297267716,colebrook
moody_eps2.79e-05_Re5.26e+07,13176448.875098037,522.79175108466,0.001,1000.0,0.1,2.791495450659851e-06,0.00964208429939,52279175.108466,2.791495450659851e-05,0.0096302688650781,colebrook
moody_eps2.79e-05_Re5.98e+07,17211468.243359573,600.057106952235,0.001,1000.0,0.1,2.791495450659851e-06,0.0095601068867045,60005710.6952235,2.791495450659851e-05,0.0096174161234937,colebrook
moody_eps2.79e-05_Re6.80e+07,21919903.693036195,681.3741588866262,0.001,1000.0,0.1,2.791495450659851e-06,0.0094427245125846,68137415.88866262,2.791495450659851e-05,0.009606970213458,colebrook
moody_eps2.79e-05_Re7.73e+07,28306869.58671697,761.9379014566075,0.001,1000.0,0.1,2.791495450659851e-06,0.0097517528259638,76193790.14566074,2.791495450659851e-05,0.0095987774422612,colebrook
moody_eps2.79e-05_Re8.79e+07,31863088.14683747,824.8580010643147,0.001,1000.0,0.1,2.791495450659851e-06,0.0093661148279421,82485800.10643147,2.791495450659851e-05,0.0095934719957994,colebrook
moody_eps2.79e-05_Re1.00e+08,48430269.02607104,1000.2566890773404,0.001,1000.0,0.1,2.791495450659851e-06,0.0096810831107518,100025668.90773404,2.791495450659851e-05,0.0095821536439952,colebrook
moody_eps3.68e-05_Re1.44e+06,12009.608356130611,14.330686194186384,0.001,1000.0,0.1,3.6840314986403865e-06,0.0116956635998204,1433068.6194186383,3.684031498640386e-05,0.011893516143501,colebrook
moody_eps3.68e-05_Re1.64e+06,16510.864526960024,16.71890032718093,0.001,1000.0,0.1,3.6840314986403865e-06,0.011813657952856,1671890.032718093,3.684031498640386e-05,0.0116987560874649,colebrook
moody_eps3.68e-05_Re1.86e+06,21911.95769099526,19.320802203312123,0.001,1000.0,0.1,3.6840314986403865e-06,0.011739804572669,1932080.2203312125,3.684031498640386e-05,0.0115298561363026,colebrook
moody_eps3.68e-05_Re2.12e+06,24376.993306027896,21.32210384716632,0.001,1000.0,0.1,3.6840314986403865e-06,0.010723832583503,2132210.3847166323,3.684031498640386e-05,0.0114222201782648,colebrook
moody_eps3.68e-05_Re2.41e+06,32559.783446404817,24.252450906069303,0.001,1000.0,0.1,3.6840314986403865e-06,0.0110713411995068,2425245.0906069307,3.684031498640386e-05,0.0112904110801179,colebrook
moody_eps3.68e-05_Re2.74e+06,44773.79746987471,28.31491264116726,0.001,1000.0,0.1,3.6840314986403865e-06,0.0111692361684821,2831491.264116726,3.684031498640386e-05,0.0111446552223475,colebrook
moody_eps3.68e-05_Re3.12e+06,50593.6968546605,30.466623150024475,0.001,1000.0,0.1,3.6840314986403865e-06,0.0109012868738003,3046662.3150024475,3.684031498640386e-05,0.0110804031008769,colebrook
moody_eps3.68e-05_Re3.54e+06,63157.82799532791,34.189521339598244,0.001,1000.0,0.1,3.6840314986403865e-06,0.0108061537046829,3418952.1339598247,3.684031498640386e-05,0.0109851259701704,colebrook
moody_eps3.68e-05_Re4.03e+06,93070.55235921388,40.68554773500419,0.001,1000.0,0.1,3.6840314986403865e-06,0.0112450645513382,4068554.773500419,3.684031498640386e-05,0.0108543358625471,colebrook
moody_eps3.68e-05_Re4.58e+06,119467.5143942257,46.54718497493437,0.001,1000.0,0.1,3.6840314986403865e-06,0.0110279041035305,4654718.497493437,3.684031498640386e-05,0.0107632539748972,colebrook
moody_eps3.68e-05_Re5.21e+06,151446.01993253344,53.52011307341787,0.001,1000.0,0.1,3.6840314986403865e-06,0.0105743532728534,5352011.307341787,3.684031498640386e-05,0.0106775174987812,colebrook
moody_eps3.68e-05_Re5.93e+06,194893.9320900564,61.8908445534519,0.001,1000.0,0.1,3.6840314986403865e-06,0.0101759624417646,6189084.455345189,3.684031498640386e-05,0.0105970908900345,colebrook
moody_eps3.68e-05_Re6.74e+06,237486.67319020032,67.6219663812565,0.001,1000.0,0.1,3.6840314986403865e-06,0.0103870841127316,6762196.63812565,3.684031498640386e-05,0.0105522148899935,colebrook
moody_eps3.68e-05_Re7.66e+06,288371.5448610028,72.22032806134372,0.001,1000.0,0.1,3.6840314986403865e-06,0.011057666461599,7222032.806134372,3.684031498640386e-05,0.0105207988942516,colebrook
moody_eps3.68e-05_Re8.71e+06,359513.401754916,82.04006258033985,0.001,1000.0,0.1,3.6840314986403865e-06,0.0106829971894143,8204006.258033985,3.684031498640386e-05,0.0104643361907767,colebrook
moody_eps3.68e-05_Re9.90e+06,563096.5417650354,104.52091642919954,0.001,1000.0,0.1,3.6840314986403865e-06,0.010308760216134,10452091.642919956,3.684031498640386e-05,0.0103717705219843,colebrook
moody_eps3.68e-05_Re1.13e+07,615644.8727082358,112.23381459906057,0.001,1000.0,0.1,3.6840314986403865e-06,0.0097749110623712,11223381.459906057,3.684031498640386e-05,0.010347888623511,colebrook
moody_eps3.68e-05_Re1.28e+07,869814.580649907,127.10388993293518,0.001,1000.0,0.1,3.6840314986403865e-06,0.0107680978906833,12710388.993293518,3.684031498640386e-05,0.0103094434343697,colebrook
moody_eps3.68e-05_Re1.46e+07,1025398.5005598998,143.34996203728065,0.001,1000.0,0.1,3.6840314986403865e-06,0.0099799303225533,14334996.203728065,3.684031498640386e-05,0.0102759691561225,colebrook
moody_eps3.68e-05_Re1.66e+07,1271648.2917448774,154.45974774211987,0.001,1000.0,0.1,3.6840314986403865e-06,0.0106602248571292,15445974.774211986,3.684031498640386e-05,0.0102568846603874,colebrook
moody_eps3.68e-05_Re1.88e+07,1837860.9474655057,190.6069012670792,0.001,1000.0,0.1,3.6840314986403865e-06,0.0101173180607414,19060690.126707915,3.684031498640386e-05,0.0102094034421122,colebrook
moody_eps3.68e-05_Re2.14e+07,2444228.754645081,220.8749226483045,0.001,1000.0,0.1,3.6840314986403865e-06,0.0100202607678637,22087492.264830448,3.684031498640386e-05,0.010181064376405,colebrook
moody_eps3.68e-05_Re2.43e+07,3146181.2343185875,240.98773164975464,0.001,1000.0,0.1,3.6840314986403865e-06,0.0108348739790781,24098773.164975464,3.684031498640386e-05,0.010166005672984,colebrook
moody_eps3.68e-05_Re2.77e+07,3715887.62740382,269.43633535768794,0.001,1000.0,0.1,3.6840314986403865e-06,0.0102371776941378,26943633.535768792,3.684031498640386e-05,0.0101483993601597,colebrook
moody_eps3.68e-05_Re3.15e+07,5097252.355288817,316.8344262676758,0.001,1000.0,0.1,3.6840314986403865e-06,0.0101555021320981,31683442.62676758,3.684031498640386e-05,0.0101258582958998,colebrook
moody_eps3.68e-05_Re3.58e+07,6227549.489590775,357.9220941177107,0.001,1000.0,0.1,3.6840314986403865e-06,0.0097223257403585,35792209.41177107,3.684031498640386e-05,0.0101110075284326,colebrook
moody_eps3.68e-05_Re4.07e+07,8230579.186819844,405.23033200804815,0.001,1000.0,0.1,3.6840314986403865e-06,0.010024356482947,40523033.200804815,3.684031498640386e-05,0.0100975407978094,colebrook
moody_eps3.68e-05_Re4.63e+07,10115459.32151826,453.4869253038354,0.001,1000.0,0.1,3.6840314986403865e-06,0.0098375298501468,45348692.530383535,3.684031498640386e-05,0.0100866306314484,colebrook
moody_eps3.68e-05_Re5.26e+07,12816156.284805069,510.5231691803256,0.001,1000.0,0.1,3.6840314986403865e-06,0.0098346039993216,51052316.91803256,3.684031498640386e-05,0.0100763389078386,colebrook
moody_eps3.68e-05_Re5.98e+07,18473842.47010559,605.5965991739948,0.001,1000.0,0.1,3.6840314986403865e-06,0.0100744275120945,60559659.91739948,3.684031498640386e-05,0.0100634152618376,colebrook
moody_eps3.68e-05_Re6.80e+07,26153743.759516973,714.8406495955651,0.001,1000.0,0.1,3.6840314986403865e-06,0.0102363559322035,71484064.9595565,3.684031498640386e-05,0.0100527447187302,colebrook
moody_eps3.68e-05_Re7.73e+07,28538194.817094,759.7553600202019,0.001,1000.0,0.1,3.6840314986403865e-06,0.0098880111772386,75975536.0020202,3.684031498640386e-05,0.0100492348815525,colebrook
moody_eps3.68e-05_Re8.79e+07,38031489.98563456,874.9026357189374,0.001,1000.0,0.1,3.6840314986403865e-06,0.0099369678863167,87490263.57189374,3.684031498640386e-05,0.0100418621116942,colebrook
moody_eps3.68e-05_Re1.00e+08,53199511.54771107,1000.110827245351,0.001,1000.0,0.1,3.6840314986403865e-06,0.0106375443194162,100011082.7245351,3.684031498640386e-05,0.0100357504330023,colebrook
moody_eps4.86e-05_Re1.44e+06,11801.512825973165,13.970798698958644,0.001,1000.0,0.1,4.86194168067384e-06,0.0120927537218473,1397079.8698958645,4.861941680673839e-05,0.012175592269948,colebrook
moody_eps4.86e-05_Re1.64e+06,17883.66714741264,16.993441263662632,0.001,1000.0,0.1,4.86194168067384e-06,0.0123857954752782,1699344.1263662633,4.861941680673839e-05,0.0119481252482588,colebrook
moody_eps4.86e-05_Re1.86e+06,17966.088324514094,17.849144481270127,0.001,1000.0,0.1,4.86194168067384e-06,0.0112784317577106,1784914.4481270127,4.861941680673839e-05,0.0118949815290522,colebrook
moody_eps4.86e-05_Re2.12e+06,30280.75838189414,22.29573823502241,0.001,1000.0,0.1,4.86194168067384e-06,0.0121829659331942,2229573.823502241,4.861941680673839e-05,0.0116731150176976,colebrook
moody_eps4.86e-05_Re2.41e+06,32447.054980544497,23.660486169759047,0.001,1000.0,0.1,4.86194168067384e-06,0.0115919887781483,2366048.6169759044,4.861941680673839e-05,0.0116188730936181,colebrook
moody_eps4.86e-05_Re2.74e+06,44769.70605856195,27.45522357371403,0.001,1000.0,0.1,4.86194168067384e-06,0.0118785729567943,2745522.357371403,4.861941680673839e-05,0.0114918792959876,colebrook
moody_eps4.86e-05_Re3.12e+06,54769.996623323954,30.718682062628467,0.001,1000.0,0.1,4.86194168067384e-06,0.0116082713588118,3071868.206262847,4.861941680673839e-05,0.011404000189167,colebrook
moody_eps4.86e-05_Re3.54e+06,72783.94516492238,35.736663863240736,0.001,1000.0,0.1,4.86194168067384e-06,0.0113982341294222,3573666.386324073,4.861941680673839e-05,0.0112958963366181,colebrook
moody_eps4.86e-05_Re4.03e+06,97313.84694407706,41.59740682331596,0.001,1000.0,0.1,4.86194168067384e-06,0.0112479174817667,4159740.682331596,4.861941680673839e-05,0.0111985380223529,colebrook
moody_eps4.86e-05_Re4.58e+06,111531.01285884666,44.09873926489356,0.001,1000.0,0.1,4.86194168067384e-06,0.0114702608533776,4409873.926489356,4.861941680673839e-05,0.0111639019469965,colebrook
moody_eps4.86e-05_Re5.21e+06,150088.40020306804,51.35246463165331,0.001,1000.0,0.1,4.86194168067384e-06,0.0113829424421216,5135246.463165331,4.861941680673839e-05,0.0110804423720273,colebrook
moody_eps4.86e-05_Re5.93e+06,190623.4402677716,59.72318841361238,0.001,1000.0,0.1,4.86194168067384e-06,0.0106885877881206,5972318.841361238,4.861941680673839e-05,0.0110068456964547,colebrook
moody_eps4.86e-05_Re6.74e+06,247602.40055564692,67.88960368234976,0.001,1000.0,0.1,4.86194168067384e-06,0.010744304296768,6788960.368234975,4.861941680673839e-05,0.010950956673865,colebrook
moody_eps4.86e-05_Re7.66e+06,321156.93028089975,77.23026624717681,0.001,1000.0,0.1,4.86194168067384e-06,0.010768921959301,7723026.624717682,4.861941680673839e-05,0.0109003311461255,colebrook
moody_eps4.86e-05_Re8.71e+06,428015.7632237146,89.78697809514101,0.001,1000.0,0.1,4.86194168067384e-06,0.0106184970170489,8978697.8095141,4.861941680673839e-05,0.0108476589358812,colebrook
moody_eps4.86e-05_Re9.90e+06,508375.5765560736,97.9603668330208,0.001,1000.0,0.1,4.86194168067384e-06,0.0105953148835361,9796036.683302082,4.861941680673839e-05,0.0108201308153642,colebrook
moody_eps4.86e-05_Re1.13e+07,647005.6200787631,109.97230153520177,0.001,1000.0,0.1,4.86194168067384e-06,0.0106996955485788,10997230.153520174,4.861941680673839e-05,0.0107866351986908,colebrook
moody_eps4.86e-05_Re1.28e+07,907664.7363478204,128.88560454353438,0.001,1000.0,0.1,4.86194168067384e-06,0.0109281496287418,12888560.45435344,4.861941680673839e-05,0.0107458574119065,colebrook
moody_eps4.86e-05_Re1.46e+07,1124291.776178724,145.8361411613817,0.001,1000.0,0.1,4.86194168067384e-06,0.0105725245182195,14583614.116138171,4.861941680673839e-05,0.0107178551626252,colebrook
moody_eps4.86e-05_Re1.66e+07,1374131.6358139692,158.00608100146465,0.001,1000.0,0.1,4.86194168067384e-06,0.01100805855269,15800608.100146469,4.861941680673839e-05,0.0107012842331783,colebrook
moody_eps4.86e-05_Re1.88e+07,1856694.3538337825,185.42138048847872,0.001,1000.0,0.1,4.86194168067384e-06,0.0108006723658713,18542138.048847876,4.861941680673839e-05,0.0106716043031891,colebrook
moody_eps4.86e-05_Re2.14e+07,2396345.5148124117,207.3399756947648,0.001,1000.0,0.1,4.86194168067384e-06,0.0111484206138581,20733997.56947648,4.861941680673839e-05,0.0106533157621949,colebrook
moody_eps4.86e-05_Re2.43e+07,3195459.6339789694,248.51749466715327,0.001,1000.0,0.1,4.86194168067384e-06,0.0103478326826973,24851749.466715325,4.861941680673839e-05,0.0106274117528252,colebrook
moody_eps4.86e-05_Re2.77e+07,4321438.4580681445,279.6844644186346,0.001,1000.0,0.1,4.86194168067384e-06,0.0110489661101776,27968446.44186346,4.861941680673839e-05,0.0106127359549564,colebrook
moody_eps4.86e-05_Re3.15e+07,4935773.446935619,313.05377831451807,0.001,1000.0,0.1,4.86194168067384e-06,0.010072732797526,31305377.831451807,4.861941680673839e-05,0.010600181154476,colebrook
moody_eps4.86e-05_Re3.58e+07,7363335.586509973,362.79267755844654,0.001,1000.0,0.1,4.86194168067384e-06,0.0111889044202148,36279267.75584465,4.861941680673839e-05,0.0105856608078572,colebrook
moody_eps4.86e-05_Re4.07e+07,8206602.269352089,387.86749170206735,0.001,1000.0,0.1,4.86194168067384e-06,0.01091004692039,38786749.17020673,4.861941680673839e-05,0.0105797236091732,colebrook
moody_eps4.86e-05_Re4.63e+07,11122352.195304727,459.4584462489827,0.001,1000.0,0.1,4.86194168067384e-06,0.010537416824391,45945844.62489826,4.861941680673839e-05,0.010566276363595,colebrook
moody_eps4.86e-05_Re5.26e+07,14783777.568500018,529.1329566034176,0.001,1000.0,0.1,4.86194168067384e-06,0.0105605318634791,52913295.66034176,4.861941680673839e-05,0.0105566296636965,colebrook
moody_eps4.86e-05_Re5.98e+07,19193237.87588538,613.8955758128667,0.001,1000.0,0.1,4.86194168067384e-06,0.0101856613890468,61389557.58128667,4.861941680673839e-05,0.0105478071364027,colebrook
moody_eps4.86e-05_Re6.80e+07,23591965.0542317,678.451863505957,0.001,1000.0,0.1,4.86194168067384e-06,0.0102507592210636,67845186.3505957,4.861941680673839e-05,0.0105425487993292,colebrook
moody_eps4.86e-05_Re7.73e+07,33416771.902164675,761.6802745139033,0.001,1000.0,0.1,4.86194168067384e-06,0.011519909639797,76168027.45139033,4.861941680673839e-05,0.0105370707042763,colebrook
moody_eps4.86e-05_Re8.79e+07,39238735.24102794,857.4159536046477,0.001,1000.0,0.1,4.86194168067384e-06,0.0106748523372476,85741595.36046477,4.861941680673839e-05,0.0105320719764375,colebrook
moody_eps4.86e-05_Re1.00e+08,50606199.71620658,1009.2320280245824,0.001,1000.0,0.1,4.86194168067384e-06,0.0099369172198897,100923202.80245824,4.861941680673839e-05,0.0105260734969712,colebrook
moody_eps6.42e-05_Re1.44e+06,12100.32315571809,14.051993976375822,0.001,1000.0,0.1,6.4164698143860805e-06,0.0122560649742089,1405199.3976375822,6.41646981438608e-05,0.0124723688884651,colebrook
moody_eps6.42e-05_Re1.64e+06,17562.290570721798,16.46832017389383,0.001,1000.0,0.1,6.4164698143860805e-06,0.0129512757520587,1646832.0173893827,6.41646981438608e-05,0.0123046703337355,colebrook
moody_eps6.42e-05_Re1.86e+06,22149.969325811897,18.9737159968994,0.001,1000.0,0.1,6.4164698143860805e-06,0.0123054736121616,1897371.5996899395,6.41646981438608e-05,0.0121685811329379,colebrook
moody_eps6.42e-05_Re2.12e+06,26955.790552940314,21.57634690827821,0.001,1000.0,0.1,6.4164698143860805e-06,0.011580471352802,2157634.690827821,6.41646981438608e-05,0.0120555700716011,colebrook
moody_eps6.42e-05_Re2.41e+06,33991.46260606387,23.63663633129301,0.001,1000.0,0.1,6.4164698143860805e-06,0.0121682605728097,2363663.6331293005,6.41646981438608e-05,0.0119811683299688,colebrook
moody_eps6.42e-05_Re2.74e+06,46507.19416462155,28.26898978282125,0.001,1000.0,0.1,6.4164698143860805e-06,0.0116393722153627,2826898.9782821247,6.41646981438608e-05,0.0118483156489641,colebrook
moody_eps6.42e-05_Re3.12e+06,55895.64630714578,31.6988267913243,0.001,1000.0,0.1,6.4164698143860805e-06,0.0111255528273194,3169882.67913243,6.41646981438608e-05,0.011771908953654,colebrook
moody_eps6.42e-05_Re3.54e+06,79030.39931505025,35.984815863119906,0.001,1000.0,0.1,6.4164698143860805e-06,0.0122063439275646,3598481.58631199,6.41646981438608e-05,0.0116945840975467,colebrook
moody_eps6.42e-05_Re4.03e+06,91657.80393887409,40.06151233963239,0.001,1000.0,0.1,6.4164698143860805e-06,0.0114220685727562,4006151.233963239,6.41646981438608e-05,0.011634765958107,colebrook
moody_eps6.42e-05_Re4.58e+06,142355.6488089652,49.65674477314241,0.001,1000.0,0.1,6.4164698143860805e-06,0.0115464427984779,4965674.477314241,6.41646981438608e-05,0.0115292587864734,colebrook
moody_eps6.42e-05_Re5.21e+06,166229.12176250952,54.31667115733698,0.001,1000.0,0.1,6.4164698143860805e-06,0.0112686220808337,5431667.115733699,6.41646981438608e-05,0.0114903256493289,colebrook
moody_eps6.42e-05_Re5.93e+06,179062.04595093883,57.175702585084736,0.001,1000.0,0.1,6.4164698143860805e-06,0.0109549529854541,5717570.258508474,6.41646981438608e-05,0.0114693203120012,colebrook
moody_eps6.42e-05_Re6.74e+06,261277.60262688255,69.41575746986315,0.001,1000.0,0.1,6.4164698143860805e-06,0.0108446625816736,6941575.746986316,6.41646981438608e-05,0.0113975780988539,colebrook
moody_eps6.42e-05_Re7.66e+06,290959.5841938786,72.15518285036694,0.001,1000.0,0.1,6.4164698143860805e-06,0.0111770604532386,7215518.285036693,6.41646981438608e-05,0.0113846257696522,colebrook
moody_eps6.42e-05_Re8.71e+06,416508.66626883554,86.09781984960706,0.001,1000.0,0.1,6.4164698143860805e-06,0.0112375006244479,8609781.984960705,6.41646981438608e-05,0.0113307183851911,colebrook
moody_eps6.42e-05_Re9.90e+06,502354.896648975,95.42958275989278,0.001,1000.0,0.1,6.4164698143860805e-06,0.011032516497076,9542958.275989275,6.41646981438608e-05,0.0113029581745557,colebrook
moody_eps6.42e-05_Re1.13e+07,676366.9573800892,112.8161593032838,0.001,1000.0,0.1,6.4164698143860805e-06,0.0106284456806554,11281615.93032838,6.41646981438608e-05,0.0112629067539643,colebrook
moody_eps6.42e-05_Re1.28e+07,943731.6941095876,128.43704902277267,0.001,1000.0,0.1,6.4164698143860805e-06,0.011441893444062,12843704.902277268,6.41646981438608e-05,0.0112357793085102,colebrook
moody_eps6.42e-05_Re1.46e+07,1307723.3211409585,151.7372808043922,0.001,1000.0,0.1,6.4164698143860805e-06,0.0113595537358652,15173728.080439216,6.41646981438608e-05,0.0112053159501253,colebrook
moody_eps6.42e-05_Re1.66e+07,1658426.0727388088,171.42208414904712,0.001,1000.0,0.1,6.4164698143860805e-06,0.0112873650400496,17142208.41490471,6.41646981438608e-05,0.0111858214615365,colebrook
moody_eps6.42e-05_Re1.88e+07,2172850.1594445715,196.899779273693,0.001,1000.0,0.1,6.4164698143860805e-06,0.0112090631348309,19689977.9273693,6.41646981438608e-05,0.0111662098874439,colebrook
moody_eps6.42e-05_Re2.14e+07,2947801.754028681,227.90608051897752,0.001,1000.0,0.1,6.4164698143860805e-06,0.0113505379229741,22790608.05189775,6.41646981438608e-05,0.0111481082505406,colebrook
moody_eps6.42e-05_Re2.43e+07,3210216.2045121216,239.3790065870912,0.001,1000.0,0.1,6.4164698143860805e-06,0.0112044916585049,23937900.65870912,6.41646981438608e-05,0.0111425700616606,colebrook
moody_eps6.42e-05_Re2.77e+07,3983223.901749959,262.6885521024103,0.001,1000.0,0.1,6.4164698143860805e-06,0.0115446938754575,26268855.21024103,6.41646981438608e-05,0.0111327748371442,colebrook
moody_eps6.42e-05_Re3.15e+07,5619885.508861329,312.14672523050655,0.001,1000.0,0.1,6.4164698143860805e-06,0.0115355922755465,31214672.52305065,6.41646981438608e-05,0.0111167449593067,colebrook
moody_eps6.42e-05_Re3.58e+07,8118060.685988936,382.3773495652247,0.001,1000.0,0.1,6.4164698143860805e-06,0.0111044735003212,38237734.95652247,6.41646981438608e-05,0.011100996674798,colebrook
moody_eps6.42e-05_Re4.07e+07,9165994.035255788,407.37262745678265,0.001,1000.0,0.1,6.4164698143860805e-06,0.0110465300336693,40737262.74567826,6.41646981438608e-05,0.0110966827539869,colebrook
moody_eps6.42e-05_Re4.63e+07,12971423.99807191,467.887026987399,0.001,1000.0,0.1,6.4164698143860805e-06,0.0118504718648678,46788702.6987399,6.41646981438608e-05,0.0110881228119338,colebrook
moody_eps6.42e-05_Re5.26e+07,16681669.680469831,546.7595941868775,0.001,1000.0,0.1,6.4164698143860805e-06,0.0111603210455186,54675959.41868775,6.41646981438608e-05,0.0110797788372325,colebrook
moody_eps6.42e-05_Re5.98e+07,19852042.041850798,617.547052022635,0.001,1000.0,0.1,6.4164698143860805e-06,0.0104110630399515,61754705.2022635,6.41646981438608e-05,0.011074087194815,colebrook
moody_eps6.42e-05_Re6.80e+07,23700447.487018656,682.7388196351488,0.001,1000.0,0.1,6.4164698143860805e-06,0.0101689789352492,68273881.96351488,6.41646981438608e-05,0.0110698801375178,colebrook
moody_eps6.42e-05_Re7.73e+07,33172417.972739182,799.972812548904,0.001,1000.0,0.1,6.4164698143860805e-06,0.0103670852410651,79997281.2548904,6.41646981438608e-05,0.0110640266700736,colebrook
moody_eps6.42e-05_Re8.79e+07,43020604.132114254,894.0228346779384,0.001,1000.0,0.1,6.4164698143860805e-06,0.0107648820972189,89402283.46779384,6.41646981438608e-05,0.0110604329443824,colebrook
moody_eps6.42e-05_Re1.00e+08,62050353.52070579,1079.7976685445674,0.001,1000.0,0.1,6.4164698143860805e-06,0.0106436230403399,107979766.85445674,6.41646981438608e-05,0.0110551634382441,colebrook
moody_eps8.47e-05_Re1.44e+06,13901.765180929544,14.805848277245696,0.001,1000.0,0.1,8.468033469546193e-06,0.0126833318271312,1480584.8277245697,8.468033469546193e-05,0.012787309586628,colebrook
moody_eps8.47e-05_Re1.64e+06,15440.981289687275,15.431090031951474,0.001,1000.0,0.1,8.468033469546193e-06,0.0129691550412656,1543109.0031951473,8.468033469546193e-05,0.0127482721539089,colebrook
moody_eps8.47e-05_Re1.86e+06,23262.15075428062,19.386153208166647,0.001,1000.0,0.1,8.468033469546193e-06,0.0123793140401898,1938615.3208166645,8.468033469546193e-05,0.0125518068359142,colebrook
moody_eps8.47e-05_Re2.12e+06,28198.1774445244,21.70953804788852,0.001,1000.0,0.1,8.468033469546193e-06,0.0119660240169992,2170953.804788852,8.468033469546193e-05,0.0124655410143887,colebrook
moody_eps8.47e-05_Re2.41e+06,33320.72683611914,23.59257648806255,0.001,1000.0,0.1,8.468033469546193e-06,0.0119727446038728,2359257.648806255,8.468033469546193e-05,0.0124065639060519,colebrook
moody_eps8.47e-05_Re2.74e+06,44907.46239685647,27.49318104558697,0.001,1000.0,0.1,8.468033469546193e-06,0.0118822456514342,2749318.104558697,8.468033469546193e-05,0.0123072688195802,colebrook
moody_eps8.47e-05_Re3.12e+06,66517.70641692783,32.759682565632126,0.001,1000.0,0.1,8.468033469546193e-06,0.0123961805151303,3275968.2565632127,8.468033469546193e-05,0.0122070837300335,colebrook
moody_eps8.47e-05_Re3.54e+06,78282.57421937665,35.49072845944345,0.001,1000.0,0.1,8.468033469546193e-06,0.0124298322377636,3549072.845944345,8.468033469546193e-05,0.0121657527893917,colebrook
moody_eps8.47e-05_Re4.03e+06,107240.77097891008,41.87719744081728,0.001,1000.0,0.1,8.468033469546193e-06,0.0122302322443,4187719.744081728,8.468033469546193e-05,0.0120884233415841,colebrook
moody_eps8.47e-05_Re4.58e+06,120760.7794793918,44.6910899827179,0.001,1000.0,0.1,8.468033469546193e-06,0.012092441900779,4469108.998271789,8.468033469546193e-05,0.0120608160293266,colebrook
moody_eps8.47e-05_Re5.21e+06,161373.92520537353,51.43065506126296,0.001,1000.0,0.1,8.468033469546193e-06,0.0122016692012413,5143065.506126295,8.468033469546193e-05,0.0120061141638912,colebrook
moody_eps8.47e-05_Re5.93e+06,205571.4229699195,58.56660869433264,0.001,1000.0,0.1,8.468033469546193e-06,0.0119865053613982,5856660.869433263,8.468033469546193e-05,0.0119610507800656,colebrook
moody_eps8.47e-05_Re6.74e+06,281034.5287347119,69.52840141477091,0.001,1000.0,0.1,8.468033469546193e-06,0.0116269335125472,6952840.14147709,8.468033469546193e-05,0.0119088595303233,colebrook
moody_eps8.47e-05_Re7.66e+06,343219.166284396,76.26807157521054,0.001,1000.0,0.1,8.468033469546193e-06,0.0118009235466774,7626807.157521054,8.468033469546193e-05,0.0118838392321106,colebrook
moody_eps8.47e-05_Re8.71e+06,468227.0831475138,85.52871465852635,0.001,1000.0,0.1,8.468033469546193e-06,0.0128015523145515,8552871.465852635,8.468033469546193e-05,0.0118555941794977,colebrook
moody_eps8.47e-05_Re9.90e+06,609571.3454336198,102.58310946430932,0.001,1000.0,0.1,8.468033469546193e-06,0.011585180938822,10258310.946430933,8.468033469546193e-05,0.0118163970194648,colebrook
moody_eps8.47e-05_Re1.13e+07,727612.8733768957,110.47396214568492,0.001,1000.0,0.1,8.468033469546193e-06,0.0119236854150476,11047396.21456849,8.468033469546193e-05,0.0118022047160591,colebrook
moody_eps8.47e-05_Re1.28e+07,1038160.8881877344,133.01929847205804,0.001,1000.0,0.1,8.468033469546193e-06,0.0117345206260697,13301929.847205805,8.468033469546193e-05,0.0117706435331368,colebrook
moody_eps8.47e-05_Re1.46e+07,1244487.454748546,149.38509502205912,0.001,1000.0,0.1,8.468033469546193e-06,0.0111533667552274,14938509.502205912,8.468033469546193e-05,0.0117535328023616,colebrook
moody_eps8.47e-05_Re1.66e+07,1715354.4330598286,167.5927318870867,0.001,1000.0,0.1,8.468033469546193e-06,0.0122144384165014,16759273.188708669,8.468033469546193e-05,0.0117383239156708,colebrook
moody_eps8.47e-05_Re1.88e+07,2058469.7835266013,189.18599490872512,0.001,1000.0,0.1,8.468033469546193e-06,0.0115026134535092,18918599.49087251,8.468033469546193e-05,0.0117239956107896,colebrook
moody_eps8.47e-05_Re2.14e+07,2784247.1498547974,221.329078707674,0.001,1000.0,0.1,8.468033469546193e-06,0.0113673917432889,22132907.8707674,8.468033469546193e-05,0.0117077440699655,colebrook
moody_eps8.47e-05_Re2.43e+07,3471261.537882079,241.3627110218613,0.001,1000.0,0.1,8.468033469546193e-06,0.0119172755572405,24136271.10218613,8.468033469546193e-05,0.0116997651987463,colebrook
moody_eps8.47e-05_Re2.77e+07,4591526.936272792,269.3423090931908,0.001,1000.0,0.1,8.468033469546193e-06,0.0126583754862235,26934230.90931908,8.468033469546193e-05,0.0116905757970255,colebrook
moody_eps8.47e-05_Re3.15e+07,5383637.421551466,312.9325942232888,0.001,1000.0,0.1,8.468033469546193e-06,0.0109952269506458,31293259.422328874,8.468033469546193e-05,0.0116794874941442,colebrook
moody_eps8.47e-05_Re3.58e+07,8070549.885194186,369.90558428773903,0.001,1000.0,0.1,8.468033469546193e-06,0.0117964504154845,36990558.4287739,8.468033469546193e-05,0.0116688876877583,colebrook
moody_eps8.47e-05_Re4.07e+07,9778103.357750658,406.4572609593278,0.001,1000.0,0.1,8.468033469546193e-06,0.0118373597598319,40645726.09593278,8.468033469546193e-05,0.011663634867188,colebrook
moody_eps8.47e-05_Re4.63e+07,12928027.591076683,471.69384499022175,0.001,1000.0,0.1,8.468033469546193e-06,0.0116209557473576,47169384.49902218,8.468033469546193e-05,0.0116562636438026,colebrook
moody_eps8.47e-05_Re5.26e+07,17011474.706176065,537.177412172767,0.001,1000.0,0.1,8.468033469546193e-06,0.011790615420939,53717741.21727671,8.468033469546193e-05,0.0116506500104284,colebrook
moody_eps8.47e-05_Re5.98e+07,21760600.26900722,615.7025383853324,0.001,1000.0,0.1,8.468033469546193e-06,0.0114804517789651,61570253.838533245,8.468033469546193e-05,0.0116454813377831,colebrook
moody_eps8.47e-05_Re6.80e+07,26838457.691464394,672.5520707246454,0.001,1000.0,0.1,8.468033469546193e-06,0.0118668573608061,67255207.07246454,8.468033469546193e-05,0.0116424875320107,colebrook
moody_eps8.47e-05_Re7.73e+07,36304670.98228736,790.071937993874,0.001,1000.0,0.1,8.468033469546193e-06,0.0116321294741345,79007193.7993874,8.468033469546193e-05,0.0116376567562089,colebrook
moody_eps8.47e-05_Re8.79e+07,46600089.37991718,882.199594764747,0.001,1000.0,0.1,8.468033469546193e-06,0.0119752072260298,88219959.4764747,8.468033469546193e-05,0.0116347650739174,colebrook
moody_eps8.47e-05_Re1.00e+08,53343197.71348175,974.986994857472,0.001,1000.0,0.1,8.468033469546193e-06,0.0112230628880856,97498699.4857472,8.468033469546193e-05,0.0116324024689231,colebrook
moody_eps1.12e-04_Re1.44e+06,15785.19920049458,15.540408061360344,0.001,1000.0,0.1,1.1175551808968563e-05,0.0130723969141488,1554040.8061360344,0.0001117555180896,0.0131880988346491,colebrook
moody_eps1.12e-04_Re1.64e+06,16594.0150538511,15.85325142411587,0.001,1000.0,0.1,1.1175551808968563e-05,0.0132051938418375,1585325.1424115868,0.0001117555180896,0.013172068138215,colebrook
moody_eps1.12e-04_Re1.86e+06,20114.67597098307,17.961634431722377,0.001,1000.0,0.1,1.1175551808968563e-05,0.0124695657753399,1796163.4431722376,0.0001117555180896,0.0130768525900868,colebrook
moody_eps1.12e-04_Re2.12e+06,30323.316152760948,21.826187715367382,0.001,1000.0,0.1,1.1175551808968563e-05,0.0127306599425845,2182618.771536738,0.0001117555180896,0.0129451582451606,colebrook
moody_eps1.12e-04_Re2.41e+06,37283.83525034316,24.467255647108285,0.001,1000.0,0.1,1.1175551808968563e-05,0.0124560417845159,2446725.5647108285,0.0001117555180896,0.0128767863356737,colebrook
moody_eps1.12e-04_Re2.74e+06,45758.72289117736,27.21720560648084,0.001,1000.0,0.1,1.1175551808968563e-05,0.0123542624307122,2721720.560648084,0.0001117555180896,0.0128184301434997,colebrook
moody_eps1.12e-04_Re3.12e+06,61763.26809631881,30.301779716562468,0.001,1000.0,0.1,1.1175551808968563e-05,0.0134531501740841,3030177.971656247,0.0001117555180896,0.0127645295297233,colebrook
moody_eps1.12e-04_Re3.54e+06,85072.4454622933,36.25142986799274,0.001,1000.0,0.1,1.1175551808968563e-05,0.0129469845698149,3625142.986799274,0.0001117555180896,0.0126846092167529,colebrook
moody_eps1.12e-04_Re4.03e+06,101491.64800727306,40.27778411147349,0.001,1000.0,0.1,1.1175551808968563e-05,0.0125120698644616,4027778.411147349,0.0001117555180896,0.0126430287024441,colebrook
moody_eps1.12e-04_Re4.58e+06,130379.96403015024,45.79131658937376,0.001,1000.0,0.1,1.1175551808968563e-05,0.0124358247022641,4579131.658937376,0.0001117555180896,0.0125972389820385,colebrook
moody_eps1.12e-04_Re5.21e+06,175271.441611463,52.92148527916456,0.001,1000.0,0.1,1.1175551808968563e-05,0.0125163328946955,5292148.527916457,0.0001117555180896,0.0125514171249174,colebrook
moody_eps1.12e-04_Re5.93e+06,240958.5172076941,59.6043204880326,0.001,1000.0,0.1,1.1175551808968563e-05,0.0135649062069693,5960432.04880326,0.0001117555180896,0.0125179424114533,colebrook
moody_eps1.12e-04_Re6.74e+06,274264.0562047738,67.36766542895069,0.001,1000.0,0.1,1.1175551808968563e-05,0.0120863702834086,6736766.542895068,0.0001117555180896,0.0124870314869687,colebrook
moody_eps1.12e-04_Re7.66e+06,389693.5921552153,80.35948010928777,0.001,1000.0,0.1,1.1175551808968563e-05,0.0120692149905424,8035948.010928778,0.0001117555180896,0.0124481664701018,colebrook
moody_eps1.12e-04_Re8.71e+06,468265.2833917994,84.44464084737973,0.001,1000.0,0.1,1.1175551808968563e-05,0.0131334181165882,8444464.084737971,0.0001117555180896,0.0124383286777978,colebrook
moody_eps1.12e-04_Re9.90e+06,606510.0202341424,100.38389179069168,0.001,1000.0,0.1,1.1175551808968563e-05,0.0120376002844912,10038389.179069169,0.0001117555180896,0.0124073671216551,colebrook
moody_eps1.12e-04_Re1.13e+07,824841.8317380924,112.96551503843416,0.001,1000.0,0.1,1.1175551808968563e-05,0.0129273319324462,11296551.503843416,0.0001117555180896,0.0123889287497023,colebrook
moody_eps1.12e-04_Re1.28e+07,967405.6633195272,124.63330860475986,0.001,1000.0,0.1,1.1175551808968563e-05,0.0124557640450469,12463330.860475983,0.0001117555180896,0.0123750729629705,colebrook
moody_eps1.12e-04_Re1.46e+07,1510158.4505093845,156.69598489716688,0.001,1000.0,0.1,1.1175551808968563e-05,0.0123008968287288,15669598.489716686,0.0001117555180896,0.0123474088559446,colebrook
moody_eps1.12e-04_Re1.66e+07,1514022.146338345,157.4950316269352,0.001,1000.0,0.1,1.1175551808968563e-05,0.0122075498811736,15749503.16269352,0.0001117555180896,0.012346860369652,colebrook
moody_eps1.12e-04_Re1.88e+07,2115799.18658018,186.7015966430892,0.001,1000.0,0.1,1.1175551808968563e-05,0.0121397118260529,18670159.66430892,0.0001117555180896,0.0123299788169077,colebrook
moody_eps1.12e-04_Re2.14e+07,3154709.4730930347,225.63421322122684,0.001,1000.0,0.1,1.1175551808968563e-05,0.0123930858918749,22563421.32212269,0.0001117555180896,0.0123141738823406,colebrook
moody_eps1.12e-04_Re2.43e+07,3717841.738604319,243.72368258327984,0.001,1000.0,0.1,1.1175551808968563e-05,0.0125177257189831,24372368.258327983,0.0001117555180896,0.0123085255269109,colebrook
moody_eps1.12e-04_Re2.77e+07,4489693.355662888,278.1139061667461,0.001,1000.0,0.1,1.1175551808968563e-05,0.0116091725374129,27811390.616674613,0.0001117555180896,0.0122997897896418,colebrook
moody_eps1.12e-04_Re3.15e+07,6447395.274512041,321.2171297198793,0.001,1000.0,0.1,1.1175551808968563e-05,0.0124973202246064,32121712.971987933,0.0001117555180896,0.0122914552243534,colebrook
moody_eps1.12e-04_Re3.58e+07,8235799.465757163,362.1199746396306,0.001,1000.0,0.1,1.1175551808968563e-05,0.0125611903388552,36211997.46396306,0.0001117555180896,0.0122853642076664,colebrook
moody_eps1.12e-04_Re4.07e+07,11336272.98858317,420.82242265767616,0.001,1000.0,0.1,1.1175551808968563e-05,0.0128027288244698,42082242.26576761,0.0001117555180896,0.0122786753762983,colebrook
moody_eps1.12e-04_Re4.63e+07,11672641.4236973,441.0420848840224,0.001,1000.0,0.1,1.1175551808968563e-05,0.0120015979851763,44104208.48840223,0.0001117555180896,0.0122767806274262,colebrook
moody_eps1.12e-04_Re5.26e+07,15760791.12161385,510.2940275721066,0.001,1000.0,0.1,1.1175551808968563e-05,0.0121050625575403,51029402.75721066,0.0001117555180896,0.0122714215563732,colebrook
moody_eps1.12e-04_Re5.98e+07,21267881.79932937,604.8607728399534,0.001,1000.0,0.1,1.1175551808968563e-05,0.0116263500197233,60486077.28399534,0.0001117555180896,0.012266074571293,colebrook
moody_eps1.12e-04_Re6.80e+07,28218189.991339363,693.9950392976901,0.001,1000.0,0.1,1.1175551808968563e-05,0.0117178090516991,69399503.92976901,0.0001117555180896,0.0122623623683398,colebrook
moody_eps1.12e-04_Re7.73e+07,33307906.007780846,750.7259362474651,0.001,1000.0,0.1,1.1175551808968563e-05,0.0118199185984458,75072593.62474652,0.0001117555180896,0.0122604566990855,colebrook
moody_eps1.12e-04_Re8.79e+07,46465024.39715718,866.5388062246817,0.001,1000.0,0.1,1.1175551808968563e-05,0.0123759951978276,86653880.62246817,0.0001117555180896,0.0122573380195118,colebrook
moody_eps1.12e-04_Re1.00e+08,56759383.30558866,940.1385581874496,0.001,1000.0,0.1,1.1175551808968563e-05,0.0128435160874164,94013855.81874496,0.0001117555180896,0.0122557539618473,colebrook
moody_eps1.47e-04_Re1.44e+06,13591.217243119012,14.396468207480968,0.001,1000.0,0.1,1.4748755857436831e-05,0.0131152455170664,1439646.8207480968,0.0001474875585743,0.0137640656982436,colebrook
moody_eps1.47e-04_Re1.64e+06,17510.381384091073,15.88619140586654,0.001,1000.0,0.1,1.4748755857436831e-05,0.0138766942437383,1588619.140586654,0.0001474875585743,0.0136937874489375,colebrook
moody_eps1.47e-04_Re1.86e+06,22579.369573993143,18.309061253002582,0.001,1000.0,0.1,1.4748755857436831e-05,0.0134713044887686,1830906.1253002584,0.0001474875585743,0.0136015922121623,colebrook
moody_eps1.47e-04_Re2.12e+06,33365.546175063355,21.53268201692827,0.001,1000.0,0.1,1.4748755857436831e-05,0.0143923588874139,2153268.201692827,0.0001474875585743,0.0135083860826666,colebrook
moody_eps1.47e-04_Re2.41e+06,37899.60417341984,23.576246959889342,0.001,1000.0,0.1,1.4748755857436831e-05,0.0136368896343325,2357624.6959889345,0.0001474875585743,0.0134614529828371,colebrook
moody_eps1.47e-04_Re2.74e+06,47034.78922475213,26.94844700438805,0.001,1000.0,0.1,1.4748755857436831e-05,0.0129533384393702,2694844.700438805,0.0001474875585743,0.0133984559708363,colebrook
moody_eps1.47e-04_Re3.12e+06,63011.45804208285,30.850911534342945,0.001,1000.0,0.1,1.4748755857436831e-05,0.0132407786029309,3085091.1534342943,0.0001474875585743,0.0133416391930281,colebrook
moody_eps1.47e-04_Re3.54e+06,82603.88261448595,34.98379108729211,0.001,1000.0,0.1,1.4748755857436831e-05,0.0134988482384106,3498379.108729211,0.0001474875585743,0.0132944852751956,colebrook
moody_eps1.47e-04_Re4.03e+06,99411.59237966452,39.95397126841621,0.001,1000.0,0.1,1.4748755857436831e-05,0.0124550971712362,3995397.126841621,0.0001474875585743,0.0132500254595708,colebrook
moody_eps1.47e-04_Re4.58e+06,145196.00007546585,46.55780980730424,0.001,1000.0,0.1,1.4748755857436831e-05,0.0133967534356224,4655780.980730424,0.0001474875585743,0.013204966387426,colebrook
moody_eps1.47e-04_Re5.21e+06,160953.20905142938,49.91214313686126,0.001,1000.0,0.1,1.4748755857436831e-05,0.0129216269726846,4991214.313686126,0.0001474875585743,0.0131864480116823,colebrook
moody_eps1.47e-04_Re5.93e+06,228826.5907092256,58.399763778372346,0.001,1000.0,0.1,1.4748755857436831e-05,0.0134188193069548,5839976.377837234,0.0001474875585743,0.0131487342750452,colebrook
moody_eps1.47e-04_Re6.74e+06,301804.5509739714,66.86713355536999,0.001,1000.0,0.1,1.4748755857436831e-05,0.0134998942727722,6686713.355536998,0.0001474875585743,0.0131203326345527,colebrook
moody_eps1.47e-04_Re7.66e+06,376797.01421565696,74.88510799061638,0.001,1000.0,0.1,1.4748755857436831e-05,0.0134383679321819,7488510.799061636,0.0001474875585743,0.0130991804510216,colebrook
moody_eps1.47e-04_Re8.71e+06,490569.07882098487,87.11141395265552,0.001,1000.0,0.1,1.4748755857436831e-05,0.0129294496762684,8711141.395265553,0.0001474875585743,0.013074225318393,colebrook
moody_eps1.47e-04_Re9.90e+06,689322.3005530251,101.55388029554524,0.001,1000.0,0.1,1.4748755857436831e-05,0.0133677797120714,10155388.029554522,0.0001474875585743,0.0130523118369916,colebrook
moody_eps1.47e-04_Re1.13e+07,852565.3432854783,114.58373305463608,0.001,1000.0,0.1,1.4748755857436831e-05,0.0129870865857705,11458373.305463606,0.0001474875585743,0.0130371852067344,colebrook
moody_eps1.47e-04_Re1.28e+07,1178367.7723809043,132.14463544085055,0.001,1000.0,0.1,1.4748755857436831e-05,0.0134962084600263,13214463.544085054,0.0001474875585743,0.0130214337574899,colebrook
moody_eps1.47e-04_Re1.46e+07,1358419.5579089369,144.26028700476635,0.001,1000.0,0.1,1.4748755857436831e-05,0.0130548034514596,14426028.700476635,0.0001474875585743,0.0130127653587572,colebrook
moody_eps1.47e-04_Re1.66e+07,1594559.866347114,158.20912801028737,0.001,1000.0,0.1,1.4748755857436831e-05,0.0127411242524382,15820912.801028736,0.0001474875585743,0.0130044048077555,colebrook
moody_eps1.47e-04_Re1.88e+07,2371346.6593785943,193.84657473924932,0.001,1000.0,0.1,1.4748755857436831e-05,0.0126214362916249,19384657.47392493,0.0001474875585743,0.0129884411380494,colebrook
moody_eps1.47e-04_Re2.14e+07,3031148.502256608,216.22786488157817,0.001,1000.0,0.1,1.4748755857436831e-05,0.0129662350347521,21622786.488157816,0.0001474875585743,0.0129810756691633,colebrook
moody_eps1.47e-04_Re2.43e+07,4258804.470074537,255.7176452544389,0.001,1000.0,0.1,1.4748755857436831e-05,0.0130255569978746,25571764.52544389,0.0001474875585743,0.0129711945232721,colebrook
moody_eps1.47e-04_Re2.77e+07,4382840.201377037,261.62347993170715,0.001,1000.0,0.1,1.4748755857436831e-05,0.0128065513765255,26162347.99317072,0.0001474875585743,0.0129699707996383,colebrook
moody_eps1.47e-04_Re3.15e+07,6704250.757580941,318.7298503233016,0.001,1000.0,0.1,1.4748755857436831e-05,0.0131988097170954,31872985.03233016,0.0001474875585743,0.0129604594645008,colebrook
moody_eps1.47e-04_Re3.58e+07,8860899.293842798,362.87482771814496,0.001,1000.0,0.1,1.4748755857436831e-05,0.0134584210470186,36287482.771814495,0.0001474875585743,0.0129551446548192,colebrook
moody_eps1.47e-04_Re4.07e+07,10283995.05090646,410.00146573000393,0.001,1000.0,0.1,1.4748755857436831e-05,0.0122354806921347,41000146.5730004,0.0001474875585743,0.0129507263825152,colebrook
moody_eps1.47e-04_Re4.63e+07,13421525.660313789,453.8864010951269,0.001,1000.0,0.1,1.4748755857436831e-05,0.0130297937013384,45388640.10951269,0.0001474875585743,0.0129474325636045,colebrook
moody_eps1.47e-04_Re5.26e+07,17372751.74644321,515.4093564891887,0.001,1000.0,0.1,1.4748755857436831e-05,0.0130795864549254,51540935.64891887,0.0001474875585743,0.0129437547737253,colebrook
moody_eps1.47e-04_Re5.98e+07,24717702.033845045,603.3228201280409,0.001,1000.0,0.1,1.4748755857436831e-05,0.0135812137178004,60332282.01280409,0.0001474875585743,0.012939795768896,colebrook
moody_eps1.47e-04_Re6.80e+07,27673079.354417663,665.9585295514765,0.001,1000.0,0.1,1.4748755857436831e-05,0.01247938297201,66595852.95514765,0.0001474875585743,0.0129376103861929,colebrook
moody_eps1.47e-04_Re7.73e+07,35376008.893719,744.8680847368759,0.001,1000.0,0.1,1.4748755857436831e-05,0.012752052647185,74486808.47368759,0.0001474875585743,0.0129353786476562,colebrook
moody_eps1.47e-04_Re8.79e+07,51294427.624789774,892.755384288735,0.001,1000.0,0.1,1.4748755857436831e-05,0.0128716797956243,89275538.4288735,0.0001474875585743,0.0129322556691068,colebrook
moody_eps1.47e-04_Re1.00e+08,60005964.08665967,979.533886963102,0.001,1000.0,0.1,1.4748755857436831e-05,0.0125079311901653,97953388.6963102,0.0001474875585743,0.0129308610488215,colebrook
moody_eps1.95e-04_Re1.44e+06,15892.752680632098,14.896092328805588,0.001,1000.0,0.1,1.946443478233524e-05,0.014324662872619,1489609.2328805588,0.0001946443478233,0.0143356634606298,colebrook
moody_eps1.95e-04_Re1.64e+06,18508.518324027336,16.38345283220065,0.001,1000.0,0.1,1.946443478233524e-05,0.0137908418658314,1638345.2832200648,0.0001946443478233,0.0142792938083167,colebrook
moody_eps1.95e-04_Re1.86e+06,25189.37951245028,19.037009367011397,0.001,1000.0,0.1,1.946443478233524e-05,0.0139011272278972,1903700.9367011392,0.0001946443478233,0.0141989950255017,colebrook
moody_eps1.95e-04_Re2.12e+06,31824.35663980688,20.843461298650727,0.001,1000.0,0.1,1.946443478233524e-05,0.0146504157026225,2084346.129865073,0.0001946443478233,0.0141552235129713,colebrook
moody_eps1.95e-04_Re2.41e+06,38340.28475656503,23.3876104048946,0.001,1000.0,0.1,1.946443478233524e-05,0.0140188900123291,2338761.04048946,0.0001946443478233,0.0141043247953853,colebrook
moody_eps1.95e-04_Re2.74e+06,53346.45702288466,27.405772431746158,0.001,1000.0,0.1,1.946443478233524e-05,0.0142053350845948,2740577.243174616,0.0001946443478233,0.0140421284621847,colebrook
moody_eps1.95e-04_Re3.12e+06,74460.05119374172,32.64349588821605,0.001,1000.0,0.1,1.946443478233524e-05,0.0139752633743064,3264349.588821605,0.0001946443478233,0.0139829547429361,colebrook
moody_eps1.95e-04_Re3.54e+06,90189.2572525453,36.0039091211344,0.001,1000.0,0.1,1.946443478233524e-05,0.0139150731072615,3600390.91211344,0.0001946443478233,0.0139536597313506,colebrook
moody_eps1.95e-04_Re4.03e+06,105841.06653601889,38.32856099775121,0.001,1000.0,0.1,1.946443478233524e-05,0.0144091769343263,3832856.099775121,0.0001946443478233,0.0139362748094008,colebrook
moody_eps1.95e-04_Re4.58e+06,157961.32755767967,46.84497294130095,0.001,1000.0,0.1,1.946443478233524e-05,0.0143964292021738,4684497.294130094,0.0001946443478233,0.0138868129470373,colebrook
moody_eps1.95e-04_Re5.21e+06,177546.97490651044,50.48935260173049,0.001,1000.0,0.1,1.946443478233524e-05,0.0139297611172557,5048935.260173049,0.0001946443478233,0.0138705791319986,colebrook
moody_eps1.95e-04_Re5.93e+06,290690.7065030227,62.72851840297544,0.001,1000.0,0.1,1.946443478233524e-05,0.0147751222569524,6272851.840297544,0.0001946443478233,0.0138294969894845,colebrook
moody_eps1.95e-04_Re6.74e+06,317817.1009042467,67.52463976138264,0.001,1000.0,0.1,1.946443478233524e-05,0.0139406397853784,6752463.976138265,0.0001946443478233,0.0138173582402792,colebrook
moody_eps1.95e-04_Re7.66e+06,379984.6559011535,74.431954869949,0.001,1000.0,0.1,1.946443478233524e-05,0.0137175706199916,7443195.4869949,0.0001946443478233,0.0138025621105863,colebrook
moody_eps1.95e-04_Re8.71e+06,515395.480187581,85.1295906683386,0.001,1000.0,0.1,1.946443478233524e-05,0.0142235993623508,8512959.06683386,0.0001946443478233,0.0137842901926756,colebrook
moody_eps1.95e-04_Re9.90e+06,657371.5390854789,97.85555020716046,0.001,1000.0,0.1,1.946443478233524e-05,0.0137299819625845,9785555.020716049,0.0001946443478233,0.013767664919184,colebrook
moody_eps1.95e-04_Re1.13e+07,911025.284603678,115.33933948469073,0.001,1000.0,0.1,1.946443478233524e-05,0.0136963708354699,11533933.94846907,0.0001946443478233,0.0137507160961375,colebrook
moody_eps1.95e-04_Re1.28e+07,1192992.9014396484,132.1171915027027,0.001,1000.0,0.1,1.946443478233524e-05,0.0136693917185292,13211719.15027027,0.0001946443478233,0.0137386134266128,colebrook
moody_eps1.95e-04_Re1.46e+07,1476889.1329598438,148.92099941274594,0.001,1000.0,0.1,1.946443478233524e-05,0.0133188278746259,14892099.941274593,0.0001946443478233,0.0137291930234764,colebrook
moody_eps1.95e-04_Re1.66e+07,1797556.348467846,165.4868839645791,0.001,1000.0,0.1,1.946443478233524e-05,0.0131276005038819,16548688.396457909,0.0001946443478233,0.0137217586399705,colebrook
moody_eps1.95e-04_Re1.88e+07,2257452.25344915,183.4557408781125,0.001,1000.0,0.1,1.946443478233524e-05,0.0134148541662398,18345574.08781125,0.0001946443478233,0.0137151979372213,colebrook
moody_eps1.95e-04_Re2.14e+07,3415849.0432874905,226.8525430451461,0.001,1000.0,0.1,1.946443478233524e-05,0.0132752088131875,22685254.304514613,0.0001946443478233,0.0137036055300792,colebrook
moody_eps1.95e-04_Re2.43e+07,4649644.486961977,257.9882372972886,0.001,1000.0,0.1,1.946443478233524e-05,0.0139717219155739,25798823.729728863,0.0001946443478233,0.0136976745037302,colebrook
moody_eps1.95e-04_Re2.77e+07,5276040.20465411,280.64107845473643,0.001,1000.0,0.1,1.946443478233524e-05,0.0133978654114312,28064107.845473643,0.0001946443478233,0.0136941811277417,colebrook
moody_eps1.95e-04_Re3.15e+07,7533247.94276061,322.49751274106524,0.001,1000.0,0.1,1.946443478233524e-05,0.0144863681623208,32249751.27410652,0.0001946443478233,0.0136890102461456,colebrook
moody_eps1.95e-04_Re3.58e+07,9403912.631405368,368.5198230692234,0.001,1000.0,0.1,1.946443478233524e-05,0.0138489508287777,36851982.30692234,0.0001946443478233,0.0136846738713314,colebrook
moody_eps1.95e-04_Re4.07e+07,11616756.472737614,407.8370604621276,0.001,1000.0,0.1,1.946443478233524e-05,0.0139682341012471,40783706.04621276,0.0001946443478233,0.0136817410179196,colebrook
moody_eps1.95e-04_Re4.63e+07,14689655.930269072,464.8939006233615,0.001,1000.0,0.1,1.946443478233524e-05,0.0135935823549587,46489390.06233615,0.0001946443478233,0.0136783637587313,colebrook
moody_eps1.95e-04_Re5.26e+07,19741986.064110037,540.0151137631017,0.001,1000.0,0.1,1.946443478233524e-05,0.0135396989131111,54001511.37631017,0.0001946443478233,0.0136750019526628,colebrook
moody_eps1.95e-04_Re5.98e+07,27483009.71454521,614.3497557479325,0.001,1000.0,0.1,1.946443478233524e-05,0.0145634043288801,61434975.57479325,0.0001946443478233,0.0136724822333908,colebrook
moody_eps1.95e-04_Re6.80e+07,33018888.441906743,700.0842557803926,0.001,1000.0,0.1,1.946443478233524e-05,0.0134738535564595,70008425.57803926,0.0001946443478233,0.0136702388346637,colebrook
moody_eps1.95e-04_Re7.73e+07,41734842.14016631,769.1128732976,0.001,1000.0,0.1,1.946443478233524e-05,0.0141107016571976,76911287.32976,0.0001946443478233,0.0136687951759724,colebrook
moody_eps1.95e-04_Re8.79e+07,53205688.87893688,857.9893498216005,0.001,1000.0,0.1,1.946443478233524e-05,0.0144552055700046,85798934.98216005,0.0001946443478233,0.0136672777812648,colebrook
moody_eps1.95e-04_Re1.00e+08,67813634.29882947,994.1646606547858,0.001,1000.0,0.1,1.946443478233524e-05,0.013722409426738,99416466.06547858,0.0001946443478233,0.0136654781857852,colebrook
moody_eps2.57e-04_Re1.10e+05,124.25081498774996,1.1022528823294555,0.001,1000.0,0.1,2.5687876662813252e-05,0.0204534585690945,110225.28823294556,0.0002568787666281,0.0189784020001526,colebrook
moody_eps2.57e-04_Re1.26e+05,142.30787848237418,1.261163606481611,0.001,1000.0,0.1,2.5687876662813252e-05,0.0178943562960872,126116.3606481611,0.0002568787666281,0.0185937749200593,colebrook
moody_eps2.57e-04_Re1.43e+05,181.61402223737988,1.398258215884003,0.001,1000.0,0.1,2.5687876662813252e-05,0.0185782418811722,139825.82158840026,0.0002568787666281,0.0183158534062211,colebrook
moody_eps2.57e-04_Re1.62e+05,243.97087845489656,1.6198890338980518,0.001,1000.0,0.1,2.5687876662813252e-05,0.0185950544677295,161988.90338980517,0.0002568787666281,0.0179439502970026,colebrook
moody_eps2.57e-04_Re1.85e+05,325.1263633122984,1.8970558269847475,0.001,1000.0,0.1,2.5687876662813252e-05,0.0180684941215147,189705.58269847475,0.0002568787666281,0.0175754309900589,colebrook
moody_eps2.57e-04_Re2.10e+05,411.799938095422,2.1552188001210872,0.001,1000.0,0.1,2.5687876662813252e-05,0.01773101262797,215521.88001210877,0.0002568787666281,0.0173000532444976,colebrook
moody_eps2.57e-04_Re2.39e+05,507.41271066840255,2.3796126115360936,0.001,1000.0,0.1,2.5687876662813252e-05,0.017921683933931,237961.26115360935,0.0002568787666281,0.0170995259722861,colebrook
moody_eps2.57e-04_Re2.72e+05,648.6302102355834,2.808919531612866,0.001,1000.0,0.1,2.5687876662813252e-05,0.0164417701271539,280891.9531612866,0.0002568787666281,0.0167886204876161,colebrook
moody_eps2.57e-04_Re3.09e+05,838.6981101531189,3.1292365044865864,0.001,1000.0,0.1,2.5687876662813252e-05,0.0171300600043945,312923.6504486586,0.0002568787666281,0.0166022863796715,colebrook
moody_eps2.57e-04_Re3.51e+05,1115.169979908454,3.666879517851155,0.001,1000.0,0.1,2.5687876662813252e-05,0.0165873796248533,366687.95178511547,0.0002568787666281,0.0163505642631454,colebrook
moody_eps2.57e-04_Re3.99e+05,1281.581838753445,4.0969478274466296,0.001,1000.0,0.1,2.5687876662813252e-05,0.0152705779114604,409694.78274466295,0.0002568787666281,0.0161892325086039,colebrook
moody_eps2.57e-04_Re4.54e+05,1630.1941596340607,4.50504566009851,0.001,1000.0,0.1,2.5687876662813252e-05,0.0160646376607935,450504.566009851,0.0002568787666281,0.0160602767524805,colebrook
moody_eps2.57e-04_Re5.16e+05,1995.6565912426145,5.00618196813023,0.001,1000.0,0.1,2.5687876662813252e-05,0.0159258471527707,500618.196813023,0.0002568787666281,0.0159265294155213,colebrook
moody_eps2.57e-04_Re5.87e+05,2579.039076521948,5.822920250664166,0.001,1000.0,0.1,2.5687876662813252e-05,0.0152126976490641,582292.0250664166,0.0002568787666281,0.0157514034094814,colebrook
moody_eps2.57e-04_Re6.67e+05,3520.7315173459883,6.786933025329137,0.001,1000.0,0.1,2.5687876662813252e-05,0.0152867715954837,678693.3025329137,0.0002568787666281,0.0155924524225799,colebrook
moody_eps2.57e-04_Re7.59e+05,4486.996548596444,7.499511058043444,0.001,1000.0,0.1,2.5687876662813252e-05,0.0159558458336359,749951.1058043444,0.0002568787666281,0.0154982458050976,colebrook
moody_eps2.57e-04_Re8.63e+05,5748.127267484841,8.462227965885743,0.001,1000.0,0.1,2.5687876662813252e-05,0.0160541356923592,846222.7965885743,0.0002568787666281,0.0153935194889166,colebrook
moody_eps2.57e-04_Re9.81e+05,7371.402228447399,9.949987602906084,0.001,1000.0,0.1,2.5687876662813252e-05,0.014891382737038,994998.7602906084,0.0002568787666281,0.0152678130897004,colebrook
moody_eps2.57e-04_Re1.12e+06,8699.261259427449,10.679479712995583,0.001,1000.0,0.1,2.5687876662813252e-05,0.0152549988567551,1067947.9712995584,0.0002568787666281,0.015217823661038,colebrook
moody_eps2.57e-04_Re1.27e+06,11235.660240295996,12.408387945835235,0.001,1000.0,0.1,2.5687876662813252e-05,0.01459479056613,1240838.7945835236,0.0002568787666281,0.0151209386416106,colebrook
moody_eps2.57e-04_Re1.44e+06,14284.91146189868,13.88280258083903,0.001,1000.0,0.1,2.5687876662813252e-05,0.0148235851675243,1388280.258083903,0.0002568787666281,0.0150559749209473,colebrook
moody_eps2.57e-04_Re1.64e+06,19668.073079319973,16.16694840686061,0.001,1000.0,0.1,2.5687876662813252e-05,0.015049972425983,1616694.8406860607,0.0002568787666281,0.0149772021998261,colebrook
moody_eps2.57e-04_Re1.86e+06,23698.660079946207,17.960349302576425,0.001,1000.0,0.1,2.5687876662813252e-05,0.0146934652359245,1796034.9302576424,0.0002568787666281,0.014928548874125,colebrook
moody_eps2.57e-04_Re2.12e+06,31474.276057968684,20.810693438366425,0.001,1000.0,0.1,2.5687876662813252e-05,0.0145349198721959,2081069.3438366423,0.0002568787666281,0.0148675556864793,colebrook
moody_eps2.57e-04_Re2.41e+06,46892.18681900406,25.069713410167346,0.001,1000.0,0.1,2.5687876662813252e-05,0.014922161765617,2506971.341016734,0.0002568787666281,0.0148010890972005,colebrook
moody_eps2.57e-04_Re2.74e+06,64577.3968581208,29.23763522354924,0.001,1000.0,0.1,2.5687876662813252e-05,0.0151086633103801,2923763.522354924,0.0002568787666281,0.0147540440108558,colebrook
moody_eps2.57e-04_Re3.12e+06,76001.39516337654,31.520522412249584,0.001,1000.0,0.1,2.5687876662813252e-05,0.0152990599661305,3152052.241224958,0.0002568787666281,0.0147333515003686,colebrook
moody_eps2.57e-04_Re3.54e+06,94333.75850880847,36.712141901535766,0.001,1000.0,0.1,2.5687876662813252e-05,0.0139983770511469,3671214.190153576,0.0002568787666281,0.0146955607527864,colebrook
moody_eps2.57e-04_Re4.03e+06,112843.19749109058,39.3422083339241,0.001,1000.0,0.1,2.5687876662813252e-05,0.0145810202026049,3934220.83339241,0.0002568787666281,0.0146801048021375,colebrook
moody_eps2.57e-04_Re4.58e+06,157792.4800459179,46.22100919484458,0.001,1000.0,0.1,2.5687876662813252e-05,0.0147719371226031,4622100.919484458,0.0002568787666281,0.0146477757274116,colebrook
moody_eps2.57e-04_Re5.21e+06,183174.63431588112,49.750601001264094,0.001,1000.0,0.1,2.5687876662813252e-05,0.014801259260348,4975060.100126409,0.0002568787666281,0.0146345713826333,colebrook
moody_eps2.57e-04_Re5.93e+06,256327.70107632875,60.05154374412713,0.001,1000.0,0.1,2.5687876662813252e-05,0.0142159924970129,6005154.374412713,0.0002568787666281,0.0146047252630011,colebrook
moody_eps2.57e-04_Re6.74e+06,314107.40995348006,65.05156819770126,0.001,1000.0,0.1,2.5687876662813252e-05,0.014845425035941,6505156.819770126,0.0002568787666281,0.0145935795858634,colebrook
moody_eps2.57e-04_Re7.66e+06,427212.7605267996,75.59603225639589,0.001,1000.0,0.1,2.5687876662813252e-05,0.0149512054252921,7559603.225639588,0.0002568787666281,0.0145748265278308,colebrook
moody_eps2.57e-04_Re8.71e+06,593495.6432517541,89.79366298734449,0.001,1000.0,0.1,2.5687876662813252e-05,0.0147216386774605,8979366.298734449,0.0002568787666281,0.0145564346062208,colebrook
moody_eps2.57e-04_Re9.90e+06,637635.3697504374,94.87571343349516,0.001,1000.0,0.1,2.5687876662813252e-05,0.0141674694813577,9487571.343349516,0.0002568787666281,0.014551170856242,colebrook
moody_eps2.57e-04_Re1.13e+07,813763.9808882878,106.60725189428769,0.001,1000.0,0.1,2.5687876662813252e-05,0.0143203938385794,10660725.189428767,0.0002568787666281,0.0145409130071353,colebrook
moody_eps2.57e-04_Re1.28e+07,1183618.65758721,124.686613823487,0.001,1000.0,0.1,2.5687876662813252e-05,0.0152265718647491,12468661.3823487,0.0002568787666281,0.0145288448746713,colebrook
moody_eps2.57e-04_Re1.46e+07,1587910.9592069876,148.45777022010455,0.001,1000.0,0.1,2.5687876662813252e-05,0.0144095452475624,14845777.022010451,0.0002568787666281,0.0145174111207573,colebrook
moody_eps2.57e-04_Re1.66e+07,1951801.681560109,159.62039782008785,0.001,1000.0,0.1,2.5687876662813252e-05,0.0153210632603196,15962039.782008784,0.0002568787666281,0.0145132073941534,colebrook
moody_eps2.57e-04_Re1.88e+07,2295903.8498410806,183.3785385654122,0.001,1000.0,0.1,2.5687876662813252e-05,0.0136548419391506,18337853.85654122,0.0002568787666281,0.0145059519014778,colebrook
moody_eps2.57e-04_Re2.14e+07,3041478.29337021,209.29580623847943,0.001,1000.0,0.1,2.5687876662813252e-05,0.0138865276891212,20929580.623847943,0.0002568787666281,0.0144999037568542,colebrook
moody_eps2.57e-04_Re2.43e+07,4372482.147544473,249.45248166663444,0.001,1000.0,0.1,2.5687876662813252e-05,0.01405343155736,24945248.16666345,0.0002568787666281,0.0144930016736873,colebrook
moody_eps2.57e-04_Re2.77e+07,5987390.609991408,281.0658846816549,0.001,1000.0,0.1,2.5687876662813252e-05,0.0151583286162644,28106588.4681655,0.0002568787666281,0.0144889489422988,colebrook
moody_eps2.57e-04_Re3.15e+07,6764880.932336445,306.1499396451961,0.001,1000.0,0.1,2.5687876662813252e-05,0.0144351664621502,30614993.96451961,0.0002568787666281,0.014486326198608,colebrook
moody_eps2.57e-04_Re3.58e+07,10313963.172658227,378.94750125936696,0.001,1000.0,0.1,2.5687876662813252e-05,0.0143647303045136,37894750.12593669,0.0002568787666281,0.0144806737749173,colebrook
moody_eps2.57e-04_Re4.07e+07,11693838.301426465,403.7849955191461,0.001,1000.0,0.1,2.5687876662813252e-05,0.0143445433240751,40378499.55191461,0.0002568787666281,0.0144792100269365,colebrook
moody_eps2.57e-04_Re4.63e+07,14464923.200969478,452.3845270772184,0.001,1000.0,0.1,2.5687876662813252e-05,0.0141361336711859,45238452.70772184,0.0002568787666281,0.0144768094812418,colebrook
moody_eps2.57e-04_Re5.26e+07,22134949.77095368,542.8613989129058,0.001,1000.0,0.1,2.5687876662813252e-05,0.0150220987815692,54286139.891290575,0.0002568787666281,0.0144734825450058,colebrook
moody_eps2.57e-04_Re5.98e+07,26053373.022593856,582.2439531033629,0.001,1000.0,0.1,2.5687876662813252e-05,0.0153703578761781,58224395.31033628,0.0002568787666281,0.014472356645594,colebrook
moody_eps2.57e-04_Re6.80e+07,36611374.018515006,714.6759131500139,0.001,1000.0,0.1,2.5687876662813252e-05,0.014335991451877,71467591.3150014,0.0002568787666281,0.0144694790776177,colebrook
moody_eps2.57e-04_Re7.73e+07,38003608.67491038,735.9750342140078,0.001,1000.0,0.1,2.5687876662813252e-05,0.0140322937735151,73597503.42140077,0.0002568787666281,0.0144691127709001,colebrook
moody_eps2.57e-04_Re8.79e+07,54871713.537532166,874.1229044898265,0.001,1000.0,0.1,2.5687876662813252e-05,0.0143626149646645,87412290.44898264,0.0002568787666281,0.0144671695932198,colebrook
moody_eps2.57e-04_Re1.00e+08,77166527.77513984,1052.906590480121,0.001,1000.0,0.1,2.5687876662813252e-05,0.0139212831376979,105290659.0480121,0.0002568787666281,0.0144654108295175,colebrook
moody_eps3.39e-04_Re1.10e+05,109.2895776421895,1.0850903472638995,0.001,1000.0,0.1,3.390116460215746e-05,0.0185642301118762,108509.03472638996,0.0003390116460215,0.019409092935214,colebrook
moody_eps3.39e-04_Re1.26e+05,136.5517166307017,1.1878856409812415,0.001,1000.0,0.1,3.390116460215746e-05,0.0193543189832308,118788.56409812414,0.0003390116460215,0.0191608416707626,colebrook
moody_eps3.39e-04_Re1.43e+05,210.5705176127401,1.4648450799711703,0.001,1000.0,0.1,3.390116460215746e-05,0.0196265591233559,146484.507997117,0.0003390116460215,0.0186300994713696,colebrook
moody_eps3.39e-04_Re1.62e+05,247.40248510730052,1.6164793677721498,0.001,1000.0,0.1,3.390116460215746e-05,0.018936238803245,161647.936777215,0.0003390116460215,0.0184011012372525,colebrook
moody_eps3.39e-04_Re1.85e+05,297.17848478985843,1.8306866383998424,0.001,1000.0,0.1,3.390116460215746e-05,0.0177345158249633,183068.66383998425,0.0003390116460215,0.0181296889630945,colebrook
moody_eps3.39e-04_Re2.10e+05,405.3026133217765,2.141141505254636,0.001,1000.0,0.1,3.390116460215746e-05,0.017681481838114,214114.15052546357,0.0003390116460215,0.0178152856249644,colebrook
moody_eps3.39e-04_Re2.39e+05,525.982857294051,2.435598679557179,0.001,1000.0,0.1,3.390116460215746e-05,0.0177333230511682,243559.8679557179,0.0003390116460215,0.0175783942383647,colebrook
moody_eps3.39e-04_Re2.72e+05,586.6956211694232,2.6369328556756773,0.001,1000.0,0.1,3.390116460215746e-05,0.0168750356722192,263693.28556756774,0.0003390116460215,0.0174417213948806,colebrook
moody_eps3.39e-04_Re3.09e+05,756.9517201218239,2.992971425447067,0.001,1000.0,0.1,3.390116460215746e-05,0.0169002463317211,299297.1425447067,0.0003390116460215,0.017237898083742,colebrook
moody_eps3.39e-04_Re3.51e+05,1100.3719853971277,3.607540818324877,0.001,1000.0,0.1,3.390116460215746e-05,0.0169101326072675,360754.0818324877,0.0003390116460215,0.0169673249975829,colebrook
moody_eps3.39e-04_Re3.99e+05,1480.237472732877,4.165907177838248,0.001,1000.0,0.1,3.390116460215746e-05,0.0170585538940454,416590.7177838248,0.0003390116460215,0.0167816113314392,colebrook
moody_eps3.39e-04_Re4.54e+05,1657.492861439538,4.514859745354047,0.001,1000.0,0.1,3.390116460215746e-05,0.0162627181545282,451485.9745354048,0.0003390116460215,0.0166858910596786,colebrook
moody_eps3.39e-04_Re5.16e+05,2030.2860643916017,4.865736207436299,0.001,1000.0,0.1,3.390116460215746e-05,0.017151026140114,486573.62074362993,0.0003390116460215,0.0166017808542433,colebrook
moody_eps3.39e-04_Re5.87e+05,3027.9764179306067,6.102807478103716,0.001,1000.0,0.1,3.390116460215746e-05,0.0162600974748748,610280.7478103716,0.0003390116460215,0.0163743671634305,colebrook
moody_eps3.39e-04_Re6.67e+05,4010.725792573083,7.032423942765437,0.001,1000.0,0.1,3.390116460215746e-05,0.0162197023011978,703242.3942765436,0.0003390116460215,0.016251131283858,colebrook
moody_eps3.39e-04_Re7.59e+05,4816.130213976185,7.582205617156855,0.001,1000.0,0.1,3.390116460215746e-05,0.0167547171628334,758220.5617156855,0.0003390116460215,0.0161911665873866,colebrook
moody_eps3.39e-04_Re8.63e+05,5914.070633110798,8.630894759605999,0.001,1000.0,0.1,3.390116460215746e-05,0.0158783313496297,863089.4759605998,0.0003390116460215,0.0160962058733885,colebrook
moody_eps3.39e-04_Re9.81e+05,7165.0408163789125,9.705266002178732,0.001,1000.0,0.1,3.390116460215746e-05,0.0152136625241481,970526.6002178732,0.0003390116460215,0.0160185796761532,colebrook
moody_eps3.39e-04_Re1.12e+06,9863.276887138323,11.128827519378678,0.001,1000.0,0.1,3.390116460215746e-05,0.0159276754471659,1112882.7519378678,0.0003390116460215,0.0159372275279209,colebrook
moody_eps3.39e-04_Re1.27e+06,13984.792421590202,13.156304002306028,0.001,1000.0,0.1,3.390116460215746e-05,0.0161591391141428,1315630.4002306028,0.0003390116460215,0.0158499368635416,colebrook
moody_eps3.39e-04_Re1.44e+06,16115.945600701658,14.103431260236627,0.001,1000.0,0.1,3.390116460215746e-05,0.0162045216785099,1410343.1260236627,0.0003390116460215,0.0158172694356626,colebrook
moody_eps3.39e-04_Re1.64e+06,22590.925987715764,16.544236512012382,0.001,1000.0,0.1,3.390116460215746e-05,0.0165070918706652,1654423.6512012382,0.0003390116460215,0.0157494640859882,colebrook
moody_eps3.39e-04_Re1.86e+06,28718.282632546143,19.15961791718,0.001,1000.0,0.1,3.390116460215746e-05,0.0156464123942027,1915961.791718,0.0003390116460215,0.0156951407166411,colebrook
moody_eps3.39e-04_Re2.12e+06,37040.33422256644,21.877566634050112,0.001,1000.0,0.1,3.390116460215746e-05,0.0154777155838105,2187756.6634050114,0.0003390116460215,0.0156519094703728,colebrook
moody_eps3.39e-04_Re2.41e+06,43202.49065630769,23.425585161210183,0.001,1000.0,0.1,3.390116460215746e-05,0.0157455517717365,2342558.5161210187,0.0003390116460215,0.0156316044890507,colebrook
moody_eps3.39e-04_Re2.74e+06,62483.80077347964,27.875896795438635,0.001,1000.0,0.1,3.390116460215746e-05,0.0160819881853999,2787589.6795438635,0.0003390116460215,0.0155853938070496,colebrook
moody_eps3.39e-04_Re3.12e+06,75594.14314457492,31.144497188517803,0.001,1000.0,0.1,3.390116460215746e-05,0.0155867473814386,3114449.71885178,0.0003390116460215,0.0155596242133522,colebrook
moody_eps3.39e-04_Re3.54e+06,101659.24230323316,36.22386658624509,0.001,1000.0,0.1,3.390116460215746e-05,0.0154948455923155,3622386.658624509,0.0003390116460215,0.0155285767005457,colebrook
moody_eps3.39e-04_Re4.03e+06,132617.41819138356,42.297488618694814,0.001,1000.0,0.1,3.390116460215746e-05,0.0148252286410963,4229748.861869481,0.0003390116460215,0.0155010291280202,colebrook
moody_eps3.39e-04_Re4.58e+06,149551.9907423678,44.11872505221904,0.001,1000.0,0.1,3.390116460215746e-05,0.0153665469356931,4411872.505221903,0.0003390116460215,0.0154942160114035,colebrook
moody_eps3.39e-04_Re5.21e+06,223780.23765088615,53.86952448963432,0.001,1000.0,0.1,3.390116460215746e-05,0.0154228786809762,5386952.448963433,0.0003390116460215,0.0154654395328636,colebrook
moody_eps3.39e-04_Re5.93e+06,256059.2883510812,56.89089612615373,0.001,1000.0,0.1,3.390116460215746e-05,0.0158228598167742,5689089.612615373,0.0003390116460215,0.015458491819006,colebrook
moody_eps3.39e-04_Re6.74e+06,340465.2881870755,65.13739632960792,0.001,1000.0,0.1,3.390116460215746e-05,0.0160487808300651,6513739.632960793,0.0003390116460215,0.0154427617669662,colebrook
moody_eps3.39e-04_Re7.66e+06,499902.5374361912,78.71421586033065,0.001,1000.0,0.1,3.390116460215746e-05,0.0161364869090411,7871421.586033065,0.0003390116460215,0.0154239579088884,colebrook
moody_eps3.39e-04_Re8.71e+06,651460.9772179116,90.4464745292955,0.001,1000.0,0.1,3.390116460215746e-05,0.0159270416345613,9044647.45292955,0.0003390116460215,0.0154122077998485,colebrook
moody_eps3.39e-04_Re9.90e+06,781434.0726436111,101.19614879837395,0.001,1000.0,0.1,3.390116460215746e-05,0.0152613997940969,10119614.879837396,0.0003390116460215,0.0154038109658143,colebrook
moody_eps3.39e-04_Re1.13e+07,970966.0378636316,112.28185560482574,0.001,1000.0,0.1,3.390116460215746e-05,0.0154033389659992,11228185.560482576,0.0003390116460215,0.0153968212269515,colebrook
moody_eps3.39e-04_Re1.28e+07,1256455.76842231,128.82234360903055,0.001,1000.0,0.1,3.390116460215746e-05,0.0151424032870894,12882234.360903054,0.0003390116460215,0.0153886119691593,colebrook
moody_eps3.39e-04_Re1.46e+07,1628853.7434443722,142.45623809648788,0.001,1000.0,0.1,3.390116460215746e-05,0.0160527389347482,14245623.809648788,0.0003390116460215,0.015383268863686,colebrook
moody_eps3.39e-04_Re1.66e+07,2029524.177981667,159.85663240635128,0.001,1000.0,0.1,3.390116460215746e-05,0.0158841107212545,15985663.240635129,0.0003390116460215,0.0153777655239248,colebrook
moody_eps3.39e-04_Re1.88e+07,2985122.730659217,200.1249622591814,0.001,1000.0,0.1,3.390116460215746e-05,0.0149069797351201,20012496.225918137,0.0003390116460215,0.0153686818211434,colebrook
moody_eps3.39e-04_Re2.14e+07,3813974.7102167504,223.19324594810183,0.001,1000.0,0.1,3.390116460215746e-05,0.0153124861220457,22319324.594810188,0.0003390116460215,0.0153649483442346,colebrook
moody_eps3.39e-04_Re2.43e+07,4886182.268077484,254.3599217825676,0.001,1000.0,0.1,3.390116460215746e-05,0.0151043587942265,25435992.17825676,0.0003390116460215,0.0153609755869056,colebrook
moody_eps3.39e-04_Re2.77e+07,6228360.866677459,287.7497867701085,0.001,1000.0,0.1,3.390116460215746e-05,0.0150443608600601,28774978.677010853,0.0003390116460215,0.0153576710685156,colebrook
moody_eps3.39e-04_Re3.15e+07,7414398.548079629,302.6066843699439,0.001,1000.0,0.1,3.390116460215746e-05,0.0161938043760514,30260668.436994385,0.0003390116460215,0.0153564343874772,colebrook
moody_eps3.39e-04_Re3.58e+07,9001548.77806024,349.0210589916397,0.001,1000.0,0.1,3.390116460215746e-05,0.014778963312884,34902105.89916396,0.0003390116460215,0.0153532472224804,colebrook
moody_eps3.39e-04_Re4.07e+07,12615285.825555362,407.3327344513985,0.001,1000.0,0.1,3.390116460215746e-05,0.0152064719488085,40733273.44513985,0.0003390116460215,0.0153502700915426,colebrook
moody_eps3.39e-04_Re4.63e+07,17192399.728840902,479.5109108109632,0.001,1000.0,0.1,3.390116460215746e-05,0.0149544177553763,47951091.08109632,0.0003390116460215,0.015347585777644,colebrook
moody_eps3.39e-04_Re5.26e+07,21186657.719301973,519.2637181536327,0.001,1000.0,0.1,3.390116460215746e-05,0.0157150761050513,51926371.81536327,0.0003390116460215,0.0153464254464696,colebrook
moody_eps3.39e-04_Re5.98e+07,27125616.120190024,585.4415619946429,0.001,1000.0,0.1,3.390116460215746e-05,0.0158286000357257,58544156.1994643,0.0003390116460215,0.0153448427319673,colebrook
moody_eps3.39e-04_Re6.80e+07,40183685.7793574,702.5050709827352,0.001,1000.0,0.1,3.390116460215746e-05,0.0162847403271238,70250507.09827352,0.0003390116460215,0.015342772284035,colebrook
moody_eps3.39e-04_Re7.73e+07,50934675.67160037,823.758726310567,0.001,1000.0,0.1,3.390116460215746e-05,0.0150121703641778,82375872.6310567,0.0003390116460215,0.0153412474165952,colebrook
moody_eps3.39e-04_Re8.79e+07,55296902.98755204,860.7756718747279,0.001,1000.0,0.1,3.390116460215746e-05,0.0149262542871383,86077567.18747279,0.0003390116460215,0.0153408673942781,colebrook
moody_eps3.39e-04_Re1.00e+08,76333007.98611122,999.4982728610978,0.001,1000.0,0.1,3.390116460215746e-05,0.0152819324708104,99949827.28610978,0.0003390116460215,0.0153396934028324,colebrook
moody_eps4.47e-04_Re1.10e+05,118.99895725092286,1.0959675677185174,0.001,1000.0,0.1,4.474052006977783e-05,0.0198142549347131,109596.75677185174,0.0004474052006977,0.0198644314729008,colebrook
moody_eps4.47e-04_Re1.26e+05,139.53972257210228,1.2183293575686784,0.001,1000.0,0.1,4.474052006977783e-05,0.0188017568590853,121832.93575686784,0.0004474052006977,0.0195967971593978,colebrook
moody_eps4.47e-04_Re1.43e+05,190.8331571876636,1.4085490793064286,0.001,1000.0,0.1,4.474052006977783e-05,0.0192371115313945,140854.90793064286,0.0004474052006977,0.0192557351857887,colebrook
moody_eps4.47e-04_Re1.62e+05,299.72420012924005,1.7458285076542568,0.001,1000.0,0.1,4.474052006977783e-05,0.0196674766807355,174582.85076542568,0.0004474052006977,0.01880296230632,colebrook
moody_eps4.47e-04_Re1.85e+05,299.7043837055936,1.8246405327449349,0.001,1000.0,0.1,4.474052006977783e-05,0.0180039772210009,182464.0532744935,0.0004474052006977,0.0187171466580314,colebrook
moody_eps4.47e-04_Re2.10e+05,379.8013355122284,1.995107469313541,0.001,1000.0,0.1,4.474052006977783e-05,0.0190833182973175,199510.7469313541,0.0004474052006977,0.0185508518368324,colebrook
moody_eps4.47e-04_Re2.39e+05,593.2293201894951,2.4757805284891785,0.001,1000.0,0.1,4.474052006977783e-05,0.0193565662126005,247578.05284891784,0.0004474052006977,0.0181873859735906,colebrook
moody_eps4.47e-04_Re2.72e+05,663.0185817416691,2.6939671137446948,0.001,1000.0,0.1,4.474052006977783e-05,0.0182713701615163,269396.71137446945,0.0004474052006977,0.0180591624020401,colebrook
moody_eps4.47e-04_Re3.09e+05,871.3811685894765,3.055874441718704,0.001,1000.0,0.1,4.474052006977783e-05,0.0186623853819232,305587.4441718704,0.0004474052006977,0.0178814982527761,colebrook
moody_eps4.47e-04_Re3.51e+05,1124.8520060830576,3.6098205488231,0.001,1000.0,0.1,4.474052006977783e-05,0.0172645060429284,360982.0548823101,0.0004474052006977,0.0176703500775516,colebrook
moody_eps4.47e-04_Re3.99e+05,1370.782450494831,4.012149819290074,0.001,1000.0,0.1,4.474052006977783e-05,0.0170311607368254,401214.9819290074,0.0004474052006977,0.0175494384017179,colebrook
moody_eps4.47e-04_Re4.54e+05,1731.0738584352275,4.554173608636346,0.001,1000.0,0.1,4.474052006977783e-05,0.0166926938822638,455417.3608636346,0.0004474052006977,0.0174168149812166,colebrook
moody_eps4.47e-04_Re5.16e+05,2415.382986221817,5.191638613952202,0.001,1000.0,0.1,4.474052006977783e-05,0.0179228508471969,519163.8613952203,0.0004474052006977,0.0172929121143476,colebrook
moody_eps4.47e-04_Re5.87e+05,3071.102200780422,6.095400381424721,0.001,1000.0,0.1,4.474052006977783e-05,0.0165317865448448,609540.038142472,0.0004474052006977,0.0171579146529906,colebrook
moody_eps4.47e-04_Re6.67e+05,3666.4082610835458,6.683223958875825,0.001,1000.0,0.1,4.474052006977783e-05,0.0164171886528105,668322.3958875824,0.0004474052006977,0.0170881467956859,colebrook
moody_eps4.47e-04_Re7.59e+05,5282.700010106264,7.840282954872433,0.001,1000.0,0.1,4.474052006977783e-05,0.0171878862744887,784028.2954872433,0.0004474052006977,0.0169792307729751,colebrook
moody_eps4.47e-04_Re8.63e+05,5730.90952442222,8.338888103923368,0.001,1000.0,0.1,4.474052006977783e-05,0.0164830378281085,833888.8103923368,0.0004474052006977,0.0169409855257866,colebrook
moody_eps4.47e-04_Re9.81e+05,7964.026815720701,9.976240958845354,0.001,1000.0,0.1,4.474052006977783e-05,0.0160040112826127,997624.0958845352,0.0004474052006977,0.0168407177633591,colebrook
moody_eps4.47e-04_Re1.12e+06,10600.556739973194,11.177982507199758,0.001,1000.0,0.1,4.474052006977783e-05,0.0169680454714689,1117798.250719976,0.0004474052006977,0.0167848250127315,colebrook
moody_eps4.47e-04_Re1.27e+06,12838.294682497792,12.435259066484528,0.001,1000.0,0.1,4.474052006977783e-05,0.016604571046698,1243525.9066484526,0.0004474052006977,0.016737348701684,colebrook
moody_eps4.47e-04_Re1.44e+06,17744.535254181836,14.461659727845186,0.001,1000.0,0.1,4.474052006977783e-05,0.0169690819695225,1446165.9727845185,0.0004474052006977,0.016677460535421,colebrook
moody_eps4.47e-04_Re1.64e+06,20421.014476584605,15.796382813119116,0.001,1000.0,0.1,4.474052006977783e-05,0.0163678640396098,1579638.2813119113,0.0004474052006977,0.0166460738389739,colebrook
moody_eps4.47e-04_Re1.86e+06,27977.317066700427,19.10067701286994,0.001,1000.0,0.1,4.474052006977783e-05,0.0153369336481853,1910067.7012869944,0.0004474052006977,0.0165866109108634,colebrook
moody_eps4.47e-04_Re2.12e+06,41073.11404803732,21.836057486061836,0.001,1000.0,0.1,4.474052006977783e-05,0.0172281708044033,2183605.748606183,0.0004474052006977,0.0165505961979204,colebrook
moody_eps4.47e-04_Re2.41e+06,50104.83807411684,25.52122128503108,0.001,1000.0,0.1,4.474052006977783e-05,0.0153853277484842,2552122.1285031084,0.0004474052006977,0.016513967459694,colebrook
moody_eps4.47e-04_Re2.74e+06,59162.46103383709,27.03906012450724,0.001,1000.0,0.1,4.474052006977783e-05,0.0161842673548012,2703906.0124507234,0.0004474052006977,0.0165017125236889,colebrook
moody_eps4.47e-04_Re3.12e+06,89044.19818964798,32.55882027826774,0.001,1000.0,0.1,4.474052006977783e-05,0.0167995752845355,3255882.027826773,0.0004474052006977,0.0164665803750205,colebrook
moody_eps4.47e-04_Re3.54e+06,112315.30512214864,36.55052689578998,0.001,1000.0,0.1,4.474052006977783e-05,0.0168144107781318,3655052.689578998,0.0004474052006977,0.0164476628512656,colebrook
moody_eps4.47e-04_Re4.03e+06,123394.65216676133,38.50155504273628,0.001,1000.0,0.1,4.474052006977783e-05,0.0166482961407125,3850155.5042736274,0.0004474052006977,0.0164398184280246,colebrook
moody_eps4.47e-04_Re4.58e+06,153360.7899114376,42.92850536874318,0.001,1000.0,0.1,4.474052006977783e-05,0.0166438118019806,4292850.536874318,0.0004474052006977,0.0164246214124627,colebrook
moody_eps4.47e-04_Re5.21e+06,224148.4410742937,52.42382360587322,0.001,1000.0,0.1,4.474052006977783e-05,0.0163120420046873,5242382.360587322,0.0004474052006977,0.0164005680860026,colebrook
moody_eps4.47e-04_Re5.93e+06,298121.9975269743,59.676223196445854,0.001,1000.0,0.1,4.474052006977783e-05,0.0167425405310847,5967622.319644585,0.0004474052006977,0.0163872923560611,colebrook
moody_eps4.47e-04_Re6.74e+06,358512.2466502459,65.81071811740387,0.001,1000.0,0.1,4.474052006977783e-05,0.0165554401542596,6581071.811740386,0.0004474052006977,0.0163783229913264,colebrook
moody_eps4.47e-04_Re7.66e+06,530225.5156567122,80.02742121693257,0.001,1000.0,0.1,4.474052006977783e-05,0.016558194272954,8002742.121693257,0.0004474052006977,0.0163627762245249,colebrook
moody_eps4.47e-04_Re8.71e+06,628910.0436336702,87.71203962562853,0.001,1000.0,0.1,4.474052006977783e-05,0.0163493355005637,8771203.962562853,0.0004474052006977,0.0163564541631349,colebrook
moody_eps4.47e-04_Re9.90e+06,774451.747378515,95.26447985377084,0.001,1000.0,0.1,4.474052006977783e-05,0.0170672031762573,9526447.985377084,0.0004474052006977,0.0163512272706752,colebrook
moody_eps4.47e-04_Re1.13e+07,1012326.8006534748,111.23821873918678,0.001,1000.0,0.1,4.474052006977783e-05,0.0163622369855129,11123821.873918677,0.0004474052006977,0.0163424953784712,colebrook
moody_eps4.47e-04_Re1.28e+07,1301782.1863810106,126.91914662090448,0.001,1000.0,0.1,4.474052006977783e-05,0.0161627045180892,12691914.662090449,0.0004474052006977,0.0163360494840422,colebrook
moody_eps4.47e-04_Re1.46e+07,1636195.4385154,143.05915199794322,0.001,1000.0,0.1,4.474052006977783e-05,0.0159894630775149,14305915.199794322,0.0004474052006977,0.0163308832925404,colebrook
moody_eps4.47e-04_Re1.66e+07,2465297.17509322,170.26835230840842,0.001,1000.0,0.1,4.474052006977783e-05,0.0170071447079436,17026835.230840843,0.0004474052006977,0.0163243820521917,colebrook
moody_eps4.47e-04_Re1.88e+07,2834777.9809488417,189.63916302843265,0.001,1000.0,0.1,4.474052006977783e-05,0.0157649641181334,18963916.30284326,0.0004474052006977,0.0163208862420237,colebrook
moody_eps4.47e-04_Re2.14e+07,3980602.334034378,213.64753864626357,0.001,1000.0,0.1,4.474052006977783e-05,0.017441466626965,21364753.86462635,0.0004474052006977,0.0163174302798122,colebrook
moody_eps4.47e-04_Re2.43e+07,4895620.239401327,245.70640206414896,0.001,1000.0,0.1,4.474052006977783e-05,0.0162182791871331,24570640.206414897,0.0004474052006977,0.0163138654413434,colebrook
moody_eps4.47e-04_Re2.77e+07,6043655.217736191,270.0605104099865,0.001,1000.0,0.1,4.474052006977783e-05,0.0165732433722697,27006051.040998645,0.0004474052006977,0.0163117215390477,colebrook
moody_eps4.47e-04_Re3.15e+07,8274217.558094452,312.4659297948787,0.001,1000.0,0.1,4.474052006977783e-05,0.0169492931392328,31246592.97948787,0.0004474052006977,0.0163087843034914,colebrook
moody_eps4.47e-04_Re3.58e+07,11317329.190497903,369.71361950379134,0.001,1000.0,0.1,4.474052006977783e-05,0.0165593408434518,36971361.95037913,0.0004474052006977,0.0163058857440484,colebrook
moody_eps4.47e-04_Re4.07e+07,13779786.06641769,407.8252787032602,0.001,1000.0,0.1,4.474052006977783e-05,0.0165700640630634,40782527.87032602,0.0004474052006977,0.0163044064852478,colebrook
moody_eps4.47e-04_Re4.63e+07,17658996.134547636,467.081425056326,0.001,1000.0,0.1,4.474052006977783e-05,0.0161886567227299,46708142.505632594,0.0004474052006977,0.0163025852390176,colebrook
moody_eps4.47e-04_Re5.26e+07,24364415.42092341,547.5114471829231,0.001,1000.0,0.1,4.474052006977783e-05,0.0162554719881701,54751144.7182923,0.0004474052006977,0.0163007430681942,colebrook
moody_eps4.47e-04_Re5.98e+07,26857876.458022967,588.6892421314219,0.001,1000.0,0.1,4.474052006977783e-05,0.0154999204244256,58868924.21314219,0.0004474052006977,0.0162999945203082,colebrook
moody_eps4.47e-04_Re6.80e+07,35548570.70719049,675.834888518953,0.001,1000.0,0.1,4.474052006977783e-05,0.0155657813051275,67583488.85189529,0.0004474052006977,0.0162987108210519,colebrook
moody_eps4.47e-04_Re7.73e+07,49809863.10412553,791.3417066827602,0.001,1000.0,0.1,4.474052006977783e-05,0.0159080604724423,79134170.66827603,0.0004474052006977,0.0162974446761538,colebrook
moody_eps4.47e-04_Re8.79e+07,55737829.91537207,855.6356348668759,0.001,1000.0,0.1,4.474052006977783e-05,0.0152265784624558,85563563.48668759,0.0004474052006977,0.0162968878817713,colebrook
moody_eps4.47e-04_Re1.00e+08,82091051.05000737,1008.3184738868424,0.001,1000.0,0.1,4.474052006977783e-05,0.016148432164271,100831847.38868424,0.0004474052006977,0.0162958499552376,colebrook
moody_eps5.90e-04_Re1.10e+05,125.97075107114814,1.0931163240949835,0.001,1000.0,0.1,5.904558617985661e-05,0.0210846771084632,109311.63240949834,0.0005904558617985,0.0204695404637835,colebrook
moody_eps5.90e-04_Re1.26e+05,158.82493505299095,1.24896014811765,0.001,1000.0,0.1,5.904558617985661e-05,0.0203634575622072,124896.014811765,0.0005904558617985,0.0201623792855834,colebrook
moody_eps5.90e-04_Re1.43e+05,189.97106564129817,1.3702105110194174,0.001,1000.0,0.1,5.904558617985661e-05,0.0202368477882422,137021.05110194173,0.0005904558617985,0.0199636053862901,colebrook
moody_eps5.90e-04_Re1.62e+05,240.85425057793069,1.6059591381643372,0.001,1000.0,0.1,5.904558617985661e-05,0.0186773530819495,160595.91381643372,0.0005904558617985,0.0196497551597937,colebrook
moody_eps5.90e-04_Re1.85e+05,289.6700089692422,1.749271851245456,0.001,1000.0,0.1,5.904558617985661e-05,0.0189329772535172,174927.18512454562,0.0005904558617985,0.019494110894887,colebrook
moody_eps5.90e-04_Re2.10e+05,415.4647134704525,2.1500581383164707,0.001,1000.0,0.1,5.904558617985661e-05,0.0179747861613774,215005.81383164704,0.0005904558617985,0.0191544330835067,colebrook
moody_eps5.90e-04_Re2.39e+05,576.7966695651393,2.4737029573388902,0.001,1000.0,0.1,5.904558617985661e-05,0.0188520092081813,247370.295733889,0.0005904558617985,0.0189506346239807,colebrook
moody_eps5.90e-04_Re2.72e+05,719.5795309876429,2.734406084768446,0.001,1000.0,0.1,5.904558617985661e-05,0.0192478742673269,273440.6084768446,0.0005904558617985,0.0188174433456348,colebrook
moody_eps5.90e-04_Re3.09e+05,849.0989682546291,3.015047832597093,0.001,1000.0,0.1,5.904558617985661e-05,0.0186809903428869,301504.7832597093,0.0005904558617985,0.0186969576404203,colebrook
moody_eps5.90e-04_Re3.51e+05,1112.2103113164535,3.49538041255572,0.001,1000.0,0.1,5.904558617985661e-05,0.0182065650170267,349538.041255572,0.0005904558617985,0.0185311535836944,colebrook
moody_eps5.90e-04_Re3.99e+05,1546.7243195326432,4.095657871536535,0.001,1000.0,0.1,5.904558617985661e-05,0.0184414713359814,409565.7871536535,0.0005904558617985,0.0183737413346406,colebrook
moody_eps5.90e-04_Re4.54e+05,2019.9991944795845,4.643086030309793,0.001,1000.0,0.1,5.904558617985661e-05,0.0187399199162042,464308.60303097934,0.0005904558617985,0.01826276413712,colebrook
moody_eps5.90e-04_Re5.16e+05,2536.912906518952,5.223596674969071,0.001,1000.0,0.1,5.904558617985661e-05,0.0185950041696089,522359.6674969071,0.0005904558617985,0.0181685750801786,colebrook
moody_eps5.90e-04_Re5.87e+05,2802.6174003908527,5.674028875095452,0.001,1000.0,0.1,5.904558617985661e-05,0.0174104792756362,567402.8875095452,0.0005904558617985,0.0181078249488591,colebrook
moody_eps5.90e-04_Re6.67e+05,4317.0903852551255,6.970270796159777,0.001,1000.0,0.1,5.904558617985661e-05,0.017771407909021,697027.0796159777,0.0005904558617985,0.0179741813290566,colebrook
moody_eps5.90e-04_Re7.59e+05,5542.119681608818,7.737387459905181,0.001,1000.0,0.1,5.904558617985661e-05,0.0185147224156881,773738.745990518,0.0005904558617985,0.0179150143777937,colebrook
moody_eps5.90e-04_Re8.63e+05,6959.586964742848,8.723355345004713,0.001,1000.0,0.1,5.904558617985661e-05,0.0182913741834112,872335.5345004712,0.0005904558617985,0.0178534807557513,colebrook
moody_eps5.90e-04_Re9.81e+05,7662.725260804877,9.4595056259436,0.001,1000.0,0.1,5.904558617985661e-05,0.0171268056949579,945950.56259436,0.0005904558617985,0.0178155075003582,colebrook
moody_eps5.90e-04_Re1.12e+06,10121.94652707855,10.774222084398,0.001,1000.0,0.1,5.904558617985661e-05,0.017439024502113,1077422.2084398002,0.0005904558617985,0.0177600548705109,colebrook
moody_eps5.90e-04_Re1.27e+06,12050.02833311718,11.730507138184896,0.001,1000.0,0.1,5.904558617985661e-05,0.0175139654036245,1173050.7138184896,0.0005904558617985,0.017727222872319,colebrook
moody_eps5.90e-04_Re1.44e+06,16948.624756799916,13.64305371546438,0.001,1000.0,0.1,5.904558617985661e-05,0.0182113139802926,1364305.371546438,0.0005904558617985,0.0176748942550203,colebrook
moody_eps5.90e-04_Re1.64e+06,24669.23316061288,16.61353682484215,0.001,1000.0,0.1,5.904558617985661e-05,0.0178756337746974,1661353.682484215,0.0005904558617985,0.0176168244224142,colebrook
moody_eps5.90e-04_Re1.86e+06,26925.85687712781,17.594476666359647,0.001,1000.0,0.1,5.904558617985661e-05,0.0173958967534689,1759447.6666359643,0.0005904558617985,0.0176018371209926,colebrook
moody_eps5.90e-04_Re2.12e+06,42135.3486943376,22.149008086058974,0.001,1000.0,0.1,5.904558617985661e-05,0.0171778190891041,2214900.808605897,0.0005904558617985,0.0175492585369516,colebrook
moody_eps5.90e-04_Re2.41e+06,52222.94159469881,24.73787905142006,0.001,1000.0,0.1,5.904558617985661e-05,0.0170673621158137,2473787.905142006,0.0005904558617985,0.0175278303582146,colebrook
moody_eps5.90e-04_Re2.74e+06,70584.74862735085,27.288277906245654,0.001,1000.0,0.1,5.904558617985661e-05,0.018957829341937,2728827.790624565,0.0005904558617985,0.0175106238864249,colebrook
moody_eps5.90e-04_Re3.12e+06,92005.12732901516,31.80499748383727,0.001,1000.0,0.1,5.904558617985661e-05,0.018190778899998,3180499.748383727,0.0005904558617985,0.0174868159413608,colebrook
moody_eps5.90e-04_Re3.54e+06,104507.78892172471,35.392650819734015,0.001,1000.0,0.1,5.904558617985661e-05,0.016686008953411,3539265.0819734014,0.0005904558617985,0.0174721738511586,colebrook
moody_eps5.90e-04_Re4.03e+06,133255.89740000307,38.58458451220099,0.001,1000.0,0.1,5.904558617985661e-05,0.0179014734178782,3858458.451220099,0.0005904558617985,0.0174614057237637,colebrook
moody_eps5.90e-04_Re4.58e+06,194799.61533213925,46.24177897695992,0.001,1000.0,0.1,5.904558617985661e-05,0.0182200273049374,4624177.897695991,0.0005904558617985,0.0174415677677055,colebrook
moody_eps5.90e-04_Re5.21e+06,232460.9100673524,51.36928597615135,0.001,1000.0,0.1,5.904558617985661e-05,0.0176186598504887,5136928.597615135,0.0005904558617985,0.017431556874471,colebrook
moody_eps5.90e-04_Re5.93e+06,299209.6809811736,58.0273859067404,0.001,1000.0,0.1,5.904558617985661e-05,0.0177721358397754,5802738.59067404,0.0005904558617985,0.0174211745130322,colebrook
moody_eps5.90e-04_Re6.74e+06,349200.6021780415,63.29252661471741,0.001,1000.0,0.1,5.904558617985661e-05,0.0174341233273301,6329252.66147174,0.0005904558617985,0.0174144983685152,colebrook
moody_eps5.90e-04_Re7.66e+06,482324.82053429546,74.59542602242594,0.001,1000.0,0.1,5.904558617985661e-05,0.0173358527660294,7459542.602242595,0.0005904558617985,0.0174033275774139,colebrook
moody_eps5.90e-04_Re8.71e+06,709462.7220998937,89.79927812319812,0.001,1000.0,0.1,5.904558617985661e-05,0.0175959972564065,8979927.812319813,0.0005904558617985,0.0173927112224171,colebrook
moody_eps5.90e-04_Re9.90e+06,864706.4998294224,100.92712129697163,0.001,1000.0,0.1,5.904558617985661e-05,0.016977859947333,10092712.129697165,0.0005904558617985,0.0173869578091554,colebrook
moody_eps5.90e-04_Re1.13e+07,908074.0890046178,103.94779122817415,0.001,1000.0,0.1,5.904558617985661e-05,0.0168081822459942,10394779.122817416,0.0005904558617985,0.0173856075478413,colebrook
moody_eps5.90e-04_Re1.28e+07,1397508.673637099,129.06952892535034,0.001,1000.0,0.1,5.904558617985661e-05,0.0167778789893327,12906952.892535033,0.0005904558617985,0.0173768165654483,colebrook
moody_eps5.90e-04_Re1.46e+07,1781971.7307567503,147.24290435242312,0.001,1000.0,0.1,5.904558617985661e-05,0.016438495049847,14724290.435242314,0.0005904558617985,0.0173723203670856,colebrook
moody_eps5.90e-04_Re1.66e+07,2454634.355218988,164.79489110817806,0.001,1000.0,0.1,5.904558617985661e-05,0.0180771231410357,16479489.110817803,0.0005904558617985,0.0173689163037421,colebrook
moody_eps5.90e-04_Re1.88e+07,3091877.065225609,191.12751521202617,0.001,1000.0,0.1,5.904558617985661e-05,0.0169280052884366,19112751.521202616,0.0005904558617985,0.017364978706051,colebrook
moody_eps5.90e-04_Re2.14e+07,4127129.007467731,218.47810386411396,0.001,1000.0,0.1,5.904558617985661e-05,0.0172926759861339,21847810.386411395,0.0005904558617985,0.0173618914031175,colebrook
moody_eps5.90e-04_Re2.43e+07,5123994.940424788,238.89999649818347,0.001,1000.0,0.1,5.904558617985661e-05,0.0179558678779087,23889999.649818342,0.0005904558617985,0.0173600461577514,colebrook
moody_eps5.90e-04_Re2.77e+07,6413281.311884374,279.9511287003423,0.001,1000.0,0.1,5.904558617985661e-05,0.0163661241095802,27995112.870034225,0.0005904558617985,0.0173571498927736,colebrook
moody_eps5.90e-04_Re3.15e+07,8662551.94686961,308.7224297475222,0.001,1000.0,0.1,5.904558617985661e-05,0.0181777229676241,30872242.97475222,0.0005904558617985,0.0173555783117838,colebrook
moody_eps5.90e-04_Re3.58e+07,11710181.932608154,356.61959442482447,0.001,1000.0,0.1,5.904558617985661e-05,0.0184154881140721,35661959.44248245,0.0005904558617985,0.0173535236536618,colebrook
moody_eps5.90e-04_Re4.07e+07,15462977.086429004,416.2092405694482,0.001,1000.0,0.1,5.904558617985661e-05,0.0178525259014357,41620924.056944825,0.0005904558617985,0.0173516267367814,colebrook
moody_eps5.90e-04_Re4.63e+07,16566912.856585989,440.13219422569694,0.001,1000.0,0.1,5.904558617985661e-05,0.0171043001728452,44013219.42256969,0.0005904558617985,0.0173510095223474,colebrook
moody_eps5.90e-04_Re5.26e+07,27388656.00982327,550.4525356373688,0.001,1000.0,0.1,5.904558617985661e-05,0.0180784404868123,55045253.56373688,0.0005904558617985,0.0173488567265599,colebrook
moody_eps5.90e-04_Re5.98e+07,30789014.32991708,601.7414098579469,0.001,1000.0,0.1,5.904558617985661e-05,0.0170061491217322,60174140.98579469,0.0005904558617985,0.0173481244361223,colebrook
moody_eps5.90e-04_Re6.80e+07,37717588.17383324,662.1300027924976,0.001,1000.0,0.1,5.904558617985661e-05,0.0172062954262527,66213000.279249765,0.0005904558617985,0.0173474075306299,colebrook
moody_eps5.90e-04_Re7.73e+07,50057697.85178892,770.964321072099,0.001,1000.0,0.1,5.904558617985661e-05,0.016843498725889,77096432.10720989,0.0005904558617985,0.0173463989002127,colebrook
moody_eps5.90e-04_Re8.79e+07,64358431.28443243,854.1387078188059,0.001,1000.0,0.1,5.904558617985661e-05,0.0176432520367925,85413870.78188059,0.0005904558617985,0.0173458012480626,colebrook
moody_eps5.90e-04_Re1.00e+08,94748265.57703827,1038.7567842597127,0.001,1000.0,0.1,5.904558617985661e-05,0.0175619816034973,103875678.42597128,0.0005904558617985,0.0173448164885756,colebrook
moody_eps7.79e-04_Re1.10e+05,142.0468566191208,1.1668715182601417,0.001,1000.0,0.1,7.792446851054645e-05,0.0208648633325468,116687.15182601416,0.0007792446851054,0.0210634873253035,colebrook
moody_eps7.79e-04_Re1.26e+05,160.9686790766348,1.2475894932742315,0.001,1000.0,0.1,7.792446851054645e-05,0.0206836870712819,124758.94932742316,0.0007792446851054,0.0209271514195592,colebrook
moody_eps7.79e-04_Re1.43e+05,193.5576675243194,1.3401175137911474,0.001,1000.0,0.1,7.792446851054645e-05,0.0215553267086903,134011.75137911475,0.0007792446851054,0.020788093769083,colebrook
moody_eps7.79e-04_Re1.62e+05,280.94257030588625,1.6408458351918116,0.001,1000.0,0.1,7.792446851054645e-05,0.0208694973457058,164084.58351918115,0.0007792446851054,0.020430541084555,colebrook
moody_eps7.79e-04_Re1.85e+05,355.1125042794546,1.8491279991399057,0.001,1000.0,0.1,7.792446851054645e-05,0.0207712202755162,184912.7999139906,0.0007792446851054,0.0202428526849753,colebrook
moody_eps7.79e-04_Re2.10e+05,445.9460342687372,2.0857470677884367,0.001,1000.0,0.1,7.792446851054645e-05,0.0205016595992987,208574.70677884368,0.0007792446851054,0.0200699615586437,colebrook
moody_eps7.79e-04_Re2.39e+05,567.8149231248242,2.344509279420635,0.001,1000.0,0.1,7.792446851054645e-05,0.0206601222031074,234450.9279420635,0.0007792446851054,0.0199166335685708,colebrook
moody_eps7.79e-04_Re2.72e+05,695.2957813186257,2.6233839650658064,0.001,1000.0,0.1,7.792446851054645e-05,0.0202057916570935,262338.39650658064,0.0007792446851054,0.0197819353440661,colebrook
moody_eps7.79e-04_Re3.09e+05,973.4375684378588,3.112584815852248,0.001,1000.0,0.1,7.792446851054645e-05,0.0200953562553725,311258.4815852248,0.0007792446851054,0.0195989151838328,colebrook
moody_eps7.79e-04_Re3.51e+05,1158.4475003980322,3.483858383842612,0.001,1000.0,0.1,7.792446851054645e-05,0.0190890961981318,348385.8383842612,0.0007792446851054,0.0194915722187437,colebrook
moody_eps7.79e-04_Re3.99e+05,1484.6667348578287,3.9294559857017854,0.001,1000.0,0.1,7.792446851054645e-05,0.0192306567639063,392945.5985701786,0.0007792446851054,0.0193875524617582,colebrook
moody_eps7.79e-04_Re4.54e+05,1915.132328688458,4.520991270214205,0.001,1000.0,0.1,7.792446851054645e-05,0.0187396487479892,452099.12702142046,0.0007792446851054,0.0192790540625089,colebrook
moody_eps7.79e-04_Re5.16e+05,2376.6205190251503,5.11586944073923,0.001,1000.0,0.1,7.792446851054645e-05,0.0181614672926331,511586.944073923,0.0007792446851054,0.0191937306148157,colebrook
moody_eps7.79e-04_Re5.87e+05,3200.0120092600573,5.801533217715969,0.001,1000.0,0.1,7.792446851054645e-05,0.019014987200225,580153.3217715969,0.0007792446851054,0.0191159167827544,colebrook
moody_eps7.79e-04_Re6.67e+05,4991.713672121228,7.076400607742468,0.001,1000.0,0.1,7.792446851054645e-05,0.0199367718696174,707640.0607742468,0.0007792446851054,0.0190094887430655,colebrook
moody_eps7.79e-04_Re7.59e+05,6012.445358914093,7.8726666668198595,0.001,1000.0,0.1,7.792446851054645e-05,0.0194015939480205,787266.666681986,0.0007792446851054,0.0189597697757637,colebrook
moody_eps7.79e-04_Re8.63e+05,6682.3082503388605,8.619990283838789,0.001,1000.0,0.1,7.792446851054645e-05,0.0179863462042371,861999.0283838788,0.0007792446851054,0.0189211373259031,colebrook
moody_eps7.79e-04_Re9.81e+05,8794.878899059868,9.712951107154831,0.001,1000.0,0.1,7.792446851054645e-05,0.0186447882016374,971295.1107154832,0.0007792446851054,0.0188749671399526,colebrook
moody_eps7.79e-04_Re1.12e+06,11525.69741332287,10.914244018762997,0.001,1000.0,0.1,7.792446851054645e-05,0.0193512886277466,1091424.4018762994,0.0007792446851054,0.0188345510868221,colebrook
moody_eps7.79e-04_Re1.27e+06,14545.384189424662,12.58933259002399,0.001,1000.0,0.1,7.792446851054645e-05,0.0183548051439829,1258933.259002399,0.0007792446851054,0.0187907136906272,colebrook
moody_eps7.79e-04_Re1.44e+06,18439.215828799104,13.730871965363024,0.001,1000.0,0.1,7.792446851054645e-05,0.0195603313885137,1373087.1965363023,0.0007792446851054,0.0187668101042324,colebrook
moody_eps7.79e-04_Re1.64e+06,26655.168046971303,16.887571245330705,0.001,1000.0,0.1,7.792446851054645e-05,0.0186929150385745,1688757.1245330705,0.0007792446851054,0.0187171774630366,colebrook
moody_eps7.79e-04_Re1.86e+06,33264.414583877195,18.89291911548349,0.001,1000.0,0.1,7.792446851054645e-05,0.0186385339840781,1889291.911548349,0.0007792446851054,0.0186940978635995,colebrook
moody_eps7.79e-04_Re2.12e+06,44334.45480903146,21.683293353561822,0.001,1000.0,0.1,7.792446851054645e-05,0.0188590962513433,2168329.3353561824,0.0007792446851054,0.0186689669378288,colebrook
moody_eps7.79e-04_Re2.41e+06,51871.058162810885,23.79854501639879,0.001,1000.0,0.1,7.792446851054645e-05,0.0183169977016354,2379854.501639879,0.0007792446851054,0.0186537828581829,colebrook
moody_eps7.79e-04_Re2.74e+06,64278.47586728303,26.396464492961613,0.001,1000.0,0.1,7.792446851054645e-05,0.0184503259200077,2639646.449296161,0.0007792446851054,0.0186384173687026,colebrook
moody_eps7.79e-04_Re3.12e+06,91891.43487019604,32.26804986724365,0.001,1000.0,0.1,7.792446851054645e-05,0.017650604746676,3226804.986724365,0.0007792446851054,0.0186127000678675,colebrook
moody_eps7.79e-04_Re3.54e+06,121818.07912601752,35.94304194226722,0.001,1000.0,0.1,7.792446851054645e-05,0.0188587143957543,3594304.194226722,0.0007792446851054,0.0186008346804575,colebrook
moody_eps7.79e-04_Re4.03e+06,138861.51695492046,39.57407498102396,0.001,1000.0,0.1,7.792446851054645e-05,0.0177333324668187,3957407.498102396,0.0007792446851054,0.0185912551076213,colebrook
moody_eps7.79e-04_Re4.58e+06,184799.27251072932,45.003626335870905,0.001,1000.0,0.1,7.792446851054645e-05,0.0182488387084004,4500362.63358709,0.0007792446851054,0.018579790494221,colebrook
moody_eps7.79e-04_Re5.21e+06,264749.68181880465,53.00198530513063,0.001,1000.0,0.1,7.792446851054645e-05,0.0188486898280541,5300198.530513063,0.0007792446851054,0.0185671500820803,colebrook
moody_eps7.79e-04_Re5.93e+06,326062.2031900495,58.75661123119711,0.001,1000.0,0.1,7.792446851054645e-05,0.0188893482865127,5875661.12311971,0.0007792446851054,0.0185601706371447,colebrook
moody_eps7.79e-04_Re6.74e+06,401380.7282535337,65.7388425283053,0.001,1000.0,0.1,7.792446851054645e-05,0.0185755809846614,6573884.25283053,0.0007792446851054,0.0185533335814759,colebrook
moody_eps7.79e-04_Re7.66e+06,576251.6985906325,79.21533209842352,0.001,1000.0,0.1,7.792446851054645e-05,0.0183663865156863,7921533.209842352,0.0007792446851054,0.0185435291216071,colebrook
moody_eps7.79e-04_Re8.71e+06,672347.8660589259,86.9091247685393,0.001,1000.0,0.1,7.792446851054645e-05,0.0178030033618728,8690912.47685393,0.0007792446851054,0.0185392892171523,colebrook
moody_eps7.79e-04_Re9.90e+06,912043.146322332,98.4896694050376,0.001,1000.0,0.1,7.792446851054645e-05,0.0188045965630354,9848966.940503756,0.0007792446851054,0.0185341514779504,colebrook
moody_eps7.79e-04_Re1.13e+07,1193285.8656965345,111.03071636465664,0.001,1000.0,0.1,7.792446851054645e-05,0.0193592357444576,11103071.636465663,0.0007792446851054,0.0185297922112033,colebrook
moody_eps7.79e-04_Re1.28e+07,1583465.9640684335,130.5956904182962,0.001,1000.0,0.1,7.792446851054645e-05,0.0185686802190087,13059569.04182962,0.0007792446851054,0.0185246584560203,colebrook
moody_eps7.79e-04_Re1.46e+07,2156933.012148585,149.82035500049054,0.001,1000.0,0.1,7.792446851054645e-05,0.0192187443373891,14982035.500049056,0.0007792446851054,0.0185209167073128,colebrook
moody_eps7.79e-04_Re1.66e+07,2656027.024272418,171.89337013042885,0.001,1000.0,0.1,7.792446851054645e-05,0.0179781182382079,17189337.013042886,0.0007792446851054,0.0185176504270402,colebrook
moody_eps7.79e-04_Re1.88e+07,3149808.74627273,184.38122683540325,0.001,1000.0,0.1,7.792446851054645e-05,0.018530228705665,18438122.68354033,0.0007792446851054,0.0185161481769027,colebrook
moody_eps7.79e-04_Re2.14e+07,4307166.019539799,209.4261186518121,0.001,1000.0,0.1,7.792446851054645e-05,0.0196408337602258,20942611.865181208,0.0007792446851054,0.0185136743139966,colebrook
moody_eps7.79e-04_Re2.43e+07,4930140.190866861,230.0890280393648,0.001,1000.0,0.1,7.792446851054645e-05,0.0186250499202219,23008902.80393648,0.0007792446851054,0.0185120380684648,colebrook
moody_eps7.79e-04_Re2.77e+07,6284740.094330736,264.8460492908828,0.001,1000.0,0.1,7.792446851054645e-05,0.0179196828840889,26484604.92908828,0.0007792446851054,0.0185098608415035,colebrook
moody_eps7.79e-04_Re3.15e+07,9871363.982087947,327.1813318759694,0.001,1000.0,0.1,7.792446851054645e-05,0.0184429389833353,32718133.18759694,0.0007792446851054,0.018507113466492,colebrook
moody_eps7.79e-04_Re3.58e+07,12106855.520423606,359.1598978730472,0.001,1000.0,0.1,7.792446851054645e-05,0.0187709250914119,35915989.787304714,0.0007792446851054,0.0185060737512885,colebrook
moody_eps7.79e-04_Re4.07e+07,15160294.362101372,401.1931798477914,0.001,1000.0,0.1,7.792446851054645e-05,0.0188378158228781,40119317.98477914,0.0007792446851054,0.0185049589999856,colebrook
moody_eps7.79e-04_Re4.63e+07,20547598.405588448,471.1968103676381,0.001,1000.0,0.1,7.792446851054645e-05,0.0185091459841894,47119681.03676381,0.0007792446851054,0.0185035435272316,colebrook
moody_eps7.79e-04_Re5.26e+07,25221142.762057472,520.4504181413389,0.001,1000.0,0.1,7.792446851054645e-05,0.0186224163654865,52045041.81413389,0.0007792446851054,0.018502775655338,colebrook
moody_eps7.79e-04_Re5.98e+07,34902000.659916885,615.6625090885693,0.001,1000.0,0.1,7.792446851054645e-05,0.0184159828646008,61566250.90885693,0.0007792446851054,0.0185016393740898,colebrook
moody_eps7.79e-04_Re6.80e+07,40934930.96848884,678.5915112527633,0.001,1000.0,0.1,7.792446851054645e-05,0.0177789952053986,67859151.12527633,0.0007792446851054,0.0185010632838583,colebrook
moody_eps7.79e-04_Re7.73e+07,57246018.4318294,794.0802499675979,0.001,1000.0,0.1,7.792446851054645e-05,0.0181571002988036,79408024.99675979,0.0007792446851054,0.0185002434633967,colebrook
moody_eps7.79e-04_Re8.79e+07,76847631.64719522,904.3116400926854,0.001,1000.0,0.1,7.792446851054645e-05,0.0187942171849873,90431164.00926854,0.0007792446851054,0.0184996561954036,colebrook
moody_eps7.79e-04_Re1.00e+08,101134455.26875249,1038.9515625902404,0.001,1000.0,0.1,7.792446851054645e-05,0.0187386601196008,103895156.25902404,0.0007792446851054,0.0184991078884716,colebrook
moody_eps1.03e-03_Re1.10e+05,133.04211589579597,1.1053268048119345,0.001,1000.0,0.1,0.0001028395716854,0.0217789899675769,110532.68048119346,0.0010283957168542,0.0220690643198546,colebrook
moody_eps1.03e-03_Re1.26e+05,177.70382106452735,1.2736278265713443,0.001,1000.0,0.1,0.0001028395716854,0.02190996499967,127362.78265713446,0.0010283957168542,0.0218088214787393,colebrook
moody_eps1.03e-03_Re1.43e+05,221.04695140302383,1.40159376659844,0.001,1000.0,0.1,0.0001028395716854,0.0225045436454405,140159.37665984398,0.0010283957168542,0.0216478199498714,colebrook
moody_eps1.03e-03_Re1.62e+05,278.5982698362811,1.6060649598812653,0.001,1000.0,0.1,0.0001028395716854,0.0216014148051236,160606.49598812652,0.0010283957168542,0.0214380200663476,colebrook
moody_eps1.03e-03_Re1.85e+05,352.2209041120154,1.840920257703977,0.001,1000.0,0.1,0.0001028395716854,0.0207862032540043,184092.02577039768,0.0010283957168542,0.0212488370461747,colebrook
moody_eps1.03e-03_Re2.10e+05,484.002035191075,2.135717161830199,0.001,1000.0,0.1,0.0001028395716854,0.0212221660595927,213571.7161830199,0.0010283957168542,0.0210649689189064,colebrook
moody_eps1.03e-03_Re2.39e+05,660.1929825627656,2.44122943692618,0.001,1000.0,0.1,0.0001028395716854,0.0221556095593227,244122.94369261796,0.0010283957168542,0.020917433061032,colebrook
moody_eps1.03e-03_Re2.72e+05,766.0525310224007,2.7215074897823484,0.001,1000.0,0.1,0.0001028395716854,0.0206856646500474,272150.7489782348,0.0010283957168542,0.0208089980586654,colebrook
moody_eps1.03e-03_Re3.09e+05,847.3742183213412,2.8334597481172223,0.001,1000.0,0.1,0.0001028395716854,0.0211091694930973,283345.97481172223,0.0010283957168542,0.020771233563901,colebrook
moody_eps1.03e-03_Re3.51e+05,1193.9867362602774,3.442267777703918,0.001,1000.0,0.1,0.0001028395716854,0.0201530227393528,344226.7777703918,0.0010283957168542,0.0206061377088294,colebrook
moody_eps1.03e-03_Re3.99e+05,1601.4363981980405,3.924683524123732,0.001,1000.0,0.1,0.0001028395716854,0.0207936345279135,392468.3524123732,0.0010283957168542,0.0205096114585241,colebrook
moody_eps1.03e-03_Re4.54e+05,2054.325613662353,4.502583674548721,0.001,1000.0,0.1,0.0001028395716854,0.0202663571558688,450258.3674548721,0.0010283957168542,0.0204198132624491,colebrook
moody_eps1.03e-03_Re5.16e+05,2658.3106650707464,5.113952565449731,0.001,1000.0,0.1,0.0001028395716854,0.0203292959606398,511395.2565449731,0.0010283957168542,0.0203458864743661,colebrook
moody_eps1.03e-03_Re5.87e+05,3353.292793446456,5.812967539669636,0.001,1000.0,0.1,0.0001028395716854,0.0198474938315926,581296.7539669636,0.0010283957168542,0.0202796256473763,colebrook
moody_eps1.03e-03_Re6.67e+05,4345.272257421347,6.462155205803736,0.001,1000.0,0.1,0.0001028395716854,0.0208109650267012,646215.5205803736,0.0010283957168542,0.0202304401318945,colebrook
moody_eps1.03e-03_Re7.59e+05,5968.393285070115,7.69926599905742,0.001,1000.0,0.1,0.0001028395716854,0.0201367222788238,769926.599905742,0.0010283957168542,0.020158930548691,colebrook
moody_eps1.03e-03_Re8.63e+05,7580.243773470108,8.45842472551156,0.001,1000.0,0.1,0.0001028395716854,0.0211901577866096,845842.4725511558,0.0010283957168542,0.0201250957572984,colebrook
moody_eps1.03e-03_Re9.81e+05,9623.641376974016,9.692155210407543,0.001,1000.0,0.1,0.0001028395716854,0.0204893747501274,969215.5210407544,0.0010283957168542,0.0200811174279162,colebrook
moody_eps1.03e-03_Re1.12e+06,11989.86547291308,10.7601941392418,0.001,1000.0,0.1,0.0001028395716854,0.0207111441695098,1076019.4139241795,0.0010283957168542,0.0200509940298645,colebrook
moody_eps1.03e-03_Re1.27e+06,16343.005062106424,12.951961641144912,0.001,1000.0,0.1,0.0001028395716854,0.0194845693687343,1295196.1641144913,0.0010283957168542,0.0200044209032637,colebrook
moody_eps1.03e-03_Re1.44e+06,20251.16703482104,14.45852868419777,0.001,1000.0,0.1,0.0001028395716854,0.0193745600556396,1445852.868419777,0.0010283957168542,0.0199804469262417,colebrook
moody_eps1.03e-03_Re1.64e+06,25336.018140985125,16.243612146987218,0.001,1000.0,0.1,0.0001028395716854,0.0192045057524688,1624361.2146987217,0.0010283957168542,0.0199577029610558,colebrook
moody_eps1.03e-03_Re1.86e+06,36136.53244723993,18.754047139784745,0.001,1000.0,0.1,0.0001028395716854,0.0205488000224525,1875404.7139784745,0.0010283957168542,0.0199329387853481,colebrook
moody_eps1.03e-03_Re2.12e+06,42554.05158182939,20.792521704764614,0.001,1000.0,0.1,0.0001028395716854,0.0196859593656192,2079252.1704764613,0.0010283957168542,0.019917172565219,colebrook
moody_eps1.03e-03_Re2.41e+06,55853.40296453578,24.33671563079365,0.001,1000.0,0.1,0.0001028395716854,0.0188606084473485,2433671.5630793646,0.0010283957168542,0.0198959787517136,colebrook
moody_eps1.03e-03_Re2.74e+06,74201.77151045512,27.51604257842972,0.001,1000.0,0.1,0.0001028395716854,0.0196007335019039,2751604.257842972,0.0010283957168542,0.0198815664119991,colebrook
moody_eps1.03e-03_Re3.12e+06,89081.23336626102,31.1982302680192,0.001,1000.0,0.1,0.0001028395716854,0.0183044337585189,3119823.02680192,0.0010283957168542,0.0198685134679602,colebrook
moody_eps1.03e-03_Re3.54e+06,115776.13053529843,34.318085668433305,0.001,1000.0,0.1,0.0001028395716854,0.0196608784429375,3431808.5668433304,0.0010283957168542,0.0198596284820131,colebrook
moody_eps1.03e-03_Re4.03e+06,162069.6563321799,41.22868491642586,0.001,1000.0,0.1,0.0001028395716854,0.0190692118007619,4122868.491642586,0.0010283957168542,0.0198447039937346,colebrook
moody_eps1.03e-03_Re4.58e+06,190322.86198623365,44.01533715138586,0.001,1000.0,0.1,0.0001028395716854,0.0196477529990045,4401533.715138586,0.0010283957168542,0.0198400033874713,colebrook
moody_eps1.03e-03_Re5.21e+06,262687.84767808724,51.29410370598453,0.001,1000.0,0.1,0.0001028395716854,0.0199680238525208,5129410.370598453,0.0010283957168542,0.0198301216727821,colebrook
moody_eps1.03e-03_Re5.93e+06,332561.33685775,57.8803833868388,0.001,1000.0,0.1,0.0001028395716854,0.0198535856928137,5788038.338683879,0.0010283957168542,0.0198233117539422,colebrook
moody_eps1.03e-03_Re6.74e+06,423068.6547518354,65.304179062596,0.001,1000.0,0.1,0.0001028395716854,0.0198407870819963,6530417.906259601,0.0010283957168542,0.0198172756259577,colebrook
moody_eps1.03e-03_Re7.66e+06,601973.9449647992,78.66945809586372,0.001,1000.0,0.1,0.0001028395716854,0.0194533935444027,7866945.809586372,0.0010283957168542,0.0198092701491359,colebrook
moody_eps1.03e-03_Re8.71e+06,759661.2029339854,85.78213356514306,0.001,1000.0,0.1,0.0001028395716854,0.0206469665893182,8578213.356514305,0.0010283957168542,0.0198060235508175,colebrook
moody_eps1.03e-03_Re9.90e+06,892347.4399219729,96.49738546083266,0.001,1000.0,0.1,0.0001028395716854,0.0191660618179607,9649738.546083266,0.0010283957168542,0.0198020335486796,colebrook
moody_eps1.03e-03_Re1.13e+07,1109134.338696908,107.23870452127738,0.001,1000.0,0.1,0.0001028395716854,0.0192890584472677,10723870.452127738,0.0010283957168542,0.0197988320262334,colebrook
moody_eps1.03e-03_Re1.28e+07,1586062.6110339148,127.5203250336632,0.001,1000.0,0.1,0.0001028395716854,0.019507045684056,12752032.50336632,0.0010283957168542,0.0197942543627321,colebrook
moody_eps1.03e-03_Re1.46e+07,2327216.394943938,155.3146752642806,0.001,1000.0,0.1,0.0001028395716854,0.0192948664752034,15531467.52642806,0.0010283957168542,0.0197899193765722,colebrook
moody_eps1.03e-03_Re1.66e+07,2547742.020424746,160.82124111948255,0.001,1000.0,0.1,0.0001028395716854,0.0197014697817792,16082124.111948254,0.0010283957168542,0.0197892380652441,colebrook
moody_eps1.03e-03_Re1.88e+07,3701102.559488986,194.8073393600428,0.001,1000.0,0.1,0.0001028395716854,0.0195052034989302,19480733.93600428,0.0010283957168542,0.0197858843033596,colebrook
moody_eps1.03e-03_Re2.14e+07,4592477.600641861,214.93820950450757,0.001,1000.0,0.1,0.0001028395716854,0.0198815293612992,21493820.950450752,0.0010283957168542,0.0197843972929656,colebrook
moody_eps1.03e-03_Re2.43e+07,5689511.590232163,240.1017407927266,0.001,1000.0,0.1,0.0001028395716854,0.0197385099329589,24010174.079272658,0.0010283957168542,0.0197828887728107,colebrook
moody_eps1.03e-03_Re2.77e+07,6528650.572976685,266.96499535424726,0.001,1000.0,0.1,0.0001028395716854,0.0183208146224878,26696499.535424724,0.0010283957168542,0.0197815918681358,colebrook
moody_eps1.03e-03_Re3.15e+07,9769804.807383636,310.3100166180044,0.001,1000.0,0.1,0.0001028395716854,0.0202919738269294,31031001.66180044,0.0010283957168542,0.0197799722853582,colebrook
moody_eps1.03e-03_Re3.58e+07,12204423.20130914,356.9865179291451,0.001,1000.0,0.1,0.0001028395716854,0.0191533006163704,35698651.79291451,0.0010283957168542,0.0197786676773501,colebrook
moody_eps1.03e-03_Re4.07e+07,16692440.234632252,403.1713200332117,0.001,1000.0,0.1,0.0001028395716854,0.0205385871160927,40317132.00332117,0.0010283957168542,0.0197776739262111,colebrook
moody_eps1.03e-03_Re4.63e+07,19944408.563946217,448.8537262483501,0.001,1000.0,0.1,0.0001028395716854,0.0197989194153117,44885372.62483501,0.0010283957168542,0.0197768920382258,colebrook
moody_eps1.03e-03_Re5.26e+07,28210221.65078761,527.1859293515078,0.001,1000.0,0.1,0.0001028395716854,0.0203005999704918,52718592.93515077,0.0010283957168542,0.019775866544459,colebrook
moody_eps1.03e-03_Re5.98e+07,35193747.91886289,586.4027084330302,0.001,1000.0,0.1,0.0001028395716854,0.0204693277379034,58640270.84330302,0.0010283957168542,0.0197752730588372,colebrook
moody_eps1.03e-03_Re6.80e+07,45386815.58267761,670.5169890638597,0.001,1000.0,0.1,0.0001028395716854,0.0201901774668778,67051698.906385966,0.0010283957168542,0.0197746101729886,colebrook
moody_eps1.03e-03_Re7.73e+07,66242240.18519008,797.8995263629251,0.001,1000.0,0.1,0.0001028395716854,0.0208098328637335,79789952.6362925,0.0010283957168542,0.0197738722994489,colebrook
moody_eps1.03e-03_Re8.79e+07,82487893.59345193,926.9880366695238,0.001,1000.0,0.1,0.0001028395716854,0.0191987056686282,92698803.6669524,0.0010283957168542,0.01977333136362,colebrook
moody_eps1.03e-03_Re1.00e+08,102940087.7617775,1044.0305784288787,0.001,1000.0,0.1,0.0001028395716854,0.0188880921194743,104403057.84288788,0.0010283957168542,0.0197729565002279,colebrook
moody_eps1.36e-03_Re1.83e+04,4.578824314854246,0.1780319499461991,0.001,1000.0,0.1,0.0001357208808297,0.0288926967150492,17803.194994619906,0.0013572088082974,0.0292409083688748,colebrook
moody_eps1.36e-03_Re2.08e+04,5.889266444005998,0.2054597487503389,0.001,1000.0,0.1,0.0001357208808297,0.0279021515677471,20545.9748750339,0.0013572088082974,0.0284886509641888,colebrook
moody_eps1.36e-03_Re2.37e+04,7.208212514858978,0.2340466417808252,0.001,1000.0,0.1,0.0001357208808297,0.0263179919513548,23404.66417808252,0.0013572088082974,0.0278532003181093,colebrook
moody_eps1.36e-03_Re2.69e+04,10.291492955793242,0.2674910709925932,0.001,1000.0,0.1,0.0001357208808297,0.0287666836629716,26749.107099259323,0.0013572088082974,0.02724734815254,colebrook
moody_eps1.36e-03_Re3.06e+04,12.455049705866712,0.308983587147206,0.001,1000.0,0.1,0.0001357208808297,0.0260918359398042,30898.3587147206,0.0013572088082974,0.026642700568796,colebrook
moody_eps1.36e-03_Re3.48e+04,16.578909638440635,0.3527281368563792,0.001,1000.0,0.1,0.0001357208808297,0.0266505239299006,35272.81368563792,0.0013572088082974,0.0261305233151389,colebrook
moody_eps1.36e-03_Re3.95e+04,21.35753503072401,0.4013245290263416,0.001,1000.0,0.1,0.0001357208808297,0.0265209888915798,40132.45290263416,0.0013572088082974,0.0256689469170648,colebrook
moody_eps1.36e-03_Re4.50e+04,24.91638879774091,0.4363304233619121,0.001,1000.0,0.1,0.0001357208808297,0.0261748441084495,43633.04233619121,0.0013572088082974,0.0253888864625334,colebrook
moody_eps1.36e-03_Re5.11e+04,30.585856452087302,0.4934090373169557,0.001,1000.0,0.1,0.0001357208808297,0.0251267571314385,49340.90373169557,0.0013572088082974,0.0250031384633086,colebrook
moody_eps1.36e-03_Re5.81e+04,38.15553267294036,0.5540949844642051,0.001,1000.0,0.1,0.0001357208808297,0.0248553039558012,55409.49844642051,0.0013572088082974,0.0246662647416204,colebrook
moody_eps1.36e-03_Re6.61e+04,48.20035764765846,0.6276547756259327,0.001,1000.0,0.1,0.0001357208808297,0.0244702598539161,62765.47756259328,0.0013572088082974,0.024332086985109,colebrook
moody_eps1.36e-03_Re7.52e+04,75.36529251999966,0.8188259091531087,0.001,1000.0,0.1,0.0001357208808297,0.0224811349515548,81882.59091531087,0.0013572088082974,0.0237085291191108,colebrook
moody_eps1.36e-03_Re8.55e+04,87.30371343763682,0.8572975867722914,0.001,1000.0,0.1,0.0001357208808297,0.0237574328222561,85729.75867722914,0.0013572088082974,0.0236123129279736,colebrook
moody_eps1.36e-03_Re9.72e+04,112.03204709186852,0.9703507421896512,0.001,1000.0,0.1,0.0001357208808297,0.023796592986292,97035.07421896512,0.0013572088082974,0.0233683517895065,colebrook
moody_eps1.36e-03_Re1.10e+05,136.70380013051906,1.059517141782149,0.001,1000.0,0.1,0.0001357208808297,0.0243553630691339,105951.71417821488,0.0013572088082974,0.0232084203471725,colebrook
moody_eps1.36e-03_Re1.26e+05,190.1990034052277,1.2754351374839423,0.001,1000.0,0.1,0.0001357208808297,0.0233841440636511,127543.51374839424,0.0013572088082974,0.0229043757621373,colebrook
moody_eps1.36e-03_Re1.43e+05,236.83526417467905,1.4253058283825126,0.001,1000.0,0.1,0.0001357208808297,0.023316332599433,142530.58283825126,0.0013572088082974,0.0227423559206515,colebrook
moody_eps1.36e-03_Re1.62e+05,282.6453213755289,1.5592510784632552,0.001,1000.0,0.1,0.0001357208808297,0.0232508958315128,155925.10784632553,0.0013572088082974,0.022621530828732,colebrook
moody_eps1.36e-03_Re1.85e+05,373.0519028928183,1.8137835812932084,0.001,1000.0,0.1,0.0001357208808297,0.0226792309057615,181378.35812932084,0.0013572088082974,0.0224371424897845,colebrook
moody_eps1.36e-03_Re2.10e+05,523.7413818779291,2.1460343991760094,0.001,1000.0,0.1,0.0001357208808297,0.0227443498652692,214603.43991760092,0.0013572088082974,0.0222576013748852,colebrook
moody_eps1.36e-03_Re2.39e+05,673.9152680289519,2.4515821134663094,0.001,1000.0,0.1,0.0001357208808297,0.0224255138536159,245158.2113466309,0.0013572088082974,0.0221326830145564,colebrook
moody_eps1.36e-03_Re2.72e+05,776.1639836226976,2.609027903235859,0.001,1000.0,0.1,0.0001357208808297,0.0228047877361984,260902.79032358597,0.0013572088082974,0.0220790297618,colebrook
moody_eps1.36e-03_Re3.09e+05,1075.5763350727975,3.1175266599412423,0.001,1000.0,0.1,0.0001357208808297,0.0221335400998471,311752.66599412425,0.0013572088082974,0.0219407909811642,colebrook
moody_eps1.36e-03_Re3.51e+05,1240.2246802492434,3.367978623481497,0.001,1000.0,0.1,0.0001357208808297,0.0218671262518353,336797.86234814965,0.0013572088082974,0.021887276712903,colebrook
moody_eps1.36e-03_Re3.99e+05,1810.36409038192,4.051067194038474,0.001,1000.0,0.1,0.0001357208808297,0.0220626171432369,405106.71940384735,0.0013572088082974,0.0217735144587954,colebrook
moody_eps1.36e-03_Re4.54e+05,2338.262254137085,4.563575437403212,0.001,1000.0,0.1,0.0001357208808297,0.0224549838363675,456357.5437403211,0.0013572088082974,0.0217096564375816,colebrook
moody_eps1.36e-03_Re5.16e+05,2606.1247436303333,5.001255186160288,0.001,1000.0,0.1,0.0001357208808297,0.0208385341399434,500125.5186160288,0.0013572088082974,0.0216651108516494,colebrook
moody_eps1.36e-03_Re5.87e+05,3343.6948124838545,5.540563138422268,0.001,1000.0,0.1,0.0001357208808297,0.0217845608966199,554056.3138422268,0.0013572088082974,0.0216195829331375,colebrook
moody_eps1.36e-03_Re6.67e+05,4980.615590514607,6.7799292442608365,0.001,1000.0,0.1,0.0001357208808297,0.0216701888560392,677992.9244260836,0.0013572088082974,0.0215416566384341,colebrook
moody_eps1.36e-03_Re7.59e+05,5871.739901157769,7.619924803307041,0.001,1000.0,0.1,0.0001357208808297,0.0202253215100321,761992.4803307041,0.0013572088082974,0.0215028997311487,colebrook
moody_eps1.36e-03_Re8.63e+05,8143.428419737562,8.75203796260326,0.001,1000.0,0.1,0.0001357208808297,0.0212627235855122,875203.796260326,0.0013572088082974,0.0214621800444861,colebrook
moody_eps1.36e-03_Re9.81e+05,11022.449831043908,10.335980654540174,0.001,1000.0,0.1,0.0001357208808297,0.020635013192338,1033598.0654540173,0.0013572088082974,0.0214199023054935,colebrook
moody_eps1.36e-03_Re1.12e+06,12600.529819828813,10.792195501436302,0.001,1000.0,0.1,0.0001357208808297,0.0216371070670394,1079219.5501436302,0.0013572088082974,0.0214099861085631,colebrook
moody_eps1.36e-03_Re1.27e+06,15029.212083863998,11.996657733852023,0.001,1000.0,0.1,0.0001357208808297,0.0208855382230768,1199665.7733852025,0.0013572088082974,0.0213873716161265,colebrook
moody_eps1.36e-03_Re1.44e+06,24473.98728250685,15.043159022587712,0.001,1000.0,0.1,0.0001357208808297,0.0216300056408995,1504315.9022587712,0.0013572088082974,0.0213461255579088,colebrook
moody_eps1.36e-03_Re1.64e+06,29541.8335463998,16.201837502520615,0.001,1000.0,0.1,0.0001357208808297,0.0225081032293831,1620183.7502520615,0.0013572088082974,0.021334460620536,colebrook
moody_eps1.36e-03_Re1.86e+06,38292.574953012205,18.87904474959604,0.001,1000.0,0.1,0.0001357208808297,0.0214874329737189,1887904.474959604,0.0013572088082974,0.021312926916389,colebrook
moody_eps1.36e-03_Re2.12e+06,48204.86923236408,20.86349828339463,0.001,1000.0,0.1,0.0001357208808297,0.0221486185590761,2086349.8283394624,0.0013572088082974,0.0213004977545937,colebrook
moody_eps1.36e-03_Re2.41e+06,58127.63086609684,22.931239572740587,0.001,1000.0,0.1,0.0001357208808297,0.0221084122929869,2293123.957274059,0.0013572088082974,0.0212898156096975,colebrook
moody_eps1.36e-03_Re2.74e+06,84762.22057925694,28.213807066377303,0.001,1000.0,0.1,0.0001357208808297,0.0212965344420535,2821380.7066377304,0.0013572088082974,0.0212695846684795,colebrook
moody_eps1.36e-03_Re3.12e+06,117591.74985869418,33.12469585137313,0.001,1000.0,0.1,0.0001357208808297,0.0214339913012323,3312469.5851373128,0.0013572088082974,0.0212565297179981,colebrook
moody_eps1.36e-03_Re3.54e+06,132883.14578904846,35.81818749622363,0.001,1000.0,0.1,0.0001357208808297,0.0207153695569393,3581818.7496223627,0.0013572088082974,0.0212508810470347,colebrook
moody_eps1.36e-03_Re4.03e+06,170902.0010051563,39.74248281950199,0.001,1000.0,0.1,0.0001357208808297,0.0216404931323027,3974248.281950198,0.0013572088082974,0.0212440146413305,colebrook
moody_eps1.36e-03_Re4.58e+06,233515.35083703225,46.66823544342985,0.001,1000.0,0.1,0.0001357208808297,0.0214438455572511,4666823.544342984,0.0013572088082974,0.0212347017077135,colebrook
moody_eps1.36e-03_Re5.21e+06,304933.4787180865,52.57717476188552,0.001,1000.0,0.1,0.0001357208808297,0.0220617832177349,5257717.476188552,0.0013572088082974,0.0212286882153805,colebrook
moody_eps1.36e-03_Re5.93e+06,371627.8418038938,58.84216699129622,0.001,1000.0,0.1,0.0001357208808297,0.0214664842688461,5884216.6991296215,0.0013572088082974,0.0212236269290226,colebrook
moody_eps1.36e-03_Re6.74e+06,450611.8904816345,64.34192882658998,0.001,1000.0,0.1,0.0001357208808297,0.0217693013472354,6434192.882658998,0.0013572088082974,0.0212199936890198,colebrook
moody_eps1.36e-03_Re7.66e+06,642904.8064808728,75.98937799221633,0.001,1000.0,0.1,0.0001357208808297,0.0222674706754364,7598937.799221633,0.0013572088082974,0.0212140308181104,colebrook
moody_eps1.36e-03_Re8.71e+06,846695.6309137775,88.73099430740196,0.001,1000.0,0.1,0.0001357208808297,0.0215083263767782,8873099.430740196,0.0013572088082974,0.0212092966301788,colebrook
moody_eps1.36e-03_Re9.90e+06,892797.5133665357,93.84272031649252,0.001,1000.0,0.1,0.0001357208808297,0.0202759770221023,9384272.031649252,0.0013572088082974,0.0212077579002482,colebrook
moody_eps1.36e-03_Re1.13e+07,1309929.722795989,112.25376498988832,0.001,1000.0,0.1,0.0001357208808297,0.0207910374129682,11225376.498988831,0.0013572088082974,0.0212033750472059,colebrook
moody_eps1.36e-03_Re1.28e+07,1665339.6414342052,126.03408045688263,0.001,1000.0,0.1,0.0001357208808297,0.0209679909963024,12603408.045688264,0.0013572088082974,0.0212009311017759,colebrook
moody_eps1.36e-03_Re1.46e+07,2191605.0695815124,141.92967255881146,0.001,1000.0,0.1,0.0001357208808297,0.0217593486222905,14192967.255881146,0.0013572088082974,0.0211987006028276,colebrook
moody_eps1.36e-03_Re1.66e+07,3123424.0980518027,167.6526649917801,0.001,1000.0,0.1,0.0001357208808297,0.0222249109579483,16765266.499178013,0.0013572088082974,0.0211959860443577,colebrook
moody_eps1.36e-03_Re1.88e+07,3767423.421927536,182.65194213379132,0.001,1000.0,0.1,0.0001357208808297,0.0225852987839612,18265194.213379133,0.0013572088082974,0.0211947556722542,colebrook
moody_eps1.36e-03_Re2.14e+07,4725194.000379683,210.5538564337268,0.001,1000.0,0.1,0.0001357208808297,0.0213168603012816,21055385.64337268,0.0013572088082974,0.0211929328034347,colebrook
moody_eps1.36e-03_Re2.43e+07,7292016.589393893,258.09140389271573,0.001,1000.0,0.1,0.0001357208808297,0.021894274749686,25809140.38927157,0.0013572088082974,0.021190734178097,colebrook
moody_eps1.36e-03_Re2.77e+07,7592187.808131804,264.26182941898105,0.001,1000.0,0.1,0.0001357208808297,0.0217434304719949,26426182.941898104,0.0013572088082974,0.0211905067499636,colebrook
moody_eps1.36e-03_Re3.15e+07,11660334.37664725,329.56124516774184,0.001,1000.0,0.1,0.0001357208808297,0.0214718136897131,32956124.516774185,0.0013572088082974,0.0211886215798783,colebrook
moody_eps1.36e-03_Re3.58e+07,13716100.95995408,365.0508482532236,0.001,1000.0,0.1,0.0001357208808297,0.0205851456867375,36505084.82532236,0.0013572088082974,0.0211878797292873,colebrook
moody_eps1.36e-03_Re4.07e+07,17249474.01576573,406.5096987832153,0.001,1000.0,0.1,0.0001357208808297,0.0208768047231982,40650969.87832153,0.0013572088082974,0.0211871770633196,colebrook
moody_eps1.36e-03_Re4.63e+07,20429303.55640685,444.4850237342918,0.001,1000.0,0.1,0.0001357208808297,0.0206808932066407,44448502.37342918,0.0013572088082974,0.0211866484075433,colebrook
moody_eps1.36e-03_Re5.26e+07,27837099.55020052,519.1305364060458,0.001,1000.0,0.1,0.0001357208808297,0.0206585971407704,51913053.64060458,0.0013572088082974,0.0211858346087298,colebrook
moody_eps1.36e-03_Re5.98e+07,35452099.37157226,584.5939630003968,0.001,1000.0,0.1,0.0001357208808297,0.0207473819074405,58459396.30003967,0.0013572088082974,0.0211852919048622,colebrook
moody_eps1.36e-03_Re6.80e+07,55633733.03072056,709.08173945549,0.001,1000.0,0.1,0.0001357208808297,0.0221297034913805,70908173.945549,0.0013572088082974,0.0211845362610339,colebrook
moody_eps1.36e-03_Re7.73e+07,71578895.27270718,831.5635657484158,0.001,1000.0,0.1,0.0001357208808297,0.02070256139904,83156356.57484159,0.0013572088082974,0.0211840135445153,colebrook
moody_eps1.36e-03_Re8.79e+07,83992511.31305279,888.8887110427316,0.001,1000.0,0.1,0.0001357208808297,0.0212606129336318,88888871.10427316,0.0013572088082974,0.021183818374063,colebrook
moody_eps1.36e-03_Re1.00e+08,100013202.14006875,983.3612426432232,0.001,1000.0,0.1,0.0001357208808297,0.0206852680600475,98336124.26432233,0.0013572088082974,0.0211835463712674,colebrook
moody_eps1.79e-03_Re1.83e+04,5.242981904152806,0.1896976602003378,0.001,1000.0,0.1,0.0001791154629615,0.0291396550313011,18969.76602003379,0.0017911546296155,0.0296785125592024,colebrook
moody_eps1.79e-03_Re2.08e+04,5.966868367565977,0.2029105492122775,0.001,1000.0,0.1,0.0001791154629615,0.0289845925797198,20291.054921227755,0.0017911546296155,0.0293489015277541,colebrook
moody_eps1.79e-03_Re2.37e+04,8.08274564996148,0.2301773680734834,0.001,1000.0,0.1,0.0001791154629615,0.030511507696437,23017.73680734834,0.0017911546296155,0.0287652289945829,colebrook
moody_eps1.79e-03_Re2.69e+04,10.313675481589613,0.2666612288431566,0.001,1000.0,0.1,0.0001791154629615,0.0290083953489149,26666.122884315653,0.0017911546296155,0.0281370775644692,colebrook
moody_eps1.79e-03_Re3.06e+04,12.920454436386365,0.3087726019553564,0.001,1000.0,0.1,0.0001791154629615,0.0271038053380968,30877.26019553564,0.0017911546296155,0.0275647793201738,colebrook
moody_eps1.79e-03_Re3.48e+04,17.672358163629635,0.3584840316311685,0.001,1000.0,0.1,0.0001791154629615,0.0275033040571149,35848.40316311685,0.0017911546296155,0.0270340142058825,colebrook
moody_eps1.79e-03_Re3.95e+04,21.321988698572685,0.3999117098007525,0.001,1000.0,0.1,0.0001791154629615,0.0266642555363105,39991.17098007525,0.0017911546296155,0.0266765719162521,colebrook
moody_eps1.79e-03_Re4.50e+04,27.480921782011496,0.453309476064122,0.001,1000.0,0.1,0.0001791154629615,0.0267467917445744,45330.94760641219,0.0017911546296155,0.0262977833679925,colebrook
moody_eps1.79e-03_Re5.11e+04,37.13710868121964,0.538484504472779,0.001,1000.0,0.1,0.0001791154629615,0.0256148409361238,53848.45044727789,0.0017911546296155,0.0258278799703529,colebrook
moody_eps1.79e-03_Re5.81e+04,40.78451535874193,0.5734689016092583,0.001,1000.0,0.1,0.0001791154629615,0.0248030768104935,57346.89016092584,0.0017911546296155,0.0256698607803636,colebrook
moody_eps1.79e-03_Re6.61e+04,55.563389857142106,0.6585961335765796,0.001,1000.0,0.1,0.0001791154629615,0.0256200737632761,65859.61335765796,0.0017911546296155,0.0253467293179485,colebrook
moody_eps1.79e-03_Re7.52e+04,76.00415406562111,0.7932790906861809,0.001,1000.0,0.1,0.0001791154629615,0.0241554599137458,79327.90906861809,0.0017911546296155,0.0249615413460445,colebrook
moody_eps1.79e-03_Re8.55e+04,79.07501308512718,0.8028293429548526,0.001,1000.0,0.1,0.0001791154629615,0.0245370751750578,80282.93429548526,0.0017911546296155,0.0249385815296878,colebrook
moody_eps1.79e-03_Re9.72e+04,111.88956000745614,0.96392534439985,0.001,1000.0,0.1,0.0001791154629615,0.0240842298416168,96392.534439985,0.0017911546296155,0.0246130542165036,colebrook
moody_eps1.79e-03_Re1.10e+05,156.0305884925593,1.1830023579172673,0.001,1000.0,0.1,0.0001791154629615,0.022298134033807,118300.23579172674,0.0017911546296155,0.0243005332792406,colebrook
moody_eps1.79e-03_Re1.26e+05,176.13334671417306,1.2146988513772308,0.001,1000.0,0.1,0.0001791154629615,0.0238745030925485,121469.88513772307,0.0017911546296155,0.024263851319416,colebrook
moody_eps1.79e-03_Re1.43e+05,257.96369944346367,1.4478484799880686,0.001,1000.0,0.1,0.0001791154629615,0.0246117425274977,144784.84799880686,0.0017911546296155,0.0240396810256771,colebrook
moody_eps1.79e-03_Re1.62e+05,321.9717754937746,1.626765294592012,0.001,1000.0,0.1,0.0001791154629615,0.0243331313792266,162676.5294592012,0.0017911546296155,0.0239082348579317,colebrook
moody_eps1.79e-03_Re1.85e+05,378.2998552979684,1.8289975056001844,0.001,1000.0,0.1,0.0001791154629615,0.0226172575999601,182899.75056001844,0.0017911546296155,0.0237886674348841,colebrook
moody_eps1.79e-03_Re2.10e+05,504.9462972975397,2.100328394856726,0.001,1000.0,0.1,0.0001791154629615,0.0228928983601681,210032.8394856726,0.0017911546296155,0.0236623731451132,colebrook
moody_eps1.79e-03_Re2.39e+05,571.9449550537357,2.229659590355297,0.001,1000.0,0.1,0.0001791154629615,0.0230094958641169,222965.9590355297,0.0017911546296155,0.0236124053943324,colebrook
moody_eps1.79e-03_Re2.72e+05,843.2884033038587,2.6815789149647458,0.001,1000.0,0.1,0.0001791154629615,0.023454434128398,268157.89149647456,0.0017911546296155,0.0234738997674629,colebrook
moody_eps1.79e-03_Re3.09e+05,1118.3559463251988,3.087693461328825,0.001,1000.0,0.1,0.0001791154629615,0.0234607391441223,308769.3461328825,0.0017911546296155,0.0233826019512936,colebrook
moody_eps1.79e-03_Re3.51e+05,1589.5747530037063,3.679916390426779,0.001,1000.0,0.1,0.0001791154629615,0.0234765918259544,367991.6390426779,0.0017911546296155,0.0232843113177649,colebrook
moody_eps1.79e-03_Re3.99e+05,1964.252588866381,4.02318155326354,0.001,1000.0,0.1,0.0001791154629615,0.0242710221847504,402318.155326354,0.0017911546296155,0.0232401533900206,colebrook
moody_eps1.79e-03_Re4.54e+05,2495.776736620928,4.6997162649495445,0.001,1000.0,0.1,0.0001791154629615,0.0225991679474771,469971.62649495446,0.0017911546296155,0.0231714702226457,colebrook
moody_eps1.79e-03_Re5.16e+05,3080.259929724362,5.222481596258271,0.001,1000.0,0.1,0.0001791154629615,0.0225872586720082,522248.1596258271,0.0017911546296155,0.0231302696939182,colebrook
moody_eps1.79e-03_Re5.87e+05,4173.355054054712,5.876385187175768,0.001,1000.0,0.1,0.0001791154629615,0.0241710111950706,587638.5187175769,0.0017911546296155,0.0230888128091089,colebrook
moody_eps1.79e-03_Re6.67e+05,5116.601758965635,6.698539621314219,0.001,1000.0,0.1,0.0001791154629615,0.0228061171253496,669853.9621314219,0.0017911546296155,0.0230479377604145,colebrook
moody_eps1.79e-03_Re7.59e+05,6193.47064042164,7.292013274313794,0.001,1000.0,0.1,0.0001791154629615,0.0232953466665817,729201.3274313794,0.0017911546296155,0.0230240507239521,colebrook
moody_eps1.79e-03_Re8.63e+05,8722.289982026403,8.604382461708449,0.001,1000.0,0.1,0.0001791154629615,0.0235624857054283,860438.2461708449,0.0017911546296155,0.022982737446425,colebrook
moody_eps1.79e-03_Re9.81e+05,11815.735208392647,10.030265398690531,0.001,1000.0,0.1,0.0001791154629615,0.0234890740201741,1003026.5398690532,0.0017911546296155,0.02294993186078,colebrook
moody_eps1.79e-03_Re1.12e+06,15241.760389907562,11.55633842420374,0.001,1000.0,0.1,0.0001791154629615,0.0228257271997847,1155633.842420374,0.0017911546296155,0.0229236792063255,colebrook
moody_eps1.79e-03_Re1.27e+06,19030.181386982717,13.216983947772484,0.001,1000.0,0.1,0.0001791154629615,0.0217875400471048,1321698.394777248,0.0017911546296155,0.0229019246684335,colebrook
moody_eps1.79e-03_Re1.44e+06,24699.905649381493,14.930946863430645,0.001,1000.0,0.1,0.0001791154629615,0.0221590220780214,1493094.6863430643,0.0017911546296155,0.0228844973784211,colebrook
moody_eps1.79e-03_Re1.64e+06,27491.09104672093,15.553602717439404,0.001,1000.0,0.1,0.0001791154629615,0.0227279344672236,1555360.2717439402,0.0017911546296155,0.0228791085932442,colebrook
moody_eps1.79e-03_Re1.86e+06,40148.45060835735,18.487746433750377,0.001,1000.0,0.1,0.0001791154629615,0.0234925864395671,1848774.6433750372,0.0017911546296155,0.0228585620457931,colebrook
moody_eps1.79e-03_Re2.12e+06,47281.79869146946,20.71580417608881,0.001,1000.0,0.1,0.0001791154629615,0.0220353722306112,2071580.41760888,0.0017911546296155,0.0228468205175126,colebrook
moody_eps1.79e-03_Re2.41e+06,67845.86812962506,24.20288556136792,0.001,1000.0,0.1,0.0001791154629615,0.02316429595036,2420288.556136792,0.0017911546296155,0.0228327572394119,colebrook
moody_eps1.79e-03_Re2.74e+06,81883.31363988329,26.735672849955403,0.001,1000.0,0.1,0.0001791154629615,0.0229109537308735,2673567.2849955405,0.0017911546296155,0.022824829954007,colebrook
moody_eps1.79e-03_Re3.12e+06,103567.4393560454,30.07323562440195,0.001,1000.0,0.1,0.0001791154629615,0.0229030288607191,3007323.562440195,0.0017911546296155,0.0228164129806846,colebrook
moody_eps1.79e-03_Re3.54e+06,132679.33846971337,35.4117481812269,0.001,1000.0,0.1,0.0001791154629615,0.021161115552811,3541174.818122689,0.0017911546296155,0.0228062346747473,colebrook
moody_eps1.79e-03_Re4.03e+06,189430.1314940062,40.88168775251964,0.001,1000.0,0.1,0.0001791154629615,0.0226684289820804,4088168.775251964,0.0017911546296155,0.0227985530792831,colebrook
moody_eps1.79e-03_Re4.58e+06,238714.612698411,44.49352047717468,0.001,1000.0,0.1,0.0001791154629615,0.0241165655895358,4449352.047717468,0.0017911546296155,0.0227945127527914,colebrook
moody_eps1.79e-03_Re5.21e+06,313959.36801351456,52.84534071753344,0.001,1000.0,0.1,0.0001791154629615,0.0224848522014434,5284534.071753344,0.0017911546296155,0.0227872792695455,colebrook
moody_eps1.79e-03_Re5.93e+06,388443.2416564288,58.16638320471751,0.001,1000.0,0.1,0.0001791154629615,0.0229621973479008,5816638.320471751,0.0017911546296155,0.0227837512806631,colebrook
moody_eps1.79e-03_Re6.74e+06,546356.1473508183,69.12899708001756,0.001,1000.0,0.1,0.0001791154629615,0.0228657429607849,6912899.708001756,0.0017911546296155,0.0227781912418993,colebrook
moody_eps1.79e-03_Re7.66e+06,671799.2196674057,77.91240320453139,0.001,1000.0,0.1,0.0001791154629615,0.0221338157303938,7791240.320453139,0.0017911546296155,0.0227748633231795,colebrook
moody_eps1.79e-03_Re8.71e+06,879742.6835783299,86.54880672582806,0.001,1000.0,0.1,0.0001791154629615,0.0234889438834447,8654880.672582805,0.0017911546296155,0.0227722485771431,colebrook
moody_eps1.79e-03_Re9.90e+06,1145325.299732454,99.39480116939738,0.001,1000.0,0.1,0.0001791154629615,0.023186303232107,9939480.116939738,0.0017911546296155,0.0227691986730274,colebrook
moody_eps1.79e-03_Re1.13e+07,1476062.3423029522,111.66743383648247,0.001,1000.0,0.1,0.0001791154629615,0.0236745440820201,11166743.383648248,0.0017911546296155,0.0227669394531961,colebrook
moody_eps1.79e-03_Re1.28e+07,1752151.9808816228,125.5760386271746,0.001,1000.0,0.1,0.0001791154629615,0.0222222593556561,12557603.86271746,0.0017911546296155,0.0227649122528067,colebrook
moody_eps1.79e-03_Re1.46e+07,2249839.70476636,139.97139397454714,0.001,1000.0,0.1,0.0001791154629615,0.0229669326583764,13997139.397454713,0.0017911546296155,0.0227632379278263,colebrook
moody_eps1.79e-03_Re1.66e+07,3173715.6099613686,164.8997152211963,0.001,1000.0,0.1,0.0001791154629615,0.0233430818234393,16489971.522119628,0.0017911546296155,0.0227610293127439,colebrook
moody_eps1.79e-03_Re1.88e+07,3739372.4952301686,185.6102565989704,0.001,1000.0,0.1,0.0001791154629615,0.021708248412756,18561025.65989704,0.0017911546296155,0.0227596452066678,colebrook
moody_eps1.79e-03_Re2.14e+07,5089434.084814495,214.3448536311359,0.001,1000.0,0.1,0.0001791154629615,0.0221550823359694,21434485.36311359,0.0017911546296155,0.0227581675266994,colebrook
moody_eps1.79e-03_Re2.43e+07,6690958.107877883,238.68241913619363,0.001,1000.0,0.1,0.0001791154629615,0.023489698613748,23868241.91361936,0.0017911546296155,0.0227571940815678,colebrook
moody_eps1.79e-03_Re2.77e+07,8833019.28674777,280.56104229871454,0.001,1000.0,0.1,0.0001791154629615,0.0224431825395275,28056104.229871456,0.0017911546296155,0.0227559141589463,colebrook
moody_eps1.79e-03_Re3.15e+07,10846699.072190182,314.3485042488201,0.001,1000.0,0.1,0.0001791154629615,0.0219535516560375,31434850.42488201,0.0017911546296155,0.0227551299690836,colebrook
moody_eps1.79e-03_Re3.58e+07,13643116.128469229,343.44148334015614,0.001,1000.0,0.1,0.0001791154629615,0.023133325519556,34344148.33401561,0.0017911546296155,0.0227545783100564,colebrook
moody_eps1.79e-03_Re4.07e+07,20424336.75949852,421.1815876831932,0.001,1000.0,0.1,0.0001791154629615,0.0230270976939758,42118158.76831932,0.0017911546296155,0.0227534779826116,colebrook
moody_eps1.79e-03_Re4.63e+07,22777173.39844413,448.3058770089221,0.001,1000.0,0.1,0.0001791154629615,0.0226663170474768,44830587.70089221,0.0017911546296155,0.0227531838402061,colebrook
moody_eps1.79e-03_Re5.26e+07,31246089.00593824,524.5696260426796,0.001,1000.0,0.1,0.0001791154629615,0.0227101174787016,52456962.60426796,0.0017911546296155,0.0227525197700204,colebrook
moody_eps1.79e-03_Re5.98e+07,38105277.41650754,574.7515353080407,0.001,1000.0,0.1,0.0001791154629615,0.0230703850634223,57475153.53080407,0.0017911546296155,0.0227521789154612,colebrook
moody_eps1.79e-03_Re6.80e+07,50283155.535362855,676.1480706227613,0.001,1000.0,0.1,0.0001791154629615,0.0219972754753149,67614807.06227612,0.0017911546296155,0.022751644555305,colebrook
moody_eps1.79e-03_Re7.73e+07,58703003.34069992,731.6256329578692,0.001,1000.0,0.1,0.0001791154629615,0.0219337298943812,73162563.29578692,0.0017911546296155,0.0227514148644355,colebrook
moody_eps1.79e-03_Re8.79e+07,84502130.99107876,858.9657455506775,0.001,1000.0,0.1,0.0001791154629615,0.022905826494542,85896574.55506775,0.0017911546296155,0.0227509998358932,colebrook
moody_eps1.79e-03_Re1.00e+08,113685565.873953,1023.3968808525028,0.001,1000.0,0.1,0.0001791154629615,0.0217093662518857,102339688.08525027,0.0017911546296155,0.022750616687615,colebrook
moody_eps2.36e-03_Re1.83e+04,5.3355619784381645,0.186404071330795,0.001,1000.0,0.1,0.0002363847690627,0.0307113832245915,18640.4071330795,0.0023638476906273,0.0307410484480765,colebrook
moody_eps2.36e-03_Re2.08e+04,6.391110183909491,0.2049308914275384,0.001,1000.0,0.1,0.0002363847690627,0.0304362709907557,20493.08914275384,0.0023638476906273,0.0303066881308959,colebrook
moody_eps2.36e-03_Re2.37e+04,7.285707710121919,0.2178950038866872,0.001,1000.0,0.1,0.0002363847690627,0.0306907283313439,21789.500388668723,0.0023638476906273,0.0300388516176512,colebrook
moody_eps2.36e-03_Re2.69e+04,10.576800687372543,0.2728934501431331,0.001,1000.0,0.1,0.0002363847690627,0.0284052157297924,27289.34501431332,0.0023638476906273,0.0291412998994539,colebrook
moody_eps2.36e-03_Re3.06e+04,13.719203203692746,0.3089075115484326,0.001,1000.0,0.1,0.0002363847690627,0.02875424352369,30890.751154843256,0.0023638476906273,0.0287008197163918,colebrook
moody_eps2.36e-03_Re3.48e+04,16.82349095506246,0.3371299019532383,0.001,1000.0,0.1,0.0002363847690627,0.0296040797957888,33712.99019532382,0.0023638476906273,0.0284116888834748,colebrook
moody_eps2.36e-03_Re3.95e+04,21.368416270227478,0.3974532195541749,0.001,1000.0,0.1,0.0002363847690627,0.027053925668321,39745.32195541749,0.0023638476906273,0.02791283299647,colebrook
moody_eps2.36e-03_Re4.50e+04,31.509731458159468,0.4798201656695254,0.001,1000.0,0.1,0.0002363847690627,0.0273727042371972,47982.01656695254,0.0023638476906273,0.0274098586151888,colebrook
moody_eps2.36e-03_Re5.11e+04,35.04271426208682,0.5009913390033451,0.001,1000.0,0.1,0.0002363847690627,0.0279233356756645,50099.13390033451,0.0023638476906273,0.0273040537773772,colebrook
moody_eps2.36e-03_Re5.81e+04,48.408860765145576,0.5970162011430152,0.001,1000.0,0.1,0.0002363847690627,0.027163305905391,59701.62011430153,0.0023638476906273,0.0269081591204082,colebrook
moody_eps2.36e-03_Re6.61e+04,49.22852830610731,0.6057370543045258,0.001,1000.0,0.1,0.0002363847690627,0.0268335767828572,60573.70543045258,0.0023638476906273,0.026877741664604,colebrook
moody_eps2.36e-03_Re7.52e+04,74.17598152315661,0.7498629481321637,0.001,1000.0,0.1,0.0002363847690627,0.0263833237951581,74986.29481321637,0.0023638476906273,0.0264679167308407,colebrook
moody_eps2.36e-03_Re8.55e+04,100.12840651973222,0.8706651407096282,0.001,1000.0,0.1,0.0002363847690627,0.0264170906767871,87066.51407096282,0.0023638476906273,0.0262201291375032,colebrook
moody_eps2.36e-03_Re9.72e+04,116.07342882255892,0.9646359931427456,0.001,1000.0,0.1,0.0002363847690627,0.0249480085521956,96463.59931427454,0.0023638476906273,0.0260668806173986,colebrook
moody_eps2.36e-03_Re1.10e+05,163.1296336721951,1.127506076257251,0.001,1000.0,0.1,0.0002363847690627,0.025664043017132,112750.60762572513,0.0023638476906273,0.0258574936613537,colebrook
moody_eps2.36e-03_Re1.26e+05,212.21857840857743,1.262391829046172,0.001,1000.0,0.1,0.0002363847690627,0.0266333040406749,126239.1829046172,0.0023638476906273,0.0257223196805232,colebrook
moody_eps2.36e-03_Re1.43e+05,276.05068229321034,1.4654188107066284,0.001,1000.0,0.1,0.0002363847690627,0.0257095986233868,146541.88107066284,0.0023638476906273,0.0255630539754809,colebrook
moody_eps2.36e-03_Re1.62e+05,310.63366492645343,1.58120072319628,0.001,1000.0,0.1,0.0002363847690627,0.0248487477654125,158120.072319628,0.0023638476906273,0.0254895350643348,colebrook
moody_eps2.36e-03_Re1.85e+05,393.9045389743264,1.776339227748273,0.001,1000.0,0.1,0.0002363847690627,0.0249671613334937,177633.9227748273,0.0023638476906273,0.0253862308294038,colebrook
moody_eps2.36e-03_Re2.10e+05,616.9383398723752,2.215170235108953,0.001,1000.0,0.1,0.0002363847690627,0.0251453417034953,221517.0235108953,0.0023638476906273,0.0252176686681179,colebrook
moody_eps2.36e-03_Re2.39e+05,717.7156585484848,2.385722307978128,0.001,1000.0,0.1,0.0002363847690627,0.0252198578335435,238572.2307978128,0.0023638476906273,0.0251682391279254,colebrook
moody_eps2.36e-03_Re2.72e+05,991.8839378937524,2.762654416919044,0.001,1000.0,0.1,0.0002363847690627,0.0259918821507288,276265.4416919044,0.0023638476906273,0.025079902824251,colebrook
moody_eps2.36e-03_Re3.09e+05,1206.6379836108968,3.06815832590709,0.001,1000.0,0.1,0.0002363847690627,0.0256360703403063,306815.83259070903,0.0023638476906273,0.0250237328678465,colebrook
moody_eps2.36e-03_Re3.51e+05,1715.5205288730435,3.8532761559984112,0.001,1000.0,0.1,0.0002363847690627,0.0231081748463887,385327.6155998411,0.0023638476906273,0.0249192011715358,colebrook
moody_eps2.36e-03_Re3.99e+05,1944.308684709238,3.9554618336239713,0.001,1000.0,0.1,0.0002363847690627,0.0248542587324555,395546.18336239713,0.0023638476906273,0.0249085718398093,colebrook
moody_eps2.36e-03_Re4.54e+05,2580.9627425556846,4.543673343358404,0.001,1000.0,0.1,0.0002363847690627,0.0250033113267267,454367.3343358404,0.0023638476906273,0.0248564789218425,colebrook
moody_eps2.36e-03_Re5.16e+05,3492.51207291173,5.060466716108524,0.001,1000.0,0.1,0.0002363847690627,0.0272763821389336,506046.6716108524,0.0023638476906273,0.0248205062637501,colebrook
moody_eps2.36e-03_Re5.87e+05,4218.789273523465,5.81564331980725,0.001,1000.0,0.1,0.0002363847690627,0.0249472283919911,581564.3319807249,0.0023638476906273,0.0247792367675777,colebrook
moody_eps2.36e-03_Re6.67e+05,5524.379243933445,6.628803480311047,0.001,1000.0,0.1,0.0002363847690627,0.0251445109153253,662880.3480311047,0.0023638476906273,0.0247451502148102,colebrook
moody_eps2.36e-03_Re7.59e+05,7412.154205289663,7.709491239118853,0.001,1000.0,0.1,0.0002363847690627,0.0249415249483061,770949.1239118853,0.0023638476906273,0.0247108288118578,colebrook
moody_eps2.36e-03_Re8.63e+05,9957.499797402808,9.001717948584437,0.001,1000.0,0.1,0.0002363847690627,0.0245770356720941,900171.7948584437,0.0023638476906273,0.0246804828384792,colebrook
moody_eps2.36e-03_Re9.81e+05,12063.32964325554,10.112029429469288,0.001,1000.0,0.1,0.0002363847690627,0.0235950304112045,1011202.9429469288,0.0023638476906273,0.0246605399350103,colebrook
moody_eps2.36e-03_Re1.12e+06,16563.80459687688,11.501277077230547,0.001,1000.0,0.1,0.0002363847690627,0.0250436693870117,1150127.7077230548,0.0023638476906273,0.0246409605042399,colebrook
moody_eps2.36e-03_Re1.27e+06,20593.577969198566,12.905481249579957,0.001,1000.0,0.1,0.0002363847690627,0.0247293895415046,1290548.1249579955,0.0023638476906273,0.0246254190503529,colebrook
moody_eps2.36e-03_Re1.44e+06,23397.345684168908,14.281946967346329,0.001,1000.0,0.1,0.0002363847690627,0.0229414970843077,1428194.6967346328,0.0023638476906273,0.0246131288030426,colebrook
moody_eps2.36e-03_Re1.64e+06,31733.714703115736,16.122981487764772,0.001,1000.0,0.1,0.0002363847690627,0.0244151950390509,1612298.1487764772,0.0023638476906273,0.0245999493855076,colebrook
moody_eps2.36e-03_Re1.86e+06,41335.8085982634,18.22236600875645,0.001,1000.0,0.1,0.0002363847690627,0.0248969932899298,1822236.6008756447,0.0023638476906273,0.0245881514454518,colebrook
moody_eps2.36e-03_Re2.12e+06,54908.30861312667,20.968559398567777,0.001,1000.0,0.1,0.0002363847690627,0.0249764593629907,2096855.9398567777,0.0023638476906273,0.0245762668641612,colebrook
moody_eps2.36e-03_Re2.41e+06,69867.36404199875,23.68532184760032,0.001,1000.0,0.1,0.0002363847690627,0.0249083966601012,2368532.184760032,0.0023638476906273,0.0245672092102818,colebrook
moody_eps2.36e-03_Re2.74e+06,92311.88393598096,27.4847964281135,0.001,1000.0,0.1,0.0002363847690627,0.0244400764868689,2748479.64281135,0.0023638476906273,0.0245575333821796,colebrook
moody_eps2.36e-03_Re3.12e+06,115963.1583139232,30.140960082849883,0.001,1000.0,0.1,0.0002363847690627,0.025529121313697,3014096.0082849883,0.0023638476906273,0.0245522127675014,colebrook
moody_eps2.36e-03_Re3.54e+06,145294.0115903754,35.04899345844882,0.001,1000.0,0.1,0.0002363847690627,0.023655199212836,3504899.3458448816,0.0023638476906273,0.0245444966836777,colebrook
moody_eps2.36e-03_Re4.03e+06,210526.58850004867,41.95362797103118,0.001,1000.0,0.1,0.0002363847690627,0.0239220229757884,4195362.797103118,0.0023638476906273,0.0245366902418949,colebrook
moody_eps2.36e-03_Re4.58e+06,245409.3260506305,44.61913658138069,0.001,1000.0,0.1,0.0002363847690627,0.024653508546501,4461913.658138069,0.0023638476906273,0.0245343214194242,colebrook
moody_eps2.36e-03_Re5.21e+06,299573.78847264417,49.91615589495726,0.001,1000.0,0.1,0.0002363847690627,0.0240464816901717,4991615.589495725,0.0023638476906273,0.0245303632897347,colebrook
moody_eps2.36e-03_Re5.93e+06,365036.1583573978,56.13519346513775,0.001,1000.0,0.1,0.0002363847690627,0.0231683675018734,5613519.346513774,0.0023638476906273,0.0245266677102188,colebrook
moody_eps2.36e-03_Re6.74e+06,552606.7862723598,67.34713497523715,0.001,1000.0,0.1,0.0002363847690627,0.0243673308204251,6734713.497523716,0.0023638476906273,0.0245217268239341,colebrook
moody_eps2.36e-03_Re7.66e+06,818796.1738662332,79.54383794807582,0.001,1000.0,0.1,0.0002363847690627,0.0258816951180772,7954383.794807582,0.0023638476906273,0.0245179315710573,colebrook
moody_eps2.36e-03_Re8.71e+06,957221.979558347,87.82433366355008,0.001,1000.0,0.1,0.0002363847690627,0.024820637455999,8782433.366355008,0.0023638476906273,0.0245159549602968,colebrook
moody_eps2.36e-03_Re9.90e+06,1104544.553265141,95.57796879436486,0.001,1000.0,0.1,0.0002363847690627,0.0241823020030767,9557796.879436484,0.0023638476906273,0.0245144142611616,colebrook
moody_eps2.36e-03_Re1.13e+07,1610511.905026581,112.95614676610876,0.001,1000.0,0.1,0.0002363847690627,0.0252449315297268,11295614.676610876,0.0023638476906273,0.0245117286657474,colebrook
moody_eps2.36e-03_Re1.28e+07,2074190.313187198,130.42781405395436,0.001,1000.0,0.1,0.0002363847690627,0.0243858650481405,13042781.405395435,0.0023638476906273,0.0245097494665263,colebrook
moody_eps2.36e-03_Re1.46e+07,2506910.163652628,144.7981241455642,0.001,1000.0,0.1,0.0002363847690627,0.0239134862902296,14479812.41455642,0.0023638476906273,0.0245084793029256,colebrook
moody_eps2.36e-03_Re1.66e+07,3003672.612182976,158.70855655037752,0.001,1000.0,0.1,0.0002363847690627,0.0238496443280137,15870855.655037751,0.0023638476906273,0.0245074687287185,colebrook
moody_eps2.36e-03_Re1.88e+07,4354695.53468428,187.8953790476988,0.001,1000.0,0.1,0.0002363847690627,0.024669229917652,18789537.904769875,0.0023638476906273,0.0245058344140829,colebrook
moody_eps2.36e-03_Re2.14e+07,5589688.991585487,212.667458560674,0.001,1000.0,0.1,0.0002363847690627,0.0247181269221989,21266745.8560674,0.0023638476906273,0.0245047990674799,colebrook
moody_eps2.36e-03_Re2.43e+07,8143544.362003068,256.98230361317763,0.001,1000.0,0.1,0.0002363847690627,0.0246624959246945,25698230.361317765,0.0023638476906273,0.0245034446495724,colebrook
moody_eps2.36e-03_Re2.77e+07,9183686.186864208,274.24489795055547,0.001,1000.0,0.1,0.0002363847690627,0.0244213640322431,27424489.795055542,0.0023638476906273,0.0245030354627375,colebrook
moody_eps2.36e-03_Re3.15e+07,10933439.923200935,296.2512977938766,0.001,1000.0,0.1,0.0002363847690627,0.0249153100239426,29625129.779387653,0.0023638476906273,0.0245025829489624,colebrook
moody_eps2.36e-03_Re3.58e+07,16022792.282977773,360.32686975270815,0.001,1000.0,0.1,0.0002363847690627,0.0246816904083345,36032686.975270815,0.0023638476906273,0.0245015800476892,colebrook
moody_eps2.36e-03_Re4.07e+07,18768592.69331841,396.1870669558584,0.001,1000.0,0.1,0.0002363847690627,0.0239144896060854,39618706.69558584,0.0023638476906273,0.0245011603095911,colebrook
moody_eps2.36e-03_Re4.63e+07,24126109.113627933,443.5027589279915,0.001,1000.0,0.1,0.0002363847690627,0.0245315297869463,44350275.892799154,0.0023638476906273,0.0245007103269852,colebrook
moody_eps2.36e-03_Re5.26e+07,40750292.26190168,572.9218286514225,0.001,1000.0,0.1,0.0002363847690627,0.0248296149470574,57292182.865142256,0.0023638476906273,0.0244998591294227,colebrook
moody_eps2.36e-03_Re5.98e+07,48366431.161167696,635.9873487029764,0.001,1000.0,0.1,0.0002363847690627,0.0239153689660234,63598734.87029763,0.0023638476906273,0.0244995698589893,colebrook
moody_eps2.36e-03_Re6.80e+07,58974555.39327858,683.2736400259574,0.001,1000.0,0.1,0.0002363847690627,0.0252641876415433,68327364.00259574,0.0023638476906273,0.0244993879888958,colebrook
moody_eps2.36e-03_Re7.73e+07,74721998.5564852,801.9608689844799,0.001,1000.0,0.1,0.0002363847690627,0.0232365752483787,80196086.89844799,0.0023638476906273,0.0244990259621604,colebrook
moody_eps2.36e-03_Re8.79e+07,94786714.05667984,866.832022870676,0.001,1000.0,0.1,0.0002363847690627,0.0252294376222666,86683202.28706759,0.0023638476906273,0.0244988699844341,colebrook
moody_eps2.36e-03_Re1.00e+08,132440026.21209286,1050.6127423400717,0.001,1000.0,0.1,0.0002363847690627,0.0239973853813771,105061274.23400714,0.0023638476906273,0.0244985326696956,colebrook
moody_eps3.12e-03_Re1.83e+04,5.241649582675627,0.181577429090144,0.001,1000.0,0.1,0.0003119650203334,0.0317961292790623,18157.742909014407,0.0031196502033349,0.0320746858541386,colebrook
moody_eps3.12e-03_Re2.08e+04,6.934231511485028,0.2078323280776171,0.001,1000.0,0.1,0.0003119650203334,0.0321071774236968,20783.232807761717,0.0031196502033349,0.0315011616016585,colebrook
moody_eps3.12e-03_Re2.37e+04,8.475028589869899,0.2387270877050506,0.001,1000.0,0.1,0.0003119650203334,0.0297418355243475,23872.708770505054,0.0031196502033349,0.030964408643964,colebrook
moody_eps3.12e-03_Re2.69e+04,11.369274472594917,0.2775685599727431,0.001,1000.0,0.1,0.0003119650203334,0.0295136010402687,27756.85599727431,0.0031196502033349,0.0304362473268718,colebrook
moody_eps3.12e-03_Re3.06e+04,14.140794725870188,0.3036445640835689,0.001,1000.0,0.1,0.0003119650203334,0.0306741680248473,30364.45640835689,0.0031196502033349,0.0301475367158374,colebrook
moody_eps3.12e-03_Re3.48e+04,17.374833191493167,0.34645741149506,0.001,1000.0,0.1,0.0003119650203334,0.0289501572386174,34645.741149506,0.0031196502033349,0.0297562573517535,colebrook
moody_eps3.12e-03_Re3.95e+04,21.70902896590798,0.3866960702375301,0.001,1000.0,0.1,0.0003119650203334,0.0290356047930153,38669.60702375301,0.0031196502033349,0.0294584023876295,colebrook
moody_eps3.12e-03_Re4.50e+04,30.71552139688637,0.4696683387236769,0.001,1000.0,0.1,0.0003119650203334,0.027848725120571,46966.83387236769,0.0031196502033349,0.0289890536442559,colebrook
moody_eps3.12e-03_Re5.11e+04,38.42569263524907,0.5275415030100585,0.001,1000.0,0.1,0.0003119650203334,0.0276145795699485,52754.15030100586,0.0031196502033349,0.0287408043380795,colebrook
moody_eps3.12e-03_Re5.81e+04,47.46628760184431,0.572120754143548,0.001,1000.0,0.1,0.0003119650203334,0.0290027952829245,57212.0754143548,0.0031196502033349,0.028580702146961,colebrook
moody_eps3.12e-03_Re6.61e+04,58.92531234462365,0.6455489783785591,0.001,1000.0,0.1,0.0003119650203334,0.0282796149960239,64554.897837855904,0.0031196502033349,0.0283611621264496,colebrook
moody_eps3.12e-03_Re7.52e+04,75.80318070366808,0.7447867600293873,0.001,1000.0,0.1,0.0003119650203334,0.0273308745911565,74478.67600293872,0.0031196502033349,0.028128064525942,colebrook
moody_eps3.12e-03_Re8.55e+04,111.6928431666074,0.8977327310486632,0.001,1000.0,0.1,0.0003119650203334,0.0277179573633953,89773.27310486631,0.0031196502033349,0.0278631533240944,colebrook
moody_eps3.12e-03_Re9.72e+04,134.59796617185978,1.0175665662869569,0.001,1000.0,0.1,0.0003119650203334,0.0259981733369942,101756.65662869568,0.0031196502033349,0.0277079204007668,colebrook
moody_eps3.12e-03_Re1.10e+05,179.52617891234303,1.1413123880091334,0.001,1000.0,0.1,0.0003119650203334,0.027564411237467,114131.23880091331,0.0031196502033349,0.0275799593755399,colebrook
moody_eps3.12e-03_Re1.26e+05,222.5305800153476,1.2513554718013835,0.001,1000.0,0.1,0.0003119650203334,0.0284222399493256,125135.54718013835,0.0031196502033349,0.0274863438607496,colebrook
moody_eps3.12e-03_Re1.43e+05,305.83280442574886,1.4680504923768622,0.001,1000.0,0.1,0.0003119650203334,0.0283812864318134,146805.04923768624,0.0031196502033349,0.0273412021779104,colebrook
moody_eps3.12e-03_Re1.62e+05,374.79378355229215,1.6650815427548409,0.001,1000.0,0.1,0.0003119650203334,0.0270365555088103,166508.15427548406,0.0031196502033349,0.0272407105051387,colebrook
moody_eps3.12e-03_Re1.85e+05,444.294779456092,1.8223729003665776,0.001,1000.0,0.1,0.0003119650203334,0.0267563401655892,182237.2900366577,0.0031196502033349,0.0271755049784402,colebrook
moody_eps3.12e-03_Re2.10e+05,574.5217011198207,2.0279892541823035,0.001,1000.0,0.1,0.0003119650203334,0.0279386318189887,202798.92541823036,0.0031196502033349,0.0271050026453172,colebrook
moody_eps3.12e-03_Re2.39e+05,815.5537487445556,2.445983828419661,0.001,1000.0,0.1,0.0003119650203334,0.0272631115937308,244598.3828419661,0.0031196502033349,0.0269971760319146,colebrook
moody_eps3.12e-03_Re2.72e+05,946.723245398598,2.6822693475996204,0.001,1000.0,0.1,0.0003119650203334,0.0263177200672502,268226.934759962,0.0031196502033349,0.0269506991397499,colebrook
moody_eps3.12e-03_Re3.09e+05,1242.470413847878,3.049968490268355,0.001,1000.0,0.1,0.0003119650203334,0.0267131649839805,304996.84902683547,0.0031196502033349,0.0268923594809943,colebrook
moody_eps3.12e-03_Re3.51e+05,1738.455703340855,3.565244227249782,0.001,1000.0,0.1,0.0003119650203334,0.027353635414367,356524.4227249782,0.0031196502033349,0.0268304409989012,colebrook
moody_eps3.12e-03_Re3.99e+05,1948.7404446840264,3.808103391624669,0.001,1000.0,0.1,0.0003119650203334,0.0268761175590479,380810.3391624669,0.0031196502033349,0.0268069561811322,colebrook
moody_eps3.12e-03_Re4.54e+05,2806.7859257998343,4.560038310768033,0.001,1000.0,0.1,0.0003119650203334,0.0269961792480269,456003.83107680327,0.0031196502033349,0.0267498492346028,colebrook
moody_eps3.12e-03_Re5.16e+05,3365.073949739436,5.0002908754662885,0.001,1000.0,0.1,0.0003119650203334,0.0269174596553661,500029.0875466289,0.0031196502033349,0.0267242670852549,colebrook
moody_eps3.12e-03_Re5.87e+05,4575.862379222961,5.811529980482834,0.001,1000.0,0.1,0.0003119650203334,0.0270970482661726,581152.9980482834,0.0031196502033349,0.0266871483906299,colebrook
moody_eps3.12e-03_Re6.67e+05,6191.259680203359,6.745289513863941,0.001,1000.0,0.1,0.0003119650203334,0.0272149678906378,674528.9513863942,0.0031196502033349,0.0266553532741798,colebrook
moody_eps3.12e-03_Re7.59e+05,8500.30566111171,7.933356204871627,0.001,1000.0,0.1,0.0003119650203334,0.0270116198863421,793335.6204871627,0.0031196502033349,0.0266256154026526,colebrook
moody_eps3.12e-03_Re8.63e+05,10543.238832251023,8.777647075749117,0.001,1000.0,0.1,0.0003119650203334,0.0273682992580921,877764.7075749116,0.0031196502033349,0.0266093331096826,colebrook
moody_eps3.12e-03_Re9.81e+05,11996.204874498668,9.569787650055488,0.001,1000.0,0.1,0.0003119650203334,0.0261980681593651,956978.7650055486,0.0031196502033349,0.0265966480083804,colebrook
moody_eps3.12e-03_Re1.12e+06,16347.021400450349,11.14518890848716,0.001,1000.0,0.1,0.0003119650203334,0.0263204771852608,1114518.890848716,0.0031196502033349,0.0265767423136637,colebrook
moody_eps3.12e-03_Re1.27e+06,23564.11751853788,13.311539792951368,0.001,1000.0,0.1,0.0003119650203334,0.0265965059560247,1331153.9792951369,0.0031196502033349,0.0265570195500625,colebrook
moody_eps3.12e-03_Re1.44e+06,24421.36230074044,13.90337103745133,0.001,1000.0,0.1,0.0003119650203334,0.0252673476918249,1390337.1037451332,0.0031196502033349,0.0265526944222385,colebrook
moody_eps3.12e-03_Re1.64e+06,41833.88614612698,17.761203560256586,0.001,1000.0,0.1,0.0003119650203334,0.0265224367455291,1776120.3560256583,0.0031196502033349,0.0265315336631029,colebrook
moody_eps3.12e-03_Re1.86e+06,49964.03643515973,19.21629248257321,0.001,1000.0,0.1,0.0003119650203334,0.027061278537452,1921629.248257321,0.0031196502033349,0.0265257500969441,colebrook
moody_eps3.12e-03_Re2.12e+06,66187.73655158837,22.361870123979205,0.001,1000.0,0.1,0.0003119650203334,0.0264722760940132,2236187.0123979207,0.0031196502033349,0.0265158106813729,colebrook
moody_eps3.12e-03_Re2.41e+06,64347.70855754371,22.44904577355276,0.001,1000.0,0.1,0.0003119650203334,0.0255368491398749,2244904.5773552763,0.0031196502033349,0.0265155747531588,colebrook
moody_eps3.12e-03_Re2.74e+06,96648.49702145033,27.242091203956463,0.001,1000.0,0.1,0.0003119650203334,0.0260461906555326,2724209.1203956464,0.0031196502033349,0.0265049202232131,colebrook
moody_eps3.12e-03_Re3.12e+06,131702.54682983045,31.75655051989091,0.001,1000.0,0.1,0.0003119650203334,0.0261190589009823,3175655.051989091,0.0031196502033349,0.0264978189837002,colebrook
moody_eps3.12e-03_Re3.54e+06,182875.02024419315,37.50785073892549,0.001,1000.0,0.1,0.0003119650203334,0.025998005105902,3750785.073892548,0.0031196502033349,0.0264912431213547,colebrook
moody_eps3.12e-03_Re4.03e+06,210702.1162222956,40.79879889768829,0.001,1000.0,0.1,0.0003119650203334,0.0253165275852464,4079879.889768829,0.0031196502033349,0.0264883126998862,colebrook
moody_eps3.12e-03_Re4.58e+06,281609.5059135982,47.22517077718717,0.001,1000.0,0.1,0.0003119650203334,0.025254003252421,4722517.077718718,0.0031196502033349,0.0264837658609788,colebrook
moody_eps3.12e-03_Re5.21e+06,360054.5586582906,52.27769826250933,0.001,1000.0,0.1,0.0003119650203334,0.0263490762381527,5227769.826250933,0.0031196502033349,0.0264809748217941,colebrook
moody_eps3.12e-03_Re5.93e+06,419103.25420731,57.00779789750676,0.001,1000.0,0.1,0.0003119650203334,0.0257918502129338,5700779.789750676,0.0031196502033349,0.0264788096608563,colebrook
moody_eps3.12e-03_Re6.74e+06,603724.8553045837,68.21738581513281,0.001,1000.0,0.1,0.0003119650203334,0.0259465073866535,6821738.581513282,0.0031196502033349,0.0264748761280745,colebrook
moody_eps3.12e-03_Re7.66e+06,792345.5751400739,77.92805118832841,0.001,1000.0,0.1,0.0003119650203334,0.0260949819860699,7792805.118832841,0.0031196502033349,0.0264723824370979,colebrook
moody_eps3.12e-03_Re8.71e+06,1002435.5641196048,87.83876649140483,0.001,1000.0,0.1,0.0003119650203334,0.0259844784872055,8783876.649140483,0.0031196502033349,0.026470405381613,colebrook
moody_eps3.12e-03_Re9.90e+06,1344032.46783267,101.43660626071436,0.001,1000.0,0.1,0.0003119650203334,0.0261246411931698,10143660.626071436,0.0031196502033349,0.0264683209671821,colebrook
moody_eps3.12e-03_Re1.13e+07,1573558.0900055934,108.581499309635,0.001,1000.0,0.1,0.0003119650203334,0.0266932287034068,10858149.9309635,0.0031196502033349,0.02646743480278,colebrook
moody_eps3.12e-03_Re1.28e+07,2258601.8399911923,131.97775001815572,0.001,1000.0,0.1,0.0003119650203334,0.0259339239499726,13197775.00181557,0.0031196502033349,0.0264652041267509,colebrook
moody_eps3.12e-03_Re1.46e+07,2757858.546023221,145.14924827098383,0.001,1000.0,0.1,0.0003119650203334,0.0261801662839553,14514924.827098384,0.0031196502033349,0.0264642645214166,colebrook
moody_eps3.12e-03_Re1.66e+07,3767385.648734917,170.44248606617137,0.001,1000.0,0.1,0.0003119650203334,0.025936678240033,17044248.606617138,0.0031196502033349,0.0264628672015451,colebrook
moody_eps3.12e-03_Re1.88e+07,4369836.992013445,183.66597491386983,0.001,1000.0,0.1,0.0003119650203334,0.0259082342810261,18366597.491386987,0.0031196502033349,0.026462289806872,colebrook
moody_eps3.12e-03_Re2.14e+07,6328439.578474836,219.3117359020549,0.001,1000.0,0.1,0.0003119650203334,0.0263149705758396,21931173.59020549,0.0031196502033349,0.0264610800582002,colebrook
moody_eps3.12e-03_Re2.43e+07,8208537.672107879,249.8955746172197,0.001,1000.0,0.1,0.0003119650203334,0.0262892781073697,24989557.461721968,0.0031196502033349,0.026460317103791,colebrook
moody_eps3.12e-03_Re2.77e+07,9870417.89133151,276.8782470775341,0.001,1000.0,0.1,0.0003119650203334,0.0257506302098107,27687824.70775341,0.0031196502033349,0.0264597838954806,colebrook
moody_eps3.12e-03_Re3.15e+07,12418417.391496452,313.5885209699456,0.001,1000.0,0.1,0.0003119650203334,0.0252566609822319,31358852.09699456,0.0031196502033349,0.0264592057652306,colebrook
moody_eps3.12e-03_Re3.58e+07,16557565.946984408,359.1838207883473,0.001,1000.0,0.1,0.0003119650203334,0.0256680547701354,35918382.07883473,0.0031196502033349,0.0264586522132143,colebrook
moody_eps3.12e-03_Re4.07e+07,22036864.02936122,407.29951748864863,0.001,1000.0,0.1,0.0003119650203334,0.0265675799687432,40729951.74886486,0.0031196502033349,0.0264582024370645,colebrook
moody_eps3.12e-03_Re4.63e+07,29203584.218694046,470.5323472493758,0.001,1000.0,0.1,0.0003119650203334,0.0263807526923413,47053234.72493758,0.0031196502033349,0.0264577512028595,colebrook
moody_eps3.12e-03_Re5.26e+07,38072308.35964693,518.9173559940244,0.001,1000.0,0.1,0.0003119650203334,0.0282776172476073,51891735.59940244,0.0031196502033349,0.0264574801812427,colebrook
moody_eps3.12e-03_Re5.98e+07,51832726.90288232,622.3781367845717,0.001,1000.0,0.1,0.0003119650203334,0.0267624209150062,62237813.67845717,0.0031196502033349,0.026457042032365,colebrook
moody_eps3.12e-03_Re6.80e+07,58411906.06575405,659.6571411623592,0.001,1000.0,0.1,0.0003119650203334,0.0268469427836137,65965714.11623591,0.0031196502033349,0.0264569178373366,colebrook
moody_eps3.12e-03_Re7.73e+07,77085885.98678963,752.808067660261,0.001,1000.0,0.1,0.0003119650203334,0.0272042235287953,75280806.7660261,0.0031196502033349,0.0264566612668809,colebrook
moody_eps3.12e-03_Re8.79e+07,100137807.15767254,871.735240157496,0.001,1000.0,0.1,0.0003119650203334,0.0263547479380815,87173524.0157496,0.0031196502033349,0.026456413383844,colebrook
moody_eps3.12e-03_Re1.00e+08,152533071.20855337,1053.192951131169,0.001,1000.0,0.1,0.0003119650203334,0.0275028767659936,105319295.11311686,0.0031196502033349,0.0264561430313441,colebrook
moody_eps4.12e-03_Re1.83e+04,5.442224362354858,0.1838364149457316,0.001,1000.0,0.1,0.0004117108487892,0.0322064868438577,18383.641494573167,0.0041171084878927,0.033523088960932,colebrook
moody_eps4.12e-03_Re2.08e+04,7.279850655173071,0.2076592605804043,0.001,1000.0,0.1,0.0004117108487892,0.0337636864930677,20765.926058040437,0.0041171084878927,0.0330536570329639,colebrook
moody_eps4.12e-03_Re2.37e+04,9.719832039362686,0.2386701324884852,0.001,1000.0,0.1,0.0004117108487892,0.0341265674270493,23867.01324884852,0.0041171084878927,0.0325656903273646,colebrook
moody_eps4.12e-03_Re2.69e+04,11.453953418103934,0.2705100291799545,0.001,1000.0,0.1,0.0004117108487892,0.0313053573589149,27051.00291799545,0.0041171084878927,0.0321676514387205,colebrook
moody_eps4.12e-03_Re3.06e+04,15.532063452279427,0.3096096964467128,0.001,1000.0,0.1,0.0004117108487892,0.0324063445041476,30960.96964467128,0.0041171084878927,0.0317788773369766,colebrook
moody_eps4.12e-03_Re3.48e+04,18.85777244143536,0.3428591310523534,0.001,1000.0,0.1,0.0004117108487892,0.0320840323956103,34285.91310523534,0.0041171084878927,0.0315109733817383,colebrook
moody_eps4.12e-03_Re3.95e+04,25.101387523477484,0.4052131028642717,0.001,1000.0,0.1,0.0004117108487892,0.0305745985870739,40521.31028642717,0.0041171084878927,0.0311163872577452,colebrook
moody_eps4.12e-03_Re4.50e+04,33.73206655642502,0.4605870004946353,0.001,1000.0,0.1,0.0004117108487892,0.0318016454552076,46058.70004946353,0.0041171084878927,0.0308480926654762,colebrook
moody_eps4.12e-03_Re5.11e+04,37.34421419984773,0.4933203240792095,0.001,1000.0,0.1,0.0004117108487892,0.0306898880915141,49332.03240792095,0.0041171084878927,0.0307155439854134,colebrook
moody_eps4.12e-03_Re5.81e+04,53.94242218344091,0.5949227441505,0.001,1000.0,0.1,0.0004117108487892,0.0304817077159112,59492.27441505,0.0041171084878927,0.0303905703308262,colebrook
moody_eps4.12e-03_Re6.61e+04,68.20708685936943,0.6766799294965324,0.001,1000.0,0.1,0.0004117108487892,0.0297915367364139,67667.99294965324,0.0041171084878927,0.0301954576870188,colebrook
moody_eps4.12e-03_Re7.52e+04,79.18049159295593,0.7239340040820467,0.001,1000.0,0.1,0.0004117108487892,0.0302169229023537,72393.40040820467,0.0041171084878927,0.0301015645233786,colebrook
moody_eps4.12e-03_Re8.55e+04,98.00205506049107,0.8054538126457272,0.001,1000.0,0.1,0.0004117108487892,0.0302123074252679,80545.38126457273,0.0041171084878927,0.0299640388995279,colebrook
moody_eps4.12e-03_Re9.72e+04,155.1777288867634,1.016206059030906,0.001,1000.0,0.1,0.0004117108487892,0.0300535533039639,101620.60590309062,0.0041171084878927,0.0297060938803697,colebrook
moody_eps4.12e-03_Re1.10e+05,173.23670598625856,1.0912267480809257,0.001,1000.0,0.1,0.0004117108487892,0.0290964434611822,109122.67480809252,0.0041171084878927,0.0296372776261157,colebrook
moody_eps4.12e-03_Re1.26e+05,247.2839691876329,1.254970592700689,0.001,1000.0,0.1,0.0004117108487892,0.031402112139909,125497.05927006886,0.0041171084878927,0.0295145496651358,colebrook
moody_eps4.12e-03_Re1.43e+05,313.4118613878042,1.4627042999806472,0.001,1000.0,0.1,0.0004117108487892,0.0292976204345589,146270.4299980647,0.0041171084878927,0.0293970601109901,colebrook
moody_eps4.12e-03_Re1.62e+05,381.06602235037445,1.6069824264037278,0.001,1000.0,0.1,0.0004117108487892,0.0295126336976701,160698.24264037277,0.0041171084878927,0.0293327774485419,colebrook
moody_eps4.12e-03_Re1.85e+05,540.2612849195147,1.9524824073046343,0.001,1000.0,0.1,0.0004117108487892,0.0283438984947792,195248.24073046344,0.0041171084878927,0.0292164480915737,colebrook
moody_eps4.12e-03_Re2.10e+05,607.7415640252656,2.056988661157058,0.001,1000.0,0.1,0.0004117108487892,0.0287266603413335,205698.86611570575,0.0041171084878927,0.0291887662898713,colebrook
moody_eps4.12e-03_Re2.39e+05,835.3275650870327,2.383479297707318,0.001,1000.0,0.1,0.0004117108487892,0.0294079018633849,238347.92977073175,0.0041171084878927,0.0291175812883211,colebrook
moody_eps4.12e-03_Re2.72e+05,1228.406054580939,2.878462891195442,0.001,1000.0,0.1,0.0004117108487892,0.0296517735038183,287846.28911954426,0.0041171084878927,0.0290398955277772,colebrook
moody_eps4.12e-03_Re3.09e+05,1202.7269651152071,2.9388445757653874,0.001,1000.0,0.1,0.0004117108487892,0.0278511932424139,293884.4575765387,0.0041171084878927,0.0290321773908656,colebrook
moody_eps4.12e-03_Re3.51e+05,1762.271786603574,3.484984430842331,0.001,1000.0,0.1,0.0004117108487892,0.0290202533510374,348498.4430842331,0.0041171084878927,0.0289743314182613,colebrook
moody_eps4.12e-03_Re3.99e+05,2312.213943999828,4.038040079731791,0.001,1000.0,0.1,0.0004117108487892,0.0283606879307264,403804.0079731791,0.0041171084878927,0.0289314859892781,colebrook
moody_eps4.12e-03_Re4.54e+05,2832.3406105969507,4.504475538732872,0.001,1000.0,0.1,0.0004117108487892,0.0279181739795022,450447.5538732872,0.0041171084878927,0.0289034310123174,colebrook
moody_eps4.12e-03_Re5.16e+05,3610.049032502556,5.005678095351922,0.001,1000.0,0.1,0.0004117108487892,0.0288149095777733,500567.8095351922,0.0041171084878927,0.0288790489414767,colebrook
moody_eps4.12e-03_Re5.87e+05,5070.133156671251,6.0455552506097,0.001,1000.0,0.1,0.0004117108487892,0.0277445044296465,604555.52506097,0.0041171084878927,0.0288412402295773,colebrook
moody_eps4.12e-03_Re6.67e+05,6790.585118563677,6.891552257321666,0.001,1000.0,0.1,0.0004117108487892,0.0285958549641825,689155.2257321667,0.0041171084878927,0.0288188308700374,colebrook
moody_eps4.12e-03_Re7.59e+05,8042.908700764146,7.392146135571142,0.001,1000.0,0.1,0.0004117108487892,0.0294375760696951,739214.6135571143,0.0041171084878927,0.0288079682633079,colebrook
moody_eps4.12e-03_Re8.63e+05,10586.404016817942,8.552495301315785,0.001,1000.0,0.1,0.0004117108487892,0.0289462808438011,855249.5301315784,0.0041171084878927,0.028787647541524,colebrook
moody_eps4.12e-03_Re9.81e+05,13614.729486246337,9.754055841266457,0.001,1000.0,0.1,0.0004117108487892,0.0286199280231002,975405.5841266456,0.0041171084878927,0.0287716714235945,colebrook
moody_eps4.12e-03_Re1.12e+06,17972.823978701068,11.091896517951184,0.001,1000.0,0.1,0.0004117108487892,0.0292169379552326,1109189.6517951183,0.0041171084878927,0.0287579352932693,colebrook
moody_eps4.12e-03_Re1.27e+06,22862.545363665617,12.372686484656636,0.001,1000.0,0.1,0.0004117108487892,0.0298694041515787,1237268.6484656634,0.0041171084878927,0.0287475555856017,colebrook
moody_eps4.12e-03_Re1.44e+06,32224.2317927834,14.816761009985344,0.001,1000.0,0.1,0.0004117108487892,0.0293566176640338,1481676.1009985344,0.0041171084878927,0.0287327090585587,colebrook
moody_eps4.12e-03_Re1.64e+06,39825.28500623387,16.596898328270957,0.001,1000.0,0.1,0.0004117108487892,0.028915787272315,1659689.8328270956,0.0041171084878927,0.0287246385341418,colebrook
moody_eps4.12e-03_Re1.86e+06,55215.18328807172,19.35873085288853,0.001,1000.0,0.1,0.0004117108487892,0.029466920418184,1935873.0852888532,0.0041171084878927,0.0287150465554203,colebrook
moody_eps4.12e-03_Re2.12e+06,66350.56146012805,21.37161575714924,0.001,1000.0,0.1,0.0004117108487892,0.0290535953289135,2137161.575714924,0.0041171084878927,0.0287096134498656,colebrook
moody_eps4.12e-03_Re2.41e+06,96355.80509872203,25.283489099233996,0.001,1000.0,0.1,0.0004117108487892,0.0301462896887676,2528348.9099234,0.0041171084878927,0.0287015234240241,colebrook
moody_eps4.12e-03_Re2.74e+06,117121.71705419934,28.64043929471867,0.001,1000.0,0.1,0.0004117108487892,0.0285567037626853,2864043.929471867,0.0041171084878927,0.0286963395021438,colebrook
moody_eps4.12e-03_Re3.12e+06,151231.07876355085,32.583723445025434,0.001,1000.0,0.1,0.0004117108487892,0.0284885026708621,3258372.344502544,0.0041171084878927,0.0286916120721726,colebrook
moody_eps4.12e-03_Re3.54e+06,193718.18483836777,36.41295225571717,0.001,1000.0,0.1,0.0004117108487892,0.0292205646114758,3641295.225571717,0.0041171084878927,0.0286879997627588,colebrook
moody_eps4.12e-03_Re4.03e+06,237337.1719863957,40.26239297755326,0.001,1000.0,0.1,0.0004117108487892,0.0292817205754111,4026239.297755326,0.0041171084878927,0.0286850599744798,colebrook
moody_eps4.12e-03_Re4.58e+06,313797.07099369523,46.94667900940438,0.001,1000.0,0.1,0.0004117108487892,0.0284753538445768,4694667.900940438,0.0041171084878927,0.0286810992393326,colebrook
moody_eps4.12e-03_Re5.21e+06,381969.2899360163,52.342968103672135,0.001,1000.0,0.1,0.0004117108487892,0.0278831446493119,5234296.810367214,0.0041171084878927,0.0286786388825692,colebrook
moody_eps4.12e-03_Re5.93e+06,573142.7393324784,63.9553146655898,0.001,1000.0,0.1,0.0004117108487892,0.028024605684514,6395531.466558979,0.0041171084878927,0.0286747512035834,colebrook
moody_eps4.12e-03_Re6.74e+06,672206.4202585917,68.33951745164292,0.001,1000.0,0.1,0.0004117108487892,0.0287864981095088,6833951.745164292,0.0041171084878927,0.0286736267086934,colebrook
moody_eps4.12e-03_Re7.66e+06,882333.8872246151,79.03530515293772,0.001,1000.0,0.1,0.0004117108487892,0.0282501453087198,7903530.515293771,0.0041171084878927,0.028671406424568,colebrook
moody_eps4.12e-03_Re8.71e+06,1204359.546071766,89.77672433210118,0.001,1000.0,0.1,0.0004117108487892,0.0298853705010833,8977672.433210118,0.0041171084878927,0.0286697087610625,colebrook
moody_eps4.12e-03_Re9.90e+06,1421709.0810938834,100.07600218176768,0.001,1000.0,0.1,0.0004117108487892,0.028391009648771,10007600.218176767,0.0041171084878927,0.028668423020292,colebrook
moody_eps4.12e-03_Re1.13e+07,1823592.5746880232,114.75714217862462,0.001,1000.0,0.1,0.0004117108487892,0.0276948082178485,11475714.21786246,0.0041171084878927,0.0286669890169088,colebrook
moody_eps4.12e-03_Re1.28e+07,2469763.518877673,128.6985971828503,0.001,1000.0,0.1,0.0004117108487892,0.0298220669441348,12869859.71828503,0.0041171084878927,0.028665929984177,colebrook
moody_eps4.12e-03_Re1.46e+07,2878356.0107926303,146.54967989152215,0.001,1000.0,0.1,0.0004117108487892,0.0268043176635262,14654967.989152215,0.0041171084878927,0.0286648680263295,colebrook
moody_eps4.12e-03_Re1.66e+07,3758814.495541647,162.04451766210803,0.001,1000.0,0.1,0.0004117108487892,0.0286293971913147,16204451.766210802,0.0041171084878927,0.0286641358618951,colebrook
moody_eps4.12e-03_Re1.88e+07,4681313.046426246,185.96787033144523,0.001,1000.0,0.1,0.0004117108487892,0.0270720936932059,18596787.033144526,0.0041171084878927,0.0286632449674578,colebrook
moody_eps4.12e-03_Re2.14e+07,6245857.475717027,206.2929038922412,0.001,1000.0,0.1,0.0004117108487892,0.0293530670726685,20629290.38922412,0.0041171084878927,0.0286626503766893,colebrook
moody_eps4.12e-03_Re2.43e+07,7868832.0498788925,243.7707954135638,0.001,1000.0,0.1,0.0004117108487892,0.0264835940833587,24377079.541356377,0.0041171084878927,0.0286618139079349,colebrook
moody_eps4.12e-03_Re2.77e+07,11565839.385207236,285.0786469282928,0.001,1000.0,0.1,0.0004117108487892,0.0284628100808464,28507864.69282928,0.0041171084878927,0.0286611467021289,colebrook
moody_eps4.12e-03_Re3.15e+07,13558629.200856548,313.65121872896907,0.001,1000.0,0.1,0.0004117108487892,0.0275646080056328,31365121.872896902,0.0041171084878927,0.0286607880001456,colebrook
moody_eps4.12e-03_Re3.58e+07,18468137.48448364,362.9106146842298,0.001,1000.0,0.1,0.0004117108487892,0.0280448907607539,36291061.46842299,0.0041171084878927,0.0286603022006041,colebrook
moody_eps4.12e-03_Re4.07e+07,22471384.501704417,402.91530243551546,0.001,1000.0,0.1,0.0004117108487892,0.0276842206978297,40291530.243551545,0.0041171084878927,0.0286599950654385,colebrook
moody_eps4.12e-03_Re4.63e+07,27998483.57741472,433.4082387123239,0.001,1000.0,0.1,0.0004117108487892,0.0298105631692555,43340823.87123238,0.0041171084878927,0.0286597990314076,colebrook
moody_eps4.12e-03_Re5.26e+07,36273300.41043158,509.110206027521,0.001,1000.0,0.1,0.0004117108487892,0.0279893918105393,50911020.6027521,0.0041171084878927,0.0286594138599302,colebrook
moody_eps4.12e-03_Re5.98e+07,52166398.92028637,597.0209506451953,0.001,1000.0,0.1,0.0004117108487892,0.0292712797602934,59702095.06451953,0.0041171084878927,0.028659089137639,colebrook
moody_eps4.12e-03_Re6.80e+07,64971789.03232984,668.4182119671729,0.001,1000.0,0.1,0.0004117108487892,0.0290842770154372,66841821.196717285,0.0041171084878927,0.028658888262229,colebrook
moody_eps4.12e-03_Re7.73e+07,96786498.2575852,816.9328275286265,0.001,1000.0,0.1,0.0004117108487892,0.0290049470453564,81693282.75286265,0.0041171084878927,0.0286585828905431,colebrook
moody_eps4.12e-03_Re8.79e+07,110290467.68807048,862.3003686900277,0.001,1000.0,0.1,0.0004117108487892,0.0296654424748919,86230036.86900276,0.0041171084878927,0.0286585105798014,colebrook
moody_eps4.12e-03_Re1.00e+08,134233337.06543335,974.1369930088564,0.001,1000.0,0.1,0.0004117108487892,0.0282911310537457,97413699.30088563,0.0041171084878927,0.0286583610895715,colebrook
moody_eps5.43e-03_Re1.83e+04,6.499668907263576,0.1888215172499089,0.001,1000.0,0.1,0.0005433488114455,0.0364601342873671,18882.15172499089,0.0054334881144554,0.0352721830666112,colebrook
moody_eps5.43e-03_Re2.08e+04,7.836276676207851,0.2121194568736484,0.001,1000.0,0.1,0.0005433488114455,0.0348320266551149,21211.94568736484,0.0054334881144554,0.0348764797047338,colebrook
moody_eps5.43e-03_Re2.37e+04,10.207213304635667,0.2449690081415466,0.001,1000.0,0.1,0.0005433488114455,0.0340184795209425,24496.900814154666,0.0054334881144554,0.0344336231044231,colebrook
moody_eps5.43e-03_Re2.69e+04,14.005065094237818,0.2860779316516288,0.001,1000.0,0.1,0.0005433488114455,0.0342252329702732,28607.79316516288,0.0054334881144554,0.0340097157177602,colebrook
moody_eps5.43e-03_Re3.06e+04,15.564251625958798,0.2917721840459504,0.001,1000.0,0.1,0.0005433488114455,0.0365654116036623,29177.21840459504,0.0054334881144554,0.0339595533935647,colebrook
moody_eps5.43e-03_Re3.48e+04,20.012514748828664,0.3429678347559928,0.001,1000.0,0.1,0.0005433488114455,0.0340270952968561,34296.78347559928,0.0054334881144554,0.0335772824077884,colebrook
moody_eps5.43e-03_Re3.95e+04,28.317529034748244,0.4064879766920113,0.001,1000.0,0.1,0.0005433488114455,0.0342759847920947,40648.797669201136,0.0054334881144554,0.0332272888712579,colebrook
moody_eps5.43e-03_Re4.50e+04,31.47737751567525,0.4397113042509955,0.001,1000.0,0.1,0.0005433488114455,0.0325606658061225,43971.13042509955,0.0054334881144554,0.033081754447605,colebrook
moody_eps5.43e-03_Re5.11e+04,47.14752759565796,0.5125170999470147,0.001,1000.0,0.1,0.0005433488114455,0.03589816083025,51251.70999470147,0.0054334881144554,0.0328248017540219,colebrook
moody_eps5.43e-03_Re5.81e+04,56.61215394013137,0.589529826341272,0.001,1000.0,0.1,0.0005433488114455,0.0325782768582705,58952.982634127206,0.0054334881144554,0.0326183203100452,colebrook
moody_eps5.43e-03_Re6.61e+04,74.04635047092576,0.6658309195866704,0.001,1000.0,0.1,0.0005433488114455,0.0334045585011707,66583.09195866704,0.0054334881144554,0.0324585202188133,colebrook
moody_eps5.43e-03_Re7.52e+04,101.03893161127267,0.7929134909088087,0.001,1000.0,0.1,0.0005433488114455,0.0321415729617176,79291.34909088087,0.0054334881144554,0.0322577170827447,colebrook
moody_eps5.43e-03_Re8.55e+04,111.30855635742012,0.8389212932316437,0.001,1000.0,0.1,0.0005433488114455,0.0316312322135923,83892.12932316436,0.0054334881144554,0.0321994027513492,colebrook
moody_eps5.43e-03_Re9.72e+04,150.1765785529033,0.9548168274847252,0.001,1000.0,0.1,0.0005433488114455,0.0329451942595065,95481.68274847252,0.0054334881144554,0.0320764983151593,colebrook
moody_eps5.43e-03_Re1.10e+05,205.2196603431925,1.1214825056419488,0.001,1000.0,0.1,0.0005433488114455,0.0326335224268468,112148.25056419488,0.0054334881144554,0.0319428657676354,colebrook
moody_eps5.43e-03_Re1.26e+05,277.1157448664532,1.3240946716242668,0.001,1000.0,0.1,0.0005433488114455,0.0316120835893648,132409.46716242665,0.0054334881144554,0.0318244726149573,colebrook
moody_eps5.43e-03_Re1.43e+05,350.94567988288173,1.476377351831435,0.001,1000.0,0.1,0.0005433488114455,0.032201429212149,147637.7351831435,0.0054334881144554,0.0317563436220721,colebrook
moody_eps5.43e-03_Re1.62e+05,401.230734668541,1.602435865543956,0.001,1000.0,0.1,0.0005433488114455,0.0312509249001606,160243.5865543956,0.0054334881144554,0.0317095147421731,colebrook
moody_eps5.43e-03_Re1.85e+05,531.081832243511,1.829543802554234,0.001,1000.0,0.1,0.0005433488114455,0.0317326116742315,182954.3802554234,0.0054334881144554,0.0316410977927067,colebrook
moody_eps5.43e-03_Re2.10e+05,760.0276655302912,2.160780663791302,0.001,1000.0,0.1,0.0005433488114455,0.032556523800574,216078.0663791302,0.0054334881144554,0.0315666419408984,colebrook
moody_eps5.43e-03_Re2.39e+05,945.6981462173724,2.4109141225815667,0.001,1000.0,0.1,0.0005433488114455,0.0325401126032486,241091.41225815663,0.0054334881144554,0.0315237588080014,colebrook
moody_eps5.43e-03_Re2.72e+05,1191.750915826511,2.737226040198741,0.001,1000.0,0.1,0.0005433488114455,0.0318122336930153,273722.60401987407,0.0054334881144554,0.031479430250476,colebrook
moody_eps5.43e-03_Re3.09e+05,1579.7378030148084,3.0760875632472544,0.001,1000.0,0.1,0.0005433488114455,0.0333900922478299,307608.75632472546,0.0054334881144554,0.031443225045985,colebrook
moody_eps5.43e-03_Re3.51e+05,2102.685726245934,3.687018305624176,0.001,1000.0,0.1,0.0005433488114455,0.0309352602924061,368701.8305624176,0.0054334881144554,0.031394586934903,colebrook
moody_eps5.43e-03_Re3.99e+05,2652.5109751892714,4.097522608676679,0.001,1000.0,0.1,0.0005433488114455,0.0315968994506933,409752.2608676678,0.0054334881144554,0.0313699738793951,colebrook
moody_eps5.43e-03_Re4.54e+05,3257.309812491661,4.508223515537257,0.001,1000.0,0.1,0.0005433488114455,0.032053701128138,450822.3515537257,0.0054334881144554,0.0313497952156195,colebrook
moody_eps5.43e-03_Re5.16e+05,4237.594758680663,5.189189124218974,0.001,1000.0,0.1,0.0005433488114455,0.0314738898106611,518918.9124218974,0.0054334881144554,0.0313233224393158,colebrook
moody_eps5.43e-03_Re5.87e+05,5302.998791263312,5.828878157990304,0.001,1000.0,0.1,0.0005433488114455,0.0312163103090804,582887.8157990304,0.0054334881144554,0.0313040501374542,colebrook
moody_eps5.43e-03_Re6.67e+05,6297.327209014684,6.407775296732018,0.001,1000.0,0.1,0.0005433488114455,0.0306740914381851,640777.5296732017,0.0054334881144554,0.03128990540761,colebrook
moody_eps5.43e-03_Re7.59e+05,9196.254550329502,7.569050192908848,0.001,1000.0,0.1,0.0005433488114455,0.0321039306965906,756905.0192908847,0.0054334881144554,0.0312680197899865,colebrook
moody_eps5.43e-03_Re8.63e+05,12943.97742776816,9.05301567115512,0.001,1000.0,0.1,0.0005433488114455,0.0315872049500027,905301.567115512,0.0054334881144554,0.0312481881787445,colebrook
moody_eps5.43e-03_Re9.81e+05,13698.539629741004,9.4672990377489,0.001,1000.0,0.1,0.0005433488114455,0.03056694784083,946729.9037748902,0.0054334881144554,0.0312437570870782,colebrook
moody_eps5.43e-03_Re1.12e+06,19641.850900322926,11.2992933650768,0.001,1000.0,0.1,0.0005433488114455,0.0307687488453185,1129929.33650768,0.0054334881144554,0.0312280438863032,colebrook
moody_eps5.43e-03_Re1.27e+06,23294.74403931557,12.272123721335976,0.001,1000.0,0.1,0.0005433488114455,0.0309348837662858,1227212.3721335975,0.0054334881144554,0.0312216005894084,colebrook
moody_eps5.43e-03_Re1.44e+06,32833.76960740954,14.416181725668014,0.001,1000.0,0.1,0.0005433488114455,0.031597319791429,1441618.1725668013,0.0054334881144554,0.0312104616104062,colebrook
moody_eps5.43e-03_Re1.64e+06,39526.6754001388,15.950484586920664,0.001,1000.0,0.1,0.0005433488114455,0.0310722369004395,1595048.4586920664,0.0054334881144554,0.0312043240337066,colebrook
moody_eps5.43e-03_Re1.86e+06,57519.56688319156,19.005702046507608,0.001,1000.0,0.1,0.0005433488114455,0.0318476777215016,1900570.2046507609,0.0054334881144554,0.031195047410758,colebrook
moody_eps5.43e-03_Re2.12e+06,76246.70956128203,21.93799485469054,0.001,1000.0,0.1,0.0005433488114455,0.0316852575409536,2193799.485469054,0.0054334881144554,0.0311885695088606,colebrook
moody_eps5.43e-03_Re2.41e+06,97300.58940806656,24.19072429712497,0.001,1000.0,0.1,0.0005433488114455,0.0332542933142423,2419072.429712497,0.0054334881144554,0.0311846577636292,colebrook
moody_eps5.43e-03_Re2.74e+06,122744.345947063,27.37472838131685,0.001,1000.0,0.1,0.0005433488114455,0.03275909189747,2737472.8381316843,0.0054334881144554,0.0311802253274653,colebrook
moody_eps5.43e-03_Re3.12e+06,152006.65065692668,30.68893088565507,0.001,1000.0,0.1,0.0005433488114455,0.0322796685876199,3068893.0885655065,0.0054334881144554,0.031176587265837,colebrook
moody_eps5.43e-03_Re3.54e+06,183587.1927810653,33.934449588973045,0.001,1000.0,0.1,0.0005433488114455,0.0318853183901042,3393444.9588973047,0.0054334881144554,0.031173712455007,colebrook
moody_eps5.43e-03_Re4.03e+06,241170.76292830816,39.52463139297564,0.001,1000.0,0.1,0.0005433488114455,0.0308758552427612,3952463.139297564,0.0054334881144554,0.0311698665887486,colebrook
moody_eps5.43e-03_Re4.58e+06,316404.7711937193,45.471780207453314,0.001,1000.0,0.1,0.0005433488114455,0.0306047689638746,4547178.020745331,0.0054334881144554,0.0311668123108976,colebrook
moody_eps5.43e-03_Re5.21e+06,380247.8403678255,47.96685646225768,0.001,1000.0,0.1,0.0005433488114455,0.0330532551816749,4796685.646225767,0.0054334881144554,0.0311657562495248,colebrook
moody_eps5.43e-03_Re5.93e+06,512817.8761374347,58.571343569742766,0.001,1000.0,0.1,0.0005433488114455,0.0298966672992834,5857134.356974277,0.0054334881144554,0.0311622709580786,colebrook
moody_eps5.43e-03_Re6.74e+06,799452.4555116569,69.86521209981589,0.001,1000.0,0.1,0.0005433488114455,0.032756739937178,6986521.209981589,0.0054334881144554,0.0311597218485612,colebrook
moody_eps5.43e-03_Re7.66e+06,904964.4282699605,76.45432295910695,0.001,1000.0,0.1,0.0005433488114455,0.030964025091557,7645432.295910695,0.0054334881144554,0.0311585823161662,colebrook
moody_eps5.43e-03_Re8.71e+06,1111226.6507155006,83.95680131013478,0.001,1000.0,0.1,0.0005433488114455,0.0315297753489692,8395680.131013477,0.0054334881144554,0.0311575024935817,colebrook
moody_eps5.43e-03_Re9.90e+06,1523757.065657092,96.09487231347404,0.001,1000.0,0.1,0.0005433488114455,0.033002382996898,9609487.231347404,0.0054334881144554,0.031156112391536,colebrook
moody_eps5.43e-03_Re1.13e+07,1988323.0664073264,112.07827361730182,0.001,1000.0,0.1,0.0005433488114455,0.0316573152445145,11207827.361730184,0.0054334881144554,0.0311547410242083,colebrook
moody_eps5.43e-03_Re1.28e+07,2381373.196557463,124.74210991517631,0.001,1000.0,0.1,0.0005433488114455,0.0306077415641876,12474210.991517631,0.0054334881144554,0.0311539039200314,colebrook
moody_eps5.43e-03_Re1.46e+07,3272200.9324612943,147.30313765820554,0.001,1000.0,0.1,0.0005433488114455,0.030161015810568,14730313.765820554,0.0054334881144554,0.0311527691170084,colebrook
moody_eps5.43e-03_Re1.66e+07,4385553.837148162,169.8344148651064,0.001,1000.0,0.1,0.0005433488114455,0.0304090633866443,16983441.486510642,0.0054334881144554,0.0311519366392032,colebrook
moody_eps5.43e-03_Re1.88e+07,5471075.211903357,190.01451559691336,0.001,1000.0,0.1,0.0005433488114455,0.0303060351834521,19001451.559691336,0.0054334881144554,0.0311513585930044,colebrook
moody_eps5.43e-03_Re2.14e+07,7216522.748100167,219.97427166689363,0.001,1000.0,0.1,0.0005433488114455,0.0298273179551986,21997427.16668936,0.0054334881144554,0.0311506959872797,colebrook
moody_eps5.43e-03_Re2.43e+07,9157580.255621742,242.89682572616252,0.001,1000.0,0.1,0.0005433488114455,0.0310432405710459,24289682.572616253,0.0054334881144554,0.031150299375833,colebrook
moody_eps5.43e-03_Re2.77e+07,10391720.79209032,261.3977496432937,0.001,1000.0,0.1,0.0005433488114455,0.0304168177946996,26139774.964329373,0.0054334881144554,0.0311500299876631,colebrook
moody_eps5.43e-03_Re3.15e+07,15039683.834407186,315.89505166841104,0.001,1000.0,0.1,0.0005433488114455,0.0301427628217673,31589505.166841105,0.0054334881144554,0.0311494198103547,colebrook
moody_eps5.43e-03_Re3.58e+07,18069722.451072782,354.8044394615421,0.001,1000.0,0.1,0.0005433488114455,0.0287080297108363,35480443.94615421,0.0054334881144554,0.0311490988390762,colebrook
moody_eps5.43e-03_Re4.07e+07,25149939.7087417,407.64403648572056,0.001,1000.0,0.1,0.0005433488114455,0.030269465853657,40764403.64857206,0.0054334881144554,0.0311487610499362,colebrook
moody_eps5.43e-03_Re4.63e+07,30325160.433334064,446.5933714238855,0.001,1000.0,0.1,0.0005433488114455,0.0304094494365482,44659337.14238855,0.0054334881144554,0.0311485632285156,colebrook
moody_eps5.43e-03_Re5.26e+07,41367689.79048357,519.7271434063764,0.001,1000.0,0.1,0.0005433488114455,0.0306295393800151,51972714.34063764,0.0054334881144554,0.0311482718843305,colebrook
moody_eps5.43e-03_Re5.98e+07,58305691.51061764,603.779752221384,0.001,1000.0,0.1,0.0005433488114455,0.0319877620294356,60377975.2221384,0.0054334881144554,0.031148024208468,colebrook
moody_eps5.43e-03_Re6.80e+07,73454857.76563908,689.272465466172,0.001,1000.0,0.1,0.0005433488114455,0.0309220770400324,68927246.5466172,0.0054334881144554,0.0311478342518271,colebrook
moody_eps5.43e-03_Re7.73e+07,97395689.0998178,802.2031385299435,0.001,1000.0,0.1,0.0005433488114455,0.0302692051488969,80220313.85299435,0.0054334881144554,0.0311476453923519,colebrook
moody_eps5.43e-03_Re8.79e+07,107303672.17307188,868.1518274442724,0.001,1000.0,0.1,0.0005433488114455,0.0284743102618326,86815182.74442723,0.0054334881144554,0.0311475578267381,colebrook
moody_eps5.43e-03_Re1.00e+08,153108199.7333312,999.2687896804975,0.001,1000.0,0.1,0.0005433488114455,0.0306664708301367,99926878.96804976,0.0054334881144554,0.0311474180635755,colebrook
moody_eps7.17e-03_Re1.83e+04,6.277745334916758,0.1823219665214027,0.001,1000.0,0.1,0.0007170759084135,0.0377707576649073,18232.19665214028,0.0071707590841354,0.0376411479757752,colebrook
moody_eps7.17e-03_Re2.08e+04,7.231681016848384,0.1981118367577086,0.001,1000.0,0.1,0.0007170759084135,0.0368509262413747,19811.18367577086,0.0071707590841354,0.0373797465628055,colebrook
moody_eps7.17e-03_Re2.37e+04,11.586815719182212,0.2460375497229618,0.001,1000.0,0.1,0.0007170759084135,0.0382817082396522,24603.75497229618,0.0071707590841354,0.0367754658617729,colebrook
moody_eps7.17e-03_Re2.69e+04,13.215695561964449,0.2669200784005465,0.001,1000.0,0.1,0.0007170759084135,0.0370986011095731,26692.007840054644,0.0071707590841354,0.0365748724383096,colebrook
moody_eps7.17e-03_Re3.06e+04,18.124311455370968,0.3064407020536512,0.001,1000.0,0.1,0.0007170759084135,0.0386010052775182,30644.07020536512,0.0071707590841354,0.0362648914502482,colebrook
moody_eps7.17e-03_Re3.48e+04,18.71364069432357,0.3220781930608262,0.001,1000.0,0.1,0.0007170759084135,0.0360799261752566,32207.819306082623,0.0071707590841354,0.036161828460908,colebrook
moody_eps7.17e-03_Re3.95e+04,23.617956504191728,0.358410934167678,0.001,1000.0,0.1,0.0007170759084135,0.036771370220044,35841.093416767806,0.0071707590841354,0.0359549328407486,colebrook
moody_eps7.17e-03_Re4.50e+04,39.30475473163483,0.4712897907702521,0.001,1000.0,0.1,0.0007170759084135,0.0353915042689434,47128.979077025215,0.0071707590841354,0.0355056579111604,colebrook
moody_eps7.17e-03_Re5.11e+04,47.38522982235473,0.5135500336625601,0.001,1000.0,0.1,0.0007170759084135,0.0359341571654831,51355.003366256016,0.0071707590841354,0.0353859109597196,colebrook
moody_eps7.17e-03_Re5.81e+04,59.92354799334628,0.6025765233828289,0.001,1000.0,0.1,0.0007170759084135,0.033006775581104,60257.65233828289,0.0071707590841354,0.0351863683416163,colebrook
moody_eps7.17e-03_Re6.61e+04,75.79516130873108,0.654121132862099,0.001,1000.0,0.1,0.0007170759084135,0.0354286918346968,65412.113286209904,0.0071707590841354,0.0350947161727603,colebrook
moody_eps7.17e-03_Re7.52e+04,94.60651791935427,0.7429391913700775,0.001,1000.0,0.1,0.0007170759084135,0.0342802922928906,74293.91913700775,0.0071707590841354,0.0349656026646675,colebrook
moody_eps7.17e-03_Re8.55e+04,119.56614245190806,0.8318008263639508,0.001,1000.0,0.1,0.0007170759084135,0.0345620519441103,83180.08263639508,0.0071707590841354,0.0348631626670104,colebrook
moody_eps7.17e-03_Re9.72e+04,172.23027887342695,0.9786325347440256,0.001,1000.0,0.1,0.0007170759084135,0.0359666675637381,97863.25347440256,0.0071707590841354,0.0347335676496399,colebrook
moody_eps7.17e-03_Re1.10e+05,207.03735242898748,1.1082075496534485,0.001,1000.0,0.1,0.0007170759084135,0.0337160346939386,110820.75496534484,0.0071707590841354,0.0346470431242755,colebrook
moody_eps7.17e-03_Re1.26e+05,283.80601093857086,1.261177178746535,0.001,1000.0,0.1,0.0007170759084135,0.0356861238287046,126117.71787465348,0.0071707590841354,0.0345672918271949,colebrook
moody_eps7.17e-03_Re1.43e+05,339.9657905594906,1.405492383549705,0.001,1000.0,0.1,0.0007170759084135,0.0344197903379107,140549.2383549705,0.0071707590841354,0.034507658775426,colebrook
moody_eps7.17e-03_Re1.62e+05,467.0461453810768,1.6624877258533537,0.001,1000.0,0.1,0.0007170759084135,0.0337965907352889,166248.77258533536,0.0071707590841354,0.0344266751102097,colebrook
moody_eps7.17e-03_Re1.85e+05,581.6808805404318,1.8386983372993988,0.001,1000.0,0.1,0.0007170759084135,0.0344107246165789,183869.83372993983,0.0071707590841354,0.0343840333784066,colebrook
moody_eps7.17e-03_Re2.10e+05,736.1622559001296,2.132471058122707,0.001,1000.0,0.1,0.0007170759084135,0.0323770481524119,213247.1058122707,0.0071707590841354,0.0343284051952699,colebrook
moody_eps7.17e-03_Re2.39e+05,979.767105232078,2.405553039750063,0.001,1000.0,0.1,0.0007170759084135,0.0338628086003086,240555.30397500636,0.0071707590841354,0.0342887378110607,colebrook
moody_eps7.17e-03_Re2.72e+05,1294.2735281495932,2.7081085851005127,0.001,1000.0,0.1,0.0007170759084135,0.0352958720456085,270810.8585100513,0.0071707590841354,0.0342540334009785,colebrook
moody_eps7.17e-03_Re3.09e+05,1802.859165668188,3.13869720548438,0.001,1000.0,0.1,0.0007170759084135,0.0366010004372064,313869.720548438,0.0071707590841354,0.0342160753180578,colebrook
moody_eps7.17e-03_Re3.51e+05,2048.7443758711565,3.5649669926274417,0.001,1000.0,0.1,0.0007170759084135,0.0322408693518322,356496.69926274417,0.0071707590841354,0.0341874575540718,colebrook
moody_eps7.17e-03_Re3.99e+05,2654.868058957498,3.919715817259099,0.001,1000.0,0.1,0.0007170759084135,0.0345592075347652,391971.5817259099,0.0071707590841354,0.0341683521566135,colebrook
moody_eps7.17e-03_Re4.54e+05,3673.9366890166098,4.552350566138571,0.001,1000.0,0.1,0.0007170759084135,0.035456043074856,455235.0566138571,0.0071707590841354,0.0341416241255866,colebrook
moody_eps7.17e-03_Re5.16e+05,4121.349683551392,4.882893059585927,0.001,1000.0,0.1,0.0007170759084135,0.0345712461622812,488289.3059585926,0.0071707590841354,0.0341303975327127,colebrook
moody_eps7.17e-03_Re5.87e+05,5956.712985384796,5.891389011047535,0.001,1000.0,0.1,0.0007170759084135,0.034324266859483,589138.9011047535,0.0071707590841354,0.0341038918335209,colebrook
moody_eps7.17e-03_Re6.67e+05,7445.184037661545,6.634876601305803,0.001,1000.0,0.1,0.0007170759084135,0.0338251501502524,663487.6601305802,0.0071707590841354,0.0340894884925904,colebrook
moody_eps7.17e-03_Re7.59e+05,9501.63719388506,7.267917674175106,0.001,1000.0,0.1,0.0007170759084135,0.0359756327021684,726791.7674175105,0.0071707590841354,0.0340795382340182,colebrook
moody_eps7.17e-03_Re8.63e+05,12324.696920484452,8.380032390308308,0.001,1000.0,0.1,0.0007170759084135,0.0351006249861839,838003.2390308308,0.0071707590841354,0.0340656854960773,colebrook
moody_eps7.17e-03_Re9.81e+05,16097.93510337156,9.747665560891653,0.001,1000.0,0.1,0.0007170759084135,0.0338843319264214,974766.556089165,0.0071707590841354,0.0340529707458315,colebrook
moody_eps7.17e-03_Re1.12e+06,23557.193659483262,11.79935852038042,0.001,1000.0,0.1,0.0007170759084135,0.0338404986105972,1179935.852038042,0.0071707590841354,0.0340394102311022,colebrook
moody_eps7.17e-03_Re1.27e+06,29225.163499068796,13.127937311310232,0.001,1000.0,0.1,0.0007170759084135,0.0339151667541017,1312793.731131023,0.0071707590841354,0.0340328850803494,colebrook
moody_eps7.17e-03_Re1.44e+06,36228.40287254772,14.67865386616231,0.001,1000.0,0.1,0.0007170759084135,0.0336284403015934,1467865.386616231,0.0071707590841354,0.0340267598966986,colebrook
moody_eps7.17e-03_Re1.64e+06,42120.592263334736,15.905778493206292,0.001,1000.0,0.1,0.0007170759084135,0.0332977282570853,1590577.8493206294,0.0071707590841354,0.0340227578132688,colebrook
moody_eps7.17e-03_Re1.86e+06,62920.3672256404,19.101999160352943,0.001,1000.0,0.1,0.0007170759084135,0.0344876498917691,1910199.9160352943,0.0071707590841354,0.0340147439400606,colebrook
moody_eps7.17e-03_Re2.12e+06,77596.18787064962,21.424795583164364,0.001,1000.0,0.1,0.0007170759084135,0.0338093645010696,2142479.558316436,0.0071707590841354,0.0340104181898936,colebrook
moody_eps7.17e-03_Re2.41e+06,102913.13940834264,24.274021248677727,0.001,1000.0,0.1,0.0007170759084135,0.0349315105930008,2427402.1248677727,0.0071707590841354,0.0340062412671169,colebrook
moody_eps7.17e-03_Re2.74e+06,130041.9302751721,27.57024667475436,0.001,1000.0,0.1,0.0007170759084135,0.0342162254919911,2757024.667475436,0.0071707590841354,0.0340024850103842,colebrook
moody_eps7.17e-03_Re3.12e+06,149106.87812856128,29.891555794669102,0.001,1000.0,0.1,0.0007170759084135,0.0333757192482952,2989155.5794669106,0.0071707590841354,0.0340003363718276,colebrook
moody_eps7.17e-03_Re3.54e+06,199653.32037387424,34.725539817247665,0.001,1000.0,0.1,0.0007170759084135,0.0331137618841018,3472553.981724766,0.0071707590841354,0.033996783147065,colebrook
moody_eps7.17e-03_Re4.03e+06,295905.6175699053,40.60656507467066,0.001,1000.0,0.1,0.0007170759084135,0.0358914247012408,4060656.507467066,0.0071707590841354,0.0339936001550317,colebrook
moody_eps7.17e-03_Re4.58e+06,393356.590176739,47.71838370236368,0.001,1000.0,0.1,0.0007170759084135,0.034549755335864,4771838.370236367,0.0071707590841354,0.0339907984225089,colebrook
moody_eps7.17e-03_Re5.21e+06,443105.0577979748,50.59965486881046,0.001,1000.0,0.1,0.0007170759084135,0.0346131874032694,5059965.486881046,0.0071707590841354,0.0339898873750308,colebrook
moody_eps7.17e-03_Re5.93e+06,637167.6649379958,62.23614025135308,0.001,1000.0,0.1,0.0007170759084135,0.0329001912152666,6223614.025135308,0.0071707590841354,0.0339870658474696,colebrook
moody_eps7.17e-03_Re6.74e+06,679830.8564810271,65.78606467311901,0.001,1000.0,0.1,0.0007170759084135,0.031416879986888,6578606.467311902,0.0071707590841354,0.0339864037017468,colebrook
moody_eps7.17e-03_Re7.66e+06,963780.7342679666,73.14519937522188,0.001,1000.0,0.1,0.0007170759084135,0.0360277035241933,7314519.937522187,0.0071707590841354,0.0339852356859779,colebrook
moody_eps7.17e-03_Re8.71e+06,1484852.108462502,92.35847415446013,0.001,1000.0,0.1,0.0007170759084135,0.0348144626949766,9235847.415446011,0.0071707590841354,0.0339830633026024,colebrook
moody_eps7.17e-03_Re9.90e+06,1680767.6427004468,100.2785972820052,0.001,1000.0,0.1,0.0007170759084135,0.0334288297690291,10027859.72820052,0.0071707590841354,0.0339824100337777,colebrook
moody_eps7.17e-03_Re1.13e+07,2255660.686485135,115.5337102692749,0.001,1000.0,0.1,0.0007170759084135,0.0337976360456387,11553371.02692749,0.0071707590841354,0.0339814040956708,colebrook
moody_eps7.17e-03_Re1.28e+07,3235406.762093798,135.9586324512712,0.001,1000.0,0.1,0.0007170759084135,0.0350062273814737,13595863.24512712,0.0071707590841354,0.0339804106337836,colebrook
moody_eps7.17e-03_Re1.46e+07,3857360.6600240353,150.2736748415954,0.001,1000.0,0.1,0.0007170759084135,0.0341628763265038,15027367.484159542,0.0071707590841354,0.0339798752874001,colebrook
moody_eps7.17e-03_Re1.66e+07,4655058.393276512,162.5412657650403,0.001,1000.0,0.1,0.0007170759084135,0.0352393471468368,16254126.576504026,0.0071707590841354,0.0339794915270745,colebrook
moody_eps7.17e-03_Re1.88e+07,5655117.143541217,186.078137342606,0.001,1000.0,0.1,0.0007170759084135,0.0326648675159973,18607813.7342606,0.0071707590841354,0.0339788968879491,colebrook
moody_eps7.17e-03_Re2.14e+07,8604987.058445131,222.25013639920536,0.001,1000.0,0.1,0.0007170759084135,0.0348414439048621,22225013.639920536,0.0071707590841354,0.0339782285132154,colebrook
moody_eps7.17e-03_Re2.43e+07,10223708.761938544,243.4990415298662,0.001,1000.0,0.1,0.0007170759084135,0.0344860896592553,24349904.15298662,0.0071707590841354,0.0339779284599228,colebrook
moody_eps7.17e-03_Re2.77e+07,14166368.323500162,299.0960037736135,0.001,1000.0,0.1,0.0007170759084135,0.0316714031097343,29909600.37736135,0.0071707590841354,0.0339773450697143,colebrook
moody_eps7.17e-03_Re3.15e+07,16983784.980804894,314.0531341154702,0.001,1000.0,0.1,0.0007170759084135,0.034439609216574,31405313.41154702,0.0071707590841354,0.03397722337764,colebrook
moody_eps7.17e-03_Re3.58e+07,20883424.846331395,354.9455031716536,0.001,1000.0,0.1,0.0007170759084135,0.0331518953282615,35494550.31716536,0.0071707590841354,0.0339769430202819,colebrook
moody_eps7.17e-03_Re4.07e+07,33055448.95855331,426.04205589417006,0.001,1000.0,0.1,0.0007170759084135,0.0364223624885469,42604205.589417,0.0071707590841354,0.0339765837017527,colebrook
moody_eps7.17e-03_Re4.63e+07,40197094.47761597,476.8700914235472,0.001,1000.0,0.1,0.0007170759084135,0.0353528546977838,47687009.14235472,0.0071707590841354,0.0339763924941235,colebrook
moody_eps7.17e-03_Re5.26e+07,44784106.18789204,515.3832025527171,0.001,1000.0,0.1,0.0007170759084135,0.0337204519549807,51538320.25527171,0.0071707590841354,0.0339762727269172,colebrook
moody_eps7.17e-03_Re5.98e+07,63812623.02804597,605.0463149051202,0.001,1000.0,0.1,0.0007170759084135,0.034862566208665,60504631.49051201,0.0071707590841354,0.0339760529610288,colebrook
moody_eps7.17e-03_Re6.80e+07,80668671.98528579,675.0826132182623,0.001,1000.0,0.1,0.0007170759084135,0.0354014505524642,67508261.32182622,0.0071707590841354,0.0339759219074531,colebrook
moody_eps7.17e-03_Re7.73e+07,106922717.1497567,782.486413609814,0.001,1000.0,0.1,0.0007170759084135,0.0349258006762936,78248641.3609814,0.0071707590841354,0.0339757665035378,colebrook
moody_eps7.17e-03_Re8.79e+07,147523818.54348773,923.0141273489515,0.001,1000.0,0.1,0.0007170759084135,0.0346318302761143,92301412.73489515,0.0071707590841354,0.0339756177874468,colebrook
moody_eps7.17e-03_Re1.00e+08,155433096.93602264,974.1603628218965,0.001,1000.0,0.1,0.0007170759084135,0.0327576385316763,97416036.28218964,0.0071707590841354,0.0339755743104811,colebrook
