filename,dP_L,v,mu,rho,D,eps,f,Re,eps_rel,f_true,branch
moody_eps1.00e-06_Re3.00e+02,0.0095981642785836,0.0030113370876751,0.001,1000.0,0.1,1e-07,0.2116895543474163,301.13370876751827,1e-06,0.2125301755885768,laminar
moody_eps1.00e-06_Re3.41e+02,0.0111626825437609,0.0034773777375531,0.001,1000.0,0.1,1e-07,0.1846268375750637,347.73777375531535,1e-06,0.1840467295480916,laminar
moody_eps1.00e-06_Re3.88e+02,0.0123474295112495,0.0038169407203644,0.001,1000.0,0.1,1e-07,0.1695023489411505,381.6940720364491,1e-06,0.1676735498105625,laminar
moody_eps1.00e-06_Re4.41e+02,0.0150994162228724,0.0045863882635321,0.001,1000.0,0.1,1e-07,0.1435649809481455,458.6388263532139,1e-06,0.1395433537733487,laminar
moody_eps1.00e-06_Re5.01e+02,0.0151273213337918,0.0049101981778555,0.001,1000.0,0.1,1e-07,0.1254856273795801,491.0198177855574,1e-06,0.1303409713453778,laminar
moody_eps1.00e-06_Re5.70e+02,0.0179317383210095,0.0055967252177831,0.001,1000.0,0.1,1e-07,0.1144944455782205,559.6725217783145,1e-06,0.1143525856810785,laminar
moody_eps1.00e-06_Re6.48e+02,0.0192241928967474,0.0060471220984345,0.001,1000.0,0.1,1e-07,0.1051430657573395,604.7122098434594,1e-06,0.1058354684397187,laminar
moody_eps1.00e-06_Re7.37e+02,0.0222333268915233,0.0071022354411069,0.001,1000.0,0.1,1e-07,0.0881544659258009,710.2235441106906,1e-06,0.0901124730807648,laminar
moody_eps1.00e-06_Re8.38e+02,0.0261428169739779,0.008247520932472,0.001,1000.0,0.1,1e-07,0.0768662200987633,824.7520932472032,1e-06,0.0775990755573835,laminar
moody_eps1.00e-06_Re9.53e+02,0.031863752437248,0.0096508198047675,0.001,1000.0,0.1,1e-07,0.0684224311620017,965.081980476753,1e-06,0.0663156097561616,laminar
moody_eps1.00e-06_Re1.08e+03,0.0359970194300477,0.0107972495186549,0.001,1000.0,0.1,1e-07,0.0617547350150297,1079.724951865491,1e-06,0.0592743549080941,laminar
moody_eps1.00e-06_Re1.23e+03,0.0390694666158386,0.0120811350000645,0.001,1000.0,0.1,1e-07,0.053536749969669,1208.113500006453,1e-06,0.0529751550658594,laminar
moody_eps1.00e-06_Re1.40e+03,0.0462069300220635,0.0143989978236153,0.001,1000.0,0.1,1e-07,0.0445730731963165,1439.8997823615389,1e-06,0.0444475377967176,laminar
moody_eps1.00e-06_Re1.59e+03,0.0485067077273584,0.015583350108064,0.001,1000.0,0.1,1e-07,0.0399493887430842,1558.3350108064049,1e-06,0.0410694745072058,laminar
moody_eps1.32e-06_Re3.00e+02,0.0087076552563631,0.0028300215865678,0.001,1000.0,0.1,1.3197340148878117e-07,0.2174461516071057,283.0021586567844,1.3197340148878116e-06,0.2261466849007928,laminar
moody_eps1.32e-06_Re3.41e+02,0.0112605269272224,0.003524260863214,0.001,1000.0,0.1,1.3197340148878117e-07,0.1813228827035576,352.4260863214075,1.3197340148878116e-06,0.1815983619942166,laminar
moody_eps1.32e-06_Re3.88e+02,0.0129290139685201,0.003845968944731,0.001,1000.0,0.1,1.3197340148878117e-07,0.1748170768920104,384.59689447310825,1.3197340148878116e-06,0.1664079999597474,laminar
moody_eps1.32e-06_Re4.41e+02,0.0133441013501329,0.0042439454403745,0.001,1000.0,0.1,1.3197340148878117e-07,0.1481766402653799,424.3945440374514,1.3197340148878116e-06,0.150803069688738,laminar
moody_eps1.32e-06_Re5.01e+02,0.0161027434501399,0.0049443659174809,0.001,1000.0,0.1,1.3197340148878117e-07,0.1317372706040485,494.4365917480936,1.3197340148878116e-06,0.1294402579989606,laminar
moody_eps1.32e-06_Re5.70e+02,0.017561729889505,0.0055899694502324,0.001,1000.0,0.1,1.3197340148878117e-07,0.1124031339083643,558.9969450232466,1.3197340148878116e-06,0.1144907867024899,laminar
moody_eps1.32e-06_Re6.48e+02,0.0202106603624802,0.0061791388307927,0.001,1000.0,0.1,1.3197340148878117e-07,0.1058655342993277,617.9138830792709,1.3197340148878116e-06,0.1035743033981801,laminar
moody_eps1.32e-06_Re7.37e+02,0.0238272671130429,0.0075531983382963,0.001,1000.0,0.1,1.3197340148878117e-07,0.083529994206239,755.319833829636,1.3197340148878116e-06,0.0847323175342901,laminar
moody_eps1.32e-06_Re8.38e+02,0.0259328902301866,0.0084244705371443,0.001,1000.0,0.1,1.3197340148878117e-07,0.0730795199502638,842.447053714433,1.3197340148878116e-06,0.0759691659170954,laminar
moody_eps1.32e-06_Re9.53e+02,0.0313441890693385,0.0093984008726304,0.001,1000.0,0.1,1.3197340148878117e-07,0.0709707024310037,939.8400872630436,1.3197340148878116e-06,0.0680966909874824,laminar
moody_eps1.32e-06_Re1.08e+03,0.0373256629124887,0.0108831899175488,0.001,1000.0,0.1,1.3197340148878117e-07,0.0630267784945872,1088.318991754884,1.3197340148878116e-06,0.0588062879402681,laminar
moody_eps1.32e-06_Re1.23e+03,0.0391948180438505,0.0120369995617841,0.001,1000.0,0.1,1.3197340148878117e-07,0.05410310110148,1203.6999561784123,1.3197340148878116e-06,0.0531693963030384,laminar
moody_eps1.32e-06_Re1.40e+03,0.0453456691431568,0.0139320135947059,0.001,1000.0,0.1,1.3197340148878117e-07,0.046723786573285,1393.201359470599,1.3197340148878116e-06,0.0459373654532746,laminar
moody_eps1.32e-06_Re1.59e+03,0.0501293440747049,0.0159313948327334,0.001,1000.0,0.1,1.3197340148878117e-07,0.0395015753279184,1593.139483273347,1.3197340148878116e-06,0.0401722515021109,laminar
moody_eps1.74e-06_Re3.00e+02,0.0088883604979225,0.0029036423648957,0.001,1000.0,0.1,1.741697870051903e-07,0.2108460201074925,290.36423648957435,1.7416978700519029e-06,0.2204128193394021,laminar
moody_eps1.74e-06_Re3.41e+02,0.0106749269766158,0.0033236732962015,0.001,1000.0,0.1,1.741697870051903e-07,0.1932672436804047,332.36732962015134,1.7416978700519029e-06,0.1925580353313994,laminar
moody_eps1.74e-06_Re3.88e+02,0.0119433063846987,0.0037872369684826,0.001,1000.0,0.1,1.741697870051903e-07,0.1665365675951251,378.7236968482674,1.7416978700519029e-06,0.1689886334882316,laminar
moody_eps1.74e-06_Re4.41e+02,0.0134537889699411,0.0042832961371867,0.001,1000.0,0.1,1.741697870051903e-07,0.1466622704082479,428.3296137186729,1.7416978700519029e-06,0.1494176399440717,laminar
moody_eps1.74e-06_Re5.01e+02,0.0157439716490676,0.0048660510894907,0.001,1000.0,0.1,1.741697870051903e-07,0.1329814199635987,486.60510894907367,1.7416978700519029e-06,0.1315234855183117,laminar
moody_eps1.74e-06_Re5.70e+02,0.0184204975467418,0.0058399755492902,0.001,1000.0,0.1,1.741697870051903e-07,0.1080212738806122,583.9975549290227,1.7416978700519029e-06,0.1095894999214138,laminar
moody_eps1.74e-06_Re6.48e+02,0.0202637840267298,0.0064437806288334,0.001,1000.0,0.1,1.741697870051903e-07,0.0976043221872852,644.3780628833456,1.7416978700519029e-06,0.0993205754299338,laminar
moody_eps1.74e-06_Re7.37e+02,0.0240358614264928,0.0074911659295342,0.001,1000.0,0.1,1.741697870051903e-07,0.0856625214468951,749.1165929534216,1.7416978700519029e-06,0.0854339639543659,laminar
moody_eps1.74e-06_Re8.38e+02,0.027230884463078,0.0087939601447419,0.001,1000.0,0.1,1.741697870051903e-07,0.0704243353911762,879.3960144741933,1.7416978700519029e-06,0.072777223169776,laminar
moody_eps1.74e-06_Re9.53e+02,0.0312506312595512,0.0096366065063856,0.001,1000.0,0.1,1.741697870051903e-07,0.0673039477455754,963.6606506385676,1.7416978700519029e-06,0.0664134204894539,laminar
moody_eps1.74e-06_Re1.08e+03,0.0349176033449379,0.0107223919697083,0.001,1000.0,0.1,1.741697870051903e-07,0.0607422764747484,1072.2391969708335,1.7416978700519029e-06,0.0596881742253085,laminar
moody_eps1.74e-06_Re1.23e+03,0.0402520207073783,0.0118040808424044,0.001,1000.0,0.1,1.741697870051903e-07,0.0577767798052557,1180.4080842404426,1.7416978700519029e-06,0.0542185375163557,laminar
moody_eps1.74e-06_Re1.40e+03,0.0442802253553022,0.013460953611693,0.001,1000.0,0.1,1.741697870051903e-07,0.0488751567098977,1346.0953611693064,1.7416978700519029e-06,0.0475449227790261,laminar
moody_eps1.74e-06_Re1.59e+03,0.0510370398851646,0.0154078071789612,0.001,1000.0,0.1,1.741697870051903e-07,0.0429965692083818,1540.7807178961266,1.7416978700519029e-06,0.0415373837799511,laminar
moody_eps2.30e-06_Re3.00e+02,0.0098075774713603,0.0030702032617986,0.001,1000.0,0.1,2.298577922765148e-07,0.2080930068108138,307.0203261798685,2.298577922765148e-06,0.2084552537492435,laminar
moody_eps2.30e-06_Re3.41e+02,0.0109390851185796,0.0035229480160713,0.001,1000.0,0.1,2.298577922765148e-07,0.1762781676768824,352.29480160713234,2.298577922765148e-06,0.1816660356838609,laminar
moody_eps2.30e-06_Re3.88e+02,0.0125955723171629,0.0037891154138555,0.001,1000.0,0.1,2.298577922765148e-07,0.1754576199048322,378.9115413855517,2.298577922765148e-06,0.1689048577564399,laminar
moody_eps2.30e-06_Re4.41e+02,0.0138803242188221,0.0043845645792008,0.001,1000.0,0.1,2.298577922765148e-07,0.1444031490211332,438.45645792008025,2.298577922765148e-06,0.1459666036249045,laminar
moody_eps2.30e-06_Re5.01e+02,0.0157559712250288,0.0050266488663849,0.001,1000.0,0.1,2.298577922765148e-07,0.1247148236223166,502.6648866384965,2.298577922765148e-06,0.1273214057739169,laminar
moody_eps2.30e-06_Re5.70e+02,0.0182929190779592,0.0059348284276883,0.001,1000.0,0.1,2.298577922765148e-07,0.1038715643439726,593.4828427688378,2.298577922765148e-06,0.1078379952846051,laminar
moody_eps2.30e-06_Re6.48e+02,0.0208712966565437,0.0064547445913458,0.001,1000.0,0.1,2.298577922765148e-07,0.1001892907280696,645.4744591345845,2.298577922765148e-06,0.099151870526074,laminar
moody_eps2.30e-06_Re7.37e+02,0.0229595893340212,0.0073496559433303,0.001,1000.0,0.1,2.298577922765148e-07,0.0850080576852779,734.9655943330378,2.298577922765148e-06,0.0870789061331208,laminar
moody_eps2.30e-06_Re8.38e+02,0.026472366049404,0.0081677114694882,0.001,1000.0,0.1,2.298577922765148e-07,0.0793637133740313,816.7711469488268,2.298577922765148e-06,0.0783573222916624,laminar
moody_eps2.30e-06_Re9.53e+02,0.0301540012854234,0.0092421961502243,0.001,1000.0,0.1,2.298577922765148e-07,0.0706032319314272,924.219615022431,2.298577922765148e-06,0.0692476105892285,laminar
moody_eps2.30e-06_Re1.08e+03,0.0325873551202107,0.0103545187276422,0.001,1000.0,0.1,2.298577922765148e-07,0.0607881985281769,1035.4518727642287,2.298577922765148e-06,0.0618087635779212,laminar
moody_eps2.30e-06_Re1.23e+03,0.0380262388474791,0.0123380769293998,0.001,1000.0,0.1,2.298577922765148e-07,0.0499595387147217,1233.8076929399847,2.298577922765148e-06,0.0518719411187146,laminar
moody_eps2.30e-06_Re1.40e+03,0.0457050810503326,0.0142907836435347,0.001,1000.0,0.1,2.298577922765148e-07,0.044759207731587,1429.0783643534746,2.298577922765148e-06,0.0447841081331841,laminar
moody_eps2.30e-06_Re1.59e+03,0.0472290879766011,0.0154471699306032,0.001,1000.0,0.1,2.298577922765148e-07,0.0395860078582342,1544.7169930603216,2.298577922765148e-06,0.0414315374839025,laminar
moody_eps3.03e-06_Re3.00e+02,0.0097147116479716,0.0029342734307604,0.001,1000.0,0.1,3.033511470543335e-07,0.2256621635598997,293.42734307604724,3.033511470543335e-06,0.2181119159825987,laminar
moody_eps3.03e-06_Re3.41e+02,0.010823453404215,0.0034284236752026,0.001,1000.0,0.1,3.033511470543335e-07,0.1841649063461327,342.8423675202627,3.033511470543335e-06,0.1866747113634299,laminar
moody_eps3.03e-06_Re3.88e+02,0.0131055305464172,0.0041330990478347,0.001,1000.0,0.1,3.033511470543335e-07,0.1534380167887594,413.3099047834789,3.033511470543335e-06,0.1548474867388618,laminar
moody_eps3.03e-06_Re4.41e+02,0.0140338335067649,0.0044116054997755,0.001,1000.0,0.1,3.033511470543335e-07,0.1442158442212485,441.1605499775505,3.033511470543335e-06,0.1450719018354129,laminar
moody_eps3.03e-06_Re5.01e+02,0.0159402158484644,0.0049025537006581,0.001,1000.0,0.1,3.033511470543335e-07,0.1326415153178486,490.2553700658169,3.033511470543335e-06,0.1305442100336565,laminar
moody_eps3.03e-06_Re5.70e+02,0.018855679189432,0.005830088417145,0.001,1000.0,0.1,3.033511470543335e-07,0.1109486172020196,583.0088417145023,3.033511470543335e-06,0.1097753505963818,laminar
moody_eps3.03e-06_Re6.48e+02,0.0199236360466784,0.0060406767360017,0.001,1000.0,0.1,3.033511470543335e-07,0.1092011984864891,604.0676736001705,3.033511470543335e-06,0.1059483941899551,laminar
moody_eps3.03e-06_Re7.37e+02,0.0225095771717536,0.007295660820515,0.001,1000.0,0.1,3.033511470543335e-07,0.0845800743185781,729.5660820515079,3.033511470543335e-06,0.0877233763664489,laminar
moody_eps3.03e-06_Re8.38e+02,0.0277816339427447,0.0085363956221543,0.001,1000.0,0.1,3.033511470543335e-07,0.0762498004589174,853.6395622154378,3.033511470543335e-06,0.0749730950073375,laminar
moody_eps3.03e-06_Re9.53e+02,0.0318400718833148,0.0092387051305288,0.001,1000.0,0.1,3.033511470543335e-07,0.0746073858449868,923.870513052882,3.033511470543335e-06,0.0692737771102958,laminar
moody_eps3.03e-06_Re1.08e+03,0.0317540221618373,0.0104526827808599,0.001,1000.0,0.1,3.033511470543335e-07,0.0581263694650241,1045.268278085994,3.033511470543335e-06,0.0612283002763571,laminar
moody_eps3.03e-06_Re1.23e+03,0.039755597450841,0.0119052067026997,0.001,1000.0,0.1,3.033511470543335e-07,0.0560989069943843,1190.5206702699768,3.033511470543335e-06,0.0537579914387262,laminar
moody_eps3.03e-06_Re1.40e+03,0.0441135905417952,0.013940228562459,0.001,1000.0,0.1,3.033511470543335e-07,0.0454007068523501,1394.0228562459015,3.033511470543335e-06,0.0459102945932692,laminar
moody_eps3.03e-06_Re1.59e+03,0.0499936342305633,0.0159051552997996,0.001,1000.0,0.1,3.033511470543335e-07,0.039524726750974,1590.5155299799676,3.033511470543335e-06,0.040238525681548,laminar
moody_eps4.00e-06_Re3.00e+02,0.009391956108305,0.0029757111117333,0.001,1000.0,0.1,4.003428272228385e-07,0.2121311842942468,297.5711111733359,4.003428272228385e-06,0.2150746413105936,laminar
moody_eps4.00e-06_Re3.41e+02,0.0103329093700314,0.0032529087943272,0.001,1000.0,0.1,4.003428272228385e-07,0.1953029677123463,325.29087943272384,4.003428272228385e-06,0.1967469856874249,laminar
moody_eps4.00e-06_Re3.88e+02,0.0124049596866123,0.0037894506668663,0.001,1000.0,0.1,4.003428272228385e-07,0.1727717919989063,378.9450666866383,4.003428272228385e-06,0.1688899147298403,laminar
moody_eps4.00e-06_Re4.41e+02,0.0136140051549086,0.0042905657373797,0.001,1000.0,0.1,4.003428272228385e-07,0.1479063383878986,429.0565737379712,4.003428272228385e-06,0.1491644783400647,laminar
moody_eps4.00e-06_Re5.01e+02,0.0162097980100549,0.0049800399963568,0.001,1000.0,0.1,4.003428272228385e-07,0.1307199693436131,498.0039996356867,4.003428272228385e-06,0.1285130240857885,laminar
moody_eps4.00e-06_Re5.70e+02,0.016733869874812,0.0052830455493419,0.001,1000.0,0.1,4.003428272228385e-07,0.1199106267559764,528.3045549341902,4.003428272228385e-06,0.1211422453247111,laminar
moody_eps4.00e-06_Re6.48e+02,0.020997891188069,0.0066334289025383,0.001,1000.0,0.1,4.003428272228385e-07,0.0954397996784139,663.3428902538337,4.003428272228385e-06,0.0964810220179036,laminar
moody_eps4.00e-06_Re7.37e+02,0.0227582464210119,0.0070426097512444,0.001,1000.0,0.1,4.003428272228385e-07,0.091770171602911,704.2609751244405,4.003428272228385e-06,0.0908754030971138,laminar
moody_eps4.00e-06_Re8.38e+02,0.026879856225201,0.0084683953425184,0.001,1000.0,0.1,4.003428272228385e-07,0.07496433415028,846.8395342518428,4.003428272228385e-06,0.0755751206827419,laminar
moody_eps4.00e-06_Re9.53e+02,0.0288131140867071,0.0092064108996417,0.001,1000.0,0.1,4.003428272228385e-07,0.067989130288026,920.641089964176,4.003428272228385e-06,0.0695167755357197,laminar
moody_eps4.00e-06_Re1.08e+03,0.033468998626937,0.0107374193059122,0.001,1000.0,0.1,4.003428272228385e-07,0.0580594461083657,1073.741930591224,4.003428272228385e-06,0.0596046388583896,laminar
moody_eps4.00e-06_Re1.23e+03,0.0363817705686898,0.0116347421485891,0.001,1000.0,0.1,4.003428272228385e-07,0.0537527021111641,1163.4742148589128,4.003428272228385e-06,0.0550076651314192,laminar
moody_eps4.00e-06_Re1.40e+03,0.0440859524377072,0.0139880330941499,0.001,1000.0,0.1,4.003428272228385e-07,0.0450626700750149,1398.8033094149991,4.003428272228385e-06,0.0457533947548106,laminar
moody_eps4.00e-06_Re1.59e+03,0.05100386351241,0.0158987555016396,0.001,1000.0,0.1,4.003428272228385e-07,0.0403558788252665,1589.8755501639694,4.003428272228385e-06,0.0402547230777902,laminar
moody_eps5.28e-06_Re3.00e+02,0.0093948165682969,0.0029494380814996,0.001,1000.0,0.1,5.283460467023342e-07,0.2159930285875811,294.9438081499684,5.283460467023342e-06,0.2169904850738832,laminar
moody_eps5.28e-06_Re3.41e+02,0.0106365434396872,0.003237646787722,0.001,1000.0,0.1,5.283460467023342e-07,0.2029418330577525,323.76467877220495,5.283460467023342e-06,0.1976744351567431,laminar
moody_eps5.28e-06_Re3.88e+02,0.012606814683445,0.0039923096457994,0.001,1000.0,0.1,5.283460467023342e-07,0.15819287844094,399.2309645799468,5.283460467023342e-06,0.1603082067227375,laminar
moody_eps5.28e-06_Re4.41e+02,0.0132809374838088,0.0042316001327682,0.001,1000.0,0.1,5.283460467023342e-07,0.1483369973980889,423.160013276825,5.283460467023342e-06,0.1512430238963343,laminar
moody_eps5.28e-06_Re5.01e+02,0.0168234075474253,0.0051595779837082,0.001,1000.0,0.1,5.283460467023342e-07,0.1263908398454294,515.9577983708282,5.283460467023342e-06,0.124041152594426,laminar
moody_eps5.28e-06_Re5.70e+02,0.0185772613430663,0.0056512076811811,0.001,1000.0,0.1,5.283460467023342e-07,0.1163400244402886,565.1207681181194,5.283460467023342e-06,0.1132501291947263,laminar
moody_eps5.28e-06_Re6.48e+02,0.0197442180807562,0.0062845168979462,0.001,1000.0,0.1,5.283460467023342e-07,0.0999829941686246,628.4516897946257,5.283460467023342e-06,0.1018375812163299,laminar
moody_eps5.28e-06_Re7.37e+02,0.0238622697764991,0.007478446858365,0.001,1000.0,0.1,5.283460467023342e-07,0.085333375102369,747.8446858365061,5.283460467023342e-06,0.0855792669415206,laminar
moody_eps5.28e-06_Re8.38e+02,0.0244431652889182,0.0082364025155207,0.001,1000.0,0.1,5.283460467023342e-07,0.0720629962055068,823.6402515520713,5.283460467023342e-06,0.0777038274652047,laminar
moody_eps5.28e-06_Re9.53e+02,0.0314278016410943,0.0097262696820844,0.001,1000.0,0.1,5.283460467023342e-07,0.0664433291565391,972.6269682084444,5.283460467023342e-06,0.0658011777299229,laminar
moody_eps5.28e-06_Re1.08e+03,0.0335159142382377,0.0102867822818524,0.001,1000.0,0.1,5.283460467023342e-07,0.0633464045233731,1028.6782281852468,5.283460467023342e-06,0.0622157621756088,laminar
moody_eps5.28e-06_Re1.23e+03,0.0397530244747416,0.0123193361471518,0.001,1000.0,0.1,5.283460467023342e-07,0.052387245079375,1231.933614715182,5.283460467023342e-06,0.0519508512760215,laminar
moody_eps5.28e-06_Re1.40e+03,0.0451217551025515,0.0144170322003443,0.001,1000.0,0.1,5.283460467023342e-07,0.043417443003305,1441.7032200344397,5.283460467023342e-06,0.0443919380290148,laminar
moody_eps6.97e-06_Re3.00e+02,0.0095193120990318,0.0030874175825018,0.001,1000.0,0.1,6.972762494645748e-07,0.1997306959435921,308.74175825018267,6.972762494645748e-06,0.2072929828563679,laminar
moody_eps6.97e-06_Re3.41e+02,0.0115103787786286,0.0035461210406209,0.001,1000.0,0.1,6.972762494645748e-07,0.1830680267123966,354.6121040620977,6.972762494645748e-06,0.1804788930408102,laminar
moody_eps6.97e-06_Re3.88e+02,0.0122748035919219,0.0038522896341717,0.001,1000.0,0.1,6.972762494645748e-07,0.1654271101972686,385.2289634171759,6.972762494645748e-06,0.1661349640802903,laminar
moody_eps6.97e-06_Re4.41e+02,0.0138610068695102,0.0045216214410374,0.001,1000.0,0.1,6.972762494645748e-07,0.135592720787566,452.1621441037453,6.972762494645748e-06,0.1415421455213987,laminar
moody_eps6.97e-06_Re5.01e+02,0.0166497873116764,0.0053315884709819,0.001,1000.0,0.1,6.972762494645748e-07,0.1171454555071929,533.1588470981981,6.972762494645748e-06,0.1200392722512815,laminar
moody_eps6.97e-06_Re5.70e+02,0.0184986033842154,0.0055729324120728,0.001,1000.0,0.1,6.972762494645748e-07,0.1191245806243849,557.2932412072836,6.972762494645748e-06,0.1148407970305805,laminar
moody_eps6.97e-06_Re6.48e+02,0.0221081767022718,0.0066394887560181,0.001,1000.0,0.1,6.972762494645748e-07,0.1003029354535257,663.9488756018179,6.972762494645748e-06,0.0963929639040189,laminar
moody_eps6.97e-06_Re7.37e+02,0.0246212288862444,0.0076077414902025,0.001,1000.0,0.1,6.972762494645748e-07,0.0850801461590432,760.7741490202501,6.972762494645748e-06,0.0841248353173163,laminar
moody_eps6.97e-06_Re8.38e+02,0.0254550593711347,0.0080683492482922,0.001,1000.0,0.1,6.972762494645748e-07,0.078205038139298,806.8349248292225,6.972762494645748e-06,0.0793222975735048,laminar
moody_eps6.97e-06_Re9.53e+02,0.0306699228655861,0.0095892926826126,0.001,1000.0,0.1,6.972762494645748e-07,0.0667067114159248,958.9292682612668,6.972762494645748e-06,0.0667411060630623,laminar
moody_eps6.97e-06_Re1.08e+03,0.0336511406621318,0.0101916013368586,0.001,1000.0,0.1,6.972762494645748e-07,0.0647955128209276,1019.1601336858648,6.972762494645748e-06,0.062796804824517,laminar
moody_eps6.97e-06_Re1.23e+03,0.0434064880807889,0.0129816297132616,0.001,1000.0,0.1,6.972762494645748e-07,0.0515141111576441,1298.16297132616,6.972762494645748e-06,0.0493004356260599,laminar
moody_eps6.97e-06_Re1.40e+03,0.0440686448100714,0.0135925073983454,0.001,1000.0,0.1,6.972762494645748e-07,0.0477046303453155,1359.2507398345476,6.972762494645748e-06,0.0470847637778665,laminar
moody_eps6.97e-06_Re1.59e+03,0.0503281434480809,0.0149500265904776,0.001,1000.0,0.1,6.972762494645748e-07,0.0450357060154065,1495.0026590477653,6.972762494645748e-06,0.0428092884067273,laminar
moody_eps9.20e-06_Re3.00e+02,0.0095751511183598,0.0029976375070873,0.001,1000.0,0.1,9.202191841917988e-07,0.2131166615336734,299.7637507087374,9.202191841917986e-06,0.2135014652328159,laminar
moody_eps9.20e-06_Re3.41e+02,0.0103441043054563,0.0033702951954041,0.001,1000.0,0.1,9.202191841917988e-07,0.1821323135423033,337.0295195404125,9.202191841917986e-06,0.1898943454189801,laminar
moody_eps9.20e-06_Re3.88e+02,0.0118377609211833,0.003685123928553,0.001,1000.0,0.1,9.202191841917988e-07,0.1743393270334428,368.51239285530767,9.202191841917986e-06,0.1736712285416379,laminar
moody_eps9.20e-06_Re4.41e+02,0.0151494413291701,0.0044340748185847,0.001,1000.0,0.1,9.202191841917988e-07,0.1541063659657153,443.4074818584721,9.202191841917986e-06,0.1443367615985056,laminar
moody_eps9.20e-06_Re5.01e+02,0.0164587952841131,0.0049881568354416,0.001,1000.0,0.1,9.202191841917988e-07,0.132296342978756,498.815683544163,9.202191841917986e-06,0.1283039048517281,laminar
moody_eps9.20e-06_Re5.70e+02,0.0188790869120763,0.0059105328594438,0.001,1000.0,0.1,9.202191841917988e-07,0.1080830792802396,591.0532859443891,9.202191841917986e-06,0.1082812692560203,laminar
moody_eps9.20e-06_Re6.48e+02,0.0205301168705975,0.0064989292073576,0.001,1000.0,0.1,9.202191841917988e-07,0.0972160127606477,649.8929207357605,9.202191841917986e-06,0.0984777614249805,laminar
moody_eps9.20e-06_Re7.37e+02,0.0237822507289073,0.007775997067945,0.001,1000.0,0.1,9.202191841917988e-07,0.0786630484580702,777.5997067945053,9.202191841917986e-06,0.0823045577831128,laminar
moody_eps9.20e-06_Re8.38e+02,0.0279306749883914,0.0083733249118619,0.001,1000.0,0.1,9.202191841917988e-07,0.0796738015927198,837.3324911861909,9.202191841917986e-06,0.0764331978917187,laminar
moody_eps9.20e-06_Re9.53e+02,0.0298888718570066,0.0095016317556859,0.001,1000.0,0.1,9.202191841917988e-07,0.0662129791734194,950.1631755685976,9.202191841917986e-06,0.0673568515867825,laminar
moody_eps9.20e-06_Re1.08e+03,0.0354844437664264,0.0109149558651922,0.001,1000.0,0.1,9.202191841917988e-07,0.0595695102532359,1091.4955865192246,9.202191841917986e-06,0.0586351431837629,laminar
moody_eps9.20e-06_Re1.23e+03,0.0404563812163873,0.0125362478694254,0.001,1000.0,0.1,9.202191841917988e-07,0.0514851387638924,1253.624786942546,9.202191841917986e-06,0.0510519580233324,laminar
moody_eps9.20e-06_Re1.40e+03,0.0471851430996541,0.014332894878983,0.001,1000.0,0.1,9.202191841917988e-07,0.0459375089275607,1433.2894878983066,9.202191841917986e-06,0.0446525287043344,laminar
moody_eps9.20e-06_Re1.59e+03,0.0487685476000548,0.0154143906923994,0.001,1000.0,0.1,9.202191841917988e-07,0.0410503715891264,1541.439069239949,9.202191841917986e-06,0.0415196430901138,laminar
moody_eps1.21e-05_Re3.00e+02,0.0089691642391258,0.002861413641478,0.001,1000.0,0.1,1.214444558530229e-06,0.2190890568583311,286.14136414780444,1.214444558530229e-05,0.2236656702557034,laminar
moody_eps1.21e-05_Re3.41e+02,0.0111040871090457,0.0034910341922858,0.001,1000.0,0.1,1.214444558530229e-06,0.1822236119752459,349.10341922858214,1.214444558530229e-05,0.1833267635745921,laminar
moody_eps1.21e-05_Re3.88e+02,0.0127474034795737,0.0038292449643476,0.001,1000.0,0.1,1.214444558530229e-06,0.1738703098692768,382.92449643476886,1.214444558530229e-05,0.16713477616573,laminar
moody_eps1.21e-05_Re4.41e+02,0.0134529159705837,0.0042158848743985,0.001,1000.0,0.1,1.214444558530229e-06,0.1513801528839381,421.58848743985607,1.214444558530229e-05,0.1518068019092439,laminar
moody_eps1.21e-05_Re5.01e+02,0.0163260824111458,0.005098208104435,0.001,1000.0,0.1,1.214444558530229e-06,0.1256252277278822,509.82081044350446,1.214444558530229e-05,0.1255343028157775,laminar
moody_eps1.21e-05_Re5.70e+02,0.0176097971707746,0.0055067885981012,0.001,1000.0,0.1,1.214444558530229e-06,0.1161415293205119,550.6788598101234,1.214444558530229e-05,0.1162201868836357,laminar
moody_eps1.21e-05_Re6.48e+02,0.0214865481130803,0.0066429673993991,0.001,1000.0,0.1,1.214444558530229e-06,0.0973805904787492,664.2967399399159,1.214444558530229e-05,0.0963424869521242,laminar
moody_eps1.21e-05_Re7.37e+02,0.0240393460624034,0.0074433249920278,0.001,1000.0,0.1,1.214444558530229e-06,0.0867798073770222,744.3324992027897,1.214444558530229e-05,0.0859830788908808,laminar
moody_eps1.21e-05_Re8.38e+02,0.0259509746618491,0.0084173595159826,0.001,1000.0,0.1,1.214444558530229e-06,0.0732540964002445,841.7359515982638,1.214444558530229e-05,0.0760333449919522,laminar
moody_eps1.21e-05_Re9.53e+02,0.0306152063331572,0.0094443897118475,0.001,1000.0,0.1,1.214444558530229e-06,0.0686466562091941,944.4389711847548,1.214444558530229e-05,0.0677650985957461,laminar
moody_eps1.21e-05_Re1.08e+03,0.0323165130681428,0.0098720959972295,0.001,1000.0,0.1,1.214444558530229e-06,0.0663186612245217,987.2095997229542,1.214444558530229e-05,0.0648291913064466,laminar
moody_eps1.21e-05_Re1.23e+03,0.0385651545770298,0.0124500385478694,0.001,1000.0,0.1,1.214444558530229e-06,0.0497603790470013,1245.0038547869424,1.214444558530229e-05,0.0514054633276234,laminar
moody_eps1.21e-05_Re1.40e+03,0.0435844123292038,0.0137036743846059,0.001,1000.0,0.1,1.214444558530229e-06,0.0464180753036659,1370.3674384605931,1.214444558530229e-05,0.0467028026234296,laminar
moody_eps1.60e-05_Re3.00e+02,0.0095529221174133,0.0030001666604319,0.001,1000.0,0.1,1.6027437930877554e-06,0.2122635735504169,300.0166660431961,1.6027437930877553e-05,0.2133214825831886,laminar
moody_eps1.60e-05_Re3.41e+02,0.0106077693754534,0.0033789406548664,0.001,1000.0,0.1,1.6027437930877554e-06,0.185820205631763,337.89406548664624,1.6027437930877553e-05,0.1894084760199179,laminar
moody_eps1.60e-05_Re3.88e+02,0.0124857225788968,0.0039203131699165,0.001,1000.0,0.1,1.6027437930877554e-06,0.1624808392606448,392.03131699165465,1.6027437930877553e-05,0.1632522638525901,laminar
moody_eps1.60e-05_Re4.41e+02,0.0140661909027096,0.0043602171785931,0.001,1000.0,0.1,1.6027437930877554e-06,0.1479756511272759,436.0217178593163,1.6027437930877553e-05,0.1467816793948089,laminar
moody_eps1.60e-05_Re5.01e+02,0.0160181150658883,0.004720312751015,0.001,1000.0,0.1,1.6027437930877554e-06,0.143780455780929,472.03127510150887,1.6027437930877553e-05,0.1355842364178877,laminar
moody_eps1.60e-05_Re5.70e+02,0.0178342685063705,0.0058111814234661,0.001,1000.0,0.1,1.6027437930877554e-06,0.1056224964779723,581.1181423466115,1.6027437930877553e-05,0.1101325106484574,laminar
moody_eps1.60e-05_Re6.48e+02,0.0201270170944261,0.0065063901321777,0.001,1000.0,0.1,1.6027437930877554e-06,0.0950887656543362,650.6390132177711,1.6027437930877553e-05,0.0983648362607161,laminar
moody_eps1.60e-05_Re7.37e+02,0.0225990165683697,0.0072544049491218,0.001,1000.0,0.1,1.6027437930877554e-06,0.0858847284327469,725.4404949121816,1.6027437930877553e-05,0.0882222600597276,laminar
moody_eps1.60e-05_Re8.38e+02,0.0261676800259879,0.0086624384286478,0.001,1000.0,0.1,1.6027437930877554e-06,0.0697452916817688,866.2438428647803,1.6027437930877553e-05,0.073882199021864,laminar
moody_eps1.60e-05_Re9.53e+02,0.0287242314607899,0.0094315659888249,0.001,1000.0,0.1,1.6027437930877554e-06,0.0645818970453071,943.1565988824954,1.6027437930877553e-05,0.0678572360897763,laminar
moody_eps1.60e-05_Re1.08e+03,0.034334598486661,0.0108323169768598,0.001,1000.0,0.1,1.6027437930877554e-06,0.0585220120056241,1083.2316976859884,1.6027437930877553e-05,0.0590824660474001,laminar
moody_eps1.60e-05_Re1.23e+03,0.0394779477018596,0.0118153482769605,0.001,1000.0,0.1,1.6027437930877554e-06,0.0565576697465342,1181.5348276960578,1.6027437930877553e-05,0.0541668332577189,laminar
moody_eps1.60e-05_Re1.40e+03,0.0462093946758446,0.0146869271802318,0.001,1000.0,0.1,1.6027437930877554e-06,0.0428448268425516,1468.692718023187,1.6027437930877553e-05,0.0435761675772056,laminar
moody_eps2.12e-05_Re3.00e+02,0.0091673180792513,0.0028643802035757,0.001,1000.0,0.1,2.115195500888224e-06,0.2234657497520614,286.4380203575789,2.1151955008882235e-05,0.2234340256929045,laminar
moody_eps2.12e-05_Re3.41e+02,0.0109370826614117,0.0032598810911423,0.001,1000.0,0.1,2.115195500888224e-06,0.205839146517498,325.9881091142374,2.1151955008882235e-05,0.1963261794238397,laminar
moody_eps2.12e-05_Re3.88e+02,0.0128980155835592,0.0038218287403554,0.001,1000.0,0.1,2.115195500888224e-06,0.1766080311325217,382.18287403554615,2.1151955008882235e-05,0.1674590996823355,laminar
moody_eps2.12e-05_Re4.41e+02,0.0143306737707117,0.0045531465130797,0.001,1000.0,0.1,2.115195500888224e-06,0.1382526149522384,455.3146513079765,2.1151955008882235e-05,0.1405621361318991,laminar
moody_eps2.12e-05_Re5.01e+02,0.0147621084094763,0.0047713694748876,0.001,1000.0,0.1,2.115195500888224e-06,0.1296857596791153,477.1369474887615,2.1151955008882235e-05,0.1341333978364932,laminar
moody_eps2.12e-05_Re5.70e+02,0.0186445382092899,0.0058828510339829,0.001,1000.0,0.1,2.115195500888224e-06,0.107747182924262,588.2851033982921,2.1151955008882235e-05,0.1087907880554804,laminar
moody_eps2.12e-05_Re6.48e+02,0.0197135122473371,0.0062021427861797,0.001,1000.0,0.1,2.115195500888224e-06,0.1024968413512605,620.2142786179708,2.1151955008882235e-05,0.1031901428367818,laminar
moody_eps2.12e-05_Re7.37e+02,0.0260494331903652,0.0077567861596671,0.001,1000.0,0.1,2.115195500888224e-06,0.0865893811494647,775.678615966712,2.1151955008882235e-05,0.0825083980434837,laminar
moody_eps2.12e-05_Re8.38e+02,0.0266940878724496,0.0082651497284427,0.001,1000.0,0.1,2.115195500888224e-06,0.0781526359207838,826.5149728442792,2.1151955008882235e-05,0.0774335639435028,laminar
moody_eps2.12e-05_Re9.53e+02,0.0297209497791788,0.0097092236137204,0.001,1000.0,0.1,2.115195500888224e-06,0.0630556014610274,970.922361372042,2.1151955008882235e-05,0.0659167020415098,laminar
moody_eps2.12e-05_Re1.08e+03,0.0337219243926225,0.0106670525796999,0.001,1000.0,0.1,2.115195500888224e-06,0.0592725312608861,1066.7052579699905,2.1151955008882235e-05,0.0599978293177219,laminar
moody_eps2.12e-05_Re1.23e+03,0.0393133564907996,0.0124749489676179,0.001,1000.0,0.1,2.115195500888224e-06,0.0505233995195039,1247.4948967617995,2.1151955008882235e-05,0.0513028150785456,laminar
moody_eps2.12e-05_Re1.40e+03,0.0434238968151346,0.0134386232518889,0.001,1000.0,0.1,2.115195500888224e-06,0.0480893860016423,1343.8623251888914,2.1151955008882235e-05,0.0476239260528449,laminar
moody_eps2.12e-05_Re1.59e+03,0.0482097712881759,0.0156308699243088,0.001,1000.0,0.1,2.115195500888224e-06,0.039463787940314,1563.0869924308884,2.1151955008882235e-05,0.0409446181242083,laminar
moody_eps2.79e-05_Re3.00e+02,0.0100716501810449,0.0031173361325424,0.001,1000.0,0.1,2.791495450659851e-06,0.2072828454981033,311.7336132542454,2.791495450659851e-05,0.2053034940053209,laminar
moody_eps2.79e-05_Re3.41e+02,0.0102756073203282,0.0033473902031868,0.001,1000.0,0.1,2.791495450659851e-06,0.1834107613405859,334.7390203186834,2.791495450659851e-05,0.1911937244097498,laminar
moody_eps2.79e-05_Re3.88e+02,0.0116255307968011,0.00374637671101,0.001,1000.0,0.1,2.791495450659851e-06,0.1656608542682768,374.63767110100144,2.791495450659851e-05,0.1708317260565762,laminar
moody_eps2.79e-05_Re4.41e+02,0.0137036508735995,0.0041341978624162,0.001,1000.0,0.1,2.791495450659851e-06,0.160355464852837,413.4197862416232,2.791495450659851e-05,0.1548063303448064,laminar
moody_eps2.79e-05_Re5.01e+02,0.0163583718604044,0.005030349078219,0.001,1000.0,0.1,2.791495450659851e-06,0.1292926463431686,503.0349078219015,2.791495450659851e-05,0.1272277510066141,laminar
moody_eps2.79e-05_Re5.70e+02,0.0172344661979376,0.0054647241720838,0.001,1000.0,0.1,2.791495450659851e-06,0.115422729425952,546.4724172083813,2.791495450659851e-05,0.1171147856408559,laminar
moody_eps2.79e-05_Re6.48e+02,0.0206465640051492,0.0064374365546124,0.001,1000.0,0.1,2.791495450659851e-06,0.0996441619520474,643.7436554612448,2.791495450659851e-05,0.0994184555561076,laminar
moody_eps2.79e-05_Re7.37e+02,0.022587607471648,0.0073272357849822,0.001,1000.0,0.1,2.791495450659851e-06,0.0841433683941979,732.7235784982203,2.791495450659851e-05,0.0873453535249588,laminar
moody_eps2.79e-05_Re8.38e+02,0.0283167991732565,0.0086624354118439,0.001,1000.0,0.1,2.791495450659851e-06,0.0754734386649561,866.2435411843951,2.791495450659851e-05,0.0738822247522841,laminar
moody_eps2.79e-05_Re9.53e+02,0.0315337239276863,0.0095538073477226,0.001,1000.0,0.1,2.791495450659851e-06,0.0690959031414411,955.3807347722671,2.791495450659851e-05,0.0669889999563949,laminar
moody_eps2.79e-05_Re1.08e+03,0.037500661472769,0.011239007842543,0.001,1000.0,0.1,2.791495450659851e-06,0.0593762786913033,1123.900784254305,2.791495450659851e-05,0.056944528286332,laminar
moody_eps2.79e-05_Re1.23e+03,0.0392597062157286,0.0123850703984336,0.001,1000.0,0.1,2.791495450659851e-06,0.0511894050562492,1238.507039843363,2.791495450659851e-05,0.0516751200769066,laminar
moody_eps2.79e-05_Re1.40e+03,0.0454016271372846,0.0138136902170278,0.001,1000.0,0.1,2.791495450659851e-06,0.0475863055223171,1381.3690217027874,2.791495450659851e-05,0.0463308493201247,laminar
moody_eps2.79e-05_Re1.59e+03,0.0485798628412085,0.015603013584734,0.001,1000.0,0.1,2.791495450659851e-06,0.039908858569696,1560.3013584734022,2.791495450659851e-05,0.0410177172841902,laminar
moody_eps3.68e-05_Re3.00e+02,0.009527035273,0.0029650563698757,0.001,1000.0,0.1,3.6840314986403865e-06,0.2167314118764262,296.50563698757776,3.684031498640386e-05,0.2158474983822358,laminar
moody_eps3.68e-05_Re3.41e+02,0.0102155520346434,0.0033756296353762,0.001,1000.0,0.1,3.6840314986403865e-06,0.1793008110129802,337.56296353762497,3.684031498640386e-05,0.1895942591843803,laminar
moody_eps3.68e-05_Re3.88e+02,0.0128703232717178,0.0039897694602532,0.001,1000.0,0.1,3.6840314986403865e-06,0.1617051485777017,398.9769460253272,3.684031498640386e-05,0.1604102709130899,laminar
moody_eps3.68e-05_Re4.41e+02,0.0143342558994832,0.0042855638555519,0.001,1000.0,0.1,3.6840314986403865e-06,0.1560950775923972,428.5563855551905,3.684031498640386e-05,0.1493385751727597,laminar
moody_eps3.68e-05_Re5.01e+02,0.0160729361142428,0.005117935806323,0.001,1000.0,0.1,3.6840314986403865e-06,0.1227257078300243,511.7935806323055,3.684031498640386e-05,0.1250504156791688,laminar
moody_eps3.68e-05_Re5.70e+02,0.0191709962445955,0.005894836981644,0.001,1000.0,0.1,3.6840314986403865e-06,0.1103395170945298,589.4836981644036,3.684031498640386e-05,0.1085695841959496,laminar
moody_eps3.68e-05_Re6.48e+02,0.0208905444154185,0.0066472260949741,0.001,1000.0,0.1,3.6840314986403865e-06,0.0945581249914639,664.7226094974111,3.684031498640386e-05,0.0962807629612443,laminar
moody_eps3.68e-05_Re7.37e+02,0.0226365259572256,0.0072506267192026,0.001,1000.0,0.1,3.6840314986403865e-06,0.0861169574493638,725.0626719202673,3.684031498640386e-05,0.0882682318074676,laminar
moody_eps3.68e-05_Re8.38e+02,0.024625114489531,0.0082483128581472,0.001,1000.0,0.1,3.6840314986403865e-06,0.0723899044329948,824.8312858147202,3.684031498640386e-05,0.0775916252216167,laminar
moody_eps3.68e-05_Re9.53e+02,0.0304152551213707,0.0098473947880704,0.001,1000.0,0.1,3.6840314986403865e-06,0.0627305016430547,984.7394788070474,3.684031498640386e-05,0.0649918088767316,laminar
moody_eps3.68e-05_Re1.08e+03,0.0339348690025734,0.0110258094618488,0.001,1000.0,0.1,3.6840314986403865e-06,0.0558284032123369,1102.580946184886,3.684031498640386e-05,0.0580456248781104,laminar
moody_eps3.68e-05_Re1.23e+03,0.0381866298027739,0.0123679096878597,0.001,1000.0,0.1,3.6840314986403865e-06,0.0499285226802605,1236.7909687859767,3.684031498640386e-05,0.0517468202915662,laminar
moody_eps3.68e-05_Re1.40e+03,0.0427179008605155,0.0140056123817041,0.001,1000.0,0.1,3.6840314986403865e-06,0.0435547669021738,1400.5612381704138,3.684031498640386e-05,0.0456959669136672,laminar
moody_eps3.68e-05_Re1.59e+03,0.0510951929531478,0.0156543743535925,0.001,1000.0,0.1,3.6840314986403865e-06,0.0417002452166287,1565.4374353592543,3.684031498640386e-05,0.0408831413855339,laminar
moody_eps4.86e-05_Re3.00e+02,0.0095942469847338,0.002986353049071,0.001,1000.0,0.1,4.86194168067384e-06,0.2151585415923868,298.635304907103,4.861941680673839e-05,0.2143082179111696,laminar
moody_eps4.86e-05_Re3.41e+02,0.0100688964547994,0.003291412163644,0.001,1000.0,0.1,4.86194168067384e-06,0.185886277670726,329.1412163644061,4.861941680673839e-05,0.1944454137556048,laminar
moody_eps4.86e-05_Re3.88e+02,0.0122078881304475,0.003863023150146,0.001,1000.0,0.1,4.86194168067384e-06,0.1636122868772386,386.30231501460526,4.861941680673839e-05,0.1656733535173878,laminar
moody_eps4.86e-05_Re4.41e+02,0.0147890112096658,0.0044372018723481,0.001,1000.0,0.1,4.86194168067384e-06,0.1502279561249051,443.7201872348113,4.861941680673839e-05,0.144235042355943,laminar
moody_eps4.86e-05_Re5.01e+02,0.01548273580326,0.0049387508074668,0.001,1000.0,0.1,4.86194168067384e-06,0.1269531471220437,493.87508074668807,4.861941680673839e-05,0.1295874250290956,laminar
moody_eps4.86e-05_Re5.70e+02,0.0185471335283635,0.0058722321340685,0.001,1000.0,0.1,4.86194168067384e-06,0.1075722775655658,587.2232134068588,4.861941680673839e-05,0.1089875170783779,laminar
moody_eps4.86e-05_Re6.48e+02,0.020718753776853,0.0064951701388836,0.001,1000.0,0.1,4.86194168067384e-06,0.098222856802595,649.5170138883677,4.861941680673839e-05,0.0985347552589279,laminar
moody_eps4.86e-05_Re7.37e+02,0.0237318774147886,0.0078003020671689,0.001,1000.0,0.1,4.86194168067384e-06,0.0780080191111222,780.030206716898,4.861941680673839e-05,0.0820481046104256,laminar
moody_eps4.86e-05_Re8.38e+02,0.0266899702130366,0.0081793546969441,0.001,1000.0,0.1,4.86194168067384e-06,0.0797884450206876,817.9354696944183,4.861941680673839e-05,0.0782457814476617,laminar
moody_eps4.86e-05_Re9.53e+02,0.0306237418795489,0.0098699701822382,0.001,1000.0,0.1,4.86194168067384e-06,0.0628718978166773,986.9970182238244,4.861941680673839e-05,0.0648431543543797,laminar
moody_eps4.86e-05_Re1.08e+03,0.035429061747746,0.0112291457442173,0.001,1000.0,0.1,4.86194168067384e-06,0.0561948103250255,1122.9145744217346,4.861941680673839e-05,0.0569945403308688,laminar
moody_eps4.86e-05_Re1.23e+03,0.0378662495332157,0.0120590226001773,0.001,1000.0,0.1,4.86194168067384e-06,0.052078452405963,1205.9022600177393,4.861941680673839e-05,0.053072294597954,laminar
moody_eps4.86e-05_Re1.40e+03,0.0459869845617425,0.0141635167314275,0.001,1000.0,0.1,4.86194168067384e-06,0.0458482463466741,1416.3516731427596,4.861941680673839e-05,0.0451865177367917,laminar
moody_eps4.86e-05_Re1.59e+03,0.0499785722980331,0.0155220972062102,0.001,1000.0,0.1,4.86194168067384e-06,0.0414870967123901,1552.209720621029,4.861941680673839e-05,0.0412315418140752,laminar
moody_eps6.42e-05_Re3.00e+02,0.0087833707913612,0.0028985069776965,0.001,1000.0,0.1,6.4164698143860805e-06,0.2090944532382133,289.8506977696549,6.41646981438608e-05,0.2208033325172843,laminar
moody_eps6.42e-05_Re3.41e+02,0.0104457032525115,0.0033955966091051,0.001,1000.0,0.1,6.4164698143860805e-06,0.1811905307813558,339.5596609105153,6.41646981438608e-05,0.1884793966055527,laminar
moody_eps6.42e-05_Re3.88e+02,0.0115386085443505,0.0037757602027636,0.001,1000.0,0.1,6.4164698143860805e-06,0.1618730785345762,377.57602027636295,6.41646981438608e-05,0.1695022897724168,laminar
moody_eps6.42e-05_Re4.41e+02,0.0146615061979007,0.004500410788188,0.001,1000.0,0.1,6.4164698143860805e-06,0.1447785656902332,450.0410788188035,6.41646981438608e-05,0.1422092404719521,laminar
moody_eps6.42e-05_Re5.01e+02,0.016691366971453,0.0052436459859051,0.001,1000.0,0.1,6.4164698143860805e-06,0.1214101999024608,524.3645985905171,6.41646981438608e-05,0.1220524806061105,laminar
moody_eps6.42e-05_Re5.70e+02,0.0192991557318575,0.0058300322522877,0.001,1000.0,0.1,6.4164698143860805e-06,0.1135602635151625,583.0032252287708,6.41646981438608e-05,0.1097764081406005,laminar
moody_eps6.42e-05_Re6.48e+02,0.0212798128091954,0.0069039561829785,0.001,1000.0,0.1,6.4164698143860805e-06,0.089289778614547,690.3956182978542,6.41646981438608e-05,0.0927004724592397,laminar
moody_eps6.42e-05_Re7.37e+02,0.022358325760271,0.0071956499065272,0.001,1000.0,0.1,6.4164698143860805e-06,0.0863632992106989,719.5649906527268,6.41646981438608e-05,0.0889426262135749,laminar
moody_eps6.42e-05_Re8.38e+02,0.0262909726263998,0.0080417086745447,0.001,1000.0,0.1,6.4164698143860805e-06,0.0813092540494898,804.1708674544711,6.41646981438608e-05,0.0795850764932409,laminar
moody_eps6.42e-05_Re9.53e+02,0.0298968865159135,0.0097428915842026,0.001,1000.0,0.1,6.4164698143860805e-06,0.0629912488735214,974.2891584202644,6.41646981438608e-05,0.065688917347465,laminar
moody_eps6.42e-05_Re1.08e+03,0.0338905940793796,0.0104916083245575,0.001,1000.0,0.1,6.4164698143860805e-06,0.0615779234508269,1049.1608324557517,6.41646981438608e-05,0.0610011334965644,laminar
moody_eps6.42e-05_Re1.23e+03,0.0391292797261291,0.0121441775906487,0.001,1000.0,0.1,6.4164698143860805e-06,0.0530634680153584,1214.4177590648749,6.41646981438608e-05,0.0527001515930409,laminar
moody_eps6.42e-05_Re1.40e+03,0.0460594763547928,0.0139430645892684,0.001,1000.0,0.1,6.4164698143860805e-06,0.0473840866168554,1394.3064589268429,6.41646981438608e-05,0.0459009564147461,laminar
moody_eps8.47e-05_Re3.00e+02,0.010000911916104,0.0029705513037697,0.001,1000.0,0.1,8.468033469546193e-06,0.2266707507802347,297.0551303769783,8.468033469546193e-05,0.2154482230917227,laminar
moody_eps8.47e-05_Re3.41e+02,0.0111311456737363,0.0034569129731039,0.001,1000.0,0.1,8.468033469546193e-06,0.1862914698069833,345.6912973103951,8.468033469546193e-05,0.1851362776498669,laminar
moody_eps8.47e-05_Re3.88e+02,0.012361802708618,0.0038521232416487,0.001,1000.0,0.1,8.468033469546193e-06,0.1666139871866447,385.21232416487913,8.468033469546193e-05,0.1661421402826318,laminar
moody_eps8.47e-05_Re4.41e+02,0.0137311853751383,0.0043123638513228,0.001,1000.0,0.1,8.468033469546193e-06,0.1476750859149687,431.2363851322842,8.468033469546193e-05,0.1484104825254196,laminar
moody_eps8.47e-05_Re5.01e+02,0.016382170039854,0.0050083962662573,0.001,1000.0,0.1,8.468033469546193e-06,0.1306183095473553,500.8396266257368,8.468033469546193e-05,0.1277854159248173,laminar
moody_eps8.47e-05_Re5.70e+02,0.0187626678231938,0.005716272945644,0.001,1000.0,0.1,8.468033469546193e-06,0.1148414507417879,571.6272945644072,8.468033469546193e-05,0.1119610638060406,laminar
moody_eps8.47e-05_Re6.48e+02,0.0207012980687118,0.0062010898823734,0.001,1000.0,0.1,8.468033469546193e-06,0.1076692087894167,620.1089882373449,8.468033469546193e-05,0.1032076638365128,laminar
moody_eps8.47e-05_Re7.37e+02,0.0251248588099698,0.0074746749192087,0.001,1000.0,0.1,8.468033469546193e-06,0.0899391971578816,747.4674919208709,8.468033469546193e-05,0.0856224527377509,laminar
moody_eps8.47e-05_Re8.38e+02,0.0271753730377418,0.0085182057675828,0.001,1000.0,0.1,8.468033469546193e-06,0.0749047323441149,851.8205767582872,8.468033469546193e-05,0.0751331932407177,laminar
moody_eps8.47e-05_Re9.53e+02,0.0295911185737642,0.0095728306904816,0.001,1000.0,0.1,8.468033469546193e-06,0.0645818709113856,957.2830690481686,8.468033469546193e-05,0.0668558779208698,laminar
moody_eps8.47e-05_Re1.08e+03,0.0346432998668321,0.0107656830422467,0.001,1000.0,0.1,8.468033469546193e-06,0.0597813984158396,1076.5683042246744,8.468033469546193e-05,0.0594481555409451,laminar
moody_eps8.47e-05_Re1.23e+03,0.037701560466434,0.0123745482665701,0.001,1000.0,0.1,8.468033469546193e-06,0.0492414251423205,1237.454826657019,8.468033469546193e-05,0.0517190596548043,laminar
moody_eps8.47e-05_Re1.40e+03,0.0441604674439494,0.014221839773494,0.001,1000.0,0.1,8.468033469546193e-06,0.0436668731480846,1422.183977349406,8.468033469546193e-05,0.0450012101242203,laminar
moody_eps8.47e-05_Re1.59e+03,0.0519746813275161,0.0158325443691731,0.001,1000.0,0.1,8.468033469546193e-06,0.04146869832354,1583.2544369173108,8.468033469546193e-05,0.0404230668853275,laminar
moody_eps1.12e-04_Re3.00e+02,0.0099499419944425,0.0030729771029401,0.001,1000.0,0.1,1.1175551808968563e-05,0.2107326827440074,307.2977102940169,0.0001117555180896,0.2082670903690299,laminar
moody_eps1.12e-04_Re3.41e+02,0.0105999438474752,0.0033404929038366,0.001,1000.0,0.1,1.1175551808968563e-05,0.1899819990908913,334.0492903836687,0.0001117555180896,0.1915884926038714,laminar
moody_eps1.12e-04_Re3.88e+02,0.0119472811198577,0.0037919603066178,0.001,1000.0,0.1,1.1175551808968563e-05,0.1661772291549262,379.19603066178144,0.0001117555180896,0.1687781380208694,laminar
moody_eps1.12e-04_Re4.41e+02,0.014710141958869,0.0045895040928112,0.001,1000.0,0.1,1.1175551808968563e-05,0.1396739246970191,458.95040928112667,0.0001117555180896,0.1394486173359032,laminar
moody_eps1.12e-04_Re5.01e+02,0.0157703762039218,0.0048508884519065,0.001,1000.0,0.1,1.1175551808968563e-05,0.1340384735308387,485.08884519065447,0.0001117555180896,0.1319345943212651,laminar
moody_eps1.12e-04_Re5.70e+02,0.0185067059544757,0.0057937268052031,0.001,1000.0,0.1,1.1175551808968563e-05,0.1102663743149447,579.372680520312,0.0001117555180896,0.1104643041548388,laminar
moody_eps1.12e-04_Re6.48e+02,0.0210233670928327,0.006470884277596,0.001,1000.0,0.1,1.1175551808968563e-05,0.1004164821878603,647.0884277596037,0.0001117555180896,0.098904565828175,laminar
moody_eps1.12e-04_Re7.37e+02,0.0240750382259625,0.0075452888489322,0.001,1000.0,0.1,1.1175551808968563e-05,0.0845756298659224,754.528884893224,0.0001117555180896,0.0848211397620077,laminar
moody_eps1.12e-04_Re8.38e+02,0.0261973181353658,0.0082426416418357,0.001,1000.0,0.1,1.1175551808968563e-05,0.0771176864529648,824.2641641835701,0.0001117555180896,0.0776450108848195,laminar
moody_eps1.12e-04_Re9.53e+02,0.0321520395381733,0.0098169622952831,0.001,1000.0,0.1,1.1175551808968563e-05,0.0667243385076025,981.6962295283108,0.0001117555180896,0.0651932828862457,laminar
moody_eps1.12e-04_Re1.08e+03,0.0372969836481253,0.0107030303582137,0.001,1000.0,0.1,1.1175551808968563e-05,0.0651163713576545,1070.3030358213737,0.0001117555180896,0.0597961491820725,laminar
moody_eps1.12e-04_Re1.23e+03,0.041203505577259,0.0132890357932286,0.001,1000.0,0.1,1.1175551808968563e-05,0.0466634903885968,1328.903579322866,0.0001117555180896,0.0481600027239077,laminar
moody_eps1.12e-04_Re1.40e+03,0.0448900038597838,0.0144537308143467,0.001,1000.0,0.1,1.1175551808968563e-05,0.0429753788649979,1445.373081434676,0.0001117555180896,0.0442792250817855,laminar
moody_eps1.12e-04_Re1.59e+03,0.0534955350209061,0.0159559685824291,0.001,1000.0,0.1,1.1175551808968563e-05,0.0420243675311515,1595.5968582429125,0.0001117555180896,0.0401103823120317,laminar
moody_eps1.47e-04_Re3.00e+02,0.0099514697844528,0.0029143707098094,0.001,1000.0,0.1,1.4748755857436831e-05,0.2343298623426573,291.4370709809482,0.0001474875585743,0.2196014384326001,laminar
moody_eps1.47e-04_Re3.41e+02,0.0106969212134898,0.0032572902147898,0.001,1000.0,0.1,1.4748755857436831e-05,0.2016396261216812,325.7290214789897,0.0001474875585743,0.1964823389374537,laminar
moody_eps1.47e-04_Re3.88e+02,0.0125380360375166,0.0039456176564413,0.001,1000.0,0.1,1.4748755857436831e-05,0.1610755091168296,394.5617656441351,0.0001474875585743,0.1622052757583287,laminar
moody_eps1.47e-04_Re4.41e+02,0.0133313579909728,0.0042249886996129,0.001,1000.0,0.1,1.4748755857436831e-05,0.1493665269942525,422.4988699612995,0.0001474875585743,0.1514796950956634,laminar
moody_eps1.47e-04_Re5.01e+02,0.0171159396740821,0.0052127870481389,0.001,1000.0,0.1,1.4748755857436831e-05,0.12597685895172,521.2787048138983,0.0001474875585743,0.1227750134601194,laminar
moody_eps1.47e-04_Re5.70e+02,0.0195819227824708,0.0058514323830749,0.001,1000.0,0.1,1.4748755857436831e-05,0.1143828590248473,585.1432383074958,0.0001474875585743,0.1093749287526888,laminar
moody_eps1.47e-04_Re6.48e+02,0.0210148497901985,0.0065793399275425,0.001,1000.0,0.1,1.4748755857436831e-05,0.0970938305839313,657.933992754255,0.0001474875585743,0.0972741957473303,laminar
moody_eps1.47e-04_Re7.37e+02,0.0247307217227131,0.0075683455350825,0.001,1000.0,0.1,1.4748755857436831e-05,0.0863505052333305,756.8345535082523,0.0001474875585743,0.0845627352812217,laminar
moody_eps1.47e-04_Re8.38e+02,0.0283620840322134,0.0087370443426255,0.001,1000.0,0.1,1.4748755857436831e-05,0.0743085959343106,873.7044342625542,0.0001474875585743,0.0732513164523639,laminar
moody_eps1.47e-04_Re9.53e+02,0.032026327003249,0.0097088343488721,0.001,1000.0,0.1,1.4748755857436831e-05,0.0679521100216366,970.8834348872144,0.0001474875585743,0.0659193448979122,laminar
moody_eps1.47e-04_Re1.08e+03,0.0335748599404351,0.0108390515751486,0.001,1000.0,0.1,1.4748755857436831e-05,0.0571559752838114,1083.9051575148694,0.0001474875585743,0.0590457565002609,laminar
moody_eps1.47e-04_Re1.23e+03,0.0395152403866494,0.0123117244170978,0.001,1000.0,0.1,1.4748755857436831e-05,0.052138298287147,1231.1724417097862,0.0001474875585743,0.0519829699169681,laminar
moody_eps1.47e-04_Re1.40e+03,0.0473057245978326,0.0144961699864683,0.001,1000.0,0.1,1.4748755857436831e-05,0.0450232818677995,1449.6169986468344,0.0001474875585743,0.0441495926577445,laminar
moody_eps1.47e-04_Re1.59e+03,0.0505814144535319,0.0156974088504277,0.001,1000.0,0.1,1.4748755857436831e-05,0.0410549025437416,1569.740885042774,0.0001474875585743,0.0407710601219742,laminar
moody_eps1.95e-04_Re3.00e+02,0.0097114502249743,0.0029789010518707,0.001,1000.0,0.1,1.946443478233524e-05,0.2188779077568345,297.89010518707204,0.0001946443478233,0.2148443297900366,laminar
moody_eps1.95e-04_Re3.41e+02,0.0117180714876734,0.0035272740134217,0.001,1000.0,0.1,1.946443478233524e-05,0.188368266553479,352.7274013421788,0.0001946443478233,0.1814432328094464,laminar
moody_eps1.95e-04_Re3.88e+02,0.0127955862100596,0.0039623149368051,0.001,1000.0,0.1,1.946443478233524e-05,0.1630017247001316,396.23149368051367,0.0001946443478233,0.1615217392376285,laminar
moody_eps1.95e-04_Re4.41e+02,0.0139816628733759,0.0043286755988662,0.001,1000.0,0.1,1.946443478233524e-05,0.1492377668923731,432.8675598866282,0.0001946443478233,0.1478512273286595,laminar
moody_eps1.95e-04_Re5.01e+02,0.0168328260986409,0.0052432391983416,0.001,1000.0,0.1,1.946443478233524e-05,0.1224581490269763,524.3239198341671,0.0001946443478233,0.1220619498348308,laminar
moody_eps1.95e-04_Re5.70e+02,0.0186615347154612,0.0058313011766284,0.001,1000.0,0.1,1.946443478233524e-05,0.1097605836162842,583.1301176628423,0.0001946443478233,0.1097525201690987,laminar
moody_eps1.95e-04_Re6.48e+02,0.0204690376838949,0.0065767591586285,0.001,1000.0,0.1,1.946443478233524e-05,0.0946462790572694,657.675915862851,0.0001946443478233,0.0973123668608632,laminar
moody_eps1.95e-04_Re7.37e+02,0.0220433832310464,0.0070948102823,0.001,1000.0,0.1,1.946443478233524e-05,0.0875843826625983,709.4810282300084,0.0001946443478233,0.0902067813704127,laminar
moody_eps1.95e-04_Re8.38e+02,0.025965121110217,0.0079074748061278,0.001,1000.0,0.1,1.946443478233524e-05,0.0830509710179019,790.7474806127813,0.0001946443478233,0.0809360782919016,laminar
moody_eps1.95e-04_Re9.53e+02,0.0325602659286674,0.0102389891342946,0.001,1000.0,0.1,1.946443478233524e-05,0.0621160419603386,1023.8989134294642,0.0001946443478233,0.0625061704437573,laminar
moody_eps1.95e-04_Re1.08e+03,0.0342316935144182,0.0105838489973297,0.001,1000.0,0.1,1.946443478233524e-05,0.0611182781695364,1058.3848997329776,0.0001946443478233,0.0604694946197236,laminar
moody_eps1.95e-04_Re1.23e+03,0.0414838202335891,0.012928550666118,0.001,1000.0,0.1,1.946443478233524e-05,0.0496374035042975,1292.8550666118051,0.0001946443478233,0.0495028419293163,laminar
moody_eps1.95e-04_Re1.40e+03,0.0465927564415914,0.0145643978219175,0.001,1000.0,0.1,1.946443478233524e-05,0.0439302155080427,1456.4397821917578,0.0001946443478233,0.0439427711207449,laminar
moody_eps2.57e-04_Re3.00e+02,0.0107203056188089,0.0030382232350724,0.001,1000.0,0.1,2.5687876662813252e-05,0.2322725034430914,303.82232350724985,0.0002568787666281,0.2106494324090468,laminar
moody_eps2.57e-04_Re3.41e+02,0.0107019161731253,0.003402266607875,0.001,1000.0,0.1,2.5687876662813252e-05,0.1849076397487578,340.2266607875005,0.0002568787666281,0.1881098907765293,laminar
moody_eps2.57e-04_Re3.88e+02,0.0125069321925413,0.0038320815341964,0.001,1000.0,0.1,2.5687876662813252e-05,0.1703379080127562,383.20815341964544,0.0002568787666281,0.1670110602524538,laminar
moody_eps2.57e-04_Re4.41e+02,0.0144038814584499,0.0046406953262733,0.001,1000.0,0.1,2.5687876662813252e-05,0.1337652854403039,464.0695326273376,0.0002568787666281,0.1379103679521103,laminar
moody_eps2.57e-04_Re5.01e+02,0.015774933405806,0.0049622050422724,0.001,1000.0,0.1,2.5687876662813252e-05,0.1281292012528982,496.22050422724976,0.0002568787666281,0.128974920332374,laminar
moody_eps2.57e-04_Re5.70e+02,0.0188682392849366,0.0056366944378395,0.001,1000.0,0.1,2.5687876662813252e-05,0.1187715394991798,563.6694437839544,0.0002568787666281,0.1135417232666778,laminar
moody_eps2.57e-04_Re6.48e+02,0.0222323120987515,0.0066585592471075,0.001,1000.0,0.1,2.5687876662813252e-05,0.1002891820665114,665.8559247107535,0.0002568787666281,0.0961168889918663,laminar
moody_eps2.57e-04_Re7.37e+02,0.0225028430491371,0.0072673712041299,0.001,1000.0,0.1,2.5687876662813252e-05,0.08521434287476,726.7371204129953,0.0002568787666281,0.0880648561939833,laminar
moody_eps2.57e-04_Re8.38e+02,0.0261913854394684,0.0083704442111283,0.001,1000.0,0.1,2.5687876662813252e-05,0.0747638151611356,837.0444211128314,0.0002568787666281,0.0764595024896211,laminar
moody_eps2.57e-04_Re9.53e+02,0.0316927259585183,0.0095940712292864,0.001,1000.0,0.1,2.5687876662813252e-05,0.0688626472592114,959.4071229286454,0.0002568787666281,0.0667078641282507,laminar
moody_eps2.57e-04_Re1.08e+03,0.0332101149752461,0.0101507739809406,0.001,1000.0,0.1,2.5687876662813252e-05,0.0644617452065441,1015.077398094064,0.0002568787666281,0.0630493794070955,laminar
moody_eps2.57e-04_Re1.23e+03,0.040537464006768,0.013142560086744,0.001,1000.0,0.1,2.5687876662813252e-05,0.0469382214101175,1314.2560086744047,0.0002568787666281,0.0486967528225738,laminar
moody_eps2.57e-04_Re1.40e+03,0.043707279968184,0.0141497845324161,0.001,1000.0,0.1,2.5687876662813252e-05,0.0436600393005568,1414.9784532416193,0.0002568787666281,0.0452303707193423,laminar
moody_eps2.57e-04_Re1.59e+03,0.0498439312532092,0.0155229646158029,0.001,1000.0,0.1,2.5687876662813252e-05,0.0413707075890117,1552.296461580297,0.0002568787666281,0.0412292378318285,laminar
moody_eps3.39e-04_Re3.00e+02,0.0095118572765852,0.0029897038066162,0.001,1000.0,0.1,3.390116460215746e-05,0.2128330124082762,298.9703806616235,0.0003390116460215,0.2140680286066049,laminar
moody_eps3.39e-04_Re3.41e+02,0.0111101573794487,0.0034963725394429,0.001,1000.0,0.1,3.390116460215746e-05,0.1817669020399542,349.63725394429963,0.0003390116460215,0.1830468557855559,laminar
moody_eps3.39e-04_Re3.88e+02,0.0123011667578731,0.0038462954673026,0.001,1000.0,0.1,3.390116460215746e-05,0.1662995275453038,384.6295467302615,0.0003390116460215,0.1663938731282202,laminar
moody_eps3.39e-04_Re4.41e+02,0.014150569187439,0.0043496490826042,0.001,1000.0,0.1,3.390116460215746e-05,0.1495875548728438,434.9649082604207,0.0003390116460215,0.1471383065267466,laminar
moody_eps3.39e-04_Re5.01e+02,0.0158948140112374,0.0050985582944207,0.001,1000.0,0.1,3.390116460215746e-05,0.1222899219494916,509.8558294420707,0.0003390116460215,0.1255256806027587,laminar
moody_eps3.39e-04_Re5.70e+02,0.0189055987779575,0.0058499945980709,0.001,1000.0,0.1,3.390116460215746e-05,0.11048657282851,584.99945980709,0.0003390116460215,0.1094018104240723,laminar
moody_eps3.39e-04_Re6.48e+02,0.0212918687767762,0.0064612806260533,0.001,1000.0,0.1,3.390116460215746e-05,0.1020015025298328,646.1280626053324,0.0003390116460215,0.0990515715134515,laminar
moody_eps3.39e-04_Re7.37e+02,0.0239632380251052,0.0076625771624661,0.001,1000.0,0.1,3.390116460215746e-05,0.0816254851241716,766.2577162466115,0.0003390116460215,0.0835228130732484,laminar
moody_eps3.39e-04_Re8.38e+02,0.0266233893766509,0.008293124639853,0.001,1000.0,0.1,3.390116460215746e-05,0.0774206751781058,829.3124639853045,0.0003390116460215,0.0771723599720721,laminar
moody_eps3.39e-04_Re9.53e+02,0.0324497233700033,0.0100197165779865,0.001,1000.0,0.1,3.390116460215746e-05,0.064644282631615,1001.9716577986592,0.0003390116460215,0.0638740622071172,laminar
moody_eps3.39e-04_Re1.08e+03,0.0370960431774095,0.0109159903739892,0.001,1000.0,0.1,3.390116460215746e-05,0.0622631797317931,1091.5990373989275,0.0003390116460215,0.0586295863291523,laminar
moody_eps3.39e-04_Re1.23e+03,0.040325247842212,0.0122370950779439,0.001,1000.0,0.1,3.390116460215746e-05,0.0538580186298064,1223.7095077943973,0.0003390116460215,0.0522999940691422,laminar
moody_eps3.39e-04_Re1.40e+03,0.0440721189669896,0.0137324874951911,0.001,1000.0,0.1,3.390116460215746e-05,0.0467407312863405,1373.2487495191183,0.0003390116460215,0.0466048121452223,laminar
moody_eps4.47e-04_Re3.00e+02,0.0092148004792028,0.0029805641186552,0.001,1000.0,0.1,4.474052006977783e-05,0.2074526534241886,298.0564118655236,0.0004474052006977,0.2147244529967547,laminar
moody_eps4.47e-04_Re3.41e+02,0.0108565017529542,0.003546929868103,0.001,1000.0,0.1,4.474052006977783e-05,0.1725896307571801,354.69298681030926,0.0004474052006977,0.180437737367013,laminar
moody_eps4.47e-04_Re3.88e+02,0.0125102916316451,0.0038167162274467,0.001,1000.0,0.1,4.474052006977783e-05,0.1717582816969222,381.6716227446792,0.0004474052006977,0.1676834120906417,laminar
moody_eps4.47e-04_Re4.41e+02,0.0142924627825155,0.0044942184013223,0.001,1000.0,0.1,4.474052006977783e-05,0.1415235514673592,449.4218401322367,0.0004474052006977,0.1424051843612424,laminar
moody_eps4.47e-04_Re5.01e+02,0.0163500006401541,0.0051602316343946,0.001,1000.0,0.1,4.474052006977783e-05,0.1228031129686687,516.02316343947,0.0004474052006977,0.1240254402019828,laminar
moody_eps4.47e-04_Re5.70e+02,0.0199842316039664,0.0060517100261631,0.001,1000.0,0.1,4.474052006977783e-05,0.1091342905405176,605.1710026163141,0.0004474052006977,0.1057552323612848,laminar
moody_eps4.47e-04_Re6.48e+02,0.0208168427980591,0.0063399572367296,0.001,1000.0,0.1,4.474052006977783e-05,0.1035791162212531,633.9957236729642,0.0004474052006977,0.100947053127149,laminar
moody_eps4.47e-04_Re7.37e+02,0.0237106423001288,0.0073244520018296,0.001,1000.0,0.1,4.474052006977783e-05,0.0883940514388812,732.4452001829615,0.0004474052006977,0.0873785506192314,laminar
moody_eps4.47e-04_Re8.38e+02,0.0271489794340604,0.0086967377134157,0.001,1000.0,0.1,4.474052006977783e-05,0.0717911251007606,869.6737713415771,0.0004474052006977,0.0735908131405092,laminar
moody_eps4.47e-04_Re9.53e+02,0.0315637998717765,0.0099429027466865,0.001,1000.0,0.1,4.474052006977783e-05,0.0638547036566867,994.2902746686576,0.0004474052006977,0.0643675208643951,laminar
moody_eps4.47e-04_Re1.08e+03,0.0363213902458441,0.0112006426679464,0.001,1000.0,0.1,4.474052006977783e-05,0.0579037345095054,1120.0642667946456,0.0004474052006977,0.0571395784129,laminar
moody_eps4.47e-04_Re1.23e+03,0.0372424619637242,0.0121225144314624,0.001,1000.0,0.1,4.474052006977783e-05,0.0506854094218755,1212.2514431462412,0.0004474052006977,0.05279432774598,laminar
moody_eps4.47e-04_Re1.40e+03,0.043614882966935,0.0135086328586889,0.001,1000.0,0.1,4.474052006977783e-05,0.0478015424086571,1350.8632858688902,0.0004474052006977,0.0473771111181206,laminar
moody_eps4.47e-04_Re1.59e+03,0.0486282141877278,0.0154234597470055,0.001,1000.0,0.1,4.474052006977783e-05,0.0408841250408394,1542.34597470056,0.0004474052006977,0.0414952293777181,laminar
moody_eps5.90e-04_Re3.00e+02,0.0095345462870996,0.0030636622531052,0.001,1000.0,0.1,5.904558617985661e-05,0.2031647020720207,306.36622531052024,0.0005904558617985,0.2089003118249481,laminar
moody_eps5.90e-04_Re3.41e+02,0.011508207682187,0.0035175061241607,0.001,1000.0,0.1,5.904558617985661e-05,0.1860235645320617,351.7506124160776,0.0005904558617985,0.1819470890481234,laminar
moody_eps5.90e-04_Re3.88e+02,0.0128611487895877,0.0040743319302591,0.001,1000.0,0.1,5.904558617985661e-05,0.1549519133449814,407.43319302591726,0.0005904558617985,0.1570809671266251,laminar
moody_eps5.90e-04_Re4.41e+02,0.014246635000248,0.0045624013146582,0.001,1000.0,0.1,5.904558617985661e-05,0.1368848315986258,456.240131465822,0.0005904558617985,0.1402770067472558,laminar
moody_eps5.90e-04_Re5.01e+02,0.0159852447489858,0.0050308613293915,0.001,1000.0,0.1,5.904558617985661e-05,0.1263178114443405,503.086132939154,0.0005904558617985,0.1272147964526394,laminar
moody_eps5.90e-04_Re5.70e+02,0.0192753015980152,0.0059451182810848,0.001,1000.0,0.1,5.904558617985661e-05,0.1090712219580663,594.511828108483,0.0005904558617985,0.1076513485082784,laminar
moody_eps5.90e-04_Re6.48e+02,0.0222713500092573,0.0068767500284498,0.001,1000.0,0.1,5.904558617985661e-05,0.0941911421287247,687.6750028449875,0.0005904558617985,0.0930672188682516,laminar
moody_eps5.90e-04_Re7.37e+02,0.0236739050047504,0.0074125579718669,0.001,1000.0,0.1,5.904558617985661e-05,0.0861715074662215,741.2557971866933,0.0005904558617985,0.0863399655596634,laminar
moody_eps5.90e-04_Re8.38e+02,0.0264740538118313,0.0084527392138894,0.001,1000.0,0.1,5.904558617985661e-05,0.0741063635247803,845.2739213889411,0.0005904558617985,0.075715100608849,laminar
moody_eps5.90e-04_Re9.53e+02,0.0290781247606783,0.0092326125038961,0.001,1000.0,0.1,5.904558617985661e-05,0.0682255702535885,923.2612503896112,0.0005904558617985,0.0693194910682023,laminar
moody_eps5.90e-04_Re1.08e+03,0.033793904099576,0.0107231763588161,0.001,1000.0,0.1,5.904558617985661e-05,0.0587789015256776,1072.3176358816122,0.0005904558617985,0.0596838080979448,laminar
moody_eps5.90e-04_Re1.23e+03,0.0418945736692716,0.0131607944514494,0.001,1000.0,0.1,5.904558617985661e-05,0.0483752874251273,1316.0794451449417,0.0005904558617985,0.0486292831607529,laminar
moody_eps5.90e-04_Re1.40e+03,0.0461743453844008,0.0138925706110213,0.001,1000.0,0.1,5.904558617985661e-05,0.0478481903535123,1389.2570611021365,0.0005904558617985,0.0460677881667392,laminar
moody_eps7.79e-04_Re3.00e+02,0.0100366374173618,0.0030105193297069,0.001,1000.0,0.1,7.792446851054645e-05,0.2214804466902076,301.0519329706988,0.0007792446851054,0.2125879059086761,laminar
moody_eps7.79e-04_Re3.41e+02,0.01047810114889,0.0032904174805288,0.001,1000.0,0.1,7.792446851054645e-05,0.1935577543312278,329.0417480528876,0.0007792446851054,0.1945041940079686,laminar
moody_eps7.79e-04_Re3.88e+02,0.0120738480181412,0.0038328259116353,0.001,1000.0,0.1,7.792446851054645e-05,0.1643756611596758,383.2825911635383,0.0007792446851054,0.1669786248462628,laminar
moody_eps7.79e-04_Re4.41e+02,0.0141306521880161,0.0042852823796379,0.001,1000.0,0.1,7.792446851054645e-05,0.1538981191551248,428.52823796379545,0.0007792446851054,0.1493483843774306,laminar
moody_eps7.79e-04_Re5.01e+02,0.0162219673786217,0.0051047392862171,0.001,1000.0,0.1,7.792446851054645e-05,0.1245048836445511,510.4739286217168,0.0007792446851054,0.1253736898430845,laminar
moody_eps7.79e-04_Re5.70e+02,0.0182682356509332,0.005970502094272,0.001,1000.0,0.1,7.792446851054645e-05,0.1024955218055549,597.0502094272069,0.0007792446851054,0.1071936647696678,laminar
moody_eps7.79e-04_Re6.48e+02,0.0200607998856651,0.0064476139022436,0.001,1000.0,0.1,7.792446851054645e-05,0.0965117510520787,644.761390224368,0.0007792446851054,0.0992615267761751,laminar
moody_eps7.79e-04_Re7.37e+02,0.0246765910222191,0.0077531091320231,0.001,1000.0,0.1,7.792446851054645e-05,0.0821038201991817,775.3109132023117,0.0007792446851054,0.0825475288818741,laminar
moody_eps7.79e-04_Re8.38e+02,0.0267928286106303,0.0084620505781261,0.001,1000.0,0.1,7.792446851054645e-05,0.0748337188643534,846.2050578126102,0.0007792446851054,0.0756317861836422,laminar
moody_eps7.79e-04_Re9.53e+02,0.0320488274628972,0.0098519628623165,0.001,1000.0,0.1,7.792446851054645e-05,0.0660384100523689,985.1962862316576,0.0007792446851054,0.0649616740282262,laminar
moody_eps7.79e-04_Re1.08e+03,0.0353607081454559,0.0109982491831069,0.001,1000.0,0.1,7.792446851054645e-05,0.0584660615204267,1099.824918310695,0.0007792446851054,0.0581910801751086,laminar
moody_eps7.79e-04_Re1.23e+03,0.0410968812422441,0.0126464759117105,0.001,1000.0,0.1,7.792446851054645e-05,0.0513925087858018,1264.6475911710577,0.0007792446851054,0.050606983674192,laminar
moody_eps7.79e-04_Re1.40e+03,0.0437728785269464,0.0142776333060231,0.001,1000.0,0.1,7.792446851054645e-05,0.0429459936128161,1427.7633306023154,0.0007792446851054,0.044825356295571,laminar
moody_eps1.03e-03_Re3.00e+02,0.0100320606351267,0.0029216817282115,0.001,1000.0,0.1,0.0001028395716854,0.2350467957018118,292.1681728211524,0.0010283957168542,0.2190519226718678,laminar
moody_eps1.03e-03_Re3.41e+02,0.0113388102556866,0.0035411508287852,0.001,1000.0,0.1,0.0001028395716854,0.1808458858608373,354.11508287852723,0.0010283957168542,0.1807322056992247,laminar
moody_eps1.03e-03_Re3.88e+02,0.0117907933648794,0.0038026934934911,0.001,1000.0,0.1,0.0001028395716854,0.1630761240882932,380.2693493491119,0.0010283957168542,0.168301757976407,laminar
moody_eps1.03e-03_Re4.41e+02,0.0146901093719025,0.0046216137444848,0.001,1000.0,0.1,0.0001028395716854,0.1375522607589235,462.1613744484828,0.0010283957168542,0.138479768190005,laminar
moody_eps1.03e-03_Re5.01e+02,0.0166373749728638,0.0050666353855694,0.001,1000.0,0.1,0.0001028395716854,0.1296210385110268,506.66353855694007,0.0010283957168542,0.1263165693396497,laminar
moody_eps1.03e-03_Re5.70e+02,0.0187279525771308,0.0057576947560789,0.001,1000.0,0.1,0.0001028395716854,0.1129855808258886,575.7694756078998,0.0010283957168542,0.11115559735505,laminar
moody_eps1.03e-03_Re6.48e+02,0.0211354554394205,0.0064611376414933,0.001,1000.0,0.1,0.0001028395716854,0.1012566652883363,646.1137641493366,0.0010283957168542,0.099053763518351,laminar
moody_eps1.03e-03_Re7.37e+02,0.0242762998503876,0.0076059974475878,0.001,1000.0,0.1,0.0001028395716854,0.083926698277001,760.5997447587819,0.0010283957168542,0.0841441250026938,laminar
moody_eps1.03e-03_Re8.38e+02,0.0268482516101468,0.008473473985348,0.001,1000.0,0.1,0.0001028395716854,0.0747864647290799,847.3473985348012,0.0010283957168542,0.0755298241437528,laminar
moody_eps1.03e-03_Re9.53e+02,0.0320407568486036,0.0096131760053816,0.001,1000.0,0.1,0.0001028395716854,0.0693424168303257,961.3176005381632,0.0010283957168542,0.0665752920410191,laminar
moody_eps1.03e-03_Re1.08e+03,0.0347268064416095,0.010966902730401,0.001,1000.0,0.1,0.0001028395716854,0.0577466585032319,1096.690273040104,0.0010283957168542,0.0583574064376329,laminar
moody_eps1.03e-03_Re1.23e+03,0.0381513291149236,0.0123067039902958,0.001,1000.0,0.1,0.0001028395716854,0.0503797674672885,1230.6703990295814,0.0010283957168542,0.0520041759763343,laminar
moody_eps1.03e-03_Re1.40e+03,0.0462650742095004,0.0139068550653575,0.001,1000.0,0.1,0.0001028395716854,0.0478437708562283,1390.6855065357513,0.0010283957168542,0.0460204695448551,laminar
moody_eps1.36e-03_Re3.00e+02,0.0095233338739725,0.0029524919065877,0.001,1000.0,0.1,0.0001357208808297,0.2184950358672066,295.2491906587767,0.0013572088082974,0.2167660472064278,laminar
moody_eps1.36e-03_Re3.41e+02,0.0105103960384503,0.0032784358779491,0.001,1000.0,0.1,0.0001357208808297,0.1955760582309237,327.84358779491254,0.0013572088082974,0.1952150427295718,laminar
moody_eps1.36e-03_Re3.88e+02,0.0129289795969852,0.0039363766795568,0.001,1000.0,0.1,0.0001357208808297,0.1668787143697024,393.6376679556889,0.0013572088082974,0.1625860663497385,laminar
moody_eps1.36e-03_Re4.41e+02,0.0145739340678629,0.004387439965206,0.001,1000.0,0.1,0.0001357208808297,0.1514204115670367,438.743996520604,0.0013572088082974,0.1458709418420372,laminar
moody_eps1.36e-03_Re5.01e+02,0.0164803903889246,0.0050222923423277,0.001,1000.0,0.1,0.0001357208808297,0.1306753021279149,502.2292342327776,0.0013572088082974,0.1274318491191947,laminar
moody_eps1.36e-03_Re5.70e+02,0.0198829746816018,0.0058779402599224,0.001,1000.0,0.1,0.0001357208808297,0.115096209071758,587.7940259922475,0.0013572088082974,0.1088816782238683,laminar
moody_eps1.36e-03_Re6.48e+02,0.0210389133327112,0.0064642667072889,0.001,1000.0,0.1,0.0001357208808297,0.1006965907705547,646.4266707288963,0.0013572088082974,0.0990058159695592,laminar
moody_eps1.36e-03_Re7.37e+02,0.0233994686095512,0.007351707503164,0.001,1000.0,0.1,0.0001357208808297,0.0865883673610219,735.1707503164075,0.0013572088082974,0.0870546059843312,laminar
moody_eps1.36e-03_Re8.38e+02,0.0269555319513062,0.0081750144108553,0.001,1000.0,0.1,0.0001357208808297,0.0806679180910328,817.5014410855345,0.0013572088082974,0.0782873237691378,laminar
moody_eps1.36e-03_Re9.53e+02,0.028586590424517,0.0092654094721701,0.001,1000.0,0.1,0.0001357208808297,0.0665982965197965,926.5409472170104,0.0013572088082974,0.0690741193815908,laminar
moody_eps1.36e-03_Re1.08e+03,0.0339510287688233,0.0107859563790911,0.001,1000.0,0.1,0.0001357208808297,0.0583667639380854,1078.5956379091156,0.0013572088082974,0.059336416494383,laminar
moody_eps1.36e-03_Re1.23e+03,0.0425695734927673,0.0131993347968907,0.001,1000.0,0.1,0.0001357208808297,0.048868072008933,1319.933479689074,0.0013572088082974,0.0484872919619221,laminar
moody_eps1.36e-03_Re1.40e+03,0.045928515030415,0.0149725141937583,0.001,1000.0,0.1,0.0001357208808297,0.0409753746073311,1497.251419375834,0.0013572088082974,0.0427449920379303,laminar
moody_eps1.36e-03_Re1.59e+03,0.0519791665915266,0.0155961650681997,0.001,1000.0,0.1,0.0001357208808297,0.0427389316134976,1559.6165068199716,0.0013572088082974,0.0410357287962377,laminar
moody_eps1.79e-03_Re3.00e+02,0.0101572823990996,0.0030834511662111,0.001,1000.0,0.1,0.0001791154629615,0.2136649932089667,308.345116621112,0.0017911546296155,0.2075596354543271,laminar
moody_eps1.79e-03_Re3.41e+02,0.0112237716194831,0.0036275298093329,0.001,1000.0,0.1,0.0001791154629615,0.1705873555776777,362.7529809332995,0.0017911546296155,0.1764285984234761,laminar
moody_eps1.79e-03_Re3.88e+02,0.012753224498177,0.0040478747111267,0.001,1000.0,0.1,0.0001791154629615,0.1556667565797686,404.7874711126792,0.0017911546296155,0.1581076603583527,laminar
moody_eps1.79e-03_Re4.41e+02,0.0140516134706383,0.0042750670627197,0.001,1000.0,0.1,0.0001791154629615,0.1537695440836217,427.5067062719764,0.0017911546296155,0.1497052538850319,laminar
moody_eps1.79e-03_Re5.01e+02,0.0168221564810875,0.0050061683838686,0.001,1000.0,0.1,0.0001791154629615,0.134245815642696,500.6168383868697,0.0017911546296155,0.1278422839435969,laminar
moody_eps1.79e-03_Re5.70e+02,0.0178938293938397,0.0054012609802312,0.001,1000.0,0.1,0.0001791154629615,0.1226712988346339,540.1260980231248,0.0017911546296155,0.118490849144749,laminar
moody_eps1.79e-03_Re6.48e+02,0.0197201795840854,0.0062994573661588,0.001,1000.0,0.1,0.0001791154629615,0.0993881436839582,629.9457366158824,0.0017911546296155,0.1015960522946198,laminar
moody_eps1.79e-03_Re7.37e+02,0.0225832861181949,0.0069308000391224,0.001,1000.0,0.1,0.0001791154629615,0.0940265267880277,693.0800039122497,0.0017911546296155,0.0923414319252283,laminar
moody_eps1.79e-03_Re8.38e+02,0.0275206783105064,0.0082836013862288,0.001,1000.0,0.1,0.0001791154629615,0.0802141055832155,828.3601386228833,0.0017911546296155,0.0772610812808997,laminar
moody_eps1.79e-03_Re9.53e+02,0.0298710231119915,0.0096117663604723,0.001,1000.0,0.1,0.0001791154629615,0.0646656552186934,961.1766360472368,0.0017911546296155,0.0665850558573655,laminar
moody_eps1.79e-03_Re1.08e+03,0.0325097385965976,0.0105069538065762,0.001,1000.0,0.1,0.0001791154629615,0.0588965461438928,1050.6953806576253,0.0017911546296155,0.0609120408999444,laminar
moody_eps1.79e-03_Re1.23e+03,0.0384739705679365,0.0118440066989123,0.001,1000.0,0.1,0.0001791154629615,0.0548529154457817,1184.4006698912322,0.0017911546296155,0.054035768154266,laminar
moody_eps1.79e-03_Re1.40e+03,0.0425992841416425,0.0135583843438236,0.001,1000.0,0.1,0.0001791154629615,0.0463464437022227,1355.8384343823616,0.0017911546296155,0.0472032643248932,laminar
moody_eps1.79e-03_Re1.59e+03,0.0505765993314899,0.0159363108333696,0.001,1000.0,0.1,0.0001791154629615,0.0398294249926956,1593.6310833369646,0.0017911546296155,0.0401598592479684,laminar
moody_eps2.36e-03_Re3.00e+02,0.0100294116148784,0.0030605219697054,0.001,1000.0,0.1,0.0002363847690627,0.2141482098655417,306.05219697054383,0.0023638476906273,0.2091146563674552,laminar
moody_eps2.36e-03_Re3.41e+02,0.0104261677820081,0.0033343037581637,0.001,1000.0,0.1,0.0002363847690627,0.1875617954052103,333.43037581637543,0.0023638476906273,0.1919441197980284,laminar
moody_eps2.36e-03_Re3.88e+02,0.013029675473688,0.0041014440247349,0.001,1000.0,0.1,0.0002363847690627,0.1549137678374471,410.14440247349023,0.0023638476906273,0.1560426025907708,laminar
moody_eps2.36e-03_Re4.41e+02,0.0142160558354975,0.0044899708723793,0.001,1000.0,0.1,0.0002363847690627,0.1410334302178433,448.9970872379373,0.0023638476906273,0.1425399001888946,laminar
moody_eps2.36e-03_Re5.01e+02,0.015213088304672,0.0049705644217248,0.001,1000.0,0.1,0.0002363847690627,0.1231504400402973,497.056442172482,0.0023638476906273,0.1287580133159034,laminar
moody_eps2.36e-03_Re5.70e+02,0.0174926458663975,0.0056638548558051,0.001,1000.0,0.1,0.0002363847690627,0.1090589391572568,566.385485580511,0.0023638476906273,0.1129972459206009,laminar
moody_eps2.36e-03_Re6.48e+02,0.0204537783814873,0.0062995544978875,0.001,1000.0,0.1,0.0002363847690627,0.1030822446496896,629.9554497887522,0.0023638476906273,0.1015944858028637,laminar
moody_eps2.36e-03_Re7.37e+02,0.0247543061448366,0.0072511342573203,0.001,1000.0,0.1,0.0002363847690627,0.0941605227115257,725.1134257320342,0.0023638476906273,0.0882620535337477,laminar
moody_eps2.36e-03_Re8.38e+02,0.0272677932000215,0.0083170130119747,0.001,1000.0,0.1,0.0002363847690627,0.0788397476317835,831.7013011974742,0.0023638476906273,0.0769507032246475,laminar
moody_eps2.36e-03_Re9.53e+02,0.0295168748839706,0.0096382242168098,0.001,1000.0,0.1,0.0002363847690627,0.0635486486311313,963.82242168098,0.0023638476906273,0.0664022734482344,laminar
moody_eps2.36e-03_Re1.08e+03,0.0308257066597163,0.0101317520664889,0.001,1000.0,0.1,0.0002363847690627,0.0600584237264665,1013.1752066488976,0.0023638476906273,0.0631677518162743,laminar
moody_eps2.36e-03_Re1.23e+03,0.0404826272873382,0.0122501288381155,0.001,1000.0,0.1,0.0002363847690627,0.0539532205008326,1225.0128838115595,0.0023638476906273,0.0522443484846196,laminar
moody_eps2.36e-03_Re1.40e+03,0.0441800406790447,0.0137433265610557,0.001,1000.0,0.1,0.0002363847690627,0.0467813095578056,1374.3326561055726,0.0023638476906273,0.046568055932947,laminar
moody_eps3.12e-03_Re3.00e+02,0.0089761531753355,0.0029284856901979,0.001,1000.0,0.1,0.0003119650203334,0.2093312362604339,292.8485690197919,0.0031196502033349,0.2185429835433978,laminar
moody_eps3.12e-03_Re3.41e+02,0.0106224566774388,0.0033947317838829,0.001,1000.0,0.1,0.0003119650203334,0.1843503774125569,339.47317838829446,0.0031196502033349,0.1885274126923684,laminar
moody_eps3.12e-03_Re3.88e+02,0.0136260620623515,0.004081928861337,0.001,1000.0,0.1,0.0003119650203334,0.1635571351784144,408.1928861337028,0.0031196502033349,0.1567886216886125,laminar
moody_eps3.12e-03_Re4.41e+02,0.0147772748498118,0.0044355475326632,0.001,1000.0,0.1,0.0003119650203334,0.150220731152992,443.55475326632944,0.0031196502033349,0.1442888381393844,laminar
moody_eps3.12e-03_Re5.01e+02,0.016438511130979,0.0051290706112656,0.001,1000.0,0.1,0.0003119650203334,0.1249726905102951,512.907061126563,0.0031196502033349,0.1247789411583234,laminar
moody_eps3.12e-03_Re5.70e+02,0.0190692545760163,0.0058284842061915,0.001,1000.0,0.1,0.0003119650203334,0.1122670896465996,582.8484206191547,0.0031196502033349,0.1098055647676172,laminar
moody_eps3.12e-03_Re6.48e+02,0.0203765136546295,0.0064888386064734,0.001,1000.0,0.1,0.0003119650203334,0.0967889839640465,648.8838606473402,0.0031196502033349,0.0986309012773907,laminar
moody_eps3.12e-03_Re7.37e+02,0.0235863793102229,0.0073235582466831,0.001,1000.0,0.1,0.0003119650203334,0.0879522581129054,732.3558246683199,0.0031196502033349,0.0873892141555442,laminar
moody_eps3.12e-03_Re8.38e+02,0.027409075057087,0.0087281948027182,0.001,1000.0,0.1,0.0003119650203334,0.0719574085765764,872.8194802718248,0.0031196502033349,0.0733255861567941,laminar
moody_eps3.12e-03_Re9.53e+02,0.0314686254348329,0.0094871187987602,0.001,1000.0,0.1,0.0003119650203334,0.069926065231078,948.711879876028,0.0031196502033349,0.0674598909927881,laminar
moody_eps3.12e-03_Re1.08e+03,0.0351498770567703,0.0106772912725181,0.001,1000.0,0.1,0.0003119650203334,0.0616639904114587,1067.7291272518132,0.0031196502033349,0.0599402960606002,laminar
moody_eps3.12e-03_Re1.23e+03,0.0378451984665998,0.0119502534344482,0.001,1000.0,0.1,0.0003119650203334,0.0530013035948545,1195.0253434448205,0.0031196502033349,0.053555349558957,laminar
moody_eps3.12e-03_Re1.40e+03,0.0464886560183201,0.0139130466652138,0.001,1000.0,0.1,0.0003119650203334,0.0480322026704477,1391.304666521382,0.0031196502033349,0.0459999894631392,laminar
moody_eps4.12e-03_Re3.00e+02,0.0096701074991785,0.0030433936639447,0.001,1000.0,0.1,0.0004117108487892,0.2088069902213803,304.33936639447603,0.0041171084878927,0.2102915595777544,laminar
moody_eps4.12e-03_Re3.41e+02,0.0108398090207961,0.0032910774838387,0.001,1000.0,0.1,0.0004117108487892,0.2001591333060646,329.1077483838728,0.0041171084878927,0.194465187508591,laminar
moody_eps4.12e-03_Re3.88e+02,0.0123780922545659,0.0038733609280785,0.001,1000.0,0.1,0.0004117108487892,0.1650090546244818,387.3360928078521,0.0041171084878927,0.1652311808487953,laminar
moody_eps4.12e-03_Re4.41e+02,0.0128450980917687,0.0041483288588069,0.001,1000.0,0.1,0.0004117108487892,0.1492866818501904,414.8328858806949,0.0041171084878927,0.1542789932483951,laminar
moody_eps4.12e-03_Re5.01e+02,0.0151459764854453,0.0047235724879597,0.001,1000.0,0.1,0.0004117108487892,0.1357644626525544,472.3572487959785,0.0041171084878927,0.1354906697486567,laminar
moody_eps4.12e-03_Re5.70e+02,0.0172112980197046,0.0056820831715963,0.001,1000.0,0.1,0.0004117108487892,0.1066174883640739,568.2083171596306,0.0041171084878927,0.1126347469180393,laminar
moody_eps4.12e-03_Re6.48e+02,0.0201630944005879,0.0064725095557626,0.001,1000.0,0.1,0.0004117108487892,0.0962590959474884,647.2509555762626,0.0041171084878927,0.0988797304177315,laminar
moody_eps4.12e-03_Re7.37e+02,0.0222710058857532,0.006852355248402,0.001,1000.0,0.1,0.0004117108487892,0.094861521943588,685.2355248402074,0.0041171084878927,0.0933985435371646,laminar
moody_eps4.12e-03_Re8.38e+02,0.0278580704752367,0.008877189953678,0.001,1000.0,0.1,0.0004117108487892,0.0707017237702853,887.7189953678061,0.0041171084878927,0.0720948862578783,laminar
moody_eps4.12e-03_Re9.53e+02,0.0310480674001681,0.0097122916421488,0.001,1000.0,0.1,0.0004117108487892,0.0658295881776603,971.2291642148872,0.0041171084878927,0.0658958795288398,laminar
moody_eps4.12e-03_Re1.08e+03,0.0365249613615955,0.0107068399943303,0.001,1000.0,0.1,0.0004117108487892,0.0637231353050666,1070.6839994330342,0.0041171084878927,0.0597748729166498,laminar
moody_eps4.12e-03_Re1.23e+03,0.0388324815786207,0.0118962340224331,0.001,1000.0,0.1,0.0004117108487892,0.0548789941123024,1189.6234022433132,0.0041171084878927,0.0537985381586416,laminar
moody_eps4.12e-03_Re1.40e+03,0.0417279200786941,0.0134785390427117,0.001,1000.0,0.1,0.0004117108487892,0.0459378950920163,1347.8539042711786,0.0041171084878927,0.0474828909848404,laminar
moody_eps5.43e-03_Re3.00e+02,0.0098859548602586,0.0030499976720956,0.001,1000.0,0.1,0.0005433488114455,0.2125443687424485,304.9997672095654,0.0054334881144554,0.2098362257307088,laminar
moody_eps5.43e-03_Re3.41e+02,0.0110761667125982,0.0032554353358918,0.001,1000.0,0.1,0.0005433488114455,0.2090264925437772,325.5435335891812,0.0054334881144554,0.1965942904605951,laminar
moody_eps5.43e-03_Re3.88e+02,0.0131543506949966,0.003951086686531,0.001,1000.0,0.1,0.0005433488114455,0.1685257603631069,395.10866865310464,0.0054334881144554,0.1619807538472165,laminar
moody_eps5.43e-03_Re4.41e+02,0.0147614783065846,0.0044113655684674,0.001,1000.0,0.1,0.0005433488114455,0.1517098399062621,441.13655684674114,0.0054334881144554,0.1450797922019298,laminar
moody_eps5.43e-03_Re5.01e+02,0.0157453642009011,0.0049287100467495,0.001,1000.0,0.1,0.0005433488114455,0.1296331777114638,492.8710046749575,0.0054334881144554,0.1298514203370661,laminar
moody_eps5.43e-03_Re5.70e+02,0.0186454974930037,0.0056958349164035,0.001,1000.0,0.1,0.0005433488114455,0.1149447616595494,569.5834916403522,0.0054334881144554,0.1123628071025819,laminar
moody_eps5.43e-03_Re6.48e+02,0.020441545530289,0.0062229985253898,0.001,1000.0,0.1,0.0005433488114455,0.1055709253039655,622.2998525389805,0.0054334881144554,0.1028443116913499,laminar
moody_eps5.43e-03_Re7.37e+02,0.0229465744241753,0.0072963291045998,0.001,1000.0,0.1,0.0005433488114455,0.0862063043033023,729.6329104599807,0.0054334881144554,0.0877153416224778,laminar
moody_eps5.43e-03_Re8.38e+02,0.0255153050178837,0.0084564684519293,0.001,1000.0,0.1,0.0005433488114455,0.0713596471673395,845.6468451929373,0.0054334881144554,0.0756817108274059,laminar
moody_eps5.43e-03_Re9.53e+02,0.0302832205606652,0.0097046919513083,0.001,1000.0,0.1,0.0005433488114455,0.0643085246739208,970.4691951308388,0.0054334881144554,0.0659474822293267,laminar
moody_eps5.43e-03_Re1.08e+03,0.0356649339155,0.0109734679707969,0.001,1000.0,0.1,0.0005433488114455,0.0592357127664975,1097.346797079691,0.0054334881144554,0.0583224921878112,laminar
moody_eps5.43e-03_Re1.23e+03,0.0400038198042629,0.0135413448262615,0.001,1000.0,0.1,0.0005433488114455,0.0436322755395405,1354.1344826261525,0.0054334881144554,0.0472626617379102,laminar
moody_eps5.43e-03_Re1.40e+03,0.0462729590070592,0.0136377864548981,0.001,1000.0,0.1,0.0005433488114455,0.0497587539309773,1363.778645489813,0.0054334881144554,0.0469284368190219,laminar
moody_eps5.43e-03_Re1.59e+03,0.0492264950348624,0.015474274357435,0.001,1000.0,0.1,0.0005433488114455,0.041115760275283,1547.4274357435015,0.0054334881144554,0.0413589668385642,laminar
moody_eps7.17e-03_Re3.00e+02,0.0097897887629839,0.003103685074581,0.001,1000.0,0.1,0.0007170759084135,0.2032581747026121,310.3685074581013,0.0071707590841354,0.2062064882940476,laminar
moody_eps7.17e-03_Re3.41e+02,0.0114805373982307,0.0033490298274229,0.001,1000.0,0.1,0.0007170759084135,0.2047171290076384,334.90298274229144,0.0071707590841354,0.1911001194314478,laminar
moody_eps7.17e-03_Re3.88e+02,0.0122748111638582,0.00392772572762,0.001,1000.0,0.1,0.0007170759084135,0.1591338274197408,392.7725727620036,0.0071707590841354,0.1629441677914209,laminar
moody_eps7.17e-03_Re4.41e+02,0.0129299743022354,0.0042067731114982,0.001,1000.0,0.1,0.0007170759084135,0.1461266670253957,420.6773111498253,0.0071707590841354,0.1521356115571591,laminar
moody_eps7.17e-03_Re5.01e+02,0.0166020916445426,0.0051863375514495,0.001,1000.0,0.1,0.0007170759084135,0.1234443575885306,518.6337551449504,0.0071707590841354,0.1234011465029169,laminar
moody_eps7.17e-03_Re5.70e+02,0.0187150545732068,0.0057912529473553,0.001,1000.0,0.1,0.0007170759084135,0.1116030400929288,579.1252947355363,0.0071707590841354,0.110511491350462,laminar
moody_eps7.17e-03_Re6.48e+02,0.0199786745691021,0.006354767984867,0.001,1000.0,0.1,0.0007170759084135,0.0989457786677869,635.4767984867086,0.0071707590841354,0.1007117807485753,laminar
moody_eps7.17e-03_Re7.37e+02,0.0239459831683564,0.0075469043123963,0.001,1000.0,0.1,0.0007170759084135,0.0840862493701553,754.6904312396318,0.0071707590841354,0.0848029832508615,laminar
moody_eps7.17e-03_Re8.38e+02,0.0263124207826086,0.0082933238771751,0.001,1000.0,0.1,0.0007170759084135,0.0765127037676942,829.3323877175139,0.0071707590841354,0.0771705059971679,laminar
moody_eps7.17e-03_Re9.53e+02,0.031812991772128,0.009551165199044,0.001,1000.0,0.1,0.0007170759084135,0.0697463998526089,955.1165199044086,0.0071707590841354,0.0670075311925348,laminar
moody_eps7.17e-03_Re1.08e+03,0.036034365347084,0.0109591143958078,0.001,1000.0,0.1,0.0007170759084135,0.060006176148852,1095.9114395807835,0.0071707590841354,0.0583988794062426,laminar
moody_eps7.17e-03_Re1.23e+03,0.0371007960912602,0.0119404310680724,0.001,1000.0,0.1,0.0007170759084135,0.0520443049237033,1194.0431068072428,0.0071707590841354,0.0535994049420291,laminar
moody_eps7.17e-03_Re1.40e+03,0.0471932128065782,0.0145479294259987,0.001,1000.0,0.1,0.0007170759084135,0.0445971564528258,1454.7929425998702,0.0071707590841354,0.0439925147599528,laminar
moody_eps9.46e-03_Re3.00e+02,0.0094065487015917,0.0029467788239606,0.001,1000.0,0.1,0.0009463494675899,0.2166532575920195,294.67788239606494,0.0094634946758993,0.2171863034972544,laminar
moody_eps9.46e-03_Re3.41e+02,0.0107631777674347,0.0034064990734502,0.001,1000.0,0.1,0.0009463494675899,0.185504290424317,340.6499073450227,0.0094634946758993,0.1878761702852261,laminar
moody_eps9.46e-03_Re3.88e+02,0.012562962749762,0.0039133014811464,0.001,1000.0,0.1,0.0009463494675899,0.1640723706428087,391.3301481146425,0.0094634946758993,0.1635447723829619,laminar
moody_eps9.46e-03_Re4.41e+02,0.0141686484843938,0.0044861310249984,0.001,1000.0,0.1,0.0009463494675899,0.1408038448649879,448.61310249984217,0.0094634946758993,0.1426619054222173,laminar
moody_eps9.46e-03_Re5.01e+02,0.015506616200372,0.0051892846920596,0.001,1000.0,0.1,0.0009463494675899,0.1151680566985889,518.9284692059663,0.0094634946758993,0.1233310635238976,laminar
moody_eps9.46e-03_Re5.70e+02,0.0184858848017552,0.0057617083094148,0.001,1000.0,0.1,0.0009463494675899,0.1113698672308396,576.1708309414824,0.0094634946758993,0.1110781673820971,laminar
moody_eps9.46e-03_Re6.48e+02,0.0222902555186581,0.0066018881796363,0.001,1000.0,0.1,0.0009463494675899,0.1022842380546863,660.1888179636326,0.0094634946758993,0.0969419630544629,laminar
moody_eps9.46e-03_Re7.37e+02,0.0244170273490145,0.007580030878708,0.001,1000.0,0.1,0.0009463494675899,0.0849925453545368,758.0030878708006,0.0094634946758993,0.0844323737252487,laminar
moody_eps9.46e-03_Re8.38e+02,0.0270389521876984,0.0082801830432622,0.001,1000.0,0.1,0.0009463494675899,0.0788751101097082,828.0183043262217,0.0094634946758993,0.0772929772996725,laminar
moody_eps9.46e-03_Re9.53e+02,0.0299201023620145,0.0094708484166753,0.001,1000.0,0.1,0.0009463494675899,0.0667137417273529,947.084841667532,0.0094634946758993,0.0675757832712381,laminar
moody_eps9.46e-03_Re1.08e+03,0.036230587318151,0.01122666319629,0.001,1000.0,0.1,0.0009463494675899,0.0574915453139412,1122.6663196290017,0.0094634946758993,0.0570071435127309,laminar
moody_eps9.46e-03_Re1.23e+03,0.039968340045548,0.0124801854645136,0.001,1000.0,0.1,0.0009463494675899,0.0513220539246567,1248.0185464513615,0.0094634946758993,0.0512812891939617,laminar
moody_eps9.46e-03_Re1.40e+03,0.0411492782073722,0.0136689057780433,0.001,1000.0,0.1,0.0009463494675899,0.0440478502601004,1366.8905778043377,0.0094634946758993,0.046821597163106,laminar
moody_eps1.25e-02_Re3.00e+02,0.0092409448576367,0.0030020551869016,0.001,1000.0,0.1,0.0012489295823494,0.2050732580108656,300.2055186901699,0.012489295823494,0.2131872867602138,laminar
moody_eps1.25e-02_Re3.41e+02,0.0110725054063186,0.0033784502272045,0.001,1000.0,0.1,0.0012489295823494,0.1940174742110051,337.8450227204547,0.012489295823494,0.1894359712173588,laminar
moody_eps1.25e-02_Re3.88e+02,0.0129662443649464,0.0039092913390371,0.001,1000.0,0.1,0.0012489295823494,0.1696868247934364,390.9291339037104,0.012489295823494,0.1637125362362064,laminar
moody_eps1.25e-02_Re4.41e+02,0.0132013728585964,0.0039861478152398,0.001,1000.0,0.1,0.0012489295823494,0.1661660493630336,398.6147815239897,0.012489295823494,0.16055601288872,laminar
moody_eps1.25e-02_Re5.01e+02,0.0159776220517709,0.0049358323369168,0.001,1000.0,0.1,0.0012489295823494,0.1311660202259513,493.5832336916852,0.012489295823494,0.1296640477864719,laminar
moody_eps1.25e-02_Re5.70e+02,0.018391737143747,0.005649281379244,0.001,1000.0,0.1,0.0012489295823494,0.1152567405980559,564.9281379244061,0.012489295823494,0.1132887454236948,laminar
moody_eps1.25e-02_Re6.48e+02,0.0219348388060328,0.0066303557688631,0.001,1000.0,0.1,0.0012489295823494,0.0997908629968479,663.035576886315,0.012489295823494,0.0965257404445033,laminar
moody_eps1.25e-02_Re7.37e+02,0.0242915680009132,0.007419187052242,0.001,1000.0,0.1,0.0012489295823494,0.088261825060907,741.9187052242036,0.012489295823494,0.0862628203728325,laminar
moody_eps1.25e-02_Re8.38e+02,0.0267277126145704,0.0085129161758034,0.001,1000.0,0.1,0.0012489295823494,0.0737624060600014,851.2916175803407,0.012489295823494,0.0751798780562525,laminar
moody_eps1.25e-02_Re9.53e+02,0.0315880888704545,0.0095253675321972,0.001,1000.0,0.1,0.0012489295823494,0.0696289527725297,952.536753219725,0.012489295823494,0.0671890084909268,laminar
moody_eps1.25e-02_Re1.08e+03,0.0341119069456318,0.0101880496420222,0.001,1000.0,0.1,0.0012489295823494,0.0657285253968306,1018.8049642022232,0.012489295823494,0.0628186966581138,laminar
moody_eps1.25e-02_Re1.23e+03,0.04049686045067,0.0122784966166852,0.001,1000.0,0.1,0.0012489295823494,0.0537230871900547,1227.8496616685238,0.012489295823494,0.0521236450992139,laminar
moody_eps1.25e-02_Re1.40e+03,0.0427360044307225,0.0139413063305375,0.001,1000.0,0.1,0.0012489295823494,0.043976126310926,1394.1306330537525,0.012489295823494,0.0459067453813938,laminar
moody_eps1.25e-02_Re1.59e+03,0.0477378513272774,0.0152091418544152,0.001,1000.0,0.1,0.0012489295823494,0.0412746540810125,1520.9141854415293,0.012489295823494,0.0420799546829267,laminar
moody_eps1.65e-02_Re3.00e+02,0.0095307111507866,0.0029319811088556,0.001,1000.0,0.1,0.0016482548520261,0.2217343451676441,293.1981108855623,0.0164825485202613,0.218282443248687,laminar
moody_eps1.65e-02_Re3.41e+02,0.010602758793335,0.003226874262519,0.001,1000.0,0.1,0.0016482548520261,0.2036501765675657,322.68742625190146,0.0164825485202613,0.1983343470905472,laminar
moody_eps1.65e-02_Re3.88e+02,0.012414553306087,0.0039816457467482,0.001,1000.0,0.1,0.0016482548520261,0.1566159027631167,398.1645746748292,0.0164825485202613,0.1607375544453374,laminar
moody_eps1.65e-02_Re4.41e+02,0.0143695820832417,0.0044488310085586,0.001,1000.0,0.1,0.0016482548520261,0.145205248685102,444.883100855863,0.0164825485202613,0.1438580154581669,laminar
moody_eps1.65e-02_Re5.01e+02,0.0170102520711653,0.0050359643473176,0.001,1000.0,0.1,0.0016482548520261,0.134145297023038,503.5964347317688,0.0164825485202613,0.1270858877984082,laminar
moody_eps1.65e-02_Re5.70e+02,0.0176748352497791,0.0057267833264359,0.001,1000.0,0.1,0.0016482548520261,0.1077863750187634,572.6783326435988,0.0164825485202613,0.1117555813654815,laminar
moody_eps1.65e-02_Re6.48e+02,0.0207078663228699,0.006256893422544,0.001,1000.0,0.1,0.0016482548520261,0.1057907834962924,625.6893422544032,0.0164825485202613,0.1022871825967235,laminar
moody_eps1.65e-02_Re7.37e+02,0.0226216568666012,0.0070279648918818,0.001,1000.0,0.1,0.0016482548520261,0.0915999506309326,702.7964891881842,0.0164825485202613,0.0910647690826228,laminar
moody_eps1.65e-02_Re8.38e+02,0.0260423607564291,0.0079999926039514,0.001,1000.0,0.1,0.0016482548520261,0.0813825278410535,799.9992603951442,0.0164825485202613,0.0800000739605539,laminar
moody_eps1.65e-02_Re9.53e+02,0.0313161328396646,0.009495665307859,0.001,1000.0,0.1,0.0016482548520261,0.0694620065888065,949.5665307859,0.0164825485202613,0.0673991741758536,laminar
moody_eps1.65e-02_Re1.08e+03,0.0317180312479489,0.0103669315965014,0.001,1000.0,0.1,0.0016482548520261,0.0590249669215958,1036.6931596501488,0.0164825485202613,0.0617347567158617,laminar
moody_eps1.65e-02_Re1.23e+03,0.0384348060835449,0.012215223487977,0.001,1000.0,0.1,0.0016482548520261,0.0515171531228145,1221.5223487977094,0.0164825485202613,0.0523936382031752,laminar
moody_eps1.65e-02_Re1.40e+03,0.0463329388935108,0.014529251622138,0.001,1000.0,0.1,0.0016482548520261,0.0438968497040704,1452.9251622138013,0.0164825485202613,0.0440490685029393,laminar
moody_eps1.65e-02_Re1.59e+03,0.0505864219830249,0.015954907329665,0.001,1000.0,0.1,0.0016482548520261,0.0397443488465751,1595.4907329665002,0.0164825485202613,0.0401130502845382,laminar
moody_eps2.18e-02_Re3.00e+02,0.0100957866975944,0.0031169988769297,0.001,1000.0,0.1,0.0021752579934227,0.2078245603110671,311.6998876929757,0.0217525799342277,0.2053257076019224,laminar
moody_eps2.18e-02_Re3.41e+02,0.0108505547179393,0.003400092314971,0.001,1000.0,0.1,0.0021752579934227,0.1877156665239744,340.0092314971072,0.0217525799342277,0.1882301833929603,laminar
moody_eps2.18e-02_Re3.88e+02,0.0122916015120977,0.0038516820474956,0.001,1000.0,0.1,0.0021752579934227,0.1657057616049037,385.1682047495695,0.0217525799342277,0.1661611711735443,laminar
moody_eps2.18e-02_Re4.41e+02,0.0142809067144195,0.0043929136243622,0.001,1000.0,0.1,0.0021752579934227,0.1480063845174903,439.2913624362226,0.0217525799342277,0.1456891837004686,laminar
moody_eps2.18e-02_Re5.01e+02,0.0151928912502696,0.0048234243569091,0.001,1000.0,0.1,0.0021752579934227,0.1306049029004515,482.3424356909184,0.0217525799342277,0.1326858166819283,laminar
moody_eps2.18e-02_Re5.70e+02,0.0167521961790952,0.005524547279953,0.001,1000.0,0.1,0.0021752579934227,0.1097762412783123,552.4547279953008,0.0217525799342277,0.1158465965749584,laminar
moody_eps2.18e-02_Re6.48e+02,0.0190784159881999,0.0064663044284341,0.001,1000.0,0.1,0.0021752579934227,0.0912557031162903,646.6304428434187,0.0217525799342277,0.0989746163489824,laminar
moody_eps2.18e-02_Re7.37e+02,0.0221536110508909,0.0070602110618404,0.001,1000.0,0.1,0.0021752579934227,0.0888871852200616,706.0211061840479,0.0217525799342277,0.0906488480860178,laminar
moody_eps2.18e-02_Re8.38e+02,0.0254663980078976,0.0079714246170353,0.001,1000.0,0.1,0.0021752579934227,0.0801540794976535,797.1424617035323,0.0217525799342277,0.0802867781791837,laminar
moody_eps2.18e-02_Re9.53e+02,0.0312054569654848,0.0098108102870875,0.001,1000.0,0.1,0.0021752579934227,0.0648411616491866,981.0810287087558,0.0217525799342277,0.0652341632619613,laminar
moody_eps2.18e-02_Re1.08e+03,0.0343917886354545,0.0104511845201648,0.001,1000.0,0.1,0.0021752579934227,0.0629729049409256,1045.1184520164811,0.0217525799342277,0.0612370778417667,laminar
moody_eps2.18e-02_Re1.23e+03,0.0386181655387375,0.0125389817092161,0.001,1000.0,0.1,0.0021752579934227,0.0491243817631895,1253.898170921614,0.0217525799342277,0.0510408273049477,laminar
moody_eps2.18e-02_Re1.40e+03,0.0458704122903962,0.0143383867228359,0.001,1000.0,0.1,0.0021752579934227,0.044623338613457,1433.8386722835949,0.0217525799342277,0.0446354260330213,laminar
moody_eps2.87e-02_Re3.00e+02,0.0100043782489555,0.0029973811878295,0.001,1000.0,0.1,0.0028707619650766,0.2227081675084753,299.73811878295044,0.0287076196507664,0.2135197226828008,laminar
moody_eps2.87e-02_Re3.41e+02,0.0113513840112842,0.0035389507529881,0.001,1000.0,0.1,0.0028707619650766,0.1812716021413539,353.89507529881183,0.0287076196507664,0.180844562321082,laminar
moody_eps2.87e-02_Re3.88e+02,0.0124149702793364,0.0038314007928341,0.001,1000.0,0.1,0.0028707619650766,0.1691455242128264,383.1400792834129,0.0287076196507664,0.1670407338216853,laminar
moody_eps2.87e-02_Re4.41e+02,0.0144568747670057,0.0043726511003888,0.001,1000.0,0.1,0.0028707619650766,0.1512219252962384,437.2651100388856,0.0287076196507664,0.1463642960086812,laminar
moody_eps2.87e-02_Re5.01e+02,0.0152298994997104,0.0048248323003994,0.001,1000.0,0.1,0.0028707619650766,0.1308466437449885,482.4832300399469,0.0287076196507664,0.1326470973813974,laminar
moody_eps2.87e-02_Re5.70e+02,0.0178767123229971,0.0056275468866869,0.001,1000.0,0.1,0.0028707619650766,0.112896220479924,562.7546886686924,0.0287076196507664,0.1137262848069816,laminar
moody_eps2.87e-02_Re6.48e+02,0.0204988928845203,0.0064911150597525,0.001,1000.0,0.1,0.0028707619650766,0.0973020044524262,649.1115059752593,0.0287076196507664,0.098596311128152,laminar
moody_eps2.87e-02_Re7.37e+02,0.022696401845932,0.0070963992043834,0.001,1000.0,0.1,0.0028707619650766,0.0901386253792295,709.639920438341,0.0287076196507664,0.0901865835851899,laminar
moody_eps2.87e-02_Re8.38e+02,0.0258133680633682,0.00861597235575,0.001,1000.0,0.1,0.0028707619650766,0.0695450263212055,861.5972355750059,0.0287076196507664,0.0742806468700984,laminar
moody_eps2.87e-02_Re9.53e+02,0.0307892198125881,0.0095693661258087,0.001,1000.0,0.1,0.0028707619650766,0.0672453622803064,956.9366125808724,0.0287076196507664,0.0668800829214706,laminar
moody_eps2.87e-02_Re1.08e+03,0.0351289362040859,0.0111694671494121,0.001,1000.0,0.1,0.0028707619650766,0.0563157774189251,1116.94671494121,0.0287076196507664,0.057299062832526,laminar
moody_eps2.87e-02_Re1.23e+03,0.0401900911814382,0.0123305849383816,0.001,1000.0,0.1,0.0028707619650766,0.0528666302212028,1233.058493838167,0.0287076196507664,0.0519034582056086,laminar
moody_eps2.87e-02_Re1.40e+03,0.0438989469055384,0.0138339220155688,0.001,1000.0,0.1,0.0028707619650766,0.0458768352877178,1383.3922015568858,0.0287076196507664,0.0462630914992679,laminar
moody_eps2.87e-02_Re1.59e+03,0.0485275090958934,0.0157849044875244,0.001,1000.0,0.1,0.0028707619650766,0.0389523871988683,1578.4904487524443,0.0287076196507664,0.0405450663642483,laminar
moody_eps3.79e-02_Re3.00e+02,0.0097901057648246,0.0029898938634823,0.001,1000.0,0.1,0.0037886422139578,0.2190311259112642,298.989386348236,0.0378864221395781,0.2140544210671697,laminar
moody_eps3.79e-02_Re3.41e+02,0.0108994065622486,0.0033436021697701,0.001,1000.0,0.1,0.0037886422139578,0.1949860994050718,334.36021697701466,0.0378864221395781,0.1914103315837949,laminar
moody_eps3.79e-02_Re3.88e+02,0.0126779874466241,0.00385974372432,0.001,1000.0,0.1,0.0037886422139578,0.1702014962145777,385.9743724320013,0.0378864221395781,0.1658141176491585,laminar
moody_eps3.79e-02_Re4.41e+02,0.0142971199207094,0.0044023963833837,0.001,1000.0,0.1,0.0037886422139578,0.1475367694141268,440.239638338373,0.0378864221395781,0.1453753692910516,laminar
moody_eps3.79e-02_Re5.01e+02,0.0165877064161736,0.0051395554329728,0.001,1000.0,0.1,0.0037886422139578,0.1255929399713295,513.955543297281,0.0378864221395781,0.1245243889956086,laminar
moody_eps3.79e-02_Re5.70e+02,0.0186450700562744,0.0058204566914835,0.001,1000.0,0.1,0.0037886422139578,0.1100727687937966,582.0456691483535,0.0378864221395781,0.1099570074864477,laminar
moody_eps3.79e-02_Re6.48e+02,0.0219094082083012,0.0065528468524335,0.001,1000.0,0.1,0.0037886422139578,0.1020470857033433,655.2846852433541,0.0378864221395781,0.0976674740631733,laminar
moody_eps3.79e-02_Re7.37e+02,0.0235994012145558,0.0072691943478947,0.001,1000.0,0.1,0.0037886422139578,0.0893219959362052,726.9194347894747,0.0378864221395781,0.0880427691667581,laminar
moody_eps3.79e-02_Re8.38e+02,0.0250158345869959,0.0078350879119536,0.001,1000.0,0.1,0.0037886422139578,0.0814999316888463,783.5087911953664,0.0378864221395781,0.0816838313994638,laminar
moody_eps3.79e-02_Re9.53e+02,0.0316731784208752,0.0097630074228425,0.001,1000.0,0.1,0.0037886422139578,0.0664590920738253,976.300742284258,0.0378864221395781,0.0655535709726684,laminar
moody_eps3.79e-02_Re1.08e+03,0.0339355292785922,0.0105726310713967,0.001,1000.0,0.1,0.0037886422139578,0.0607181410842011,1057.263107139671,0.0378864221395781,0.0605336548374852,laminar
moody_eps3.79e-02_Re1.23e+03,0.0400495104227893,0.012257163834912,0.001,1000.0,0.1,0.0037886422139578,0.053314731322249,1225.7163834912078,0.0378864221395781,0.0522143628509792,laminar
moody_eps3.79e-02_Re1.40e+03,0.0445824833842533,0.0142603617603305,0.001,1000.0,0.1,0.0037886422139578,0.043846321721377,1426.0361760330527,0.0378864221395781,0.0448796468670487,laminar
moody_eps5.00e-02_Re3.00e+02,0.0091604343796595,0.0027817368460773,0.001,1000.0,0.1,0.005,0.236763078103329,278.1736846077397,0.0499999999999999,0.2300720864025946,laminar
moody_eps5.00e-02_Re3.41e+02,0.0117707234401884,0.0036074993916259,0.001,1000.0,0.1,0.005,0.1808925239623632,360.7499391625944,0.0499999999999999,0.1774082073265559,laminar
moody_eps5.00e-02_Re3.88e+02,0.0119713364095776,0.0037926276403354,0.001,1000.0,0.1,0.005,0.1664532270176088,379.2627640335447,0.0499999999999999,0.1687484405780984,laminar
moody_eps5.00e-02_Re4.41e+02,0.0131812288292301,0.0042394891961782,0.001,1000.0,0.1,0.005,0.1466759228934699,423.9489196178218,0.0499999999999999,0.1509615829607355,laminar
moody_eps5.00e-02_Re5.01e+02,0.0153070919280263,0.0047498383111526,0.001,1000.0,0.1,0.005,0.1356953713518232,474.9838311152635,0.0499999999999999,0.1347414286707987,laminar
moody_eps5.00e-02_Re5.70e+02,0.0182136881909154,0.0056267634163672,0.001,1000.0,0.1,0.005,0.1150563474213861,562.6763416367294,0.0499999999999999,0.1137421200504626,laminar
moody_eps5.00e-02_Re6.48e+02,0.0212676324526099,0.0066037086695307,0.001,1000.0,0.1,0.005,0.0975378842212289,660.370866953072,0.0499999999999999,0.0969152383951971,laminar
moody_eps5.00e-02_Re7.37e+02,0.0223282146500891,0.0071781752962854,0.001,1000.0,0.1,0.005,0.0866674212223399,717.8175296285423,0.0499999999999999,0.0891591488899955,laminar
moody_eps5.00e-02_Re8.38e+02,0.0261252755150992,0.0084238136900118,0.001,1000.0,0.1,0.005,0.0736331481470834,842.3813690011823,0.0499999999999999,0.0759750896151529,laminar
moody_eps5.00e-02_Re9.53e+02,0.0314714006135505,0.0096565563136864,0.001,1000.0,0.1,0.005,0.0674996486136994,965.655631368642,0.0499999999999999,0.0662762147508958,laminar
moody_eps5.00e-02_Re1.08e+03,0.0347445750308217,0.0108195748728182,0.001,1000.0,0.1,0.005,0.059360370985307,1081.9574872818275,0.0499999999999999,0.0591520468708853,laminar
moody_eps5.00e-02_Re1.23e+03,0.0398683995008912,0.0122325948416498,0.001,1000.0,0.1,0.005,0.0532870421182866,1223.25948416498,0.0499999999999999,0.0523192346582847,laminar
moody_eps5.00e-02_Re1.40e+03,0.0440758195069373,0.0138277674875903,0.001,1000.0,0.1,0.005,0.0461026887918616,1382.7767487590395,0.0499999999999999,0.0462836824942538,laminar
