filename,dP_L,v,mu,rho,D,eps,f,Re,eps_rel,f_true,branch
moody_eps1.00e-06_Re3.00e+02,0.009598164278583609,0.003011337087675183,0.001,1000.0,0.1,1e-07,0.21168955434741638,301.13370876751827,1e-06,0.2125301755885768,laminar
moody_eps1.00e-06_Re3.41e+02,0.011162682543760976,0.0034773777375531533,0.001,1000.0,0.1,1e-07,0.18462683757506373,347.73777375531535,1e-06,0.18404672954809162,laminar
moody_eps1.00e-06_Re3.88e+02,0.012347429511249524,0.003816940720364491,0.001,1000.0,0.1,1e-07,0.16950234894115054,381.6940720364491,1e-06,0.16767354981056257,laminar
moody_eps1.00e-06_Re4.41e+02,0.015099416222872425,0.004586388263532139,0.001,1000.0,0.1,1e-07,0.14356498094814557,458.6388263532139,1e-06,0.13954335377334876,laminar
moody_eps1.00e-06_Re5.01e+02,0.015127321333791868,0.004910198177855574,0.001,1000.0,0.1,1e-07,0.12548562737958013,491.0198177855574,1e-06,0.13034097134537787,laminar
moody_eps1.00e-06_Re5.70e+02,0.017931738321009562,0.005596725217783145,0.001,1000.0,0.1,1e-07,0.11449444557822053,559.6725217783145,1e-06,0.11435258568107853,laminar
moody_eps1.00e-06_Re6.48e+02,0.019224192896747472,0.006047122098434594,0.001,1000.0,0.1,1e-07,0.1051430657573395,604.7122098434594,1e-06,0.10583546843971871,laminar
moody_eps1.00e-06_Re7.37e+02,0.02223332689152331,0.0071022354411069055,0.001,1000.0,0.1,1e-07,0.08815446592580099,710.2235441106906,1e-06,0.09011247308076484,laminar
moody_eps1.00e-06_Re8.38e+02,0.026142816973977995,0.008247520932472031,0.001,1000.0,0.1,1e-07,0.07686622009876332,824.7520932472032,1e-06,0.07759907555738359,laminar
moody_eps1.00e-06_Re9.53e+02,0.031863752437248045,0.00965081980476753,0.001,1000.0,0.1,1e-07,0.06842243116200178,965.081980476753,1e-06,0.06631560975616169,laminar
moody_eps1.00e-06_Re1.08e+03,0.03599701943004775,0.01079724951865491,0.001,1000.0,0.1,1e-07,0.061754735015029726,1079.724951865491,1e-06,0.059274354908094164,laminar
moody_eps1.00e-06_Re1.23e+03,0.03906946661583867,0.012081135000064532,0.001,1000.0,0.1,1e-07,0.053536749969669034,1208.113500006453,1e-06,0.05297515506585942,laminar
moody_eps1.00e-06_Re1.40e+03,0.04620693002206355,0.01439899782361539,0.001,1000.0,0.1,1e-07,0.04457307319631655,1439.8997823615389,1e-06,0.04444753779671764,laminar
moody_eps1.00e-06_Re1.59e+03,0.04850670772735843,0.015583350108064048,0.001,1000.0,0.1,1e-07,0.03994938874308428,1558.3350108064049,1e-06,0.041069474507205855,laminar
moody_eps1.00e-06_Re1.81e+03,0.05756912660775983,0.017871902093426387,0.001,1000.0,0.1,1e-07,0.036047743420850244,1787.1902093426388,1e-06,0.035810402085595786,laminar
moody_eps1.00e-06_Re2.06e+03,0.06356112579283456,0.019987888422401682,0.001,1000.0,0.1,1e-07,0.031819089164289105,1998.788842240168,1e-06,0.032019390266493176,laminar
moody_eps1.00e-06_Re4.45e+03,0.38648580693937823,0.04431660394333861,0.001,1000.0,0.1,1e-07,0.03935778064449656,4431.660394333861,1e-06,0.03872433899646348,colebrook
moody_eps1.00e-06_Re5.06e+03,0.4880652935687917,0.05095941112270443,0.001,1000.0,0.1,1e-07,0.03758885702317741,5095.941112270443,1e-06,0.03719024402295085,colebrook
moody_eps1.00e-06_Re5.76e+03,0.5733524694214198,0.056454123870457174,0.001,1000.0,0.1,1e-07,0.03597993209276279,5645.412387045718,1e-06,0.03612010914114886,colebrook
moody_eps1.00e-06_Re6.55e+03,0.8085555644003137,0.06702166877729482,0.001,1000.0,0.1,1e-07,0.03600057120433804,6702.166877729482,1e-06,0.03442323838515282,colebrook
moody_eps1.00e-06_Re7.44e+03,0.9083437054741759,0.07167759881973286,0.001,1000.0,0.1,1e-07,0.03536008581950988,7167.759881973286,1e-06,0.03379003550724218,colebrook
moody_eps1.00e-06_Re8.46e+03,1.2698476915155457,0.08812709342655371,0.001,1000.0,0.1,1e-07,0.03270112819806069,8812.709342655371,1e-06,0.031943548538505964,colebrook
moody_eps1.00e-06_Re9.62e+03,1.4512205834728986,0.09700775658627309,0.001,1000.0,0.1,1e-07,0.03084256601469422,9700.77565862731,1e-06,0.03113440362891102,colebrook
moody_eps1.00e-06_Re1.09e+04,2.066607921554464,0.11432570196189606,0.001,1000.0,0.1,1e-07,0.03162280078683433,11432.570196189607,1e-06,0.029816760097703936,colebrook
moody_eps1.00e-06_Re1.24e+04,2.5809860827962727,0.13134314855698642,0.001,1000.0,0.1,1e-07,0.029922702343396647,13134.314855698642,1e-06,0.028765143386238597,colebrook
moody_eps1.00e-06_Re1.41e+04,2.7758819847721705,0.1430135294235785,0.001,1000.0,0.1,1e-07,0.027144181127698522,14301.352942357851,1e-06,0.028146197323812454,colebrook
moody_eps1.00e-06_Re1.61e+04,3.605267098918932,0.16086053039178258,0.001,1000.0,0.1,1e-07,0.027865603182002468,16086.053039178258,1e-06,0.027322179802615004,colebrook
moody_eps1.00e-06_Re1.83e+04,4.186905618128051,0.17599824381233004,0.001,1000.0,0.1,1e-07,0.027033762758950322,17599.824381233004,1e-06,0.026715205443233102,colebrook
moody_eps1.00e-06_Re2.08e+04,5.793178942456889,0.21070821081619276,0.001,1000.0,0.1,1e-07,0.02609660549060959,21070.821081619273,1e-06,0.02555732494888447,colebrook
moody_eps1.00e-06_Re2.37e+04,6.401867740114571,0.22826525624394162,0.001,1000.0,0.1,1e-07,0.02457293694347348,22826.525624394162,1e-06,0.025065610078348274,colebrook
moody_eps1.00e-06_Re2.69e+04,8.223010341113142,0.26544093708990746,0.001,1000.0,0.1,1e-07,0.023341299344058288,26544.093708990742,1e-06,0.02417498335481333,colebrook
moody_eps1.00e-06_Re3.06e+04,11.810507605206894,0.3221830841770876,0.001,1000.0,0.1,1e-07,0.022755851453148544,32218.308417708755,1e-06,0.023096928444358185,colebrook
moody_eps1.00e-06_Re3.48e+04,13.851602289678663,0.3511668753397544,0.001,1000.0,0.1,1e-07,0.022464818935691515,35116.68753397543,1e-06,0.02263976014583744,colebrook
moody_eps1.00e-06_Re3.95e+04,19.48985514354214,0.414614906860342,0.001,1000.0,0.1,1e-07,0.022675077602172012,41461.4906860342,1e-06,0.02179445519849201,colebrook
moody_eps1.00e-06_Re4.50e+04,20.93632093920331,0.45819738566897006,0.001,1000.0,0.1,1e-07,0.01994459165272972,45819.73856689701,1e-06,0.02130758916113839,colebrook
moody_eps1.00e-06_Re5.11e+04,27.807340890826968,0.5119944948640469,0.001,1000.0,0.1,1e-07,0.02121577368293051,51199.449486404694,1e-06,0.02078505795356548,colebrook
moody_eps1.00e-06_Re5.81e+04,35.36147305226695,0.5990381997874761,0.001,1000.0,0.1,1e-07,0.019708397299621795,59903.819978747604,1e-06,0.020077143226923312,colebrook
moody_eps1.00e-06_Re6.61e+04,45.48040718248874,0.6980706952162783,0.001,1000.0,0.1,1e-07,0.018666183298650177,69807.06952162783,1e-06,0.019420446145713807,colebrook
moody_eps1.00e-06_Re7.52e+04,53.583013510160285,0.7367640682856975,0.001,1000.0,0.1,1e-07,0.019742414038865383,73676.40682856976,1e-06,0.019196305115641084,colebrook
moody_eps1.00e-06_Re8.55e+04,72.3040983083466,0.8558017196924648,0.001,1000.0,0.1,1e-07,0.01974452091785252,85580.17196924648,1e-06,0.018593354900442737,colebrook
moody_eps1.00e-06_Re9.72e+04,84.70753584903848,0.9771851752901695,0.001,1000.0,0.1,1e-07,0.017741825541236444,97718.51752901694,1e-06,0.018082067470325865,colebrook
moody_eps1.00e-06_Re1.10e+05,102.027627305851,1.0924161851278944,0.001,1000.0,0.1,1e-07,0.01709903222474061,109241.61851278944,1e-06,0.01766802043582666,colebrook
moody_eps1.00e-06_Re1.26e+05,128.88470222302595,1.2090584844085241,0.001,1000.0,0.1,1e-07,0.017633428051522015,120905.84844085241,1e-06,0.01730307232887222,colebrook
moody_eps1.00e-06_Re1.43e+05,183.0720722369225,1.453625589107599,0.001,1000.0,0.1,1e-07,0.017327941538502326,145362.5589107599,1e-06,0.016667880629090064,colebrook
moody_eps1.00e-06_Re1.62e+05,217.18695469034785,1.5879457688767675,0.001,1000.0,0.1,1e-07,0.01722631556350012,158794.57688767675,1e-06,0.016375150390788906,colebrook
moody_eps1.00e-06_Re1.85e+05,279.7776557499842,1.8310897328132287,0.001,1000.0,0.1,1e-07,0.01668874841257847,183108.97328132286,1e-06,0.015918826991092202,colebrook
moody_eps1.00e-06_Re2.10e+05,326.54292124477195,2.0730124634782614,0.001,1000.0,0.1,1e-07,0.015197300217803158,207301.24634782612,1e-06,0.015536347731388032,colebrook
moody_eps1.00e-06_Re2.39e+05,450.60878025431407,2.405922726794617,0.001,1000.0,0.1,1e-07,0.015569199954604382,240592.27267946166,1e-06,0.015094810484138183,colebrook
moody_eps1.00e-06_Re2.72e+05,538.9467074885962,2.728422884245286,0.001,1000.0,0.1,1e-07,0.014479462879029674,272842.2884245286,1e-06,0.014736054191601965,colebrook
moody_eps1.00e-06_Re3.09e+05,611.6209176900887,2.965691966105212,0.001,1000.0,0.1,1e-07,0.013907857886109806,296569.1966105212,1e-06,0.01450508971120222,colebrook
moody_eps1.00e-06_Re3.51e+05,916.8871654085514,3.5639909778023315,0.001,1000.0,0.1,1e-07,0.014436858414402457,356399.09778023313,1e-06,0.014014509103089958,colebrook
moody_eps1.00e-06_Re3.99e+05,1049.329494275495,3.9722201603113563,0.001,1000.0,0.1,1e-07,0.013300723129882272,397222.01603113563,1e-06,0.013736401462021122,colebrook
moody_eps1.00e-06_Re4.54e+05,1393.7078347112833,4.659456418533785,0.001,1000.0,0.1,1e-07,0.01283900089468842,465945.6418533785,1e-06,0.013341764480399376,colebrook
moody_eps1.00e-06_Re5.16e+05,1709.3819469220687,5.051923204643154,0.001,1000.0,0.1,1e-07,0.013395398204458356,505192.3204643154,1e-06,0.013148145141436826,colebrook
moody_eps1.00e-06_Re5.87e+05,1971.8968461123043,5.485511418806161,0.001,1000.0,0.1,1e-07,0.013106295067268129,548551.1418806161,1e-06,0.012955255893962863,colebrook
moody_eps1.00e-06_Re6.67e+05,2707.4885347609375,6.557561799059751,0.001,1000.0,0.1,1e-07,0.0125924964663388,655756.179905975,1e-06,0.012551280937431642,colebrook
moody_eps1.00e-06_Re7.59e+05,3528.7177837852814,7.570435186239958,0.001,1000.0,0.1,1e-07,0.012314172431934316,757043.5186239958,1e-06,0.012239732196303177,colebrook
moody_eps1.00e-06_Re8.63e+05,4522.3705509928095,8.809232117596988,0.001,1000.0,0.1,1e-07,0.011655208124564907,880923.2117596988,1e-06,0.011923416288519817,colebrook
moody_eps1.00e-06_Re9.81e+05,6224.3225559102675,10.237506624605302,0.001,1000.0,0.1,1e-07,0.011877736720885351,1023750.6624605303,1e-06,0.011621803784565603,colebrook
moody_eps1.00e-06_Re1.12e+06,7730.430469504541,11.440894041084226,0.001,1000.0,0.1,1e-07,0.011811736420449697,1144089.4041084226,1e-06,0.011406093494313199,colebrook
moody_eps1.00e-06_Re1.27e+06,9659.391333028218,12.987187804654429,0.001,1000.0,0.1,1e-07,0.011453797882436034,1298718.780465443,1e-06,0.011167402096408825,colebrook
moody_eps1.00e-06_Re1.44e+06,10982.572174026269,14.455240274029288,0.001,1000.0,0.1,1e-07,0.010511953519234963,1445524.0274029288,1e-06,0.010971667361439461,colebrook
moody_eps1.00e-06_Re1.64e+06,14017.892435662807,16.33306129813048,0.001,1000.0,0.1,1e-07,0.010509390629284356,1633306.129813048,1e-06,0.010754826626564648,colebrook
moody_eps1.00e-06_Re1.86e+06,17052.164869354205,17.86804589249408,0.001,1000.0,0.1,1e-07,0.010682069521887778,1786804.589249408,1e-06,0.010599565465852754,colebrook
moody_eps1.00e-06_Re2.12e+06,21782.744004515705,20.844565341977724,0.001,1000.0,0.1,1e-07,0.01002667403266351,2084456.5341977724,1e-06,0.010341274060724713,colebrook
moody_eps1.00e-06_Re2.41e+06,27950.664823584888,23.366730292524814,0.001,1000.0,0.1,1e-07,0.010238262171948747,2336673.029252481,1e-06,0.010156149489343107,colebrook
moody_eps1.00e-06_Re2.74e+06,39506.37380784483,27.71065335894182,0.001,1000.0,0.1,1e-07,0.010289721800389019,2771065.335894182,1e-06,0.009889482211067372,colebrook
moody_eps1.00e-06_Re3.12e+06,48644.77642721167,31.15867994666914,0.001,1000.0,0.1,1e-07,0.010020931808318203,3115867.994666914,1e-06,0.009712569713709538,colebrook
moody_eps1.00e-06_Re3.54e+06,66935.63221508043,36.967226842834634,0.001,1000.0,0.1,1e-07,0.009796109261444015,3696722.6842834633,1e-06,0.009463859904939595,colebrook
moody_eps1.00e-06_Re4.03e+06,69035.48827972294,37.5419214906594,0.001,1000.0,0.1,1e-07,0.009796465249806376,3754192.1490659397,1e-06,0.009441936721034758,colebrook
moody_eps1.00e-06_Re4.58e+06,99338.0037998295,46.29617990835448,0.001,1000.0,0.1,1e-07,0.009269474417049228,4629617.990835448,1e-06,0.00915237620579364,colebrook
moody_eps1.00e-06_Re5.21e+06,126117.72874604682,52.691870857232196,0.001,1000.0,0.1,1e-07,0.009084873806678339,5269187.085723219,1e-06,0.008981151438545406,colebrook
moody_eps1.00e-06_Re5.93e+06,156101.37174442344,59.82121191827708,0.001,1000.0,0.1,1e-07,0.008724213814479867,5982121.191827708,1e-06,0.008818658456936546,colebrook
moody_eps1.00e-06_Re6.74e+06,176416.9943265424,63.636190703544315,0.001,1000.0,0.1,1e-07,0.008712886666386234,6363619.070354432,1e-06,0.008741402077657235,colebrook
moody_eps1.00e-06_Re7.66e+06,246814.3802938976,74.78168231048195,0.001,1000.0,0.1,1e-07,0.008826936319170397,7478168.231048196,1e-06,0.008545485136879966,colebrook
moody_eps1.00e-06_Re8.71e+06,313158.7023031767,86.3557545253164,0.001,1000.0,0.1,1e-07,0.008398697012186365,8635575.452531641,1e-06,0.008377690798963548,colebrook
moody_eps1.00e-06_Re9.90e+06,378803.0657113624,96.55412950758377,0.001,1000.0,0.1,1e-07,0.008126466984030762,9655412.950758377,1e-06,0.008251912055825969,colebrook
moody_eps1.00e-06_Re1.13e+07,490060.94956916367,112.58398577149306,0.001,1000.0,0.1,1e-07,0.007732623292525465,11258398.577149305,1e-06,0.008084991370608984,colebrook
moody_eps1.00e-06_Re1.28e+07,660898.9695429308,129.22040941278107,0.001,1000.0,0.1,1e-07,0.007915946402387932,12922040.941278106,1e-06,0.007941176392318111,colebrook
moody_eps1.00e-06_Re1.46e+07,721855.2677983596,140.52436874466187,0.001,1000.0,0.1,1e-07,0.007311000938792333,14052436.874466186,1e-06,0.007856389719344749,colebrook
moody_eps1.00e-06_Re1.66e+07,1076217.0766312382,168.14010543859226,0.001,1000.0,0.1,1e-07,0.007613550691723458,16814010.543859225,1e-06,0.007681825133994967,colebrook
moody_eps1.00e-06_Re1.88e+07,1294006.2783347624,185.29687975261473,0.001,1000.0,0.1,1e-07,0.007537549317404562,18529687.975261472,1e-06,0.007591139742730728,colebrook
moody_eps1.00e-06_Re2.14e+07,1891561.0308595435,226.0615580076891,0.001,1000.0,0.1,1e-07,0.007402815423265196,22606155.800768908,1e-06,0.007413883710833531,colebrook
moody_eps1.00e-06_Re2.43e+07,2092910.8062838675,244.04805686947566,0.001,1000.0,0.1,1e-07,0.00702797176116957,24404805.686947566,1e-06,0.007348603817372484,colebrook
moody_eps1.00e-06_Re2.77e+07,3131620.4127296675,290.8013163372912,0.001,1000.0,0.1,1e-07,0.007406386550437466,29080131.63372912,1e-06,0.007205308426716847,colebrook
moody_eps1.00e-06_Re3.15e+07,3763990.153377372,324.95335993759926,0.001,1000.0,0.1,1e-07,0.00712912797254714,32495335.993759923,1e-06,0.007118939310056072,colebrook
moody_eps1.00e-06_Re3.58e+07,4806674.21490689,367.8321719546668,0.001,1000.0,0.1,1e-07,0.007105182872197974,36783217.19546668,1e-06,0.00702655184963575,colebrook
moody_eps1.00e-06_Re4.07e+07,5934857.21331158,414.45994119095565,0.001,1000.0,0.1,1e-07,0.0069099538736670275,41445994.119095564,1e-06,0.006941575397006809,colebrook
moody_eps1.00e-06_Re4.63e+07,6968654.164000648,442.66688443328394,0.001,1000.0,0.1,1e-07,0.007112541933794211,44266688.44332839,1e-06,0.0068963622662417,colebrook
moody_eps1.00e-06_Re5.26e+07,8343930.375123314,496.4282197496978,0.001,1000.0,0.1,1e-07,0.00677154462247083,49642821.97496978,1e-06,0.006820462726240784,colebrook
moody_eps1.00e-06_Re5.98e+07,11491229.523081211,594.5504256740784,0.001,1000.0,0.1,1e-07,0.006501582924371139,59455042.56740783,1e-06,0.0067082054983583755,colebrook
moody_eps1.00e-06_Re6.80e+07,15792870.226893336,692.8326054656129,0.001,1000.0,0.1,1e-07,0.0065801292851393415,69283260.54656129,1e-06,0.006619794216758432,colebrook
moody_eps1.00e-06_Re7.73e+07,19434636.795168884,763.36950519123,0.001,1000.0,0.1,1e-07,0.006670168583764187,76336950.519123,1e-06,0.00656695255620431,colebrook
moody_eps1.00e-06_Re8.79e+07,25472684.159231525,866.9700136876834,0.001,1000.0,0.1,1e-07,0.006777921789959753,86697001.36876833,1e-06,0.006501293356721086,colebrook
moody_eps1.00e-06_Re1.00e+08,32359553.099151336,1010.5994324572533,0.001,1000.0,0.1,1e-07,0.006336864354560035,101059943.24572532,1e-06,0.006427682506638773,colebrook
moody_eps1.32e-06_Re3.00e+02,0.008707655256363116,0.0028300215865678436,0.001,1000.0,0.1,1.3197340148878117e-07,0.21744615160710576,283.00215865678433,1.3197340148878116e-06,0.22614668490079287,laminar
moody_eps1.32e-06_Re3.41e+02,0.011260526927222493,0.0035242608632140753,0.001,1000.0,0.1,1.3197340148878117e-07,0.1813228827035576,352.4260863214075,1.3197340148878116e-06,0.18159836199421664,laminar
moody_eps1.32e-06_Re3.88e+02,0.012929013968520179,0.0038459689447310824,0.001,1000.0,0.1,1.3197340148878117e-07,0.1748170768920104,384.59689447310825,1.3197340148878116e-06,0.16640799995974748,laminar
moody_eps1.32e-06_Re4.41e+02,0.01334410135013291,0.0042439454403745145,0.001,1000.0,0.1,1.3197340148878117e-07,0.14817664026537997,424.3945440374514,1.3197340148878116e-06,0.15080306968873808,laminar
moody_eps1.32e-06_Re5.01e+02,0.016102743450139935,0.004944365917480936,0.001,1000.0,0.1,1.3197340148878117e-07,0.13173727060404855,494.4365917480936,1.3197340148878116e-06,0.12944025799896064,laminar
moody_eps1.32e-06_Re5.70e+02,0.01756172988950506,0.005589969450232466,0.001,1000.0,0.1,1.3197340148878117e-07,0.11240313390836432,558.9969450232466,1.3197340148878116e-06,0.11449078670248991,laminar
moody_eps1.32e-06_Re6.48e+02,0.02021066036248021,0.00617913883079271,0.001,1000.0,0.1,1.3197340148878117e-07,0.10586553429932771,617.9138830792709,1.3197340148878116e-06,0.1035743033981801,laminar
moody_eps1.32e-06_Re7.37e+02,0.023827267113042904,0.007553198338296359,0.001,1000.0,0.1,1.3197340148878117e-07,0.08352999420623901,755.319833829636,1.3197340148878116e-06,0.08473231753429017,laminar
moody_eps1.32e-06_Re8.38e+02,0.02593289023018669,0.008424470537144329,0.001,1000.0,0.1,1.3197340148878117e-07,0.07307951995026386,842.447053714433,1.3197340148878116e-06,0.07596916591709547,laminar
moody_eps1.32e-06_Re9.53e+02,0.03134418906933853,0.009398400872630436,0.001,1000.0,0.1,1.3197340148878117e-07,0.07097070243100376,939.8400872630435,1.3197340148878116e-06,0.06809669098748243,laminar
moody_eps1.32e-06_Re1.08e+03,0.037325662912488775,0.010883189917548839,0.001,1000.0,0.1,1.3197340148878117e-07,0.06302677849458722,1088.3189917548839,1.3197340148878116e-06,0.05880628794026813,laminar
moody_eps1.32e-06_Re1.23e+03,0.039194818043850506,0.012036999561784122,0.001,1000.0,0.1,1.3197340148878117e-07,0.054103101101480096,1203.6999561784123,1.3197340148878116e-06,0.053169396303038435,laminar
moody_eps1.32e-06_Re1.40e+03,0.04534566914315687,0.013932013594705993,0.001,1000.0,0.1,1.3197340148878117e-07,0.04672378657328509,1393.201359470599,1.3197340148878116e-06,0.04593736545327467,laminar
moody_eps1.32e-06_Re1.59e+03,0.050129344074704936,0.01593139483273347,0.001,1000.0,0.1,1.3197340148878117e-07,0.03950157532791847,1593.139483273347,1.3197340148878116e-06,0.04017225150211096,laminar
moody_eps1.32e-06_Re1.81e+03,0.06193373034012216,0.017653481851121536,0.001,1000.0,0.1,1.3197340148878117e-07,0.039746279633057865,1765.3481851121535,1.3197340148878116e-06,0.036253471433984594,laminar
moody_eps1.32e-06_Re2.06e+03,0.061913960912998986,0.020554804411918867,0.001,1000.0,0.1,1.3197340148878117e-07,0.02930838494544826,2055.4804411918867,1.3197340148878116e-06,0.03113627292064579,laminar
moody_eps1.32e-06_Re4.45e+03,0.37847380861380525,0.04367073271183463,0.001,1000.0,0.1,1.3197340148878117e-07,0.039690344546966225,4367.073271183463,1.3197340148878116e-06,0.038891151461566485,colebrook
moody_eps1.32e-06_Re5.06e+03,0.4848747416143896,0.04987846910841152,0.001,1000.0,0.1,1.3197340148878117e-07,0.03897923629722801,4987.846910841152,1.3197340148878116e-06,0.037420388975338836,colebrook
moody_eps1.32e-06_Re5.76e+03,0.6240104431561956,0.0593300040125759,0.001,1000.0,0.1,1.3197340148878117e-07,0.03545464148243512,5933.000401257589,1.3197340148878116e-06,0.03561704565773587,colebrook
moody_eps1.32e-06_Re6.55e+03,0.7030482774916844,0.0645429077655516,0.001,1000.0,0.1,1.3197340148878117e-07,0.03375344380976196,6454.29077655516,1.3197340148878116e-06,0.03478639914191752,colebrook
moody_eps1.32e-06_Re7.44e+03,0.8548755615660322,0.07288998424093213,0.001,1000.0,0.1,1.3197340148878117e-07,0.032180825843327515,7288.9984240932135,1.3197340148878116e-06,0.033634929543008035,colebrook
moody_eps1.32e-06_Re8.46e+03,1.2915528490613681,0.08775384175555744,0.001,1000.0,0.1,1.3197340148878117e-07,0.03354361776511769,8775.384175555742,1.3197340148878116e-06,0.03198047598599729,colebrook
moody_eps1.32e-06_Re9.62e+03,1.3064407478580409,0.09268189342979585,0.001,1000.0,0.1,1.3197340148878117e-07,0.030417948350134772,9268.189342979585,1.3197340148878116e-06,0.031515621064375055,colebrook
moody_eps1.32e-06_Re1.09e+04,1.5999837924706506,0.10377814852142489,0.001,1000.0,0.1,1.3197340148878117e-07,0.029712126979952878,10377.814852142488,1.3197340148878116e-06,0.030583813707967665,colebrook
moody_eps1.32e-06_Re1.24e+04,1.8554134444859356,0.11336063567091383,0.001,1000.0,0.1,1.3197340148878117e-07,0.028876606165182624,11336.063567091383,1.3197340148878116e-06,0.02988331090228756,colebrook
moody_eps1.32e-06_Re1.41e+04,2.992426106698489,0.14710186218085503,0.001,1000.0,0.1,1.3197340148878117e-07,0.027657765466002415,14710.186218085504,1.3197340148878116e-06,0.027946073678145177,colebrook
moody_eps1.32e-06_Re1.61e+04,3.644204294707091,0.16505997120878554,0.001,1000.0,0.1,1.3197340148878117e-07,0.02675156422133756,16505.997120878554,1.3197340148878116e-06,0.02714687718927395,colebrook
moody_eps1.32e-06_Re1.83e+04,4.886267105002117,0.19285620887047744,0.001,1000.0,0.1,1.3197340148878117e-07,0.026274832066050094,19285.620887047746,1.3197340148878116e-06,0.02611826781683898,colebrook
moody_eps1.32e-06_Re2.08e+04,5.868702805406108,0.20563819911186162,0.001,1000.0,0.1,1.3197340148878117e-07,0.027756488937882934,20563.81991118616,1.3197340148878116e-06,0.02571043466767122,colebrook
moody_eps1.32e-06_Re2.37e+04,6.58759837588757,0.23422864194115978,0.001,1000.0,0.1,1.3197340148878117e-07,0.024014696852336172,23422.864194115977,1.3197340148878116e-06,0.02491083158420327,colebrook
moody_eps1.32e-06_Re2.69e+04,8.799101797566221,0.27057321151989316,0.001,1000.0,0.1,1.3197340148878117e-07,0.024038022916510766,27057.321151989316,1.3197340148878116e-06,0.02406604476318828,colebrook
moody_eps1.32e-06_Re3.06e+04,11.2524492440625,0.315743024342685,0.001,1000.0,0.1,1.3197340148878117e-07,0.022574052422486106,31574.3024342685,1.3197340148878116e-06,0.02320691144726265,colebrook
moody_eps1.32e-06_Re3.48e+04,14.688025488236475,0.35621481360064344,0.001,1000.0,0.1,1.3197340148878117e-07,0.023150984323172506,35621.48136006435,1.3197340148878116e-06,0.022566236857461907,colebrook
moody_eps1.32e-06_Re3.95e+04,16.70238351218495,0.38753855826141503,0.001,1000.0,0.1,1.3197340148878117e-07,0.02224224440944622,38753.8558261415,1.3197340148878116e-06,0.02213358330851206,colebrook
moody_eps1.32e-06_Re4.50e+04,22.19948241988097,0.438507505055615,0.001,1000.0,0.1,1.3197340148878117e-07,0.02308972621043732,43850.7505055615,1.3197340148878116e-06,0.02152066257424708,colebrook
moody_eps1.32e-06_Re5.11e+04,25.81443790176052,0.5005106196774026,0.001,1000.0,0.1,1.3197340148878117e-07,0.02060943449603934,50051.061967740265,1.3197340148878116e-06,0.02089147517725907,colebrook
moody_eps1.32e-06_Re5.81e+04,31.92180426221474,0.5629728373737601,0.001,1000.0,0.1,1.3197340148878117e-07,0.020143852994091677,56297.28373737601,1.3197340148878116e-06,0.020354109199690457,colebrook
moody_eps1.32e-06_Re6.61e+04,43.911954632385495,0.6608215003175973,0.001,1000.0,0.1,1.3197340148878117e-07,0.020111498711137824,66082.15003175974,1.3197340148878116e-06,0.01965355135683219,colebrook
moody_eps1.32e-06_Re7.52e+04,51.95701616847889,0.7378930960214718,0.001,1000.0,0.1,1.3197340148878117e-07,0.019084786409527214,73789.30960214719,1.3197340148878116e-06,0.019191447044624492,colebrook
moody_eps1.32e-06_Re8.55e+04,61.40291272866996,0.8189904260904884,0.001,1000.0,0.1,1.3197340148878117e-07,0.018308860629607175,81899.04260904885,1.3197340148878116e-06,0.018769011715718088,colebrook
moody_eps1.32e-06_Re9.72e+04,102.26265176028147,1.055420790181455,0.001,1000.0,0.1,1.3197340148878117e-07,0.018360975711565964,105542.07901814548,1.3197340148878116e-06,0.017796293964179113,colebrook
moody_eps1.32e-06_Re1.10e+05,99.11024077504294,1.0792605282208065,0.001,1000.0,0.1,1.3197340148878117e-07,0.017017507044356655,107926.05282208066,1.3197340148878116e-06,0.017714164212129846,colebrook
moody_eps1.32e-06_Re1.26e+05,128.4755907775579,1.2200658890890657,0.001,1000.0,0.1,1.3197340148878117e-07,0.017261719245308716,122006.58890890656,1.3197340148878116e-06,0.01727295554660118,colebrook
moody_eps1.32e-06_Re1.43e+05,167.227766487525,1.4299903574073707,0.001,1000.0,0.1,1.3197340148878117e-07,0.016355814149151406,142999.03574073708,1.3197340148878116e-06,0.016725161423737946,colebrook
moody_eps1.32e-06_Re1.62e+05,209.38303028973766,1.562804793423306,0.001,1000.0,0.1,1.3197340148878117e-07,0.017145967936729425,156280.4793423306,1.3197340148878116e-06,0.01642971663478518,colebrook
moody_eps1.32e-06_Re1.85e+05,274.69580950618564,1.8721424435653713,0.001,1000.0,0.1,1.3197340148878117e-07,0.015674880958441592,187214.24435653712,1.3197340148878116e-06,0.015852013591371183,colebrook
moody_eps1.32e-06_Re2.10e+05,332.42085849590353,2.086246638872835,0.001,1000.0,0.1,1.3197340148878117e-07,0.015275202011647001,208624.6638872835,1.3197340148878116e-06,0.015519800242961724,colebrook
moody_eps1.32e-06_Re2.39e+05,368.9328868005231,2.1866235052333804,0.001,1000.0,0.1,1.3197340148878117e-07,0.015432253235121214,218662.35052333807,1.3197340148878116e-06,0.015378798350937462,colebrook
moody_eps1.32e-06_Re2.72e+05,497.928321698355,2.629456378394626,0.001,1000.0,0.1,1.3197340148878117e-07,0.014403395432500282,262945.6378394626,1.3197340148878116e-06,0.014843239390412195,colebrook
moody_eps1.32e-06_Re3.09e+05,677.5310122395207,3.0287170154150913,0.001,1000.0,0.1,1.3197340148878117e-07,0.01477208437222214,302871.70154150913,1.3197340148878116e-06,0.014451094522104774,colebrook
moody_eps1.32e-06_Re3.51e+05,778.5811666036608,3.3895072890841065,0.001,1000.0,0.1,1.3197340148878117e-07,0.013553789781637848,338950.72890841065,1.3197340148878116e-06,0.01414971723775574,colebrook
moody_eps1.32e-06_Re3.99e+05,1158.5041996493037,4.069212829465931,0.001,1000.0,0.1,1.3197340148878117e-07,0.013992869955579053,406921.28294659307,1.3197340148878116e-06,0.013679752827380423,colebrook
moody_eps1.32e-06_Re4.54e+05,1333.2876037323754,4.41028589933166,0.001,1000.0,0.1,1.3197340148878117e-07,0.013709460019814476,441028.589933166,1.3197340148878116e-06,0.013480095319201127,colebrook
moody_eps1.32e-06_Re5.16e+05,1733.1019330763118,5.116200497995366,0.001,1000.0,0.1,1.3197340148878117e-07,0.013242164880381997,511620.04979953653,1.3197340148878116e-06,0.013123011371538143,colebrook
moody_eps1.32e-06_Re5.87e+05,2110.31187951117,5.650735737533323,0.001,1000.0,0.1,1.3197340148878117e-07,0.013218027293000022,565073.5737533323,1.3197340148878116e-06,0.012891842775901618,colebrook
moody_eps1.32e-06_Re6.67e+05,3034.3796682330053,6.91827077647764,0.001,1000.0,0.1,1.3197340148878117e-07,0.012679578108733653,691827.077647764,1.3197340148878116e-06,0.012439544603495037,colebrook
moody_eps1.32e-06_Re7.59e+05,3244.4602015114097,7.7158125317621735,0.001,1000.0,0.1,1.3197340148878117e-07,0.010899563664849182,771581.2531762173,1.3197340148878116e-06,0.012205553003073251,colebrook
moody_eps1.32e-06_Re8.63e+05,4516.813339876483,8.69539878267594,0.001,1000.0,0.1,1.3197340148878117e-07,0.011947667583710063,869539.8782675939,1.3197340148878116e-06,0.011956791431216992,colebrook
moody_eps1.32e-06_Re9.81e+05,5486.476035814423,9.767077295669779,0.001,1000.0,0.1,1.3197340148878117e-07,0.011502552731047182,976707.7295669778,1.3197340148878116e-06,0.011722221653320151,colebrook
moody_eps1.32e-06_Re1.12e+06,7242.3292442417805,11.173479881220668,0.001,1000.0,0.1,1.3197340148878117e-07,0.011601959828582116,1117347.988122067,1.3197340148878116e-06,0.01145940181668989,colebrook
moody_eps1.32e-06_Re1.27e+06,8772.556458317735,12.58394791207366,0.001,1000.0,0.1,1.3197340148878117e-07,0.011079555661638011,1258394.791207366,1.3197340148878116e-06,0.011234633703724878,colebrook
moody_eps1.32e-06_Re1.44e+06,11827.177958547547,14.964516073250179,0.001,1000.0,0.1,1.3197340148878117e-07,0.010562963352544709,1496451.607325018,1.3197340148878116e-06,0.010919114449231894,colebrook
moody_eps1.32e-06_Re1.64e+06,15393.369067871878,16.914096099922883,0.001,1000.0,0.1,1.3197340148878117e-07,0.010761333488219149,1691409.6099922883,1.3197340148878116e-06,0.010704402476778743,colebrook
moody_eps1.32e-06_Re1.86e+06,17374.01788060446,18.202647592200414,0.001,1000.0,0.1,1.3197340148878117e-07,0.010487238324905597,1820264.7592200413,1.3197340148878116e-06,0.010578869595778856,colebrook
moody_eps1.32e-06_Re2.12e+06,22510.94468447188,20.625948823936632,0.001,1000.0,0.1,1.3197340148878117e-07,0.010582684401697446,2062594.8823936633,1.3197340148878116e-06,0.010370520178695254,colebrook
moody_eps1.32e-06_Re2.41e+06,29485.644218792026,24.362384247432757,0.001,1000.0,0.1,1.3197340148878117e-07,0.00993575878149309,2436238.4247432756,1.3197340148878116e-06,0.010103118443017733,colebrook
moody_eps1.32e-06_Re2.74e+06,35388.82551313587,26.5224151348254,0.001,1000.0,0.1,1.3197340148878117e-07,0.01006166858439555,2652241.51348254,1.3197340148878116e-06,0.009971006496368964,colebrook
moody_eps1.32e-06_Re3.12e+06,49667.44524282903,32.079970539466245,0.001,1000.0,0.1,1.3197340148878117e-07,0.009652368546125273,3207997.0539466245,1.3197340148878116e-06,0.009685388609229947,colebrook
moody_eps1.32e-06_Re3.54e+06,60652.971393149695,35.89199856106693,0.001,1000.0,0.1,1.3197340148878117e-07,0.009416441098681193,3589199.856106693,1.3197340148878116e-06,0.009523267636435483,colebrook
moody_eps1.32e-06_Re4.03e+06,75645.97533536122,40.38443378511567,0.001,1000.0,0.1,1.3197340148878117e-07,0.009276578544668006,4038443.378511567,1.3197340148878116e-06,0.009357997027948501,colebrook
moody_eps1.32e-06_Re4.58e+06,93710.86562946267,46.232920734965084,0.001,1000.0,0.1,1.3197340148878117e-07,0.008768338030937853,4623292.073496508,1.3197340148878116e-06,0.00917461524262096,colebrook
moody_eps1.32e-06_Re5.21e+06,126029.84920909304,53.12513049559443,0.001,1000.0,0.1,1.3197340148878117e-07,0.008931067929160041,5312513.049559443,1.3197340148878116e-06,0.008992887176199177,colebrook
moody_eps1.32e-06_Re5.93e+06,156960.32018532103,59.8915919906866,0.001,1000.0,0.1,1.3197340148878117e-07,0.008751614053455238,5989159.19906866,1.3197340148878116e-06,0.008841419586228135,colebrook
moody_eps1.32e-06_Re6.74e+06,194588.36738559,68.02275212984678,0.001,1000.0,0.1,1.3197340148878117e-07,0.008410822578254236,6802275.212984677,1.3197340148878116e-06,0.008685857800536595,colebrook
moody_eps1.32e-06_Re7.66e+06,254641.43493503728,79.38897890716909,0.001,1000.0,0.1,1.3197340148878117e-07,0.008080507474504112,7938897.890716909,1.3197340148878116e-06,0.008504207273925996,colebrook
moody_eps1.32e-06_Re8.71e+06,302759.76684995147,84.43324946045543,0.001,1000.0,0.1,1.3197340148878117e-07,0.008493782786240424,8443324.946045542,1.3197340148878116e-06,0.008433943674076115,colebrook
moody_eps1.32e-06_Re9.90e+06,443360.0503371876,103.49023142122104,0.001,1000.0,0.1,1.3197340148878117e-07,0.008279189768005043,10349023.142122103,1.3197340148878116e-06,0.008210397348861146,colebrook
moody_eps1.32e-06_Re1.13e+07,486673.62408032076,111.78844727261234,0.001,1000.0,0.1,1.3197340148878117e-07,0.007788861073420471,11178844.727261234,1.3197340148878116e-06,0.008129076697948108,colebrook
moody_eps1.32e-06_Re1.28e+07,647781.7258242692,127.32726899395196,0.001,1000.0,0.1,1.3197340148878117e-07,0.00799127064932617,12732726.899395196,1.3197340148878116e-06,0.00799603734764876,colebrook
moody_eps1.32e-06_Re1.46e+07,934352.1181066883,153.18855837284767,0.001,1000.0,0.1,1.3197340148878117e-07,0.007963205289063503,15318855.837284766,1.3197340148878116e-06,0.007815960309839068,colebrook
moody_eps1.32e-06_Re1.66e+07,1034710.61414348,158.14830666208468,0.001,1000.0,0.1,1.3197340148878117e-07,0.008274081749096012,15814830.666208468,1.3197340148878116e-06,0.007785979181693907,colebrook
moody_eps1.32e-06_Re1.88e+07,1287470.9342869297,186.04884567360702,0.001,1000.0,0.1,1.3197340148878117e-07,0.00743898133958996,18604884.567360703,1.3197340148878116e-06,0.007637861947354114,colebrook
moody_eps1.32e-06_Re2.14e+07,1869510.6798830938,223.75635166565834,0.001,1000.0,0.1,1.3197340148878117e-07,0.007468049735515371,22375635.16656583,1.3197340148878116e-06,0.007479205414108901,colebrook
moody_eps1.32e-06_Re2.43e+07,2164168.132770447,240.74649801195417,0.001,1000.0,0.1,1.3197340148878117e-07,0.007467943724033198,24074649.801195417,1.3197340148878116e-06,0.0074190877907441685,colebrook
moody_eps1.32e-06_Re2.77e+07,3026156.8102718247,283.8843008202113,0.001,1000.0,0.1,1.3197340148878117e-07,0.007509978126404909,28388430.08202113,1.3197340148878116e-06,0.007289481852664277,colebrook
moody_eps1.32e-06_Re3.15e+07,3506922.678715466,301.99713969924005,0.001,1000.0,0.1,1.3197340148878117e-07,0.007690428290762002,30199713.969924003,1.3197340148878116e-06,0.007242902561682729,colebrook
moody_eps1.32e-06_Re3.58e+07,4758254.109422331,368.16565400963367,0.001,1000.0,0.1,1.3197340148878117e-07,0.007020872481717706,36816565.400963366,1.3197340148878116e-06,0.007101198178328136,colebrook
moody_eps1.32e-06_Re4.07e+07,5397593.092786311,397.0335787460652,0.001,1000.0,0.1,1.3197340148878117e-07,0.00684818777931655,39703357.87460652,1.3197340148878116e-06,0.007050189052564942,colebrook
moody_eps1.32e-06_Re4.63e+07,7349461.675569907,464.39501936253646,0.001,1000.0,0.1,1.3197340148878117e-07,0.00681569925314253,46439501.936253645,1.3197340148878116e-06,0.006949496102567798,colebrook
moody_eps1.32e-06_Re5.26e+07,9328750.412620727,514.1635835031129,0.001,1000.0,0.1,1.3197340148878117e-07,0.007057499271305481,51416358.35031129,1.3197340148878116e-06,0.006887809746567202,colebrook
moody_eps1.32e-06_Re5.98e+07,12281532.085534373,604.7881478172033,0.001,1000.0,0.1,1.3197340148878117e-07,0.0067154636030637505,60478814.781720325,1.3197340148878116e-06,0.006795427810778781,colebrook
moody_eps1.32e-06_Re6.80e+07,16931022.011862203,695.3547543523076,0.001,1000.0,0.1,1.3197340148878117e-07,0.007003261017801924,69535475.43523076,1.3197340148878116e-06,0.006721790358677797,colebrook
moody_eps1.32e-06_Re7.73e+07,18388605.179598663,748.4567005276054,0.001,1000.0,0.1,1.3197340148878117e-07,0.006565161626497514,74845670.05276054,1.3197340148878116e-06,0.006685064663267269,colebrook
moody_eps1.32e-06_Re8.79e+07,27584984.352156993,904.6792095863549,0.001,1000.0,0.1,1.3197340148878117e-07,0.006740832221900166,90467920.95863548,1.3197340148878116e-06,0.0065970011554381605,colebrook
moody_eps1.32e-06_Re1.00e+08,34383752.72806427,1006.8241447772438,0.001,1000.0,0.1,1.3197340148878117e-07,0.006783846724590293,100682414.47772437,1.3197340148878116e-06,0.0065513534962227645,colebrook
moody_eps1.74e-06_Re3.00e+02,0.008888360497922547,0.002903642364895744,0.001,1000.0,0.1,1.741697870051903e-07,0.21084602010749257,290.36423648957435,1.7416978700519029e-06,0.22041281933940218,laminar
moody_eps1.74e-06_Re3.41e+02,0.010674926976615836,0.0033236732962015135,0.001,1000.0,0.1,1.741697870051903e-07,0.1932672436804047,332.36732962015134,1.7416978700519029e-06,0.19255803533139948,laminar
moody_eps1.74e-06_Re3.88e+02,0.01194330638469873,0.0037872369684826745,0.001,1000.0,0.1,1.741697870051903e-07,0.16653656759512517,378.7236968482674,1.7416978700519029e-06,0.16898863348823162,laminar
moody_eps1.74e-06_Re4.41e+02,0.013453788969941127,0.004283296137186729,0.001,1000.0,0.1,1.741697870051903e-07,0.1466622704082479,428.3296137186729,1.7416978700519029e-06,0.14941763994407176,laminar
moody_eps1.74e-06_Re5.01e+02,0.01574397164906767,0.004866051089490737,0.001,1000.0,0.1,1.741697870051903e-07,0.1329814199635987,486.60510894907367,1.7416978700519029e-06,0.13152348551831175,laminar
moody_eps1.74e-06_Re5.70e+02,0.01842049754674183,0.005839975549290227,0.001,1000.0,0.1,1.741697870051903e-07,0.10802127388061225,583.9975549290227,1.7416978700519029e-06,0.10958949992141383,laminar
moody_eps1.74e-06_Re6.48e+02,0.020263784026729882,0.006443780628833456,0.001,1000.0,0.1,1.741697870051903e-07,0.09760432218728526,644.3780628833456,1.7416978700519029e-06,0.09932057542993387,laminar
moody_eps1.74e-06_Re7.37e+02,0.024035861426492812,0.007491165929534216,0.001,1000.0,0.1,1.741697870051903e-07,0.08566252144689515,749.1165929534216,1.7416978700519029e-06,0.0854339639543659,laminar
moody_eps1.74e-06_Re8.38e+02,0.027230884463078003,0.008793960144741934,0.001,1000.0,0.1,1.741697870051903e-07,0.07042433539117621,879.3960144741933,1.7416978700519029e-06,0.07277722316977608,laminar
moody_eps1.74e-06_Re9.53e+02,0.03125063125955128,0.009636606506385677,0.001,1000.0,0.1,1.741697870051903e-07,0.06730394774557548,963.6606506385677,1.7416978700519029e-06,0.06641342048945396,laminar
moody_eps1.74e-06_Re1.08e+03,0.034917603344937924,0.010722391969708337,0.001,1000.0,0.1,1.741697870051903e-07,0.06074227647474849,1072.2391969708337,1.7416978700519029e-06,0.0596881742253085,laminar
moody_eps1.74e-06_Re1.23e+03,0.040252020707378385,0.011804080842404426,0.001,1000.0,0.1,1.741697870051903e-07,0.05777677980525573,1180.4080842404426,1.7416978700519029e-06,0.054218537516355705,laminar
moody_eps1.74e-06_Re1.40e+03,0.044280225355302266,0.013460953611693065,0.001,1000.0,0.1,1.741697870051903e-07,0.048875156709897796,1346.0953611693064,1.7416978700519029e-06,0.04754492277902616,laminar
moody_eps1.74e-06_Re1.59e+03,0.05103703988516463,0.015407807178961265,0.001,1000.0,0.1,1.741697870051903e-07,0.04299656920838187,1540.7807178961266,1.7416978700519029e-06,0.041537383779951115,laminar
moody_eps1.74e-06_Re1.81e+03,0.05758843781039018,0.017911058548113704,0.001,1000.0,0.1,1.741697870051903e-07,0.035902342551461255,1791.1058548113704,1.7416978700519029e-06,0.03573211478711856,laminar
moody_eps1.74e-06_Re2.06e+03,0.06825073492035563,0.020635551090000908,0.001,1000.0,0.1,1.741697870051903e-07,0.0320556940736175,2063.555109000091,1.7416978700519029e-06,0.031014437036775633,laminar
moody_eps1.74e-06_Re4.45e+03,0.3450044081621135,0.04410132116830714,0.001,1000.0,0.1,1.741697870051903e-07,0.03547737182408844,4410.132116830714,1.7416978700519029e-06,0.038780230405311804,colebrook
moody_eps1.74e-06_Re5.06e+03,0.46185151465308116,0.04949085564888067,0.001,1000.0,0.1,1.741697870051903e-07,0.0377122499045231,4949.085564888067,1.7416978700519029e-06,0.03750497546106639,colebrook
moody_eps1.74e-06_Re5.76e+03,0.5955567938803504,0.05681663505699589,0.001,1000.0,0.1,1.741697870051903e-07,0.03689794341232694,5681.663505699589,1.7416978700519029e-06,0.036055563886641516,colebrook
moody_eps1.74e-06_Re6.55e+03,0.7789887528505892,0.0674884537349074,0.001,1000.0,0.1,1.741697870051903e-07,0.03420599494330391,6748.84537349074,1.7416978700519029e-06,0.034357972016779384,colebrook
moody_eps1.74e-06_Re7.44e+03,0.8941105775715605,0.07118348744607376,0.001,1000.0,0.1,1.741697870051903e-07,0.03529089770739821,7118.348744607377,1.7416978700519029e-06,0.03385545444333859,colebrook
moody_eps1.74e-06_Re8.46e+03,1.2127201722894867,0.08743497360943943,0.001,1000.0,0.1,1.741697870051903e-07,0.03172635874733495,8743.497360943942,1.7416978700519029e-06,0.03201240793541225,colebrook
moody_eps1.74e-06_Re9.62e+03,1.5957936653038467,0.10252492333871187,0.001,1000.0,0.1,1.741697870051903e-07,0.0303632199759871,10252.492333871187,1.7416978700519029e-06,0.030682678297503093,colebrook
moody_eps1.74e-06_Re1.09e+04,1.6940961469221865,0.1057626251395264,0.001,1000.0,0.1,1.741697870051903e-07,0.030290302220533784,10576.26251395264,1.7416978700519029e-06,0.030432277516969437,colebrook
moody_eps1.74e-06_Re1.24e+04,2.3228467025091035,0.1285219000748413,0.001,1000.0,0.1,1.741697870051903e-07,0.02812524211851193,12852.190007484129,1.7416978700519029e-06,0.02892745292497682,colebrook
moody_eps1.74e-06_Re1.41e+04,3.0461406752403923,0.15001789352535252,0.001,1000.0,0.1,1.741697870051903e-07,0.027070347164344713,15001.78935253525,1.7416978700519029e-06,0.02780830493273332,colebrook
moody_eps1.74e-06_Re1.61e+04,3.7788234000059897,0.1655550902421712,0.001,1000.0,0.1,1.741697870051903e-07,0.02757411071410294,16555.50902421712,1.7416978700519029e-06,0.027127377117206395,colebrook
moody_eps1.74e-06_Re1.83e+04,4.536692116202764,0.18209037846181836,0.001,1000.0,0.1,1.741697870051903e-07,0.027364990726238308,18209.037846181836,1.7416978700519029e-06,0.026492150891449573,colebrook
moody_eps1.74e-06_Re2.08e+04,5.3386151496691445,0.1988566900457062,0.001,1000.0,0.1,1.741697870051903e-07,0.027000897334581886,19885.66900457062,1.7416978700519029e-06,0.025923319915924396,colebrook
moody_eps1.74e-06_Re2.37e+04,6.816564895991687,0.2360683485122442,0.001,1000.0,0.1,1.741697870051903e-07,0.024463581901512498,23606.83485122442,1.7416978700519029e-06,0.02486493594816871,colebrook
moody_eps1.74e-06_Re2.69e+04,9.361444918694078,0.2750521278766081,0.001,1000.0,0.1,1.741697870051903e-07,0.024748157072492963,27505.21278766081,1.7416978700519029e-06,0.02397361987922763,colebrook
moody_eps1.74e-06_Re3.06e+04,12.09216451533182,0.31294667072934346,0.001,1000.0,0.1,1.741697870051903e-07,0.024694109606499648,31294.667072934346,1.7416978700519029e-06,0.023256382793098312,colebrook
moody_eps1.74e-06_Re3.48e+04,15.099520481313021,0.35917661532313166,0.001,1000.0,0.1,1.741697870051903e-07,0.02340868642534755,35917.66153231317,1.7416978700519029e-06,0.02252446314041062,colebrook
moody_eps1.74e-06_Re3.95e+04,16.788640095642712,0.3890275056290152,0.001,1000.0,0.1,1.741697870051903e-07,0.02218630083910842,38902.75056290152,1.7416978700519029e-06,0.02211551295131752,colebrook
moody_eps1.74e-06_Re4.50e+04,22.27424487564025,0.45723110492847796,0.001,1000.0,0.1,1.741697870051903e-07,0.021308920587439172,45723.110492847794,1.7416978700519029e-06,0.02132026564386009,colebrook
moody_eps1.74e-06_Re5.11e+04,27.966739976652097,0.5158427961968278,0.001,1000.0,0.1,1.741697870051903e-07,0.02102021241146278,51584.279619682784,1.7416978700519029e-06,0.02075321817913224,colebrook
moody_eps1.74e-06_Re5.81e+04,35.61355075952315,0.5961747560512527,0.001,1000.0,0.1,1.741697870051903e-07,0.020040017959544108,59617.47560512526,1.7416978700519029e-06,0.020101198479318037,colebrook
moody_eps1.74e-06_Re6.61e+04,41.099545598864964,0.6540383983564088,0.001,1000.0,0.1,1.741697870051903e-07,0.019215890853645893,65403.83983564088,1.7416978700519029e-06,0.01969937786631875,colebrook
moody_eps1.74e-06_Re7.52e+04,53.31397839938264,0.7316934099560873,0.001,1000.0,0.1,1.741697870051903e-07,0.019916489893945625,73169.34099560873,1.7416978700519029e-06,0.01922813343574988,colebrook
moody_eps1.74e-06_Re8.55e+04,69.23089303159739,0.8523791421613849,0.001,1000.0,0.1,1.741697870051903e-07,0.019057428610385497,85237.9142161385,1.7416978700519029e-06,0.018612783831973668,colebrook
moody_eps1.74e-06_Re9.72e+04,75.2221452081474,0.9345822869155842,0.001,1000.0,0.1,1.741697870051903e-07,0.01722426184496119,93458.22869155841,1.7416978700519029e-06,0.01825545620555791,colebrook
moody_eps1.74e-06_Re1.10e+05,105.26588614116268,1.0706287522869686,0.001,1000.0,0.1,1.741697870051903e-07,0.018367068327092687,107062.87522869685,1.7416978700519029e-06,0.01774600618983991,colebrook
moody_eps1.74e-06_Re1.26e+05,144.98421824492112,1.2972085322297924,0.001,1000.0,0.1,1.741697870051903e-07,0.017231819379587548,129720.85322297922,1.7416978700519029e-06,0.01706102257930676,colebrook
moody_eps1.74e-06_Re1.43e+05,162.84199577807945,1.3945346327487635,0.001,1000.0,0.1,1.741697870051903e-07,0.01674703020152598,139453.46327487635,1.7416978700519029e-06,0.01681287598272674,colebrook
moody_eps1.74e-06_Re1.62e+05,209.5032932062354,1.609858957311006,0.001,1000.0,0.1,1.741697870051903e-07,0.01616758649342909,160985.8957311006,1.7416978700519029e-06,0.016335776902700716,colebrook
moody_eps1.74e-06_Re1.85e+05,230.76659418993063,1.713179169998285,0.001,1000.0,0.1,1.741697870051903e-07,0.01572524301013116,171317.9169998285,1.7416978700519029e-06,0.016135229478223993,colebrook
moody_eps1.74e-06_Re2.10e+05,354.13040695801925,2.0881597064757758,0.001,1000.0,0.1,1.741697870051903e-07,0.016242983068660316,208815.97064757755,1.7416978700519029e-06,0.01552059995131368,colebrook
moody_eps1.74e-06_Re2.39e+05,453.6411048989132,2.3995044354103605,0.001,1000.0,0.1,1.741697870051903e-07,0.01575793414338285,239950.44354103607,1.7416978700519029e-06,0.01510940420469035,colebrook
moody_eps1.74e-06_Re2.72e+05,528.4675509499699,2.683393566416439,0.001,1000.0,0.1,1.741697870051903e-07,0.014678428886158106,268339.35664164386,1.7416978700519029e-06,0.01479012385301293,colebrook
moody_eps1.74e-06_Re3.09e+05,563.1840656529118,2.7466014824528515,0.001,1000.0,0.1,1.741697870051903e-07,0.014931005453329536,274660.14824528515,1.7416978700519029e-06,0.014724901549950736,colebrook
moody_eps1.74e-06_Re3.51e+05,941.2877013774602,3.5687427484725367,0.001,1000.0,0.1,1.741697870051903e-07,0.014781615246731446,356874.2748472537,1.7416978700519029e-06,0.014019811317753886,colebrook
moody_eps1.74e-06_Re3.99e+05,1068.5653022247188,3.9339781829199354,0.001,1000.0,0.1,1.741697870051903e-07,0.013809157069912975,393397.8182919935,1.7416978700519029e-06,0.013770206420342154,colebrook
moody_eps1.74e-06_Re4.54e+05,1283.6851914975039,4.443941419367585,0.001,1000.0,0.1,1.741697870051903e-07,0.013000255151836936,444394.1419367584,1.7416978700519029e-06,0.013467194570103381,colebrook
moody_eps1.74e-06_Re5.16e+05,1661.9325987597556,5.051917161787157,0.001,1000.0,0.1,1.741697870051903e-07,0.013023597357805002,505191.71617871575,1.7416978700519029e-06,0.013159090980784046,colebrook
moody_eps1.74e-06_Re5.87e+05,2376.2521043828056,6.112144569523419,0.001,1000.0,0.1,1.741697870051903e-07,0.01272141071472063,611214.456952342,1.7416978700519029e-06,0.012720566701580055,colebrook
moody_eps1.74e-06_Re6.67e+05,2682.08562638014,6.516593288978957,0.001,1000.0,0.1,1.741697870051903e-07,0.012631688307571795,651659.3288978956,1.7416978700519029e-06,0.012578037870556948,colebrook
moody_eps1.74e-06_Re7.59e+05,3496.700799919047,7.637335154188633,0.001,1000.0,0.1,1.741697870051903e-07,0.011989602080149714,763733.5154188633,1.7416978700519029e-06,0.012235318672425959,colebrook
moody_eps1.74e-06_Re8.63e+05,4486.618304692295,8.928711776476975,0.001,1000.0,0.1,1.741697870051903e-07,0.01125567414492556,892871.1776476974,1.7416978700519029e-06,0.01191172056306264,colebrook
moody_eps1.74e-06_Re9.81e+05,5687.756730457045,9.747611657127235,0.001,1000.0,0.1,1.741697870051903e-07,0.011972216763623847,974761.1657127236,1.7416978700519029e-06,0.011735714500619642,colebrook
moody_eps1.74e-06_Re1.12e+06,6703.874901134856,10.715905980443713,0.001,1000.0,0.1,1.741697870051903e-07,0.011676108125535371,1071590.5980443712,1.7416978700519029e-06,0.011550250222101233,colebrook
moody_eps1.74e-06_Re1.27e+06,9834.113282767052,13.185562260544858,0.001,1000.0,0.1,1.741697870051903e-07,0.011312742319105888,1318556.2260544857,1.7416978700519029e-06,0.01115981736127802,colebrook
moody_eps1.74e-06_Re1.44e+06,10195.445343208,13.70943649429351,0.001,1000.0,0.1,1.741697870051903e-07,0.010849181835505076,1370943.6494293509,1.7416978700519029e-06,0.011088799236906375,colebrook
moody_eps1.74e-06_Re1.64e+06,15642.92130691497,17.016982383572607,0.001,1000.0,0.1,1.741697870051903e-07,0.01080395477774112,1701698.2383572608,1.7416978700519029e-06,0.010707690192226569,colebrook
moody_eps1.74e-06_Re1.86e+06,18581.213356586402,18.641689746878566,0.001,1000.0,0.1,1.741697870051903e-07,0.010693835870913602,1864168.9746878564,1.7416978700519029e-06,0.010553224687424693,colebrook
moody_eps1.74e-06_Re2.12e+06,23682.948867105024,21.666801652683215,0.001,1000.0,0.1,1.741697870051903e-07,0.010089651312193425,2166680.1652683215,1.7416978700519029e-06,0.010306391462288305,colebrook
moody_eps1.74e-06_Re2.41e+06,29115.677421989723,23.900305906752738,0.001,1000.0,0.1,1.741697870051903e-07,0.01019412549053188,2390030.590675274,1.7416978700519029e-06,0.01015051266000036,colebrook
moody_eps1.74e-06_Re2.74e+06,36094.07613864178,26.97034817874118,0.001,1000.0,0.1,1.741697870051903e-07,0.00992413856845528,2697034.8178741178,1.7416978700519029e-06,0.00996394996143888,colebrook
moody_eps1.74e-06_Re3.12e+06,49441.561850630394,32.40933340215041,0.001,1000.0,0.1,1.741697870051903e-07,0.009414168780269714,3240933.340215041,1.7416978700519029e-06,0.009691512160130453,colebrook
moody_eps1.74e-06_Re3.54e+06,70741.7697023203,37.55339157086607,0.001,1000.0,0.1,1.741697870051903e-07,0.01003246340817573,3755339.1570866066,1.7416978700519029e-06,0.009482479611900622,colebrook
moody_eps1.74e-06_Re4.03e+06,68999.93108301223,38.28331452030499,0.001,1000.0,0.1,1.741697870051903e-07,0.009415851268744842,3828331.4520304995,1.7416978700519029e-06,0.009455771106437572,colebrook
moody_eps1.74e-06_Re4.58e+06,96379.29314573768,46.300446151683,0.001,1000.0,0.1,1.741697870051903e-07,0.008991732548131348,4630044.6151682995,1.7416978700519029e-06,0.009199339445005736,colebrook
moody_eps1.74e-06_Re5.21e+06,117010.18243946668,50.962596047973705,0.001,1000.0,0.1,1.741697870051903e-07,0.009010534756574444,5096259.60479737,1.7416978700519029e-06,0.009074941122146792,colebrook
moody_eps1.74e-06_Re5.93e+06,160082.509814676,60.57929865846306,0.001,1000.0,0.1,1.741697870051903e-07,0.008724195681746484,6057929.865846306,1.7416978700519029e-06,0.008859056716425177,colebrook
moody_eps1.74e-06_Re6.74e+06,221405.87737114693,71.16721280353592,0.001,1000.0,0.1,1.741697870051903e-07,0.008742974790577637,7116721.280353591,1.7416978700519029e-06,0.008667247590160517,colebrook
moody_eps1.74e-06_Re7.66e+06,261519.59266181642,76.37135283976775,0.001,1000.0,0.1,1.741697870051903e-07,0.008967538694010804,7637135.283976775,1.7416978700519029e-06,0.00858600416399511,colebrook
moody_eps1.74e-06_Re8.71e+06,335309.4387996018,88.75918138872728,0.001,1000.0,0.1,1.741697870051903e-07,0.008512344630554777,8875918.138872728,1.7416978700519029e-06,0.008418560200955143,colebrook
moody_eps1.74e-06_Re9.90e+06,422028.5225019501,98.06766953189046,0.001,1000.0,0.1,1.741697870051903e-07,0.008776474378232767,9806766.953189045,1.7416978700519029e-06,0.008311625580560537,colebrook
moody_eps1.74e-06_Re1.13e+07,538981.7730467276,115.3995117184532,0.001,1000.0,0.1,1.741697870051903e-07,0.008094613778988877,11539951.171845319,1.7416978700519029e-06,0.008144160887970417,colebrook
moody_eps1.74e-06_Re1.28e+07,610079.7123911418,122.14184319442535,0.001,1000.0,0.1,1.741697870051903e-07,0.008178763306817952,12214184.319442535,1.7416978700519029e-06,0.008087764854753961,colebrook
moody_eps1.74e-06_Re1.46e+07,747612.0391849626,140.7014554116435,0.001,1000.0,0.1,1.741697870051903e-07,0.007552819441343809,14070145.541164352,1.7416978700519029e-06,0.007951807871577097,colebrook
moody_eps1.74e-06_Re1.66e+07,1061768.2188823745,164.19118049597392,0.001,1000.0,0.1,1.741697870051903e-07,0.007876985876076307,16419118.049597394,1.7416978700519029e-06,0.007810751598176064,colebrook
moody_eps1.74e-06_Re1.88e+07,1478535.130968666,195.65129814291578,0.001,1000.0,0.1,1.741697870051903e-07,0.007724958877432726,19565129.814291578,1.7416978700519029e-06,0.00765977756409828,colebrook
moody_eps1.74e-06_Re2.14e+07,1753986.0642723185,219.31162209243462,0.001,1000.0,0.1,1.741697870051903e-07,0.0072934471450542306,21931162.20924346,1.7416978700519029e-06,0.007566667718426668,colebrook
moody_eps1.74e-06_Re2.43e+07,2222937.1074945526,243.2502179529571,0.001,1000.0,0.1,1.741697870051903e-07,0.0075136454008836485,24325021.795295708,1.7416978700519029e-06,0.007485699107669591,colebrook
moody_eps1.74e-06_Re2.77e+07,2983528.045066211,284.03216415176195,0.001,1000.0,0.1,1.741697870051903e-07,0.0073964797821656735,28403216.415176198,1.7416978700519029e-06,0.007370771351468347,colebrook
moody_eps1.74e-06_Re3.15e+07,3727881.24297949,322.4009595438325,0.001,1000.0,0.1,1.741697870051903e-07,0.007172976583898915,32240095.95438325,1.7416978700519029e-06,0.007282299590125643,colebrook
moody_eps1.74e-06_Re3.58e+07,4773326.898775195,361.71831848440087,0.001,1000.0,0.1,1.741697870051903e-07,0.007296425742845393,36171831.84844009,1.7416978700519029e-06,0.007206177267027322,colebrook
moody_eps1.74e-06_Re4.07e+07,5524783.314648713,391.9316185671174,0.001,1000.0,0.1,1.741697870051903e-07,0.007193241530076727,39193161.85671174,1.7416978700519029e-06,0.007155460345655475,colebrook
moody_eps1.74e-06_Re4.63e+07,7003384.654649476,458.2538535429677,0.001,1000.0,0.1,1.741697870051903e-07,0.006669998319190553,45825385.354296766,1.7416978700519029e-06,0.007062098507708439,colebrook
moody_eps1.74e-06_Re5.26e+07,10106822.109943213,541.444132854464,0.001,1000.0,0.1,1.741697870051903e-07,0.006895048309905022,54144413.285446405,1.7416978700519029e-06,0.006970307058753102,colebrook
moody_eps1.74e-06_Re5.98e+07,11652293.700603714,583.1063019010282,0.001,1000.0,0.1,1.741697870051903e-07,0.006854029166429857,58310630.190102816,1.7416978700519029e-06,0.00693205413420197,colebrook
moody_eps1.74e-06_Re6.80e+07,16731609.517454257,683.0313332690889,0.001,1000.0,0.1,1.741697870051903e-07,0.007172762687376519,68303133.32690889,1.7416978700519029e-06,0.006855516165972601,colebrook
moody_eps1.74e-06_Re7.73e+07,20431764.300898466,769.5994980648105,0.001,1000.0,0.1,1.741697870051903e-07,0.006899320404661092,76959949.80648105,1.7416978700519029e-06,0.006802231293567382,colebrook
moody_eps1.74e-06_Re8.79e+07,28721874.871313967,916.4514956471944,0.001,1000.0,0.1,1.741697870051903e-07,0.0068394914795747025,91645149.56471944,1.7416978700519029e-06,0.006730886562150957,colebrook
moody_eps1.74e-06_Re1.00e+08,35140207.88804596,1032.5762827505791,0.001,1000.0,0.1,1.741697870051903e-07,0.006591587645390621,103257628.27505791,1.7416978700519029e-06,0.006686493074758869,colebrook
moody_eps2.30e-06_Re3.00e+02,0.009807577471360329,0.0030702032617986852,0.001,1000.0,0.1,2.2985779227651478e-07,0.20809300681081389,307.0203261798685,2.298577922765148e-06,0.2084552537492435,laminar
moody_eps2.30e-06_Re3.41e+02,0.01093908511857961,0.0035229480160713232,0.001,1000.0,0.1,2.2985779227651478e-07,0.17627816767688245,352.29480160713234,2.298577922765148e-06,0.1816660356838609,laminar
moody_eps2.30e-06_Re3.88e+02,0.012595572317162997,0.003789115413855517,0.001,1000.0,0.1,2.2985779227651478e-07,0.17545761990483225,378.9115413855517,2.298577922765148e-06,0.1689048577564399,laminar
moody_eps2.30e-06_Re4.41e+02,0.013880324218822111,0.004384564579200802,0.001,1000.0,0.1,2.2985779227651478e-07,0.14440314902113321,438.45645792008025,2.298577922765148e-06,0.14596660362490457,laminar
moody_eps2.30e-06_Re5.01e+02,0.015755971225028864,0.005026648866384965,0.001,1000.0,0.1,2.2985779227651478e-07,0.12471482362231662,502.6648866384965,2.298577922765148e-06,0.12732140577391698,laminar
moody_eps2.30e-06_Re5.70e+02,0.0182929190779592,0.005934828427688379,0.001,1000.0,0.1,2.2985779227651478e-07,0.1038715643439726,593.4828427688378,2.298577922765148e-06,0.10783799528460516,laminar
moody_eps2.30e-06_Re6.48e+02,0.020871296656543754,0.006454744591345846,0.001,1000.0,0.1,2.2985779227651478e-07,0.1001892907280696,645.4744591345845,2.298577922765148e-06,0.09915187052607405,laminar
moody_eps2.30e-06_Re7.37e+02,0.022959589334021244,0.007349655943330377,0.001,1000.0,0.1,2.2985779227651478e-07,0.08500805768527797,734.9655943330378,2.298577922765148e-06,0.08707890613312089,laminar
moody_eps2.30e-06_Re8.38e+02,0.026472366049404065,0.008167711469488269,0.001,1000.0,0.1,2.2985779227651478e-07,0.07936371337403134,816.7711469488268,2.298577922765148e-06,0.07835732229166244,laminar
moody_eps2.30e-06_Re9.53e+02,0.030154001285423435,0.00924219615022431,0.001,1000.0,0.1,2.2985779227651478e-07,0.07060323193142723,924.219615022431,2.298577922765148e-06,0.06924761058922853,laminar
moody_eps2.30e-06_Re1.08e+03,0.0325873551202107,0.010354518727642288,0.001,1000.0,0.1,2.2985779227651478e-07,0.06078819852817691,1035.4518727642287,2.298577922765148e-06,0.06180876357792124,laminar
moody_eps2.30e-06_Re1.23e+03,0.03802623884747913,0.012338076929399849,0.001,1000.0,0.1,2.2985779227651478e-07,0.04995953871472178,1233.8076929399847,2.298577922765148e-06,0.051871941118714605,laminar
moody_eps2.30e-06_Re1.40e+03,0.04570508105033261,0.014290783643534746,0.001,1000.0,0.1,2.2985779227651478e-07,0.04475920773158707,1429.0783643534746,2.298577922765148e-06,0.04478410813318419,laminar
moody_eps2.30e-06_Re1.59e+03,0.04722908797660115,0.015447169930603214,0.001,1000.0,0.1,2.2985779227651478e-07,0.03958600785823425,1544.7169930603216,2.298577922765148e-06,0.04143153748390258,laminar
moody_eps2.30e-06_Re1.81e+03,0.05540532376015933,0.0172876756546774,0.001,1000.0,0.1,2.2985779227651478e-07,0.03707731536723536,1728.76756546774,2.298577922765148e-06,0.03702059274965862,laminar
moody_eps2.30e-06_Re2.06e+03,0.061124610483398734,0.019899809394749616,0.001,1000.0,0.1,2.2985779227651478e-07,0.030870827212443788,1989.9809394749616,2.298577922765148e-06,0.03216111206416169,laminar
moody_eps2.30e-06_Re4.45e+03,0.40567036909459847,0.04422098215830128,0.001,1000.0,0.1,2.2985779227651478e-07,0.041490294224794,4422.098215830128,2.298577922765148e-06,0.0387501454769779,colebrook
moody_eps2.30e-06_Re5.06e+03,0.49568802136534096,0.051055633579864805,0.001,1000.0,0.1,2.2985779227651478e-07,0.03803216772953679,5105.563357986481,2.298577922765148e-06,0.037171589851221494,colebrook
moody_eps2.30e-06_Re5.76e+03,0.6161930241485445,0.05794097095295665,0.001,1000.0,0.1,2.2985779227651478e-07,0.036709226681512254,5794.097095295665,2.298577922765148e-06,0.035856995004773184,colebrook
moody_eps2.30e-06_Re6.55e+03,0.6838453206997931,0.06287848523612104,0.001,1000.0,0.1,2.2985779227651478e-07,0.03459264209103195,6287.848523612103,2.298577922765148e-06,0.03504231608592278,colebrook
moody_eps2.30e-06_Re7.44e+03,0.9386292062822444,0.07502270198207799,0.001,1000.0,0.1,2.2985779227651478e-07,0.03335328821406932,7502.270198207798,2.298577922765148e-06,0.033371220574892536,colebrook
moody_eps2.30e-06_Re8.46e+03,1.1226561856008332,0.08415362156503418,0.001,1000.0,0.1,2.2985779227651478e-07,0.03170524751313647,8415.362156503417,2.298577922765148e-06,0.03234496884440179,colebrook
moody_eps2.30e-06_Re9.62e+03,1.3930022536235536,0.09549804519570834,0.001,1000.0,0.1,2.2985779227651478e-07,0.030548708259802552,9549.804519570835,2.298577922765148e-06,0.03126653438627224,colebrook
moody_eps2.30e-06_Re1.09e+04,1.5358717796261838,0.10176393809025576,0.001,1000.0,0.1,2.2985779227651478e-07,0.029661775678621573,10176.393809025576,2.298577922765148e-06,0.030743987785269822,colebrook
moody_eps2.30e-06_Re1.24e+04,2.425858490680683,0.12622094399747302,0.001,1000.0,0.1,2.2985779227651478e-07,0.03045317730852756,12622.094399747302,2.298577922765148e-06,0.029063351886737927,colebrook
moody_eps2.30e-06_Re1.41e+04,3.11583630786746,0.14939969481487445,0.001,1000.0,0.1,2.2985779227651478e-07,0.027919343931583292,14939.969481487446,2.298577922765148e-06,0.027838424069220463,colebrook
moody_eps2.30e-06_Re1.61e+04,3.808193338997675,0.16525220984711655,0.001,1000.0,0.1,2.2985779227651478e-07,0.02789038010256317,16525.220984711654,2.298577922765148e-06,0.027140918391100752,colebrook
moody_eps2.30e-06_Re1.83e+04,4.057620364306598,0.17917394343784657,0.001,1000.0,0.1,2.2985779227651478e-07,0.025278523457887135,17917.394343784657,2.298577922765148e-06,0.0265995249063975,colebrook
moody_eps2.30e-06_Re2.08e+04,5.269991551313374,0.2082012162732404,0.001,1000.0,0.1,2.2985779227651478e-07,0.02431495051979812,20820.12162732404,2.298577922765148e-06,0.025634970098560885,colebrook
moody_eps2.30e-06_Re2.37e+04,6.961553556924207,0.2342605618205291,0.001,1000.0,0.1,2.2985779227651478e-07,0.025371012732918054,23426.05618205291,2.298577922765148e-06,0.02491235284714162,colebrook
moody_eps2.30e-06_Re2.69e+04,8.094182795528104,0.25772247548037563,0.001,1000.0,0.1,2.2985779227651478e-07,0.024372406634442765,25772.247548037565,2.298577922765148e-06,0.024348804582960813,colebrook
moody_eps2.30e-06_Re3.06e+04,11.80359237430664,0.3173925943240756,0.001,1000.0,0.1,2.2985779227651478e-07,0.023434226347961603,31739.25943240756,2.298577922765148e-06,0.023181446616740212,colebrook
moody_eps2.30e-06_Re3.48e+04,14.494844225065645,0.3532097598324381,0.001,1000.0,0.1,2.2985779227651478e-07,0.023236898298483244,35320.97598324381,2.298577922765148e-06,0.02261332301997963,colebrook
moody_eps2.30e-06_Re3.95e+04,18.972144526285845,0.4164785084668322,0.001,1000.0,0.1,2.2985779227651478e-07,0.02187566324330103,41647.85084668322,2.298577922765148e-06,0.021776514205306786,colebrook
moody_eps2.30e-06_Re4.50e+04,23.049157795235885,0.4664657094140852,0.001,1000.0,0.1,2.2985779227651478e-07,0.021185836168240938,46646.57094140852,2.298577922765148e-06,0.02122665980507634,colebrook
moody_eps2.30e-06_Re5.11e+04,26.64398935953501,0.5028882302129866,0.001,1000.0,0.1,2.2985779227651478e-07,0.021071056155237616,50288.82302129866,2.298577922765148e-06,0.020872984673532703,colebrook
moody_eps2.30e-06_Re5.81e+04,32.49970311215429,0.5707961473210552,0.001,1000.0,0.1,2.2985779227651478e-07,0.019950203182673116,57079.61473210552,2.298577922765148e-06,0.020296190419084984,colebrook
moody_eps2.30e-06_Re6.61e+04,38.79555969867034,0.6489968222839283,0.001,1000.0,0.1,2.2985779227651478e-07,0.018421580011887623,64899.68222839283,2.298577922765148e-06,0.01973483858563124,colebrook
moody_eps2.30e-06_Re7.52e+04,52.2827182261864,0.7539141796824032,0.001,1000.0,0.1,2.2985779227651478e-07,0.018396886596561655,75391.41796824032,2.298577922765148e-06,0.019107797624793036,colebrook
moody_eps2.30e-06_Re8.55e+04,70.54598331806505,0.8517976523681585,0.001,1000.0,0.1,2.2985779227651478e-07,0.01944596095604292,85179.76523681585,2.298577922765148e-06,0.018618213502437194,colebrook
moody_eps2.30e-06_Re9.72e+04,81.79344844870053,0.9566050240326023,0.001,1000.0,0.1,2.2985779227651478e-07,0.017876529068518908,95660.50240326022,2.298577922765148e-06,0.018169582450232875,colebrook
moody_eps2.30e-06_Re1.10e+05,117.74479695102771,1.151005736113134,0.001,1000.0,0.1,2.2985779227651478e-07,0.017775292044012913,115100.5736113134,2.298577922765148e-06,0.01748634398578311,colebrook
moody_eps2.30e-06_Re1.26e+05,141.3552311594887,1.2936506238205276,0.001,1000.0,0.1,2.2985779227651478e-07,0.016893042561729358,129365.06238205275,2.298577922765148e-06,0.01707406407641793,colebrook
moody_eps2.30e-06_Re1.43e+05,174.1636271980669,1.460922906735613,0.001,1000.0,0.1,2.2985779227651478e-07,0.016320477427837807,146092.2906735613,2.298577922765148e-06,0.016659917103391604,colebrook
moody_eps2.30e-06_Re1.62e+05,211.1958527484784,1.5916947572287958,0.001,1000.0,0.1,2.2985779227651478e-07,0.016672311265270134,159169.47572287958,2.298577922765148e-06,0.016376739534477987,colebrook
moody_eps2.30e-06_Re1.85e+05,268.6980052395519,1.814085906614022,0.001,1000.0,0.1,2.2985779227651478e-07,0.01632972004362929,181408.5906614022,2.298577922765148e-06,0.01595820643350199,colebrook
moody_eps2.30e-06_Re2.10e+05,370.11434249974997,2.2563240380400438,0.001,1000.0,0.1,2.2985779227651478e-07,0.01453995191240129,225632.40380400437,2.298577922765148e-06,0.015294369298332555,colebrook
moody_eps2.30e-06_Re2.39e+05,428.24848710352404,2.3346775975411638,0.001,1000.0,0.1,2.2985779227651478e-07,0.015713466390057856,233467.75975411636,2.298577922765148e-06,0.015194198708841863,colebrook
moody_eps2.30e-06_Re2.72e+05,559.067051953778,2.7034834599300246,0.001,1000.0,0.1,2.2985779227651478e-07,0.015298415787782063,270348.34599300247,2.298577922765148e-06,0.01477470481276956,colebrook
moody_eps2.30e-06_Re3.09e+05,656.5784819146611,2.9953019561312497,0.001,1000.0,0.1,2.2985779227651478e-07,0.014636438791357474,299530.195613125,2.298577922765148e-06,0.014491668551738104,colebrook
moody_eps2.30e-06_Re3.51e+05,863.5296935710878,3.4948267480846624,0.001,1000.0,0.1,2.2985779227651478e-07,0.014140213591475,349482.6748084662,2.298577922765148e-06,0.01408079263362654,colebrook
moody_eps2.30e-06_Re3.99e+05,1074.637996940975,4.031697451291642,0.001,1000.0,0.1,2.2985779227651478e-07,0.013222583543757547,403169.74512916413,2.298577922765148e-06,0.013715497983284218,colebrook
moody_eps2.30e-06_Re4.54e+05,1359.9497049376823,4.395069760954664,0.001,1000.0,0.1,2.2985779227651478e-07,0.0140806044053788,439506.9760954664,2.298577922765148e-06,0.013501772270443165,colebrook
moody_eps2.30e-06_Re5.16e+05,1780.9182863354351,5.206758314424962,0.001,1000.0,0.1,2.2985779227651478e-07,0.013138299278821871,520675.8314424963,2.298577922765148e-06,0.013096449773953845,colebrook
moody_eps2.30e-06_Re5.87e+05,2226.222343245532,5.860836392130398,0.001,1000.0,0.1,2.2985779227651478e-07,0.012962218465866223,586083.6392130399,2.298577922765148e-06,0.012824309881959216,colebrook
moody_eps2.30e-06_Re6.67e+05,2542.448029693072,6.445550061770871,0.001,1000.0,0.1,2.2985779227651478e-07,0.012239455796660952,644555.0061770871,2.298577922765148e-06,0.012611834699542968,colebrook
moody_eps2.30e-06_Re7.59e+05,3808.106607302659,7.8904790355098555,0.001,1000.0,0.1,2.2985779227651478e-07,0.012232982458949932,789047.9035509855,2.298577922765148e-06,0.012177591828406593,colebrook
moody_eps2.30e-06_Re8.63e+05,4592.788846329828,8.850590181218257,0.001,1000.0,0.1,2.2985779227651478e-07,0.011726327294617131,885059.0181218255,2.298577922765148e-06,0.011941341203204309,colebrook
moody_eps2.30e-06_Re9.81e+05,6154.6392802150785,10.22392331392126,0.001,1000.0,0.1,2.2985779227651478e-07,0.011775990137358245,1022392.3313921259,2.298577922765148e-06,0.011654639863946848,colebrook
moody_eps2.30e-06_Re1.12e+06,7460.178010153166,11.317152871827762,0.001,1000.0,0.1,2.2985779227651478e-07,0.011649433897339995,1131715.287182776,2.298577922765148e-06,0.011459232147393722,colebrook
moody_eps2.30e-06_Re1.27e+06,8186.641634169438,12.384248639983975,0.001,1000.0,0.1,2.2985779227651478e-07,0.01067570218185289,1238424.8639983975,2.298577922765148e-06,0.011290277543803165,colebrook
moody_eps2.30e-06_Re1.44e+06,11336.644183323733,13.964873056032527,0.001,1000.0,0.1,2.2985779227651478e-07,0.011626273283600979,1396487.3056032527,2.298577922765148e-06,0.011071251454589117,colebrook
moody_eps2.30e-06_Re1.64e+06,15427.04038216981,17.051927141991307,0.001,1000.0,0.1,2.2985779227651478e-07,0.01061122871107115,1705192.7141991307,2.298577922765148e-06,0.010722243268232578,colebrook
moody_eps2.30e-06_Re1.86e+06,18647.16453501277,18.47920295511657,0.001,1000.0,0.1,2.2985779227651478e-07,0.010921350066355915,1847920.295511657,2.298577922765148e-06,0.010586942676279982,colebrook
moody_eps2.30e-06_Re2.12e+06,22194.446708360385,21.096295295398157,0.001,1000.0,0.1,2.2985779227651478e-07,0.009973829201097335,2109629.5295398156,2.298577922765148e-06,0.010370262949471869,colebrook
moody_eps2.30e-06_Re2.41e+06,32129.40182863639,25.042379094540046,0.001,1000.0,0.1,2.2985779227651478e-07,0.010246639675699542,2504237.909454005,2.298577922765148e-06,0.010101000294269361,colebrook
moody_eps2.30e-06_Re2.74e+06,32258.415588190794,25.420770780751425,0.001,1000.0,0.1,2.2985779227651478e-07,0.009983793716143406,2542077.0780751426,2.298577922765148e-06,0.010078040542637381,colebrook
moody_eps2.30e-06_Re3.12e+06,48567.32935380665,31.3063327870319,0.001,1000.0,0.1,2.2985779227651478e-07,0.009910825363467,3130633.2787031895,2.298577922765148e-06,0.009768766712336927,colebrook
moody_eps2.30e-06_Re3.54e+06,59620.90889924593,35.60650514644565,0.001,1000.0,0.1,2.2985779227651478e-07,0.009405240176714765,3560650.5146445646,2.298577922765148e-06,0.009586340814600587,colebrook
moody_eps2.30e-06_Re4.03e+06,76662.58721724738,40.16293522036957,0.001,1000.0,0.1,2.2985779227651478e-07,0.00950522885937979,4016293.5220369566,2.298577922765148e-06,0.00942153516412153,colebrook
moody_eps2.30e-06_Re4.58e+06,94599.44537051652,45.45990494637782,0.001,1000.0,0.1,2.2985779227651478e-07,0.009155067258227182,4545990.494637782,2.298577922765148e-06,0.009257782473745105,colebrook
moody_eps2.30e-06_Re5.21e+06,128565.1399597301,54.10285115816808,0.001,1000.0,0.1,2.2985779227651478e-07,0.008784416470225669,5410285.115816807,2.298577922765148e-06,0.00903745426207608,colebrook
moody_eps2.30e-06_Re5.93e+06,144576.17009769188,58.632783272955606,0.001,1000.0,0.1,2.2985779227651478e-07,0.008410962382699247,5863278.32729556,2.298577922765148e-06,0.008939449150111075,colebrook
moody_eps2.30e-06_Re6.74e+06,210461.03212683456,68.47443764666677,0.001,1000.0,0.1,2.2985779227651478e-07,0.008977279422994049,6847443.7646666765,2.298577922765148e-06,0.008756961140895131,colebrook
moody_eps2.30e-06_Re7.66e+06,268450.98300343106,77.87769058247169,0.001,1000.0,0.1,2.2985779227651478e-07,0.008852559729150377,7787769.058247169,2.298577922765148e-06,0.008612171363330591,colebrook
moody_eps2.30e-06_Re8.71e+06,333626.415048973,88.26641125582128,0.001,1000.0,0.1,2.2985779227651478e-07,0.008564450148050637,8826641.125582127,2.298577922765148e-06,0.008476897062872983,colebrook
moody_eps2.30e-06_Re9.90e+06,417667.3538963552,100.46509656349313,0.001,1000.0,0.1,2.2985779227651478e-07,0.008276183561154232,10046509.656349313,2.298577922765148e-06,0.008342819197572855,colebrook
moody_eps2.30e-06_Re1.13e+07,552315.1139114038,116.71036012294292,0.001,1000.0,0.1,2.2985779227651478e-07,0.008109575195313813,11671036.01229429,2.298577922765148e-06,0.008194823286188781,colebrook
moody_eps2.30e-06_Re1.28e+07,627803.5351263502,122.56339854869898,0.001,1000.0,0.1,2.2985779227651478e-07,0.008358573439722053,12256339.854869898,2.298577922765148e-06,0.008148177339736348,colebrook
moody_eps2.30e-06_Re1.46e+07,914112.0616288311,153.92625041608323,0.001,1000.0,0.1,2.2985779227651478e-07,0.007716210283564706,15392625.041608324,2.298577922765148e-06,0.007941704153828895,colebrook
moody_eps2.30e-06_Re1.66e+07,1051949.8598171251,165.06793144344002,0.001,1000.0,0.1,2.2985779227651478e-07,0.007721463411576809,16506793.144344002,2.298577922765148e-06,0.00788188562281105,colebrook
moody_eps2.30e-06_Re1.88e+07,1350026.3807739776,186.129384810888,0.001,1000.0,0.1,2.2985779227651478e-07,0.007793676352250873,18612938.4810888,2.298577922765148e-06,0.007782906788859718,colebrook
moody_eps2.30e-06_Re2.14e+07,1624516.8145667908,206.2437683996698,0.001,1000.0,0.1,2.2985779227651478e-07,0.007638226558154408,20624376.83996698,2.298577922765148e-06,0.007702115724053446,colebrook
moody_eps2.30e-06_Re2.43e+07,2029966.3137314646,232.94154931883804,0.001,1000.0,0.1,2.2985779227651478e-07,0.0074821241026802494,23294154.931883805,2.298577922765148e-06,0.007610763929269393,colebrook
moody_eps2.30e-06_Re2.77e+07,2596526.3588964497,267.1039772901328,0.001,1000.0,0.1,2.2985779227651478e-07,0.007278837462153061,26710397.72901328,2.298577922765148e-06,0.00751381240799989,colebrook
moody_eps2.30e-06_Re3.15e+07,3446467.6109577427,298.8902047374515,0.001,1000.0,0.1,2.2985779227651478e-07,0.00771579769445222,29889020.473745145,2.298577922765148e-06,0.007438648938528711,colebrook
moody_eps2.30e-06_Re3.58e+07,4560692.807076685,363.3617551034029,0.001,1000.0,0.1,2.2985779227651478e-07,0.006908478129631404,36336175.51034029,2.298577922765148e-06,0.007317533320389156,colebrook
moody_eps2.30e-06_Re4.07e+07,5685507.209677236,399.68463596386323,0.001,1000.0,0.1,2.2985779227651478e-07,0.0071181035568879045,39968463.59638633,2.298577922765148e-06,0.0072627205756031895,colebrook
moody_eps2.30e-06_Re4.63e+07,7074279.749927624,453.18745503256184,0.001,1000.0,0.1,2.2985779227651478e-07,0.006889004473179605,45318745.50325619,2.298577922765148e-06,0.007194616883431417,colebrook
moody_eps2.30e-06_Re5.26e+07,10172052.602027236,538.1402754776128,0.001,1000.0,0.1,2.2985779227651478e-07,0.007025020559285294,53814027.547761284,2.298577922765148e-06,0.007108946458214158,colebrook
moody_eps2.30e-06_Re5.98e+07,13188069.498526342,606.6704179272062,0.001,1000.0,0.1,2.2985779227651478e-07,0.007166474921701656,60667041.79272063,2.298577922765148e-06,0.007054115589394642,colebrook
moody_eps2.30e-06_Re6.80e+07,16628089.39931743,708.8600275718957,0.001,1000.0,0.1,2.2985779227651478e-07,0.006618375015654598,70886002.75718956,2.298577922765148e-06,0.006988710366055728,colebrook
moody_eps2.30e-06_Re7.73e+07,23918558.629433483,814.8518410411942,0.001,1000.0,0.1,2.2985779227651478e-07,0.007204563910511645,81485184.10411942,2.298577922765148e-06,0.006935479847055821,colebrook
moody_eps2.30e-06_Re8.79e+07,29674832.78582138,894.7047189527882,0.001,1000.0,0.1,2.2985779227651478e-07,0.007414106500430351,89470471.89527883,2.298577922765148e-06,0.00690245194288893,colebrook
moody_eps2.30e-06_Re1.00e+08,35610996.06354578,1006.1683040549165,0.001,1000.0,0.1,2.2985779227651478e-07,0.007035141753008237,100616830.40549165,2.298577922765148e-06,0.006863884070606211,colebrook
moody_eps3.03e-06_Re3.00e+02,0.009714711647971623,0.0029342734307604723,0.001,1000.0,0.1,3.033511470543335e-07,0.2256621635598997,293.42734307604724,3.033511470543335e-06,0.21811191598259877,laminar
moody_eps3.03e-06_Re3.41e+02,0.01082345340421506,0.003428423675202627,0.001,1000.0,0.1,3.033511470543335e-07,0.18416490634613272,342.8423675202627,3.033511470543335e-06,0.18667471136342992,laminar
moody_eps3.03e-06_Re3.88e+02,0.013105530546417268,0.004133099047834789,0.001,1000.0,0.1,3.033511470543335e-07,0.15343801678875946,413.30990478347894,3.033511470543335e-06,0.15484748673886184,laminar
moody_eps3.03e-06_Re4.41e+02,0.014033833506764903,0.004411605499775505,0.001,1000.0,0.1,3.033511470543335e-07,0.14421584422124853,441.1605499775505,3.033511470543335e-06,0.14507190183541296,laminar
moody_eps3.03e-06_Re5.01e+02,0.015940215848464445,0.004902553700658169,0.001,1000.0,0.1,3.033511470543335e-07,0.13264151531784862,490.2553700658169,3.033511470543335e-06,0.13054421003365652,laminar
moody_eps3.03e-06_Re5.70e+02,0.01885567918943205,0.005830088417145023,0.001,1000.0,0.1,3.033511470543335e-07,0.1109486172020196,583.0088417145023,3.033511470543335e-06,0.10977535059638188,laminar
moody_eps3.03e-06_Re6.48e+02,0.01992363604667843,0.006040676736001704,0.001,1000.0,0.1,3.033511470543335e-07,0.10920119848648913,604.0676736001705,3.033511470543335e-06,0.10594839418995511,laminar
moody_eps3.03e-06_Re7.37e+02,0.02250957717175366,0.007295660820515079,0.001,1000.0,0.1,3.033511470543335e-07,0.08458007431857816,729.5660820515079,3.033511470543335e-06,0.08772337636644895,laminar
moody_eps3.03e-06_Re8.38e+02,0.027781633942744733,0.008536395622154379,0.001,1000.0,0.1,3.033511470543335e-07,0.07624980045891744,853.6395622154378,3.033511470543335e-06,0.0749730950073375,laminar
moody_eps3.03e-06_Re9.53e+02,0.03184007188331489,0.009238705130528818,0.001,1000.0,0.1,3.033511470543335e-07,0.07460738584498683,923.870513052882,3.033511470543335e-06,0.06927377711029584,laminar
moody_eps3.03e-06_Re1.08e+03,0.0317540221618373,0.010452682780859939,0.001,1000.0,0.1,3.033511470543335e-07,0.05812636946502411,1045.2682780859939,3.033511470543335e-06,0.06122830027635713,laminar
moody_eps3.03e-06_Re1.23e+03,0.03975559745084107,0.011905206702699768,0.001,1000.0,0.1,3.033511470543335e-07,0.0560989069943843,1190.5206702699768,3.033511470543335e-06,0.053757991438726206,laminar
moody_eps3.03e-06_Re1.40e+03,0.04411359054179521,0.013940228562459016,0.001,1000.0,0.1,3.033511470543335e-07,0.045400706852350196,1394.0228562459015,3.033511470543335e-06,0.04591029459326927,laminar
moody_eps3.03e-06_Re1.59e+03,0.049993634230563334,0.015905155299799675,0.001,1000.0,0.1,3.033511470543335e-07,0.03952472675097406,1590.5155299799676,3.033511470543335e-06,0.04023852568154809,laminar
moody_eps3.03e-06_Re1.81e+03,0.05571046336598516,0.017747659294117986,0.001,1000.0,0.1,3.033511470543335e-07,0.035374034951480365,1774.7659294117984,3.033511470543335e-06,0.036061093431746905,laminar
moody_eps3.03e-06_Re2.06e+03,0.06943688488530426,0.021044804708036526,0.001,1000.0,0.1,3.033511470543335e-07,0.0313567053345029,2104.4804708036527,3.033511470543335e-06,0.03041130620497508,laminar
moody_eps3.03e-06_Re4.45e+03,0.36584443542498546,0.0431414126921645,0.001,1000.0,0.1,3.033511470543335e-07,0.03931313926904361,4314.14126921645,3.033511470543335e-06,0.03903200522554577,colebrook
moody_eps3.03e-06_Re5.06e+03,0.48148698920604405,0.05184382837183049,0.001,1000.0,0.1,3.033511470543335e-07,0.0358278232703789,5184.38283718305,3.033511470543335e-06,0.03700959992274128,colebrook
moody_eps3.03e-06_Re5.76e+03,0.5623386270078428,0.05671088694738101,0.001,1000.0,0.1,3.033511470543335e-07,0.034969951712061166,5671.0886947381005,3.033511470543335e-06,0.03607611799761785,colebrook
moody_eps3.03e-06_Re6.55e+03,0.6967425518496606,0.06297676578450853,0.001,1000.0,0.1,3.033511470543335e-07,0.035135134769926656,6297.676578450853,3.033511470543335e-06,0.03502792968792238,colebrook
moody_eps3.03e-06_Re7.44e+03,0.9089408262951176,0.07281094332617614,0.001,1000.0,0.1,3.033511470543335e-07,0.034290379452025996,7281.094332617614,3.033511470543335e-06,0.033647237570074075,colebrook
moody_eps3.03e-06_Re8.46e+03,1.1694367806901333,0.08456505295692691,0.001,1000.0,0.1,3.033511470543335e-07,0.03270580885999128,8456.505295692692,3.033511470543335e-06,0.03230344505042949,colebrook
moody_eps3.03e-06_Re9.62e+03,1.3964169000635167,0.09540097359732239,0.001,1000.0,0.1,3.033511470543335e-07,0.03068594329624919,9540.097359732237,3.033511470543335e-06,0.03127611158878606,colebrook
moody_eps3.03e-06_Re1.09e+04,1.7973027185194248,0.10913553989554858,0.001,1000.0,0.1,3.033511470543335e-07,0.03017997143400305,10913.553989554857,3.033511470543335e-06,0.030184495265090167,colebrook
moody_eps3.03e-06_Re1.24e+04,2.2046761420412806,0.12182537197879545,0.001,1000.0,0.1,3.033511470543335e-07,0.029709771102774635,12182.537197879545,3.033511470543335e-06,0.02933197216913001,colebrook
moody_eps3.03e-06_Re1.41e+04,2.951993233632127,0.14469320459325613,0.001,1000.0,0.1,3.033511470543335e-07,0.02819999834173158,14469.320459325614,3.033511470543335e-06,0.028066577005039988,colebrook
moody_eps3.03e-06_Re1.61e+04,3.796421443606389,0.1693683737919553,0.001,1000.0,0.1,3.033511470543335e-07,0.026469136781436146,16936.83737919553,3.033511470543335e-06,0.026976053762508254,colebrook
moody_eps3.03e-06_Re1.83e+04,4.495590472741482,0.1858133644667093,0.001,1000.0,0.1,3.033511470543335e-07,0.026041310974956065,18581.336446670928,3.033511470543335e-06,0.026362596459100024,colebrook
moody_eps3.03e-06_Re2.08e+04,5.478298623095431,0.2094776945035568,0.001,1000.0,0.1,3.033511470543335e-07,0.024968941211222746,20947.769450355678,3.033511470543335e-06,0.02559843408720576,colebrook
moody_eps3.03e-06_Re2.37e+04,7.4132342531186195,0.24456609452178588,0.001,1000.0,0.1,3.033511470543335e-07,0.02478821319422943,24456.609452178585,3.033511470543335e-06,0.024657660884481063,colebrook
moody_eps3.03e-06_Re2.69e+04,8.938777342020815,0.2787325581518402,0.001,1000.0,0.1,3.033511470543335e-07,0.023010852774452407,27873.255815184024,3.033511470543335e-06,0.023901681968250592,colebrook
moody_eps3.03e-06_Re3.06e+04,10.371109286862486,0.30130814413946944,0.001,1000.0,0.1,3.033511470543335e-07,0.022847225354349215,30130.814413946944,3.033511470543335e-06,0.02346726931684781,colebrook
moody_eps3.03e-06_Re3.48e+04,13.065334202654183,0.34221328874067075,0.001,1000.0,0.1,3.033511470543335e-07,0.022312939040895378,34221.328874067076,3.033511470543335e-06,0.022781413979020438,colebrook
moody_eps3.03e-06_Re3.95e+04,17.106541926128536,0.39395226209559087,0.001,1000.0,0.1,3.033511470543335e-07,0.022044742214354027,39395.226209559085,3.033511470543335e-06,0.022056151430867872,colebrook
moody_eps3.03e-06_Re4.50e+04,21.22847063439255,0.4490211268362335,0.001,1000.0,0.1,3.033511470543335e-07,0.02105790451953648,44902.11268362335,3.033511470543335e-06,0.02141179026904621,colebrook
moody_eps3.03e-06_Re5.11e+04,28.180743245796783,0.5140783875928495,0.001,1000.0,0.1,3.033511470543335e-07,0.021326704265514567,51407.838759284954,3.033511470543335e-06,0.020773778533245447,colebrook
moody_eps3.03e-06_Re5.81e+04,32.549443592099884,0.5657420625343071,0.001,1000.0,0.1,3.033511470543335e-07,0.020339329210451954,56574.20625343072,3.033511470543335e-06,0.020338786996585596,colebrook
moody_eps3.03e-06_Re6.61e+04,43.376830689719064,0.6594709433642251,0.001,1000.0,0.1,3.033511470543335e-07,0.019947867867260376,65947.09433642251,3.033511470543335e-06,0.019669547445227156,colebrook
moody_eps3.03e-06_Re7.52e+04,53.7967032302398,0.7500934506290642,0.001,1000.0,0.1,3.033511470543335e-07,0.01912295093574237,75009.34506290642,3.033511470543335e-06,0.019131939765817764,colebrook
moody_eps3.03e-06_Re8.55e+04,64.46930838844091,0.8295092008024983,0.001,1000.0,0.1,3.033511470543335e-07,0.018738748907364183,82950.92008024982,3.033511470543335e-06,0.018726551794943636,colebrook
moody_eps3.03e-06_Re9.72e+04,82.64893552070244,0.9451692936936689,0.001,1000.0,0.1,3.033511470543335e-07,0.01850325150971365,94516.92936936689,3.033511470543335e-06,0.018219188401724207,colebrook
moody_eps3.03e-06_Re1.10e+05,107.1891048410713,1.1014442396199033,0.001,1000.0,0.1,3.033511470543335e-07,0.017670775434068444,110144.42396199032,3.033511470543335e-06,0.017649658187680203,colebrook
moody_eps3.03e-06_Re1.26e+05,132.37700701633406,1.2231587336092462,0.001,1000.0,0.1,3.033511470543335e-07,0.017696073444653817,122315.87336092463,3.033511470543335e-06,0.017274476206321523,colebrook
moody_eps3.03e-06_Re1.43e+05,181.9468930024502,1.4584807106903925,0.001,1000.0,0.1,3.033511470543335e-07,0.017106976551669532,145848.07106903926,3.033511470543335e-06,0.01667049929312637,colebrook
moody_eps3.03e-06_Re1.62e+05,242.4009709420323,1.73655100978311,0.001,1000.0,0.1,3.033511470543335e-07,0.016076416937291234,173655.100978311,3.033511470543335e-06,0.016101766606892918,colebrook
moody_eps3.03e-06_Re1.85e+05,288.5102797600619,1.9148417618755946,0.001,1000.0,0.1,3.033511470543335e-07,0.015737129049010975,191484.17618755944,3.033511470543335e-06,0.01579569859481823,colebrook
moody_eps3.03e-06_Re2.10e+05,353.36168560276957,2.1250791314591795,0.001,1000.0,0.1,3.033511470543335e-07,0.015649455828238918,212507.91314591793,3.033511470543335e-06,0.015478872385504277,colebrook
moody_eps3.03e-06_Re2.39e+05,446.5041845634433,2.406991655217626,0.001,1000.0,0.1,3.033511470543335e-07,0.015413680757436961,240699.1655217626,3.033511470543335e-06,0.015112281998268138,colebrook
moody_eps3.03e-06_Re2.72e+05,536.2109509195543,2.690629996066898,0.001,1000.0,0.1,3.033511470543335e-07,0.014813501159068026,269062.9996066898,3.033511470543335e-06,0.014795321811165718,colebrook
moody_eps3.03e-06_Re3.09e+05,745.5538731842464,3.1374371242482675,0.001,1000.0,0.1,3.033511470543335e-07,0.015148127929426363,313743.71242482675,3.033511470543335e-06,0.014374292071980838,colebrook
moody_eps3.03e-06_Re3.51e+05,784.9093914704056,3.4230425584604127,0.001,1000.0,0.1,3.033511470543335e-07,0.013397535721847228,342304.25584604125,3.033511470543335e-06,0.014143494522365461,colebrook
moody_eps3.03e-06_Re3.99e+05,1069.843042870555,3.9342939822758503,0.001,1000.0,0.1,3.033511470543335e-07,0.0138234499783566,393429.398227585,3.033511470543335e-06,0.013786206603672586,colebrook
moody_eps3.03e-06_Re4.54e+05,1400.959051994132,4.5628929497279636,0.001,1000.0,0.1,3.033511470543335e-07,0.013457825029311522,456289.2949727963,3.033511470543335e-06,0.013420644958211535,colebrook
moody_eps3.03e-06_Re5.16e+05,1920.7144922488128,5.347583357208358,0.001,1000.0,0.1,3.033511470543335e-07,0.013433144389612758,534758.3357208358,3.033511470543335e-06,0.013045504884196047,colebrook
moody_eps3.03e-06_Re5.87e+05,2173.120872051148,5.859923371493405,0.001,1000.0,0.1,3.033511470543335e-07,0.012656977407755256,585992.3371493405,3.033511470543335e-06,0.01283653048796886,colebrook
moody_eps3.03e-06_Re6.67e+05,2712.2535060946625,6.604081160272978,0.001,1000.0,0.1,3.033511470543335e-07,0.012437568087801425,660408.1160272977,3.033511470543335e-06,0.01257122788315214,colebrook
moody_eps3.03e-06_Re7.59e+05,3328.8810258723506,7.536467837113321,0.001,1000.0,0.1,3.033511470543335e-07,0.011721753095812767,753646.7837113321,3.033511470543335e-06,0.012288033115683921,colebrook
moody_eps3.03e-06_Re8.63e+05,4302.395777692398,8.509165659532899,0.001,1000.0,0.1,3.033511470543335e-07,0.011884102716873195,850916.5659532899,3.033511470543335e-06,0.012036551775689507,colebrook
moody_eps3.03e-06_Re9.81e+05,5554.228512477152,9.754826849854577,0.001,1000.0,0.1,3.033511470543335e-07,0.011673863455965586,975482.6849854577,3.033511470543335e-06,0.011763263949214788,colebrook
moody_eps3.03e-06_Re1.12e+06,7310.025674008557,11.382104800717398,0.001,1000.0,0.1,3.033511470543335e-07,0.011285056501494554,1138210.4800717398,3.033511470543335e-06,0.011466591468548093,colebrook
moody_eps3.03e-06_Re1.27e+06,8990.721806426616,12.51813434138868,0.001,1000.0,0.1,3.033511470543335e-07,0.011474805674616943,1251813.4341388682,3.033511470543335e-06,0.0112897547875627,colebrook
moody_eps3.03e-06_Re1.44e+06,11402.428962524236,14.321039415998287,0.001,1000.0,0.1,3.033511470543335e-07,0.011119321586045556,1432103.9415998287,3.033511470543335e-06,0.011047350624272213,colebrook
moody_eps3.03e-06_Re1.64e+06,15279.140904418193,16.73199538965126,0.001,1000.0,0.1,3.033511470543335e-07,0.010915244270531636,1673199.538965126,3.033511470543335e-06,0.010777938185546086,colebrook
moody_eps3.03e-06_Re1.86e+06,18570.917670501403,18.787675538454764,0.001,1000.0,0.1,3.033511470543335e-07,0.010522459373317411,1878767.5538454761,3.033511470543335e-06,0.010584653906475157,colebrook
moody_eps3.03e-06_Re2.12e+06,24381.62830284994,21.641365785616177,0.001,1000.0,0.1,3.033511470543335e-07,0.010411741346824375,2164136.5785616175,3.033511470543335e-06,0.01035705206627228,colebrook
moody_eps3.03e-06_Re2.41e+06,28665.052662950024,23.747034942761275,0.001,1000.0,0.1,3.033511470543335e-07,0.010166324246947533,2374703.4942761273,3.033511470543335e-06,0.010212423704472312,colebrook
moody_eps3.03e-06_Re2.74e+06,34105.72709390166,26.43034804942749,0.001,1000.0,0.1,3.033511470543335e-07,0.009764534492685077,2643034.804942749,3.033511470543335e-06,0.01005031092077177,colebrook
moody_eps3.03e-06_Re3.12e+06,42053.94767308645,29.459694922922154,0.001,1000.0,0.1,3.033511470543335e-07,0.009691260677596819,2945969.492292215,3.033511470543335e-06,0.009890972374653386,colebrook
moody_eps3.03e-06_Re3.54e+06,64092.24910584614,36.89330790338761,0.001,1000.0,0.1,3.033511470543335e-07,0.009417601614044709,3689330.7903387607,3.033511470543335e-06,0.009576145052477628,colebrook
moody_eps3.03e-06_Re4.03e+06,80258.4616431257,41.26619148872379,0.001,1000.0,0.1,3.033511470543335e-07,0.009426100124704887,4126619.148872379,3.033511470543335e-06,0.009427075735329325,colebrook
moody_eps3.03e-06_Re4.58e+06,97668.00143209194,44.87381255862068,0.001,1000.0,0.1,3.033511470543335e-07,0.009700549977424469,4487381.255862067,3.033511470543335e-06,0.009318803094855376,colebrook
moody_eps3.03e-06_Re5.21e+06,121538.34213856382,53.02643397128182,0.001,1000.0,0.1,3.033511470543335e-07,0.008644869865945301,5302643.397128182,3.033511470543335e-06,0.009111342654280007,colebrook
moody_eps3.03e-06_Re5.93e+06,161799.50110057573,61.13105191637369,0.001,1000.0,0.1,3.033511470543335e-07,0.008659312957221055,6113105.191637369,3.033511470543335e-06,0.00894307177435493,colebrook
moody_eps3.03e-06_Re6.74e+06,202477.2791485096,67.01349287298235,0.001,1000.0,0.1,3.033511470543335e-07,0.00901740929080336,6701349.287298236,3.033511470543335e-06,0.008838469002203225,colebrook
moody_eps3.03e-06_Re7.66e+06,259335.28963034615,75.92069637399744,0.001,1000.0,0.1,3.033511470543335e-07,0.008998523354299012,7592069.637399744,3.033511470543335e-06,0.008701471684232277,colebrook
moody_eps3.03e-06_Re8.71e+06,323238.1511395879,89.11933838062619,0.001,1000.0,0.1,3.033511470543335e-07,0.008139705692510595,8911933.83806262,3.033511470543335e-06,0.008534017982849985,colebrook
moody_eps3.03e-06_Re9.90e+06,405973.63034945575,97.65285877256878,0.001,1000.0,0.1,3.033511470543335e-07,0.008514475448303508,9765285.877256878,3.033511470543335e-06,0.008442728150587199,colebrook
moody_eps3.03e-06_Re1.13e+07,506614.61750630435,110.69686446813165,0.001,1000.0,0.1,3.033511470543335e-07,0.00826869691070151,11069686.446813164,3.033511470543335e-06,0.008322521081788175,colebrook
moody_eps3.03e-06_Re1.28e+07,709458.0717724685,131.16978337946873,0.001,1000.0,0.1,3.033511470543335e-07,0.008246869594013264,13116978.337946871,3.033511470543335e-06,0.00816886720279025,colebrook
moody_eps3.03e-06_Re1.46e+07,817117.983207258,141.6464182232958,0.001,1000.0,0.1,3.033511470543335e-07,0.00814523408670237,14164641.822329579,3.033511470543335e-06,0.008102679346394151,colebrook
moody_eps3.03e-06_Re1.66e+07,1017806.6528415997,162.5585004454109,0.001,1000.0,0.1,3.033511470543335e-07,0.007703284048369944,16255850.044541089,3.033511470543335e-06,0.007989294903397604,colebrook
moody_eps3.03e-06_Re1.88e+07,1319794.185808031,181.99111571821882,0.001,1000.0,0.1,3.033511470543335e-07,0.00796958728444876,18199111.571821883,3.033511470543335e-06,0.007901274232470694,colebrook
moody_eps3.03e-06_Re2.14e+07,1780643.7826015288,213.89166603095228,0.001,1000.0,0.1,3.033511470543335e-07,0.007784295552384143,21389166.60309523,3.033511470543335e-06,0.007783027171634887,colebrook
moody_eps3.03e-06_Re2.43e+07,2122689.0550076105,235.1868514957861,0.001,1000.0,0.1,3.033511470543335e-07,0.007675210583640147,23518685.14957861,3.033511470543335e-06,0.007717678583550967,colebrook
moody_eps3.03e-06_Re2.77e+07,2671636.3910866855,268.2998161075921,0.001,1000.0,0.1,3.033511470543335e-07,0.007422780123332573,26829981.61075921,3.033511470543335e-06,0.007631966019052125,colebrook
moody_eps3.03e-06_Re3.15e+07,3546286.632773741,313.16174536880476,0.001,1000.0,0.1,3.033511470543335e-07,0.007232133277329027,31316174.536880475,3.033511470543335e-06,0.007538594548890049,colebrook
moody_eps3.03e-06_Re3.58e+07,5352782.536929541,365.1123644443141,0.001,1000.0,0.1,3.033511470543335e-07,0.008030757550883068,36511236.44443141,3.033511470543335e-06,0.007453415457869643,colebrook
moody_eps3.03e-06_Re4.07e+07,6095603.328823575,412.54502500817523,0.001,1000.0,0.1,3.033511470543335e-07,0.007163148997162498,41254502.50081752,3.033511470543335e-06,0.007390805905481186,colebrook
moody_eps3.03e-06_Re4.63e+07,7377051.911230494,458.9304191610331,0.001,1000.0,0.1,3.033511470543335e-07,0.0070051775220218646,45893041.91610331,3.033511470543335e-06,0.0073398078217634475,colebrook
moody_eps3.03e-06_Re5.26e+07,10005634.651581585,520.1718294204494,0.001,1000.0,0.1,3.033511470543335e-07,0.007395728831375684,52017182.942044936,3.033511470543335e-06,0.007284022352394791,colebrook
moody_eps3.03e-06_Re5.98e+07,12975683.086143533,608.8809416469581,0.001,1000.0,0.1,3.033511470543335e-07,0.006999958486692814,60888094.164695814,3.033511470543335e-06,0.007220011178563474,colebrook
moody_eps3.03e-06_Re6.80e+07,17497429.056113727,686.337229392441,0.001,1000.0,0.1,3.033511470543335e-07,0.007428978860623879,68633722.9392441,3.033511470543335e-06,0.007175670264189307,colebrook
moody_eps3.03e-06_Re7.73e+07,23162770.81762669,815.2550350992744,0.001,1000.0,0.1,3.033511470543335e-07,0.006970012007854888,81525503.50992744,3.033511470543335e-06,0.007118099702204955,colebrook
moody_eps3.03e-06_Re8.79e+07,26122255.730561636,856.9467323783252,0.001,1000.0,0.1,3.033511470543335e-07,0.007114313815911744,85694673.23783252,3.033511470543335e-06,0.007102709343416089,colebrook
moody_eps3.03e-06_Re1.00e+08,29239616.142725583,915.9049324976097,0.001,1000.0,0.1,3.033511470543335e-07,0.006971092843166436,91590493.24976097,3.033511470543335e-06,0.00708303880194677,colebrook
moody_eps4.00e-06_Re3.00e+02,0.009391956108305068,0.002975711111733359,0.001,1000.0,0.1,4.003428272228385e-07,0.21213118429424688,297.5711111733359,4.003428272228385e-06,0.21507464131059362,laminar
moody_eps4.00e-06_Re3.41e+02,0.010332909370031463,0.003252908794327238,0.001,1000.0,0.1,4.003428272228385e-07,0.1953029677123463,325.29087943272384,4.003428272228385e-06,0.19674698568742496,laminar
moody_eps4.00e-06_Re3.88e+02,0.0124049596866123,0.003789450666866383,0.001,1000.0,0.1,4.003428272228385e-07,0.17277179199890633,378.9450666866383,4.003428272228385e-06,0.16888991472984033,laminar
moody_eps4.00e-06_Re4.41e+02,0.013614005154908671,0.0042905657373797125,0.001,1000.0,0.1,4.003428272228385e-07,0.14790633838789866,429.05657373797123,4.003428272228385e-06,0.14916447834006474,laminar
moody_eps4.00e-06_Re5.01e+02,0.01620979801005495,0.004980039996356867,0.001,1000.0,0.1,4.003428272228385e-07,0.13071996934361313,498.0039996356867,4.003428272228385e-06,0.1285130240857885,laminar
moody_eps4.00e-06_Re5.70e+02,0.016733869874812016,0.005283045549341902,0.001,1000.0,0.1,4.003428272228385e-07,0.11991062675597648,528.3045549341902,4.003428272228385e-06,0.12114224532471114,laminar
moody_eps4.00e-06_Re6.48e+02,0.02099789118806902,0.006633428902538338,0.001,1000.0,0.1,4.003428272228385e-07,0.09543979967841396,663.3428902538337,4.003428272228385e-06,0.09648102201790369,laminar
moody_eps4.00e-06_Re7.37e+02,0.02275824642101193,0.007042609751244405,0.001,1000.0,0.1,4.003428272228385e-07,0.09177017160291104,704.2609751244405,4.003428272228385e-06,0.09087540309711385,laminar
moody_eps4.00e-06_Re8.38e+02,0.02687985622520109,0.008468395342518427,0.001,1000.0,0.1,4.003428272228385e-07,0.07496433415028005,846.8395342518428,4.003428272228385e-06,0.07557512068274194,laminar
moody_eps4.00e-06_Re9.53e+02,0.028813114086707198,0.00920641089964176,0.001,1000.0,0.1,4.003428272228385e-07,0.06798913028802603,920.641089964176,4.003428272228385e-06,0.06951677553571975,laminar
moody_eps4.00e-06_Re1.08e+03,0.03346899862693702,0.01073741930591224,0.001,1000.0,0.1,4.003428272228385e-07,0.058059446108365755,1073.741930591224,4.003428272228385e-06,0.05960463885838966,laminar
moody_eps4.00e-06_Re1.23e+03,0.03638177056868985,0.011634742148589127,0.001,1000.0,0.1,4.003428272228385e-07,0.05375270211116417,1163.4742148589128,4.003428272228385e-06,0.05500766513141925,laminar
moody_eps4.00e-06_Re1.40e+03,0.04408595243770727,0.013988033094149992,0.001,1000.0,0.1,4.003428272228385e-07,0.04506267007501491,1398.8033094149991,4.003428272228385e-06,0.04575339475481065,laminar
moody_eps4.00e-06_Re1.59e+03,0.05100386351241009,0.015898755501639696,0.001,1000.0,0.1,4.003428272228385e-07,0.04035587882526658,1589.8755501639694,4.003428272228385e-06,0.040254723077790246,laminar
moody_eps4.00e-06_Re1.81e+03,0.06363249944484665,0.018612972872807085,0.001,1000.0,0.1,4.003428272228385e-07,0.03673478389239548,1861.2972872807086,4.003428272228385e-06,0.034384620037512546,laminar
moody_eps4.00e-06_Re2.06e+03,0.06461130369992052,0.02105985079550924,0.001,1000.0,0.1,4.003428272228385e-07,0.029135865247037745,2105.985079550924,4.003428272228385e-06,0.03038957902477031,laminar
moody_eps4.00e-06_Re4.45e+03,0.33369517688039696,0.04111725304578836,0.001,1000.0,0.1,4.003428272228385e-07,0.039475872702839164,4111.725304578836,4.003428272228385e-06,0.03958790066029232,colebrook
moody_eps4.00e-06_Re5.06e+03,0.4629689590390305,0.05074085146146741,0.001,1000.0,0.1,4.003428272228385e-07,0.03596386575909862,5074.085146146741,4.003428272228385e-06,0.0372395327241689,colebrook
moody_eps4.00e-06_Re5.76e+03,0.5900314862320846,0.058044163696147726,0.001,1000.0,0.1,4.003428272228385e-07,0.035025800282418786,5804.4163696147725,4.003428272228385e-06,0.03584102290191296,colebrook
moody_eps4.00e-06_Re6.55e+03,0.7507631869320105,0.06625936474855322,0.001,1000.0,0.1,4.003428272228385e-07,0.03420097044068243,6625.936474855323,4.003428272228385e-06,0.03453659768727767,colebrook
moody_eps4.00e-06_Re7.44e+03,0.8976499560088426,0.0753296724164713,0.001,1000.0,0.1,4.003428272228385e-07,0.031637696236093305,7532.96724164713,4.003428272228385e-06,0.03333624302690101,colebrook
moody_eps4.00e-06_Re8.46e+03,1.125807247130571,0.083533666906399,0.001,1000.0,0.1,4.003428272228385e-07,0.032267917898733685,8353.3666906399,4.003428272228385e-06,0.0324120855130682,colebrook
moody_eps4.00e-06_Re9.62e+03,1.4198938176405556,0.0922139139272344,0.001,1000.0,0.1,4.003428272228385e-07,0.03339588467731137,9221.39139272344,4.003428272228385e-06,0.03156227351950928,colebrook
moody_eps4.00e-06_Re1.09e+04,1.8307455376999793,0.10767178657070865,0.001,1000.0,0.1,4.003428272228385e-07,0.0315830553491414,10767.178657070865,4.003428272228385e-06,0.030293149619074033,colebrook
moody_eps4.00e-06_Re1.24e+04,2.1664904330744097,0.12197718806953896,0.001,1000.0,0.1,4.003428272228385e-07,0.029122559181531706,12197.718806953895,4.003428272228385e-06,0.02932417432440163,colebrook
moody_eps4.00e-06_Re1.41e+04,3.0338363209612877,0.1466039718461471,0.001,1000.0,0.1,4.003428272228385e-07,0.028231286474094477,14660.397184614709,4.003428272228385e-06,0.027975132961211204,colebrook
moody_eps4.00e-06_Re1.61e+04,3.6009863094588077,0.1618116449343749,0.001,1000.0,0.1,4.003428272228385e-07,0.027506283842135087,16181.164493437487,4.003428272228385e-06,0.027287703472693704,colebrook
moody_eps4.00e-06_Re1.83e+04,4.073753762997135,0.1755879618163755,0.001,1000.0,0.1,4.003428272228385e-07,0.02642623513632774,17558.79618163755,4.003428272228385e-06,0.026736879741820485,colebrook
moody_eps4.00e-06_Re2.08e+04,5.306657055861765,0.2021247354023331,0.001,1000.0,0.1,4.003428272228385e-07,0.025978381426763314,20212.47354023331,4.003428272228385e-06,0.025824981508947856,colebrook
moody_eps4.00e-06_Re2.37e+04,6.74752722790549,0.2326911301301905,0.001,1000.0,0.1,4.003428272228385e-07,0.02492384166387035,23269.113013019047,4.003428272228385e-06,0.024956807122551404,colebrook
moody_eps4.00e-06_Re2.69e+04,8.673274891203196,0.26831633456028803,0.001,1000.0,0.1,4.003428272228385e-07,0.024094553454727986,26831.633456028805,4.003428272228385e-06,0.024120857648020744,colebrook
moody_eps4.00e-06_Re3.06e+04,10.70428469789688,0.3054837294359393,0.001,1000.0,0.1,4.003428272228385e-07,0.022940954264568016,30548.37294359393,4.003428272228385e-06,0.023394361980036665,colebrook
moody_eps4.00e-06_Re3.48e+04,12.720792572041155,0.336895356081463,0.001,1000.0,0.1,4.003428272228385e-07,0.02241579352542792,33689.5356081463,4.003428272228385e-06,0.02286703760665016,colebrook
moody_eps4.00e-06_Re3.95e+04,18.443790923763878,0.4082958842284027,0.001,1000.0,0.1,4.003428272228385e-07,0.022127389566245804,40829.588422840265,4.003428272228385e-06,0.021880401639716815,colebrook
moody_eps4.00e-06_Re4.50e+04,23.26626921346988,0.4575600561992875,0.001,1000.0,0.1,4.003428272228385e-07,0.022225960354246663,45756.00561992875,4.003428272228385e-06,0.02132461317097971,colebrook
moody_eps4.00e-06_Re5.11e+04,25.91826446374949,0.49342460718445524,0.001,1000.0,0.1,4.003428272228385e-07,0.02129091394332236,49342.46071844552,4.003428272228385e-06,0.020967672222603487,colebrook
moody_eps4.00e-06_Re5.81e+04,31.93365924893975,0.5628168690631778,0.001,1000.0,0.1,4.003428272228385e-07,0.02016250419297872,56281.68690631778,4.003428272228385e-06,0.02036575124360084,colebrook
moody_eps4.00e-06_Re6.61e+04,46.26523960055645,0.6706096570646797,0.001,1000.0,0.1,4.003428272228385e-07,0.02057525398768232,67060.96570646796,4.003428272228385e-06,0.019602531831157646,colebrook
moody_eps4.00e-06_Re7.52e+04,51.65469387167215,0.7341024590624137,0.001,1000.0,0.1,4.003428272228385e-07,0.019170190562283394,73410.24590624137,4.003428272228385e-06,0.019224786024546258,colebrook
moody_eps4.00e-06_Re8.55e+04,69.1548863269046,0.8847049319077245,0.001,1000.0,0.1,4.003428272228385e-07,0.017670790206797952,88470.49319077244,4.003428272228385e-06,0.018478488082730213,colebrook
moody_eps4.00e-06_Re9.72e+04,86.41576655077687,0.9822874459463573,0.001,1000.0,0.1,4.003428272228385e-07,0.01791207071586668,98228.74459463573,4.003428272228385e-06,0.018078496110239203,colebrook
moody_eps4.00e-06_Re1.10e+05,103.15318787856111,1.0760188526530046,0.001,1000.0,0.1,4.003428272228385e-07,0.017818571687203688,107601.88526530046,4.003428272228385e-06,0.017740361279194206,colebrook
moody_eps4.00e-06_Re1.26e+05,136.2683104349728,1.2789253123072337,0.001,1000.0,0.1,4.003428272228385e-07,0.01666228279020104,127892.53123072337,4.003428272228385e-06,0.01712450780536588,colebrook
moody_eps4.00e-06_Re1.43e+05,175.3181119327418,1.44487897102715,0.001,1000.0,0.1,4.003428272228385e-07,0.01679553490855966,144487.89710271498,4.003428272228385e-06,0.016708406435526263,colebrook
moody_eps4.00e-06_Re1.62e+05,210.96017130656222,1.5649047917798773,0.001,1000.0,0.1,4.003428272228385e-07,0.017228783926564007,156490.47917798773,4.003428272228385e-06,0.01644430280529872,colebrook
moody_eps4.00e-06_Re1.85e+05,280.61758999521305,1.9083328039470533,0.001,1000.0,0.1,4.003428272228385e-07,0.015411207024585682,190833.28039470533,4.003428272228385e-06,0.015813954968283195,colebrook
moody_eps4.00e-06_Re2.10e+05,339.35132583393926,2.0634668283674444,0.001,1000.0,0.1,4.003428272228385e-07,0.015939862199414945,206346.68283674444,4.003428272228385e-06,0.01557550707860157,colebrook
moody_eps4.00e-06_Re2.39e+05,397.7616265698083,2.3527302624748483,0.001,1000.0,0.1,4.003428272228385e-07,0.014371715160846536,235273.02624748484,4.003428272228385e-06,0.01518720972525603,colebrook
moody_eps4.00e-06_Re2.72e+05,576.9368262883964,2.802074176484473,0.001,1000.0,0.1,4.003428272228385e-07,0.014695995196631926,280207.41764844727,4.003428272228385e-06,0.014692124154061507,colebrook
moody_eps4.00e-06_Re3.09e+05,771.0963653722681,3.2692407143005657,0.001,1000.0,0.1,4.003428272228385e-07,0.014429286411932815,326924.0714300566,4.003428272228385e-06,0.014275373305029418,colebrook
moody_eps4.00e-06_Re3.51e+05,956.2948426502709,3.5308204544985617,0.001,1000.0,0.1,4.003428272228385e-07,0.015341595984876997,353082.0454498562,4.003428272228385e-06,0.014074051979265279,colebrook
moody_eps4.00e-06_Re3.99e+05,1055.663311913285,3.971317843507641,0.001,1000.0,0.1,4.003428272228385e-07,0.013387088361611775,397131.7843507641,4.003428272228385e-06,0.01377485956793761,colebrook
moody_eps4.00e-06_Re4.54e+05,1451.237687015984,4.570321112517426,0.001,1000.0,0.1,4.003428272228385e-07,0.013895529929710446,457032.11125174264,4.003428272228385e-06,0.013430047582571745,colebrook
moody_eps4.00e-06_Re5.16e+05,1598.2179849944152,4.983873709196048,0.001,1000.0,0.1,4.003428272228385e-07,0.012868619255386389,498387.3709196047,4.003428272228385e-06,0.013224083637427867,colebrook
moody_eps4.00e-06_Re5.87e+05,2060.3471484769557,5.948314350996361,0.001,1000.0,0.1,4.003428272228385e-07,0.011646155198919742,594831.4350996361,4.003428272228385e-06,0.012818590005172114,colebrook
moody_eps4.00e-06_Re6.67e+05,2698.6259603857916,6.457793669622202,0.001,1000.0,0.1,4.003428272228385e-07,0.012942088333756532,645779.3669622202,4.003428272228385e-06,0.01263688779301042,colebrook
moody_eps4.00e-06_Re7.59e+05,3263.1347482778338,7.455256860165831,0.001,1000.0,0.1,4.003428272228385e-07,0.011741937964152082,745525.6860165831,4.003428272228385e-06,0.012329088244869715,colebrook
moody_eps4.00e-06_Re8.63e+05,4770.566485325094,9.140747061163044,0.001,1000.0,0.1,4.003428272228385e-07,0.011419223297733741,914074.7061163044,4.003428272228385e-06,0.01191280943353099,colebrook
moody_eps4.00e-06_Re9.81e+05,5443.571948715765,9.657430984222925,0.001,1000.0,0.1,4.003428272228385e-07,0.011673221778676692,965743.0984222925,4.003428272228385e-06,0.011804483615950788,colebrook
moody_eps4.00e-06_Re1.12e+06,7125.949913518692,11.18279554583853,0.001,1000.0,0.1,4.003428272228385e-07,0.011396513034291338,1118279.554583853,4.003428272228385e-06,0.011523547959928916,colebrook
moody_eps4.00e-06_Re1.27e+06,9057.922211853684,12.653156617031396,0.001,1000.0,0.1,4.003428272228385e-07,0.011315163014112822,1265315.6617031395,4.003428272228385e-06,0.011295663020066394,colebrook
moody_eps4.00e-06_Re1.44e+06,11482.76344406001,14.385041707213759,0.001,1000.0,0.1,4.003428272228385e-07,0.011098241295161178,1438504.1707213758,4.003428272228385e-06,0.01106722943660755,colebrook
moody_eps4.00e-06_Re1.64e+06,12952.091835806734,15.26976816076122,0.001,1000.0,0.1,4.003428272228385e-07,0.011109768878983772,1526976.816076122,4.003428272228385e-06,0.010963733370710974,colebrook
moody_eps4.00e-06_Re1.86e+06,16021.348925126442,17.87785013570108,0.001,1000.0,0.1,4.003428272228385e-07,0.010025325677205583,1787785.0135701082,4.003428272228385e-06,0.010698609978805075,colebrook
moody_eps4.00e-06_Re2.12e+06,24344.50732778971,22.10027783195856,0.001,1000.0,0.1,4.003428272228385e-07,0.009968630962265248,2210027.783195856,4.003428272228385e-06,0.010360585153148338,colebrook
moody_eps4.00e-06_Re2.41e+06,29336.178252459944,24.23988298606927,0.001,1000.0,0.1,4.003428272228385e-07,0.009985561561233779,2423988.298606927,4.003428272228385e-06,0.01021969816295915,colebrook
moody_eps4.00e-06_Re2.74e+06,36852.35876033678,26.861735239014205,0.001,1000.0,0.1,4.003428272228385e-07,0.010214736256657484,2686173.5239014206,4.003428272228385e-06,0.010067594150837727,colebrook
moody_eps4.00e-06_Re3.12e+06,45671.29661242611,30.206693765085262,0.001,1000.0,0.1,4.003428272228385e-07,0.010010757741365804,3020669.376508526,4.003428272228385e-06,0.009899458519431907,colebrook
moody_eps4.00e-06_Re3.54e+06,64319.52212790726,35.85147065309577,0.001,1000.0,0.1,4.003428272228385e-07,0.01000826633055027,3585147.0653095767,4.003428272228385e-06,0.009664679460736295,colebrook
moody_eps4.00e-06_Re4.03e+06,78225.93379033038,39.898189047108325,0.001,1000.0,0.1,4.003428272228385e-07,0.009828209018808091,3989818.9047108325,4.003428272228385e-06,0.009524422169154013,colebrook
moody_eps4.00e-06_Re4.58e+06,113392.74885822069,48.25462563457882,0.001,1000.0,0.1,4.003428272228385e-07,0.009739516056409723,4825462.563457882,4.003428272228385e-06,0.009286771440857896,colebrook
moody_eps4.00e-06_Re5.21e+06,130761.49564376828,53.03259246080752,0.001,1000.0,0.1,4.003428272228385e-07,0.009298741171993526,5303259.2460807515,4.003428272228385e-06,0.009174281231578759,colebrook
moody_eps4.00e-06_Re5.93e+06,199343.72953019518,64.53847351817708,0.001,1000.0,0.1,4.003428272228385e-07,0.00957183484617691,6453847.3518177075,4.003428272228385e-06,0.008951844829854469,colebrook
moody_eps4.00e-06_Re6.74e+06,198995.53725191494,65.8403508481268,0.001,1000.0,0.1,4.003428272228385e-07,0.009180980386489762,6584035.08481268,4.003428272228385e-06,0.008930083307173414,colebrook
moody_eps4.00e-06_Re7.66e+06,266823.6996899737,78.00272004945528,0.001,1000.0,0.1,4.003428272228385e-07,0.008770713053332366,7800272.004945527,4.003428272228385e-06,0.008751718536018797,colebrook
moody_eps4.00e-06_Re8.71e+06,335580.2180914764,87.5086642414679,0.001,1000.0,0.1,4.003428272228385e-07,0.008764441331468016,8750866.42414679,4.003428272228385e-06,0.008637120263320742,colebrook
moody_eps4.00e-06_Re9.90e+06,443622.2197761455,101.87155057607289,0.001,1000.0,0.1,4.003428272228385e-07,0.008549435755078005,10187155.05760729,4.003428272228385e-06,0.008493508716765397,colebrook
moody_eps4.00e-06_Re1.13e+07,566521.4700290418,113.7768741966163,0.001,1000.0,0.1,4.003428272228385e-07,0.00875262602538806,11377687.41966163,4.003428272228385e-06,0.008394607732447067,colebrook
moody_eps4.00e-06_Re1.28e+07,703918.274434002,129.28646488112292,0.001,1000.0,0.1,4.003428272228385e-07,0.008422598809483086,12928646.488112291,4.003428272228385e-06,0.008286003395047504,colebrook
moody_eps4.00e-06_Re1.46e+07,965013.1751348599,150.00361799984543,0.001,1000.0,0.1,4.003428272228385e-07,0.008577481107426541,15000361.799984543,4.003428272228385e-06,0.00816733302696855,colebrook
moody_eps4.00e-06_Re1.66e+07,1203644.4489828574,171.78045836403246,0.001,1000.0,0.1,4.003428272228385e-07,0.00815794359942405,17178045.836403247,4.003428272228385e-06,0.008066145046581943,colebrook
moody_eps4.00e-06_Re1.88e+07,1383335.0868739013,189.4441030446837,0.001,1000.0,0.1,4.003428272228385e-07,0.007708949588756865,18944410.304468367,4.003428272228385e-06,0.0079971885248608,colebrook
moody_eps4.00e-06_Re2.14e+07,1788028.6511062633,215.95605563352478,0.001,1000.0,0.1,4.003428272228385e-07,0.007667851544265487,21595605.563352477,4.003428272228385e-06,0.007910188067155497,colebrook
moody_eps4.00e-06_Re2.43e+07,2231371.305057984,236.05041359676386,0.001,1000.0,0.1,4.003428272228385e-07,0.008009258449576574,23605041.359676387,4.003428272228385e-06,0.007854470898600417,colebrook
moody_eps4.00e-06_Re2.77e+07,2997812.543944321,275.9453350695162,0.001,1000.0,0.1,4.003428272228385e-07,0.007873872081463371,27594533.506951623,4.003428272228385e-06,0.00776311492739639,colebrook
moody_eps4.00e-06_Re3.15e+07,3808337.955755788,308.852780426543,0.001,1000.0,0.1,4.003428272228385e-07,0.007984770646213791,30885278.0426543,4.003428272228385e-06,0.007702153291030302,colebrook
moody_eps4.00e-06_Re3.58e+07,5104181.263892998,359.40155514906604,0.001,1000.0,0.1,4.003428272228385e-07,0.007903076406447197,35940155.5149066,4.003428272228385e-06,0.00762643310016271,colebrook
moody_eps4.00e-06_Re4.07e+07,6549734.755587149,415.20977256703185,0.001,1000.0,0.1,4.003428272228385e-07,0.007598337412561894,41520977.25670318,4.003428272228385e-06,0.007560762090234872,colebrook
moody_eps4.00e-06_Re4.63e+07,7830008.266579948,456.08461404578594,0.001,1000.0,0.1,4.003428272228385e-07,0.007528377238804629,45608461.40457859,4.003428272228385e-06,0.007521264572964621,colebrook
moody_eps4.00e-06_Re5.26e+07,11074333.486439759,539.3302026407898,0.001,1000.0,0.1,4.003428272228385e-07,0.0076144424738330795,53933020.264078975,4.003428272228385e-06,0.007456730425941836,colebrook
moody_eps4.00e-06_Re5.98e+07,12765402.068797821,577.1335340642354,0.001,1000.0,0.1,4.003428272228385e-07,0.00766499498183861,57713353.40642354,4.003428272228385e-06,0.007432731304232563,colebrook
moody_eps4.00e-06_Re6.80e+07,17275193.411138244,675.8542775986332,0.001,1000.0,0.1,4.003428272228385e-07,0.007563917447658827,67585427.75986332,4.003428272228385e-06,0.007381163819210578,colebrook
moody_eps4.00e-06_Re7.73e+07,21483303.794413254,757.4242977277827,0.001,1000.0,0.1,4.003428272228385e-07,0.007489496111884181,75742429.77277827,4.003428272228385e-06,0.007347542193460452,colebrook
moody_eps4.00e-06_Re8.79e+07,27068580.70929054,858.6865931762508,0.001,1000.0,0.1,4.003428272228385e-07,0.007342198406016257,85868659.31762508,4.003428272228385e-06,0.007313760715152618,colebrook
moody_eps4.00e-06_Re1.00e+08,35445113.769107886,991.0989567368597,0.001,1000.0,0.1,4.003428272228385e-07,0.007216927331795324,99109895.67368597,4.003428272228385e-06,0.00727902163232485,colebrook
moody_eps5.28e-06_Re3.00e+02,0.009394816568296981,0.002949438081499684,0.001,1000.0,0.1,5.283460467023342e-07,0.2159930285875811,294.9438081499684,5.283460467023342e-06,0.21699048507388324,laminar
moody_eps5.28e-06_Re3.41e+02,0.010636543439687262,0.0032376467877220493,0.001,1000.0,0.1,5.283460467023342e-07,0.2029418330577525,323.76467877220495,5.283460467023342e-06,0.19767443515674316,laminar
moody_eps5.28e-06_Re3.88e+02,0.012606814683445057,0.003992309645799468,0.001,1000.0,0.1,5.283460467023342e-07,0.15819287844094007,399.23096457994683,5.283460467023342e-06,0.1603082067227375,laminar
moody_eps5.28e-06_Re4.41e+02,0.01328093748380888,0.00423160013276825,0.001,1000.0,0.1,5.283460467023342e-07,0.14833699739808892,423.160013276825,5.283460467023342e-06,0.15124302389633434,laminar
moody_eps5.28e-06_Re5.01e+02,0.016823407547425354,0.005159577983708283,0.001,1000.0,0.1,5.283460467023342e-07,0.1263908398454294,515.9577983708282,5.283460467023342e-06,0.12404115259442604,laminar
moody_eps5.28e-06_Re5.70e+02,0.01857726134306631,0.005651207681181194,0.001,1000.0,0.1,5.283460467023342e-07,0.11634002444028865,565.1207681181194,5.283460467023342e-06,0.11325012919472634,laminar
moody_eps5.28e-06_Re6.48e+02,0.019744218080756267,0.006284516897946258,0.001,1000.0,0.1,5.283460467023342e-07,0.0999829941686246,628.4516897946257,5.283460467023342e-06,0.10183758121632996,laminar
moody_eps5.28e-06_Re7.37e+02,0.023862269776499117,0.007478446858365061,0.001,1000.0,0.1,5.283460467023342e-07,0.08533337510236909,747.8446858365061,5.283460467023342e-06,0.08557926694152065,laminar
moody_eps5.28e-06_Re8.38e+02,0.024443165288918267,0.008236402515520713,0.001,1000.0,0.1,5.283460467023342e-07,0.07206299620550682,823.6402515520713,5.283460467023342e-06,0.07770382746520477,laminar
moody_eps5.28e-06_Re9.53e+02,0.031427801641094336,0.009726269682084444,0.001,1000.0,0.1,5.283460467023342e-07,0.06644332915653917,972.6269682084443,5.283460467023342e-06,0.06580117772992299,laminar
moody_eps5.28e-06_Re1.08e+03,0.03351591423823774,0.01028678228185247,0.001,1000.0,0.1,5.283460467023342e-07,0.06334640452337316,1028.6782281852468,5.283460467023342e-06,0.06221576217560884,laminar
moody_eps5.28e-06_Re1.23e+03,0.039753024474741695,0.01231933614715182,0.001,1000.0,0.1,5.283460467023342e-07,0.052387245079375054,1231.933614715182,5.283460467023342e-06,0.051950851276021504,laminar
moody_eps5.28e-06_Re1.40e+03,0.04512175510255153,0.014417032200344395,0.001,1000.0,0.1,5.283460467023342e-07,0.043417443003305044,1441.7032200344395,5.283460467023342e-06,0.04439193802901485,laminar
moody_eps5.28e-06_Re1.59e+03,0.053174628877335914,0.01627963511805119,0.001,1000.0,0.1,5.283460467023342e-07,0.040127779636716446,1627.9635118051192,5.283460467023342e-06,0.039312920428440985,laminar
moody_eps5.28e-06_Re1.81e+03,0.06230467693754028,0.01853770954139795,0.001,1000.0,0.1,5.283460467023342e-07,0.03626089321543059,1853.7709541397949,5.283460467023342e-06,0.03452422202272444,laminar
moody_eps5.28e-06_Re2.06e+03,0.06612065509168162,0.021013752451480943,0.001,1000.0,0.1,5.283460467023342e-07,0.029947454910906217,2101.375245148094,5.283460467023342e-06,0.03045624533160883,laminar
moody_eps5.28e-06_Re4.45e+03,0.4067292528484315,0.04699718454310137,0.001,1000.0,0.1,5.283460467023342e-07,0.036829152205282885,4699.718454310137,5.283460467023342e-06,0.03807314155300111,colebrook
moody_eps5.28e-06_Re5.06e+03,0.4531290679570904,0.04993429164305339,0.001,1000.0,0.1,5.283460467023342e-07,0.03634579155590584,4993.429164305339,5.283460467023342e-06,0.03741278582510473,colebrook
moody_eps5.28e-06_Re5.76e+03,0.6117856714635894,0.057395182758196016,0.001,1000.0,0.1,5.283460467023342e-07,0.03714312250257457,5739.5182758196015,5.283460467023342e-06,0.03595657814215412,colebrook
moody_eps5.28e-06_Re6.55e+03,0.8051812487347443,0.06806276514482074,0.001,1000.0,0.1,5.283460467023342e-07,0.034761977182319596,6806.276514482074,5.283460467023342e-06,0.03428193905299567,colebrook
moody_eps5.28e-06_Re7.44e+03,0.8830542796253957,0.0730883149338843,0.001,1000.0,0.1,5.283460467023342e-07,0.033061419547332674,7308.83149338843,5.283460467023342e-06,0.033615109316506415,colebrook
moody_eps5.28e-06_Re8.46e+03,1.1537894536076712,0.083121872086382,0.001,1000.0,0.1,5.283460467023342e-07,0.0333984205283029,8312.187208638199,5.283460467023342e-06,0.03245723539360511,colebrook
moody_eps5.28e-06_Re9.62e+03,1.4148982768418343,0.09365905288487164,0.001,1000.0,0.1,5.283460467023342e-07,0.032259355752174014,9365.905288487163,5.283460467023342e-06,0.03143344060855533,colebrook
moody_eps5.28e-06_Re1.09e+04,1.8125725314394987,0.1093258603504002,0.001,1000.0,0.1,5.283460467023342e-07,0.030330500881910884,10932.586035040022,5.283460467023342e-06,0.03017435235525884,colebrook
moody_eps5.28e-06_Re1.24e+04,2.409837978339612,0.13020574568212528,0.001,1000.0,0.1,5.283460467023342e-07,0.028428735441184644,13020.574568212529,5.283460467023342e-06,0.028837034043468192,colebrook
moody_eps5.28e-06_Re1.41e+04,2.955167302025102,0.14872064534056373,0.001,1000.0,0.1,5.283460467023342e-07,0.026722036069477866,14872.064534056373,5.283460467023342e-06,0.027876167874664272,colebrook
moody_eps5.28e-06_Re1.61e+04,3.230443401732939,0.15695018027037536,0.001,1000.0,0.1,5.283460467023342e-07,0.02622820046861129,15695.018027037535,5.283460467023342e-06,0.027500025385206222,colebrook
moody_eps5.28e-06_Re1.83e+04,4.333555138900773,0.17888111157693742,0.001,1000.0,0.1,5.283460467023342e-07,0.02708602983795399,17888.111157693744,5.283460467023342e-06,0.026616508083013947,colebrook
moody_eps5.28e-06_Re2.08e+04,5.821779299992347,0.21266331840644276,0.001,1000.0,0.1,5.283460467023342e-07,0.025745454350106788,21266.331840644278,5.283460467023342e-06,0.02550959924552731,colebrook
moody_eps5.28e-06_Re2.37e+04,6.808907469234735,0.2384225823088848,0.001,1000.0,0.1,5.283460467023342e-07,0.023955908913394795,23842.258230888478,5.283460467023342e-06,0.024814169019388006,colebrook
moody_eps5.28e-06_Re2.69e+04,8.20324254346717,0.25844436780189683,0.001,1000.0,0.1,5.283460467023342e-07,0.024562999747819513,25844.436780189684,5.283460467023342e-06,0.02434008391486786,colebrook
moody_eps5.28e-06_Re3.06e+04,11.619800028237696,0.31842059713353954,0.001,1000.0,0.1,5.283460467023342e-07,0.02292061914517709,31842.059713353952,5.283460467023342e-06,0.02317237757629038,colebrook
moody_eps5.28e-06_Re3.48e+04,12.25520545613468,0.33473382421678205,0.001,1000.0,0.1,5.283460467023342e-07,0.021875167833682922,33473.3824216782,5.283460467023342e-06,0.02290489215446569,colebrook
moody_eps5.28e-06_Re3.95e+04,17.425134396991055,0.387387861158619,0.001,1000.0,0.1,5.283460467023342e-07,0.023222775096381782,38738.7861158619,5.283460467023342e-06,0.022147999306713486,colebrook
moody_eps5.28e-06_Re4.50e+04,20.745897050382876,0.4467804450385925,0.001,1000.0,0.1,5.283460467023342e-07,0.02078614254884264,44678.044503859244,5.283460467023342e-06,0.0214435701877359,colebrook
moody_eps5.28e-06_Re5.11e+04,25.939218245202824,0.5019341210994466,0.001,1000.0,0.1,5.283460467023342e-07,0.02059175865598215,50193.41210994466,5.283460467023342e-06,0.02089264701581958,colebrook
moody_eps5.28e-06_Re5.81e+04,33.97945843444321,0.5859151148405495,0.001,1000.0,0.1,5.283460467023342e-07,0.0197959817690063,58591.51148405494,5.283460467023342e-06,0.020191858321196212,colebrook
moody_eps5.28e-06_Re6.61e+04,40.734104178052085,0.6435256278992838,0.001,1000.0,0.1,5.283460467023342e-07,0.019672360366887166,64352.562789928386,5.283460467023342e-06,0.019783636033845548,colebrook
moody_eps5.28e-06_Re7.52e+04,56.615066535947406,0.7621730783888361,0.001,1000.0,0.1,5.283460467023342e-07,0.01949192846007062,76217.30783888361,5.283460467023342e-06,0.019077109135312117,colebrook
moody_eps5.28e-06_Re8.55e+04,69.07152826008209,0.8687740113924797,0.001,1000.0,0.1,5.283460467023342e-07,0.01830271086573709,86877.40113924796,5.283460467023342e-06,0.018555645669453533,colebrook
moody_eps5.28e-06_Re9.72e+04,76.26950071835822,0.9234976752888794,0.001,1000.0,0.1,5.283460467023342e-07,0.017885837717773013,92349.76752888794,5.283460467023342e-06,0.018319474879027464,colebrook
moody_eps5.28e-06_Re1.10e+05,105.10623572231121,1.1143165681045228,0.001,1000.0,0.1,5.283460467023342e-07,0.01692938971338786,111431.65681045227,5.283460467023342e-06,0.017620450829477337,colebrook
moody_eps5.28e-06_Re1.26e+05,135.13827567613603,1.2658589787747494,0.001,1000.0,0.1,5.283460467023342e-07,0.01686699499230163,126585.89787747494,5.283460467023342e-06,0.017168186204615285,colebrook
moody_eps5.28e-06_Re1.43e+05,171.3235987980642,1.403769262180397,0.001,1000.0,0.1,5.283460467023342e-07,0.01738824404952085,140376.9262180397,5.283460467023342e-06,0.01681395402366747,colebrook
moody_eps5.28e-06_Re1.62e+05,227.1658331706779,1.6349976455123547,0.001,1000.0,0.1,5.283460467023342e-07,0.016995687787900043,163499.76455123548,5.283460467023342e-06,0.016311199653199118,colebrook
moody_eps5.28e-06_Re1.85e+05,267.0645646797743,1.7956288837248724,0.001,1000.0,0.1,5.283460467023342e-07,0.01656582610057856,179562.88837248724,5.283460467023342e-06,0.016013300673276217,colebrook
moody_eps5.28e-06_Re2.10e+05,328.93030939951035,2.1581661003426325,0.001,1000.0,0.1,5.283460467023342e-07,0.01412420967792748,215816.61003426326,5.283460467023342e-06,0.015452030317686693,colebrook
moody_eps5.28e-06_Re2.39e+05,450.4189047874116,2.381645934221019,0.001,1000.0,0.1,5.283460467023342e-07,0.01588152527896739,238164.5934221019,5.283460467023342e-06,0.015163477936690919,colebrook
moody_eps5.28e-06_Re2.72e+05,561.3706377260584,2.779400281413221,0.001,1000.0,0.1,5.283460467023342e-07,0.014533743613986854,277940.0281413221,5.283460467023342e-06,0.01472744450529311,colebrook
moody_eps5.28e-06_Re3.09e+05,653.5905281191124,3.065967753780802,0.001,1000.0,0.1,5.283460467023342e-07,0.013905947315760421,306596.77537808014,5.283460467023342e-06,0.014460316095851257,colebrook
moody_eps5.28e-06_Re3.51e+05,832.9130289979929,3.532441473154249,0.001,1000.0,0.1,5.283460467023342e-07,0.01334995191085436,353244.1473154249,5.283460467023342e-06,0.014087782678771456,colebrook
moody_eps5.28e-06_Re3.99e+05,1074.0505454521606,3.8720915303839756,0.001,1000.0,0.1,5.283460467023342e-07,0.014327271342480841,387209.15303839755,5.283460467023342e-06,0.013854219969417771,colebrook
moody_eps5.28e-06_Re4.54e+05,1370.390204504344,4.536204172812315,0.001,1000.0,0.1,5.283460467023342e-07,0.01331953470612683,453620.4172812315,5.283460467023342e-06,0.013465549218018416,colebrook
moody_eps5.28e-06_Re5.16e+05,1892.2121624871306,5.144785680566319,0.001,1000.0,0.1,5.283460467023342e-07,0.014297669363484776,514478.56805663183,5.283460467023342e-06,0.01316865944492069,colebrook
moody_eps5.28e-06_Re5.87e+05,2291.544701478593,6.053703320333889,0.001,1000.0,0.1,5.283460467023342e-07,0.01250593199284068,605370.3320333889,5.283460467023342e-06,0.012800347671666821,colebrook
moody_eps5.28e-06_Re6.67e+05,3062.910825939537,7.015139325926523,0.001,1000.0,0.1,5.283460467023342e-07,0.012447775492743382,701513.9325926523,5.283460467023342e-06,0.012480978680793646,colebrook
moody_eps5.28e-06_Re7.59e+05,3628.0839786066695,7.757911084841208,0.001,1000.0,0.1,5.283460467023342e-07,0.012056402301522098,775791.1084841207,5.283460467023342e-06,0.012270459949945885,colebrook
moody_eps5.28e-06_Re8.63e+05,4364.678328046188,8.388313088285381,0.001,1000.0,0.1,5.283460467023342e-07,0.012406034202793454,838831.308828538,5.283460467023342e-06,0.01211113895183,colebrook
moody_eps5.28e-06_Re9.81e+05,5317.67291372189,9.586559190535425,0.001,1000.0,0.1,5.283460467023342e-07,0.011572470973974316,958655.9190535424,5.283460467023342e-06,0.011846928423280938,colebrook
moody_eps5.28e-06_Re1.12e+06,7298.027373651949,11.459478251389044,0.001,1000.0,0.1,5.283460467023342e-07,0.0111149060017953,1145947.8251389044,5.283460467023342e-06,0.011509228149845247,colebrook
moody_eps5.28e-06_Re1.27e+06,8561.638919637453,12.155212757202916,0.001,1000.0,0.1,5.283460467023342e-07,0.011589421916953255,1215521.2757202915,5.283460467023342e-06,0.011401456911323894,colebrook
moody_eps5.28e-06_Re1.44e+06,10126.384454525978,13.598952129552767,0.001,1000.0,0.1,5.283460467023342e-07,0.010951497725467045,1359895.2129552767,5.283460467023342e-06,0.011201279302221402,colebrook
moody_eps5.28e-06_Re1.64e+06,13771.80347352358,16.22045862765118,0.001,1000.0,0.1,5.283460467023342e-07,0.010468743356927932,1622045.8627651178,5.283460467023342e-06,0.010899895523194588,colebrook
moody_eps5.28e-06_Re1.86e+06,17791.238589654688,18.032478792390517,0.001,1000.0,0.1,5.283460467023342e-07,0.010942720820628672,1803247.8792390516,5.283460467023342e-06,0.010726295843838333,colebrook
moody_eps5.28e-06_Re2.12e+06,23254.81482964591,21.389995972715397,0.001,1000.0,0.1,5.283460467023342e-07,0.010165329858354407,2138999.5972715397,5.283460467023342e-06,0.010457864101689775,colebrook
moody_eps5.28e-06_Re2.41e+06,32199.891685289913,24.495460818824064,0.001,1000.0,0.1,5.283460467023342e-07,0.010732803506472235,2449546.081882406,5.283460467023342e-06,0.010254600628423859,colebrook
moody_eps5.28e-06_Re2.74e+06,35370.51083493386,26.379422204869975,0.001,1000.0,0.1,5.283460467023342e-07,0.010165781480996984,2637942.2204869976,5.283460467023342e-06,0.010147117244894466,colebrook
moody_eps5.28e-06_Re3.12e+06,54791.16680198709,33.076062613353294,0.001,1000.0,0.1,5.283460467023342e-07,0.010016429391732841,3307606.2613353296,5.283460467023342e-06,0.009834453538390527,colebrook
moody_eps5.28e-06_Re3.54e+06,63672.759219174804,36.31988429586637,0.001,1000.0,0.1,5.283460467023342e-07,0.009653721221304404,3631988.4295866373,5.283460467023342e-06,0.009711862145013773,colebrook
moody_eps5.28e-06_Re4.03e+06,76994.99363568146,39.34930920275135,0.001,1000.0,0.1,5.283460467023342e-07,0.009945308471350328,3934930.920275135,5.283460467023342e-06,0.009609957290649977,colebrook
moody_eps5.28e-06_Re4.58e+06,102501.5622254462,46.73449758986816,0.001,1000.0,0.1,5.283460467023342e-07,0.009386103172310267,4673449.758986816,5.283460467023342e-06,0.009400622448581432,colebrook
moody_eps5.28e-06_Re5.21e+06,116394.25700973938,51.38592468713958,0.001,1000.0,0.1,5.283460467023342e-07,0.008816032772973773,5138592.468713958,5.283460467023342e-06,0.009290605485011358,colebrook
moody_eps5.28e-06_Re5.93e+06,158403.60722357157,59.52849304769156,0.001,1000.0,0.1,5.283460467023342e-07,0.00894015988440901,5952849.3047691565,5.283460467023342e-06,0.009127618855216468,colebrook
moody_eps5.28e-06_Re6.74e+06,206802.1694019669,67.1061554758905,0.001,1000.0,0.1,5.283460467023342e-07,0.009184602569493395,6710615.54758905,5.283460467023342e-06,0.009001571621363828,colebrook
moody_eps5.28e-06_Re7.66e+06,278584.66641605063,78.5146320311097,0.001,1000.0,0.1,5.283460467023342e-07,0.009038284448058527,7851463.203110971,5.283460467023342e-06,0.008845415957110641,colebrook
moody_eps5.28e-06_Re8.71e+06,390711.6338185012,93.20397484991946,0.001,1000.0,0.1,5.283460467023342e-07,0.008995337668281301,9320397.484991947,5.283460467023342e-06,0.0086863501941205,colebrook
moody_eps5.28e-06_Re9.90e+06,395987.62127132085,96.85447672021293,0.001,1000.0,0.1,5.283460467023342e-07,0.008442522124300971,9685447.672021294,5.283460467023342e-06,0.008652343002154896,colebrook
moody_eps5.28e-06_Re1.13e+07,605404.0070033002,120.77025200063439,0.001,1000.0,0.1,5.283460467023342e-07,0.00830147647952126,12077025.20006344,5.283460467023342e-06,0.008468328730391576,colebrook
moody_eps5.28e-06_Re1.28e+07,725908.4124428163,127.89056441998038,0.001,1000.0,0.1,5.283460467023342e-07,0.008876358146421374,12789056.441998038,5.283460467023342e-06,0.008423669842715812,colebrook
moody_eps5.28e-06_Re1.46e+07,972618.7562197951,153.30233037149253,0.001,1000.0,0.1,5.283460467023342e-07,0.008277041308650085,15330233.037149252,5.283460467023342e-06,0.008290618178454763,colebrook
moody_eps5.28e-06_Re1.66e+07,1090184.3786243722,166.77812249571994,0.001,1000.0,0.1,5.283460467023342e-07,0.00783883980784045,16677812.249571994,5.283460467023342e-06,0.008232947724435747,colebrook
moody_eps5.28e-06_Re1.88e+07,1356441.1759681527,183.2056121238541,0.001,1000.0,0.1,5.283460467023342e-07,0.008082643314142466,18320561.212385412,5.283460467023342e-06,0.008171698122259324,colebrook
moody_eps5.28e-06_Re2.14e+07,1832276.5578147061,214.03579329794485,0.001,1000.0,0.1,5.283460467023342e-07,0.00799923043173875,21403579.329794485,5.283460467023342e-06,0.008077197394935627,colebrook
moody_eps5.28e-06_Re2.43e+07,2555332.1280653854,244.5293644836098,0.001,1000.0,0.1,5.283460467023342e-07,0.008547031660599119,24452936.448360983,5.283460467023342e-06,0.008002892213673257,colebrook
moody_eps5.28e-06_Re2.77e+07,3153196.5339336526,280.66178325456633,0.001,1000.0,0.1,5.283460467023342e-07,0.00800597953473913,28066178.32545663,5.283460467023342e-06,0.007932176711353848,colebrook
moody_eps5.28e-06_Re3.15e+07,3881789.543367464,314.7341797687606,0.001,1000.0,0.1,5.283460467023342e-07,0.007837438803202958,31473417.976876058,5.283460467023342e-06,0.007877962668815188,colebrook
moody_eps5.28e-06_Re3.58e+07,5224708.849769003,371.3390304457743,0.001,1000.0,0.1,5.283460467023342e-07,0.0075779352740763745,37133903.044577435,5.283460467023342e-06,0.007806670918851736,colebrook
moody_eps5.28e-06_Re4.07e+07,6179353.600457335,405.3752851817877,0.001,1000.0,0.1,5.283460467023342e-07,0.0075207042201761425,40537528.51817877,5.283460467023342e-06,0.00777204325358972,colebrook
moody_eps5.28e-06_Re4.63e+07,8339299.811515897,463.8902818848479,0.001,1000.0,0.1,5.283460467023342e-07,0.0077504877533663055,46389028.188484795,5.283460467023342e-06,0.007722856184011275,colebrook
moody_eps5.28e-06_Re5.26e+07,11631367.66280131,540.8288579327619,0.001,1000.0,0.1,5.283460467023342e-07,0.007953184649097354,54082885.7932762,5.283460467023342e-06,0.007672500591622235,colebrook
moody_eps5.28e-06_Re5.98e+07,14928026.558827454,610.2282927081696,0.001,1000.0,0.1,5.283460467023342e-07,0.008017661483599928,61022829.27081696,5.283460467023342e-06,0.007636802656773161,colebrook
moody_eps5.28e-06_Re6.80e+07,19511856.824034367,713.4053865338333,0.001,1000.0,0.1,5.283460467023342e-07,0.007667536073804663,71340538.65338331,5.283460467023342e-06,0.007595337415926472,colebrook
moody_eps5.28e-06_Re7.73e+07,21857770.447918467,782.151651206243,0.001,1000.0,0.1,5.283460467023342e-07,0.0071458504566670605,78215165.12062429,5.283460467023342e-06,0.007573234714707853,colebrook
moody_eps5.28e-06_Re8.79e+07,29740966.37035219,887.9443368076452,0.001,1000.0,0.1,5.283460467023342e-07,0.007544206860507449,88794433.68076451,5.283460467023342e-06,0.007545359300591746,colebrook
moody_eps5.28e-06_Re1.00e+08,33591966.10182911,950.6067097821848,0.001,1000.0,0.1,5.283460467023342e-07,0.007434703755604139,95060670.97821848,5.283460467023342e-06,0.007531545869538512,colebrook
moody_eps6.97e-06_Re3.00e+02,0.009519312099031885,0.003087417582501827,0.001,1000.0,0.1,6.972762494645748e-07,0.1997306959435921,308.74175825018267,6.9727624946457475e-06,0.2072929828563679,laminar
moody_eps6.97e-06_Re3.41e+02,0.011510378778628677,0.0035461210406209777,0.001,1000.0,0.1,6.972762494645748e-07,0.1830680267123966,354.6121040620977,6.9727624946457475e-06,0.18047889304081022,laminar
moody_eps6.97e-06_Re3.88e+02,0.012274803591921922,0.003852289634171759,0.001,1000.0,0.1,6.972762494645748e-07,0.16542711019726863,385.22896341717586,6.9727624946457475e-06,0.16613496408029035,laminar
moody_eps6.97e-06_Re4.41e+02,0.013861006869510216,0.004521621441037453,0.001,1000.0,0.1,6.972762494645748e-07,0.13559272078756607,452.16214410374533,6.9727624946457475e-06,0.14154214552139877,laminar
moody_eps6.97e-06_Re5.01e+02,0.016649787311676465,0.005331588470981981,0.001,1000.0,0.1,6.972762494645748e-07,0.11714545550719298,533.1588470981981,6.9727624946457475e-06,0.12003927225128157,laminar
moody_eps6.97e-06_Re5.70e+02,0.018498603384215478,0.005572932412072836,0.001,1000.0,0.1,6.972762494645748e-07,0.11912458062438493,557.2932412072836,6.9727624946457475e-06,0.1148407970305805,laminar
moody_eps6.97e-06_Re6.48e+02,0.022108176702271855,0.006639488756018179,0.001,1000.0,0.1,6.972762494645748e-07,0.10030293545352571,663.9488756018179,6.9727624946457475e-06,0.09639296390401894,laminar
moody_eps6.97e-06_Re7.37e+02,0.024621228886244472,0.007607741490202501,0.001,1000.0,0.1,6.972762494645748e-07,0.08508014615904322,760.7741490202501,6.9727624946457475e-06,0.08412483531731632,laminar
moody_eps6.97e-06_Re8.38e+02,0.025455059371134743,0.008068349248292224,0.001,1000.0,0.1,6.972762494645748e-07,0.07820503813929801,806.8349248292225,6.9727624946457475e-06,0.07932229757350485,laminar
moody_eps6.97e-06_Re9.53e+02,0.030669922865586115,0.009589292682612669,0.001,1000.0,0.1,6.972762494645748e-07,0.0667067114159248,958.9292682612669,6.9727624946457475e-06,0.06674110606306237,laminar
moody_eps6.97e-06_Re1.08e+03,0.03365114066213188,0.010191601336858648,0.001,1000.0,0.1,6.972762494645748e-07,0.06479551282092769,1019.1601336858649,6.9727624946457475e-06,0.06279680482451709,laminar
moody_eps6.97e-06_Re1.23e+03,0.043406488080788924,0.0129816297132616,0.001,1000.0,0.1,6.972762494645748e-07,0.05151411115764418,1298.16297132616,6.9727624946457475e-06,0.0493004356260599,laminar
moody_eps6.97e-06_Re1.40e+03,0.04406864481007149,0.013592507398345477,0.001,1000.0,0.1,6.972762494645748e-07,0.047704630345315545,1359.2507398345476,6.9727624946457475e-06,0.04708476377786654,laminar
moody_eps6.97e-06_Re1.59e+03,0.050328143448080925,0.014950026590477655,0.001,1000.0,0.1,6.972762494645748e-07,0.045035706015406546,1495.0026590477653,6.9727624946457475e-06,0.04280928840672731,laminar
moody_eps6.97e-06_Re1.81e+03,0.055380708123030725,0.017094644572779857,0.001,1000.0,0.1,6.972762494645748e-07,0.037902543007964244,1709.4644572779857,6.9727624946457475e-06,0.03743862572136099,laminar
moody_eps6.97e-06_Re2.06e+03,0.07096472404492775,0.02133379526282323,0.001,1000.0,0.1,6.972762494645748e-07,0.03118431926699551,2133.3795262823232,6.9727624946457475e-06,0.029999350425720026,laminar
moody_eps6.97e-06_Re4.45e+03,0.3739248335911091,0.04499067649999532,0.001,1000.0,0.1,6.972762494645748e-07,0.036946155842051444,4499.0676499995325,6.9727624946457475e-06,0.038560602965964905,colebrook
moody_eps6.97e-06_Re5.06e+03,0.47139132216376894,0.05047884855528382,0.001,1000.0,0.1,6.972762494645748e-07,0.03699923112881955,5047.884855528382,6.9727624946457475e-06,0.037298260357450486,colebrook
moody_eps6.97e-06_Re5.76e+03,0.625080083868388,0.05821214293607662,0.001,1000.0,0.1,6.972762494645748e-07,0.03689253375420558,5821.214293607662,6.9727624946457475e-06,0.03581535864254149,colebrook
moody_eps6.97e-06_Re6.55e+03,0.8189439775613894,0.06677694886092811,0.001,1000.0,0.1,6.972762494645748e-07,0.0367308556958733,6677.6948860928105,6.9727624946457475e-06,0.0344658390059257,colebrook
moody_eps6.97e-06_Re7.44e+03,0.9478394598030644,0.0759277143810821,0.001,1000.0,0.1,6.972762494645748e-07,0.032882446884112106,7592.7714381082105,6.9727624946457475e-06,0.03326825075112064,colebrook
moody_eps6.97e-06_Re8.46e+03,1.2473891647391608,0.08888142160832219,0.001,1000.0,0.1,6.972762494645748e-07,0.03157984385956891,8888.142160832218,6.9727624946457475e-06,0.031879236564735625,colebrook
moody_eps6.97e-06_Re9.62e+03,1.4746847848684141,0.09705843080047233,0.001,1000.0,0.1,6.972762494645748e-07,0.03130852905654302,9705.843080047232,6.9727624946457475e-06,0.03113919192900797,colebrook
moody_eps6.97e-06_Re1.09e+04,1.6163537116022024,0.10215730675071258,0.001,1000.0,0.1,6.972762494645748e-07,0.030976156580183017,10215.730675071258,6.9727624946457475e-06,0.030719977239139485,colebrook
moody_eps6.97e-06_Re1.24e+04,2.278980070940461,0.12551779050683096,0.001,1000.0,0.1,6.972762494645748e-07,0.028930767263076803,12551.779050683097,6.9727624946457475e-06,0.029113348829223187,colebrook
moody_eps6.97e-06_Re1.41e+04,2.699216402768259,0.14088996780600485,0.001,1000.0,0.1,6.972762494645748e-07,0.027196158293027465,14088.996780600484,6.9727624946457475e-06,0.02826453472739595,colebrook
moody_eps6.97e-06_Re1.61e+04,3.716490618294007,0.1612805253014723,0.001,1000.0,0.1,6.972762494645748e-07,0.028575851341362805,16128.05253014723,6.9727624946457475e-06,0.027316044436877587,colebrook
moody_eps6.97e-06_Re1.83e+04,4.32024006805502,0.18196361936954641,0.001,1000.0,0.1,6.972762494645748e-07,0.026095687492604106,18196.36193695464,6.9727624946457475e-06,0.026507662524209084,colebrook
moody_eps6.97e-06_Re2.08e+04,5.709738314019899,0.2042503631259981,0.001,1000.0,0.1,6.972762494645748e-07,0.02737288200740356,20425.03631259981,6.9727624946457475e-06,0.025765597665401367,colebrook
moody_eps6.97e-06_Re2.37e+04,6.6413955566528635,0.22709639879651472,0.001,1000.0,0.1,6.972762494645748e-07,0.02575543255459345,22709.639879651473,6.9727624946457475e-06,0.02511077620383952,colebrook
moody_eps6.97e-06_Re2.69e+04,9.292995279557797,0.26983961617388286,0.001,1000.0,0.1,6.972762494645748e-07,0.02552550196517026,26983.961617388286,6.9727624946457475e-06,0.024096127351667083,colebrook
moody_eps6.97e-06_Re3.06e+04,11.696073368718869,0.3180717208692216,0.001,1000.0,0.1,6.972762494645748e-07,0.02312171067367991,31807.172086922157,6.9727624946457475e-06,0.023183053818682856,colebrook
moody_eps6.97e-06_Re3.48e+04,13.204721096987093,0.3320044560928823,0.001,1000.0,0.1,6.972762494645748e-07,0.023959149799453242,33200.44560928823,6.9727624946457475e-06,0.022953285680293225,colebrook
moody_eps6.97e-06_Re3.95e+04,18.017723915801103,0.41305769387664404,0.001,1000.0,0.1,6.972762494645748e-07,0.021120708935811444,41305.769387664404,6.9727624946457475e-06,0.02183253056205068,colebrook
moody_eps6.97e-06_Re4.50e+04,21.987947705205595,0.4597378752169444,0.001,1000.0,0.1,6.972762494645748e-07,0.02080626484925392,45973.78752169444,6.9727624946457475e-06,0.02131214573495361,colebrook
moody_eps6.97e-06_Re5.11e+04,24.86307757458171,0.49942992319585655,0.001,1000.0,0.1,6.972762494645748e-07,0.01993589611176475,49942.99231958565,6.9727624946457475e-06,0.020922002032901614,colebrook
moody_eps6.97e-06_Re5.81e+04,36.22279787679164,0.5977625958570308,0.001,1000.0,0.1,6.972762494645748e-07,0.020274703688578543,59776.25958570308,6.9727624946457475e-06,0.020110461101585885,colebrook
moody_eps6.97e-06_Re6.61e+04,46.09626953622252,0.6708161002322482,0.001,1000.0,0.1,6.972762494645748e-07,0.02048749312983919,67081.61002322483,6.9727624946457475e-06,0.01961393652260239,colebrook
moody_eps6.97e-06_Re7.52e+04,57.02158008882931,0.7667588125029359,0.001,1000.0,0.1,6.972762494645748e-07,0.019397764884021885,76675.88125029359,6.9727624946457475e-06,0.019060554012432653,colebrook
moody_eps6.97e-06_Re8.55e+04,68.58375991162316,0.8739693368932838,0.001,1000.0,0.1,6.972762494645748e-07,0.017958038346960054,87396.93368932838,6.9727624946457475e-06,0.01854082372554329,colebrook
moody_eps6.97e-06_Re9.72e+04,82.41621854324845,0.9706700816786441,0.001,1000.0,0.1,6.972762494645748e-07,0.01749441369164771,97067.00816786442,6.9727624946457475e-06,0.01813909328208079,colebrook
moody_eps6.97e-06_Re1.10e+05,102.41411297931357,1.075430921497628,0.001,1000.0,0.1,6.972762494645748e-07,0.017710252971689593,107543.0921497628,6.9727624946457475e-06,0.01775910302346898,colebrook
moody_eps6.97e-06_Re1.26e+05,152.93440834036943,1.2969676699098829,0.001,1000.0,0.1,6.972762494645748e-07,0.01818347577066478,129696.7669909883,6.9727624946457475e-06,0.017094672009458932,colebrook
moody_eps6.97e-06_Re1.43e+05,162.17432477016928,1.382744196260747,0.001,1000.0,0.1,6.972762494645748e-07,0.016964005533264357,138274.4196260747,6.9727624946457475e-06,0.016876023137624638,colebrook
moody_eps6.97e-06_Re1.62e+05,218.2133253624166,1.6208522194510298,0.001,1000.0,0.1,6.972762494645748e-07,0.016612095655431522,162085.22194510297,6.9727624946457475e-06,0.01635140808909303,colebrook
moody_eps6.97e-06_Re1.85e+05,283.62745296426476,1.8794989018405475,0.001,1000.0,0.1,6.972762494645748e-07,0.016058098146886426,187949.89018405473,6.9727624946457475e-06,0.015884450025036693,colebrook
moody_eps6.97e-06_Re2.10e+05,329.2138551149089,2.040043487168035,0.001,1000.0,0.1,6.972762494645748e-07,0.01582082947436987,204004.3487168035,6.9727624946457475e-06,0.01563461130895685,colebrook
moody_eps6.97e-06_Re2.39e+05,447.10392360022365,2.452749745758302,0.001,1000.0,0.1,6.972762494645748e-07,0.01486387341203481,245274.9745758302,6.9727624946457475e-06,0.015094574741146609,colebrook
moody_eps6.97e-06_Re2.72e+05,603.6680156206135,2.881290847280472,0.001,1000.0,0.1,6.972762494645748e-07,0.014542998603850651,288129.0847280472,6.9727624946457475e-06,0.014645850860740963,colebrook
moody_eps6.97e-06_Re3.09e+05,671.7352635532148,3.029298785534946,0.001,1000.0,0.1,6.972762494645748e-07,0.014640095910535719,302929.8785534946,6.9727624946457475e-06,0.014510502369991057,colebrook
moody_eps6.97e-06_Re3.51e+05,823.6950678983063,3.483622874325085,0.001,1000.0,0.1,6.972762494645748e-07,0.01357482357673599,348362.28743250854,6.9727624946457475e-06,0.01414317328012832,colebrook
moody_eps6.97e-06_Re3.99e+05,1151.7083804722922,3.9887157299797535,0.001,1000.0,0.1,6.972762494645748e-07,0.014477925947322551,398871.57299797534,6.9727624946457475e-06,0.013801179614053655,colebrook
moody_eps6.97e-06_Re4.54e+05,1524.0532749087356,4.820046126812541,0.001,1000.0,0.1,6.972762494645748e-07,0.013119816336833732,482004.61268125416,6.9727624946457475e-06,0.01334490986362714,colebrook
moody_eps6.97e-06_Re5.16e+05,1852.8729765260523,5.303247052360353,0.001,1000.0,0.1,6.972762494645748e-07,0.013176252978285462,530324.7052360354,6.9727624946457475e-06,0.013123969734478822,colebrook
moody_eps6.97e-06_Re5.87e+05,2343.0273701311194,5.918784832255901,0.001,1000.0,0.1,6.972762494645748e-07,0.013376492584479474,591878.4832255901,6.9727624946457475e-06,0.01287745032904212,colebrook
moody_eps6.97e-06_Re6.67e+05,2957.3799603199145,6.8457651022114385,0.001,1000.0,0.1,6.972762494645748e-07,0.012620981641771207,684576.5102211438,6.9727624946457475e-06,0.012562686433975056,colebrook
moody_eps6.97e-06_Re7.59e+05,3265.531577425459,7.3791560174074595,0.001,1000.0,0.1,6.972762494645748e-07,0.011994178226795034,737915.601740746,6.9727624946457475e-06,0.01240551100226991,colebrook
moody_eps6.97e-06_Re8.63e+05,4527.206825437727,8.611121577006225,0.001,1000.0,0.1,6.972762494645748e-07,0.01221070922731488,861112.1577006225,6.9727624946457475e-06,0.01209273637043967,colebrook
moody_eps6.97e-06_Re9.81e+05,5996.6619720492945,9.959469353035232,0.001,1000.0,0.1,6.972762494645748e-07,0.012091137645208977,995946.9353035231,6.9727624946457475e-06,0.011810791856592315,colebrook
moody_eps6.97e-06_Re1.12e+06,7088.315960888826,11.487617398892782,0.001,1000.0,0.1,6.972762494645748e-07,0.01074269233963625,1148761.7398892783,6.9727624946457475e-06,0.011545757367069823,colebrook
moody_eps6.97e-06_Re1.27e+06,9316.438255073572,13.032404129057952,0.001,1000.0,0.1,6.972762494645748e-07,0.010970611306804054,1303240.4129057953,6.9727624946457475e-06,0.011320819128770917,colebrook
moody_eps6.97e-06_Re1.44e+06,12456.515118448651,14.912670883844855,0.001,1000.0,0.1,6.972762494645748e-07,0.011202518984592725,1491267.0883844856,6.9727624946457475e-06,0.011089950440573405,colebrook
moody_eps6.97e-06_Re1.64e+06,14980.28826222488,16.712542770584047,0.001,1000.0,0.1,6.972762494645748e-07,0.01072667451269994,1671254.2770584049,6.9727624946457475e-06,0.01090216460128587,colebrook
moody_eps6.97e-06_Re1.86e+06,17914.905571342166,18.805996177609476,0.001,1000.0,0.1,6.972762494645748e-07,0.010130988725118218,1880599.6177609474,6.9727624946457475e-06,0.010714685686707203,colebrook
moody_eps6.97e-06_Re2.12e+06,24914.722951607448,21.911402015922157,0.001,1000.0,0.1,6.972762494645748e-07,0.010378766078946368,2191140.201592216,6.9727624946457475e-06,0.010482289910869138,colebrook
moody_eps6.97e-06_Re2.41e+06,26857.496170984014,22.307676387580727,0.001,1000.0,0.1,6.972762494645748e-07,0.010794110181668532,2230767.6387580726,6.9727624946457475e-06,0.010455792438853305,colebrook
moody_eps6.97e-06_Re2.74e+06,40855.356390415785,28.828370537674576,0.001,1000.0,0.1,6.972762494645748e-07,0.009831930681039571,2882837.0537674576,6.9727624946457475e-06,0.010093778130980143,colebrook
moody_eps6.97e-06_Re3.12e+06,50793.32994154016,32.32663789631805,0.001,1000.0,0.1,6.972762494645748e-07,0.00972110432894007,3232663.789631805,6.9727624946457475e-06,0.009942235448915098,colebrook
moody_eps6.97e-06_Re3.54e+06,53760.76716217947,33.11439875241688,0.001,1000.0,0.1,6.972762494645748e-07,0.00980531849413982,3311439.875241688,6.9727624946457475e-06,0.009911163183517431,colebrook
moody_eps6.97e-06_Re4.03e+06,80292.41598144261,40.69891467983864,0.001,1000.0,0.1,6.972762494645748e-07,0.009694800253904309,4069891.4679838633,6.9727624946457475e-06,0.009656035416387165,colebrook
moody_eps6.97e-06_Re4.58e+06,101428.55755966404,45.96953013055313,0.001,1000.0,0.1,6.972762494645748e-07,0.009599533213510602,4596953.013055313,6.9727624946457475e-06,0.009514546023709568,colebrook
moody_eps6.97e-06_Re5.21e+06,128026.85579301378,52.44793891284301,0.001,1000.0,0.1,6.972762494645748e-07,0.009308382550082196,5244793.891284301,6.9727624946457475e-06,0.009368907489016918,colebrook
moody_eps6.97e-06_Re5.93e+06,155530.1830341909,58.19133407585934,0.001,1000.0,0.1,6.972762494645748e-07,0.00918603405551104,5819133.407585934,6.9727624946457475e-06,0.009259576549813844,colebrook
moody_eps6.97e-06_Re6.74e+06,200905.42686341377,66.66507660644393,0.001,1000.0,0.1,6.972762494645748e-07,0.00904117548411553,6666507.6606443925,6.9727624946457475e-06,0.009123713252335025,colebrook
moody_eps6.97e-06_Re7.66e+06,243817.58751070083,74.11339747642384,0.001,1000.0,0.1,6.972762494645748e-07,0.008877722801683934,7411339.747642384,6.9727624946457475e-06,0.009023415441014274,colebrook
moody_eps6.97e-06_Re8.71e+06,341620.2521278613,87.32224357669013,0.001,1000.0,0.1,6.972762494645748e-07,0.008960326469275172,8732224.357669013,6.9727624946457475e-06,0.008877536481964913,colebrook
moody_eps6.97e-06_Re9.90e+06,426402.0166378316,98.85667648029643,0.001,1000.0,0.1,6.972762494645748e-07,0.008726442562573957,9885667.648029642,6.9727624946457475e-06,0.00877465619505485,colebrook
moody_eps6.97e-06_Re1.13e+07,581228.0111031466,114.44323906277072,0.001,1000.0,0.1,6.972762494645748e-07,0.008875569919951849,11444323.906277072,6.9727624946457475e-06,0.008661331726679471,colebrook
moody_eps6.97e-06_Re1.28e+07,694212.1710369396,130.6995776784142,0.001,1000.0,0.1,6.972762494645748e-07,0.008127815761931782,13069957.76784142,6.9727624946457475e-06,0.008565902492609826,colebrook
moody_eps6.97e-06_Re1.46e+07,895840.8604081105,143.63715434906416,0.001,1000.0,0.1,6.972762494645748e-07,0.008684149229238622,14363715.434906416,6.9727624946457475e-06,0.008502241194195806,colebrook
moody_eps6.97e-06_Re1.66e+07,1212513.9217861828,168.15193546853342,0.001,1000.0,0.1,6.972762494645748e-07,0.008576557199730564,16815193.54685334,6.9727624946457475e-06,0.008403415716912173,colebrook
moody_eps6.97e-06_Re1.88e+07,1466835.8742184862,190.05055047219219,0.001,1000.0,0.1,6.972762494645748e-07,0.008122192062159013,19005055.047219217,6.9727624946457475e-06,0.00833285538041182,colebrook
moody_eps6.97e-06_Re2.14e+07,1953081.2478211354,222.06941218283194,0.001,1000.0,0.1,6.972762494645748e-07,0.00792086880270986,22206941.218283195,6.9727624946457475e-06,0.008250621768192756,colebrook
moody_eps6.97e-06_Re2.43e+07,2573544.635082233,250.7206362175184,0.001,1000.0,0.1,6.972762494645748e-07,0.008188069839635125,25072063.62175184,6.9727624946457475e-06,0.008192093249359081,colebrook
moody_eps6.97e-06_Re2.77e+07,2829936.3597047795,264.8173845513256,0.001,1000.0,0.1,6.972762494645748e-07,0.008070746023991682,26481738.45513256,6.9727624946457475e-06,0.008167237187519357,colebrook
moody_eps6.97e-06_Re3.15e+07,4226268.120730073,326.28987406744534,0.001,1000.0,0.1,6.972762494645748e-07,0.007939256786459778,32628987.406744532,6.9727624946457475e-06,0.008080645171089347,colebrook
moody_eps6.97e-06_Re3.58e+07,4757569.042712764,345.0913153227911,0.001,1000.0,0.1,6.972762494645748e-07,0.007990004714260694,34509131.53227911,6.9727624946457475e-06,0.00805952851823688,colebrook
moody_eps6.97e-06_Re4.07e+07,6081318.957733675,397.0405454717762,0.001,1000.0,0.1,6.972762494645748e-07,0.007715393133672697,39704054.54717762,6.9727624946457475e-06,0.008010357893734646,colebrook
moody_eps6.97e-06_Re4.63e+07,8956987.78300974,468.79253022659856,0.001,1000.0,0.1,6.972762494645748e-07,0.008151370090799108,46879253.02265985,6.9727624946457475e-06,0.007958502493468349,colebrook
moody_eps6.97e-06_Re5.26e+07,10786019.272891585,517.4618212770847,0.001,1000.0,0.1,6.972762494645748e-07,0.008056280189769935,51746182.12770847,6.9727624946457475e-06,0.007930715411166833,colebrook
moody_eps6.97e-06_Re5.98e+07,13763478.119792493,591.3040765669609,0.001,1000.0,0.1,6.972762494645748e-07,0.007872931018100368,59130407.656696096,6.9727624946457475e-06,0.0078965175529847,colebrook
moody_eps6.97e-06_Re6.80e+07,19166536.36475017,682.7281778447255,0.001,1000.0,0.1,6.972762494645748e-07,0.00822390297525818,68272817.78447254,6.9727624946457475e-06,0.007863614844875383,colebrook
moody_eps6.97e-06_Re7.73e+07,23446625.666527066,785.3072238611628,0.001,1000.0,0.1,6.972762494645748e-07,0.007603808322585541,78530722.38611628,6.9727624946457475e-06,0.007835170290179832,colebrook
moody_eps6.97e-06_Re8.79e+07,30953546.101250548,893.1697373040652,0.001,1000.0,0.1,6.972762494645748e-07,0.007760190919285577,89316973.73040652,6.9727624946457475e-06,0.007811856041680027,colebrook
moody_eps6.97e-06_Re1.00e+08,36959583.41467775,986.1066043052061,0.001,1000.0,0.1,6.972762494645748e-07,0.007601675530723475,98610660.43052061,6.9727624946457475e-06,0.007795616030282522,colebrook
moody_eps9.20e-06_Re3.00e+02,0.009575151118359876,0.002997637507087374,0.001,1000.0,0.1,9.202191841917987e-07,0.2131166615336734,299.7637507087374,9.202191841917986e-06,0.21350146523281593,laminar
moody_eps9.20e-06_Re3.41e+02,0.01034410430545631,0.003370295195404125,0.001,1000.0,0.1,9.202191841917987e-07,0.18213231354230333,337.0295195404125,9.202191841917986e-06,0.18989434541898012,laminar
moody_eps9.20e-06_Re3.88e+02,0.011837760921183315,0.0036851239285530767,0.001,1000.0,0.1,9.202191841917987e-07,0.17433932703344285,368.51239285530767,9.202191841917986e-06,0.17367122854163794,laminar
moody_eps9.20e-06_Re4.41e+02,0.015149441329170118,0.004434074818584721,0.001,1000.0,0.1,9.202191841917987e-07,0.15410636596571534,443.4074818584721,9.202191841917986e-06,0.14433676159850561,laminar
moody_eps9.20e-06_Re5.01e+02,0.0164587952841131,0.00498815683544163,0.001,1000.0,0.1,9.202191841917987e-07,0.132296342978756,498.815683544163,9.202191841917986e-06,0.1283039048517281,laminar
moody_eps9.20e-06_Re5.70e+02,0.01887908691207638,0.005910532859443891,0.001,1000.0,0.1,9.202191841917987e-07,0.10808307928023962,591.0532859443891,9.202191841917986e-06,0.10828126925602037,laminar
moody_eps9.20e-06_Re6.48e+02,0.02053011687059757,0.0064989292073576056,0.001,1000.0,0.1,9.202191841917987e-07,0.09721601276064777,649.8929207357605,9.202191841917986e-06,0.09847776142498052,laminar
moody_eps9.20e-06_Re7.37e+02,0.02378225072890738,0.007775997067945053,0.001,1000.0,0.1,9.202191841917987e-07,0.07866304845807023,777.5997067945053,9.202191841917986e-06,0.08230455778311288,laminar
moody_eps9.20e-06_Re8.38e+02,0.027930674988391475,0.008373324911861909,0.001,1000.0,0.1,9.202191841917987e-07,0.07967380159271989,837.3324911861909,9.202191841917986e-06,0.07643319789171879,laminar
moody_eps9.20e-06_Re9.53e+02,0.029888871857006626,0.009501631755685976,0.001,1000.0,0.1,9.202191841917987e-07,0.06621297917341944,950.1631755685975,9.202191841917986e-06,0.06735685158678252,laminar
moody_eps9.20e-06_Re1.08e+03,0.035484443766426454,0.010914955865192246,0.001,1000.0,0.1,9.202191841917987e-07,0.059569510253235904,1091.4955865192246,9.202191841917986e-06,0.0586351431837629,laminar
moody_eps9.20e-06_Re1.23e+03,0.040456381216387394,0.01253624786942546,0.001,1000.0,0.1,9.202191841917987e-07,0.05148513876389244,1253.624786942546,9.202191841917986e-06,0.05105195802333249,laminar
moody_eps9.20e-06_Re1.40e+03,0.047185143099654145,0.014332894878983067,0.001,1000.0,0.1,9.202191841917987e-07,0.04593750892756071,1433.2894878983066,9.202191841917986e-06,0.044652528704334477,laminar
moody_eps9.20e-06_Re1.59e+03,0.048768547600054876,0.015414390692399492,0.001,1000.0,0.1,9.202191841917987e-07,0.04105037158912644,1541.439069239949,9.202191841917986e-06,0.04151964309011387,laminar
moody_eps9.20e-06_Re1.81e+03,0.06039230457947046,0.01859796709278303,0.001,1000.0,0.1,9.202191841917987e-07,0.034920515683432775,1859.7967092783028,9.202191841917986e-06,0.034412363287187074,laminar
moody_eps9.20e-06_Re2.06e+03,0.0677468684507894,0.02074806646641955,0.001,1000.0,0.1,9.202191841917987e-07,0.031474871053267496,2074.806646641955,9.202191841917986e-06,0.030846247819565784,laminar
moody_eps9.20e-06_Re4.45e+03,0.3924183181104303,0.04581908814475095,0.001,1000.0,0.1,9.202191841917987e-07,0.0373840530091059,4581.908814475095,9.202191841917986e-06,0.03835886398988173,colebrook
moody_eps9.20e-06_Re5.06e+03,0.43327143355979625,0.04880249065069176,0.001,1000.0,0.1,9.202191841917987e-07,0.03638363430499261,4880.249065069176,9.202191841917986e-06,0.03766493329821968,colebrook
moody_eps9.20e-06_Re5.76e+03,0.634939687168577,0.060873833779368454,0.001,1000.0,0.1,9.202191841917987e-07,0.03426897866725795,6087.383377936845,9.202191841917986e-06,0.03537033626034458,colebrook
moody_eps9.20e-06_Re6.55e+03,0.7296482965357929,0.06500466937877442,0.001,1000.0,0.1,9.202191841917987e-07,0.03453460245823339,6500.4669378774415,9.202191841917986e-06,0.034727300660768845,colebrook
moody_eps9.20e-06_Re7.44e+03,0.9279341310781453,0.07677522833605747,0.001,1000.0,0.1,9.202191841917987e-07,0.03148508798810505,7677.522833605747,9.202191841917986e-06,0.033170590980188604,colebrook
moody_eps9.20e-06_Re8.46e+03,1.1976202084692928,0.08454007708906025,0.001,1000.0,0.1,9.202191841917987e-07,0.033513812243891467,8454.007708906025,9.202191841917986e-06,0.032314821961768055,colebrook
moody_eps9.20e-06_Re9.62e+03,1.5507952986206281,0.09951458975005538,0.001,1000.0,0.1,9.202191841917987e-07,0.0313192214413325,9951.458975005538,9.202191841917986e-06,0.030936993014530973,colebrook
moody_eps9.20e-06_Re1.09e+04,1.8787738500436413,0.10857949922763266,0.001,1000.0,0.1,9.202191841917987e-07,0.03187196455386328,10857.949922763266,9.202191841917986e-06,0.03023488124129569,colebrook
moody_eps9.20e-06_Re1.24e+04,2.132109300315507,0.11834521351284977,0.001,1000.0,0.1,9.202191841917987e-07,0.0304465483722497,11834.521351284977,9.202191841917986e-06,0.029563576368735165,colebrook
moody_eps9.20e-06_Re1.41e+04,2.954670738592862,0.14366197746925746,0.001,1000.0,0.1,9.202191841917987e-07,0.028632245336648158,14366.197746925745,9.202191841917986e-06,0.028129038505190444,colebrook
moody_eps9.20e-06_Re1.61e+04,3.609723176056878,0.16217007133309985,0.001,1000.0,0.1,9.202191841917987e-07,0.027451272316444307,16217.007133309984,9.202191841917986e-06,0.027282817618676708,colebrook
moody_eps9.20e-06_Re1.83e+04,4.49444081568601,0.18811406365836858,0.001,1000.0,0.1,9.202191841917987e-07,0.02540172038538357,18811.406365836858,9.202191841917986e-06,0.026295774137694825,colebrook
moody_eps9.20e-06_Re2.08e+04,5.223036752371448,0.2003732385386545,0.001,1000.0,0.1,9.202191841917987e-07,0.026017984006377646,20037.323853865448,9.202191841917986e-06,0.02589149132356295,colebrook
moody_eps9.20e-06_Re2.37e+04,7.010249541187473,0.23689012358213601,0.001,1000.0,0.1,9.202191841917987e-07,0.024984436817527808,23689.012358213604,9.202191841917986e-06,0.024862068755434556,colebrook
moody_eps9.20e-06_Re2.69e+04,9.325504869076637,0.2820821678022835,0.001,1000.0,0.1,9.202191841917987e-07,0.023439647909878465,28208.21678022835,9.202191841917986e-06,0.023850572572840557,colebrook
moody_eps9.20e-06_Re3.06e+04,11.519273647865859,0.3127732524306477,0.001,1000.0,0.1,9.202191841917987e-07,0.023550269347167543,31277.32524306477,9.202191841917986e-06,0.023280214262391217,colebrook
moody_eps9.20e-06_Re3.48e+04,14.930371187887667,0.3733025892438694,0.001,1000.0,0.1,9.202191841917987e-07,0.021427849932826162,37330.25892438694,9.202191841917986e-06,0.022348452386666617,colebrook
moody_eps9.20e-06_Re3.95e+04,16.51942673291021,0.38895581624198805,0.001,1000.0,0.1,9.202191841917987e-07,0.021838581587477753,38895.58162419881,9.202191841917986e-06,0.022139910928298655,colebrook
moody_eps9.20e-06_Re4.50e+04,22.667760294490677,0.46774233242770136,0.001,1000.0,0.1,9.202191841917987e-07,0.02072169385973669,46774.23324277013,9.202191841917986e-06,0.0212377173491755,colebrook
moody_eps9.20e-06_Re5.11e+04,31.183848835096768,0.5372649131914679,0.001,1000.0,0.1,9.202191841917987e-07,0.021606416996205104,53726.491319146786,9.202191841917986e-06,0.020594974800904622,colebrook
moody_eps9.20e-06_Re5.81e+04,36.2892560803884,0.5965570635588676,0.001,1000.0,0.1,9.202191841917987e-07,0.02039407801607298,59655.70635588676,9.202191841917986e-06,0.020128229534022463,colebrook
moody_eps9.20e-06_Re6.61e+04,39.779299116485255,0.6307910670026915,0.001,1000.0,0.1,9.202191841917987e-07,0.01999475346894169,63079.10670026915,9.202191841917986e-06,0.019885790419034856,colebrook
moody_eps9.20e-06_Re7.52e+04,49.55112609376693,0.719958381875053,0.001,1000.0,0.1,9.202191841917987e-07,0.01911915701895892,71995.8381875053,9.202191841917986e-06,0.01932828581724549,colebrook
moody_eps9.20e-06_Re8.55e+04,68.16892534061724,0.8597658605636582,0.001,1000.0,0.1,9.202191841917987e-07,0.01844403980202895,85976.58605636582,9.202191841917986e-06,0.018615739148935367,colebrook
moody_eps9.20e-06_Re9.72e+04,89.81474925889775,0.9997895047350114,0.001,1000.0,0.1,9.202191841917987e-07,0.017970514471948897,99978.95047350114,9.202191841917986e-06,0.018040290440128986,colebrook
moody_eps9.20e-06_Re1.10e+05,96.1351991348106,1.0547052723262333,0.001,1000.0,0.1,9.202191841917987e-07,0.017284236173236767,105470.52723262332,9.202191841917986e-06,0.017842738148359842,colebrook
moody_eps9.20e-06_Re1.26e+05,125.65982671318186,1.2091953010920233,0.001,1000.0,0.1,9.202191841917987e-07,0.01718832474817121,120919.53010920233,9.202191841917986e-06,0.01735226891352515,colebrook
moody_eps9.20e-06_Re1.43e+05,185.96353447996114,1.4829797573087762,0.001,1000.0,0.1,9.202191841917987e-07,0.016911702947952707,148297.97573087763,9.202191841917986e-06,0.016657048879403936,colebrook
moody_eps9.20e-06_Re1.62e+05,211.51219537390213,1.6409324864440404,0.001,1000.0,0.1,9.202191841917987e-07,0.015710282065739236,164093.24864440403,9.202191841917986e-06,0.016327925265739868,colebrook
moody_eps9.20e-06_Re1.85e+05,309.17708320972366,1.9829939901745142,0.001,1000.0,0.1,9.202191841917987e-07,0.015725139085545785,198299.3990174514,9.202191841917986e-06,0.015738478004439373,colebrook
moody_eps9.20e-06_Re2.10e+05,381.34859838700726,2.258032369811494,0.001,1000.0,0.1,9.202191841917987e-07,0.014958630111975244,225803.23698114938,9.202191841917986e-06,0.01535300225705575,colebrook
moody_eps9.20e-06_Re2.39e+05,454.0404743812876,2.3476258587102183,0.001,1000.0,0.1,9.202191841917987e-07,0.016476569527249553,234762.58587102185,9.202191841917986e-06,0.015240395454057148,colebrook
moody_eps9.20e-06_Re2.72e+05,522.167496868318,2.6291054033486483,0.001,1000.0,0.1,9.202191841917987e-07,0.015108586493987879,262910.5403348648,9.202191841917986e-06,0.014919991865541684,colebrook
moody_eps9.20e-06_Re3.09e+05,661.3590104092227,3.0562871100722866,0.001,1000.0,0.1,9.202191841917987e-07,0.014160512472451401,305628.71100722865,9.202191841917986e-06,0.014510313164911913,colebrook
moody_eps9.20e-06_Re3.51e+05,951.9965904061487,3.7457912656032177,0.001,1000.0,0.1,9.202191841917987e-07,0.01356994987175645,374579.1265603217,9.202191841917986e-06,0.013984949439581808,colebrook
moody_eps9.20e-06_Re3.99e+05,1196.033880602426,4.100779430111603,0.001,1000.0,0.1,9.202191841917987e-07,0.014224619469696241,410077.94301116036,9.202191841917986e-06,0.013761087336317406,colebrook
moody_eps9.20e-06_Re4.54e+05,1244.52444264449,4.4032965869709875,0.001,1000.0,0.1,9.202191841917987e-07,0.012837414053805195,440329.6586970987,9.202191841917986e-06,0.013589271743133988,colebrook
moody_eps9.20e-06_Re5.16e+05,1559.0135735339188,4.892688017677717,0.001,1000.0,0.1,9.202191841917987e-07,0.01302521331034732,489268.80176777166,9.202191841917986e-06,0.01334143316711502,colebrook
moody_eps9.20e-06_Re5.87e+05,2277.03565779293,5.90792402070444,0.001,1000.0,0.1,9.202191841917987e-07,0.013047581685493605,590792.4020704441,9.202191841917986e-06,0.01291693887657758,colebrook
moody_eps9.20e-06_Re6.67e+05,2779.6739333801256,6.63525224744064,0.001,1000.0,0.1,9.202191841917987e-07,0.012627255689749824,663525.2247440639,9.202191841917986e-06,0.012667210764611858,colebrook
moody_eps9.20e-06_Re7.59e+05,3850.782753888242,7.812640669604192,0.001,1000.0,0.1,9.202191841917987e-07,0.012617790539312395,781264.0669604192,9.202191841917986e-06,0.012330343507893417,colebrook
moody_eps9.20e-06_Re8.63e+05,4526.7858888525525,8.726267628629328,0.001,1000.0,0.1,9.202191841917987e-07,0.011889480867013833,872626.7628629329,9.202191841917986e-06,0.012111592623204244,colebrook
moody_eps9.20e-06_Re9.81e+05,6004.351120847667,10.041794355579688,0.001,1000.0,0.1,9.202191841917987e-07,0.011908948851393715,1004179.4355579687,9.202191841917986e-06,0.011844384003636833,colebrook
moody_eps9.20e-06_Re1.12e+06,6836.051698090989,10.90746152976732,0.001,1000.0,0.1,9.202191841917987e-07,0.011491797227340938,1090746.152976732,9.202191841917986e-06,0.011692415369700544,colebrook
moody_eps9.20e-06_Re1.27e+06,10398.829694967153,13.160173426268084,0.001,1000.0,0.1,9.202191841917987e-07,0.012008568406198732,1316017.3426268084,9.202191841917986e-06,0.011361824070160868,colebrook
moody_eps9.20e-06_Re1.44e+06,10634.334457727105,14.195107844351474,0.001,1000.0,0.1,9.202191841917987e-07,0.010555113752697423,1419510.7844351474,9.202191841917986e-06,0.01123408547871329,colebrook
moody_eps9.20e-06_Re1.64e+06,14873.743319743991,16.690949369629884,0.001,1000.0,0.1,9.202191841917987e-07,0.010677957762508468,1669094.9369629885,9.202191841917986e-06,0.010971263871728577,colebrook
moody_eps9.20e-06_Re1.86e+06,19339.707883676114,19.061510975799322,0.001,1000.0,0.1,9.202191841917987e-07,0.010645480252420538,1906151.0975799323,9.202191841917986e-06,0.010766227281540456,colebrook
moody_eps9.20e-06_Re2.12e+06,27104.093882734003,22.66989192572596,0.001,1000.0,0.1,9.202191841917987e-07,0.010547899645370597,2266989.192572596,9.202191841917986e-06,0.010512441065993996,colebrook
moody_eps9.20e-06_Re2.41e+06,30732.507569850633,24.771375720298057,0.001,1000.0,0.1,9.202191841917987e-07,0.010016770876949665,2477137.5720298057,9.202191841917986e-06,0.010388634664750462,colebrook
moody_eps9.20e-06_Re2.74e+06,33022.688018552,25.19077951806449,0.001,1000.0,0.1,9.202191841917987e-07,0.010407806365571105,2519077.951806449,9.202191841917986e-06,0.010365637023590538,colebrook
moody_eps9.20e-06_Re3.12e+06,50815.86669369512,31.417629649064903,0.001,1000.0,0.1,9.202191841917987e-07,0.010296331127382846,3141762.96490649,9.202191841917986e-06,0.010076224525982018,colebrook
moody_eps9.20e-06_Re3.54e+06,58150.39694088977,34.86032875285801,0.001,1000.0,0.1,9.202191841917987e-07,0.0095701715415044,3486032.875285801,9.202191841917986e-06,0.00994834579276426,colebrook
moody_eps9.20e-06_Re4.03e+06,73766.20541094673,38.41325072042092,0.001,1000.0,0.1,9.202191841917987e-07,0.009998280519768806,3841325.0720420917,9.202191841917986e-06,0.009833735800898484,colebrook
moody_eps9.20e-06_Re4.58e+06,102617.2136613587,46.81387240192047,0.001,1000.0,0.1,9.202191841917987e-07,0.009364855481408424,4681387.240192047,9.202191841917986e-06,0.00961415655930504,colebrook
moody_eps9.20e-06_Re5.21e+06,122498.06207829187,51.28936031120245,0.001,1000.0,0.1,9.202191841917987e-07,0.009313322649343446,5128936.031120245,9.202191841917986e-06,0.009519015991808743,colebrook
moody_eps9.20e-06_Re5.93e+06,148644.56109153878,55.97592352985001,0.001,1000.0,0.1,9.202191841917987e-07,0.009488039486689148,5597592.352985,9.202191841917986e-06,0.00943153192504127,colebrook
moody_eps9.20e-06_Re6.74e+06,219030.6603327164,69.10394962022882,0.001,1000.0,0.1,9.202191841917987e-07,0.009173375432946445,6910394.962022881,9.202191841917986e-06,0.009235047942745971,colebrook
moody_eps9.20e-06_Re7.66e+06,245928.6341701571,73.40637262890345,0.001,1000.0,0.1,9.202191841917987e-07,0.009127914544196975,7340637.262890345,9.202191841917986e-06,0.009182384378050218,colebrook
moody_eps9.20e-06_Re8.71e+06,395464.83262554783,90.74661027801316,0.001,1000.0,0.1,9.202191841917987e-07,0.009604550443995951,9074661.027801316,9.202191841917986e-06,0.00901004268299196,colebrook
moody_eps9.20e-06_Re9.90e+06,435163.5318393479,99.84958178992855,0.001,1000.0,0.1,9.202191841917987e-07,0.008729512438423877,9984958.178992854,9.202191841917986e-06,0.008938589030602594,colebrook
moody_eps9.20e-06_Re1.13e+07,478071.77446344227,106.11020367462507,0.001,1000.0,0.1,9.202191841917987e-07,0.008491976876370879,10611020.367462507,9.202191841917986e-06,0.008895094132340731,colebrook
moody_eps9.20e-06_Re1.28e+07,720284.838458877,127.71897807589376,0.001,1000.0,0.1,9.202191841917987e-07,0.008831274805127461,12771897.807589374,9.202191841917986e-06,0.008771663010576575,colebrook
moody_eps9.20e-06_Re1.46e+07,927997.3302872913,146.73844388242466,0.001,1000.0,0.1,9.202191841917987e-07,0.008619635558674536,14673844.388242466,9.202191841917986e-06,0.008687907612104792,colebrook
moody_eps9.20e-06_Re1.66e+07,1030393.0048885698,158.0812854542855,0.001,1000.0,0.1,9.202191841917987e-07,0.00824654398664706,15808128.54542855,9.202191841917986e-06,0.008645922994882113,colebrook
moody_eps9.20e-06_Re1.88e+07,1491857.0109169616,189.1006243932768,0.001,1000.0,0.1,9.202191841917987e-07,0.00834394186483008,18910062.43932768,9.202191841917986e-06,0.008552920356825302,colebrook
moody_eps9.20e-06_Re2.14e+07,2010731.6175626887,222.61818536570988,0.001,1000.0,0.1,9.202191841917987e-07,0.008114519831050963,22261818.536570985,9.202191841917986e-06,0.00847755778505242,colebrook
moody_eps9.20e-06_Re2.43e+07,2705393.210178016,256.05173658697794,0.001,1000.0,0.1,9.202191841917987e-07,0.00825286878372762,25605173.65869779,9.202191841917986e-06,0.008419544730072458,colebrook
moody_eps9.20e-06_Re2.77e+07,3277789.4971150486,278.6386469967003,0.001,1000.0,0.1,9.202191841917987e-07,0.008443613580376331,27863864.699670028,9.202191841917986e-06,0.008387273592011977,colebrook
moody_eps9.20e-06_Re3.15e+07,3812258.7457707864,311.4856879671825,0.001,1000.0,0.1,9.202191841917987e-07,0.00785843692672858,31148568.796718247,9.202191841917986e-06,0.008347751387781578,colebrook
moody_eps9.20e-06_Re3.58e+07,5409024.86293068,352.71320433849434,0.001,1000.0,0.1,9.202191841917987e-07,0.008695719787594248,35271320.43384943,9.202191841917986e-06,0.008307486699988627,colebrook
moody_eps9.20e-06_Re4.07e+07,6003871.978435229,391.56708543444745,0.001,1000.0,0.1,9.202191841917987e-07,0.007831574106452384,39156708.543444745,9.202191841917986e-06,0.008276554838662345,colebrook
moody_eps9.20e-06_Re4.63e+07,8591302.93828099,459.6512118841819,0.001,1000.0,0.1,9.202191841917987e-07,0.00813265238655827,45965121.18841819,9.202191841917986e-06,0.008233891359480506,colebrook
moody_eps9.20e-06_Re5.26e+07,10280124.54148404,506.08388535525023,0.001,1000.0,0.1,9.202191841917987e-07,0.00802755619004067,50608388.535525024,9.202191841917986e-06,0.008210857206754256,colebrook
moody_eps9.20e-06_Re5.98e+07,14041183.547887897,589.6380269665783,0.001,1000.0,0.1,9.202191841917987e-07,0.008077235467227904,58963802.69665782,9.202191841917986e-06,0.008177904160980328,colebrook
moody_eps9.20e-06_Re6.80e+07,19446893.0537532,683.5350534266648,0.001,1000.0,0.1,9.202191841917987e-07,0.008324509228456163,68353505.34266648,9.202191841917986e-06,0.008149888001591379,colebrook
moody_eps9.20e-06_Re7.73e+07,25136522.69593915,782.4738398813705,0.001,1000.0,0.1,9.202191841917987e-07,0.008210990327669278,78247383.98813705,9.202191841917986e-06,0.00812723753069561,colebrook
moody_eps9.20e-06_Re8.79e+07,35816161.075540125,924.9188924002588,0.001,1000.0,0.1,9.202191841917987e-07,0.00837339790270785,92491889.24002588,9.202191841917986e-06,0.00810272696578295,colebrook
moody_eps9.20e-06_Re1.00e+08,33653951.2988737,916.324055395552,0.001,1000.0,0.1,9.202191841917987e-07,0.008016187777589156,91632405.53955519,9.202191841917986e-06,0.008104000468237268,colebrook
moody_eps1.21e-05_Re3.00e+02,0.008969164239125806,0.0028614136414780444,0.001,1000.0,0.1,1.214444558530229e-06,0.21908905685833113,286.14136414780444,1.214444558530229e-05,0.22366567025570347,laminar
moody_eps1.21e-05_Re3.41e+02,0.011104087109045736,0.0034910341922858214,0.001,1000.0,0.1,1.214444558530229e-06,0.18222361197524592,349.10341922858214,1.214444558530229e-05,0.18332676357459213,laminar
moody_eps1.21e-05_Re3.88e+02,0.012747403479573713,0.003829244964347689,0.001,1000.0,0.1,1.214444558530229e-06,0.17387030986927682,382.92449643476886,1.214444558530229e-05,0.16713477616573008,laminar
moody_eps1.21e-05_Re4.41e+02,0.013452915970583781,0.00421588487439856,0.001,1000.0,0.1,1.214444558530229e-06,0.15138015288393813,421.58848743985607,1.214444558530229e-05,0.15180680190924392,laminar
moody_eps1.21e-05_Re5.01e+02,0.01632608241114583,0.005098208104435045,0.001,1000.0,0.1,1.214444558530229e-06,0.12562522772788226,509.82081044350446,1.214444558530229e-05,0.12553430281577752,laminar
moody_eps1.21e-05_Re5.70e+02,0.017609797170774683,0.005506788598101235,0.001,1000.0,0.1,1.214444558530229e-06,0.11614152932051197,550.6788598101234,1.214444558530229e-05,0.11622018688363576,laminar
moody_eps1.21e-05_Re6.48e+02,0.02148654811308031,0.00664296739939916,0.001,1000.0,0.1,1.214444558530229e-06,0.09738059047874925,664.2967399399159,1.214444558530229e-05,0.0963424869521242,laminar
moody_eps1.21e-05_Re7.37e+02,0.024039346062403433,0.007443324992027897,0.001,1000.0,0.1,1.214444558530229e-06,0.08677980737702226,744.3324992027897,1.214444558530229e-05,0.08598307889088089,laminar
moody_eps1.21e-05_Re8.38e+02,0.025950974661849112,0.008417359515982638,0.001,1000.0,0.1,1.214444558530229e-06,0.07325409640024452,841.7359515982638,1.214444558530229e-05,0.07603334499195223,laminar
moody_eps1.21e-05_Re9.53e+02,0.03061520633315729,0.009444389711847549,0.001,1000.0,0.1,1.214444558530229e-06,0.06864665620919416,944.4389711847548,1.214444558530229e-05,0.06776509859574618,laminar
moody_eps1.21e-05_Re1.08e+03,0.032316513068142816,0.009872095997229541,0.001,1000.0,0.1,1.214444558530229e-06,0.06631866122452174,987.2095997229542,1.214444558530229e-05,0.06482919130644663,laminar
moody_eps1.21e-05_Re1.23e+03,0.03856515457702982,0.012450038547869424,0.001,1000.0,0.1,1.214444558530229e-06,0.04976037904700139,1245.0038547869424,1.214444558530229e-05,0.051405463327623455,laminar
moody_eps1.21e-05_Re1.40e+03,0.04358441232920383,0.013703674384605933,0.001,1000.0,0.1,1.214444558530229e-06,0.04641807530366597,1370.3674384605933,1.214444558530229e-05,0.04670280262342967,laminar
moody_eps1.21e-05_Re1.59e+03,0.05105181412276639,0.016133713192631835,0.001,1000.0,0.1,1.214444558530229e-06,0.03922586329499803,1613.3713192631833,1.214444558530229e-05,0.039668487493150925,laminar
moody_eps1.21e-05_Re1.81e+03,0.060795526580715964,0.018764590918518127,0.001,1000.0,0.1,1.214444558530229e-06,0.0345321340619081,1876.4590918518127,1.214444558530229e-05,0.034106792030750115,laminar
moody_eps1.21e-05_Re2.06e+03,0.06348687977301247,0.020122083922940157,0.001,1000.0,0.1,1.214444558530229e-06,0.03135942325521821,2012.2083922940158,1.214444558530229e-05,0.03180585084780253,laminar
moody_eps1.21e-05_Re4.45e+03,0.3965698467331871,0.0448338552996876,0.001,1000.0,0.1,1.214444558530229e-06,0.039458222145102806,4483.385529968759,1.214444558530229e-05,0.03860536374809844,colebrook
moody_eps1.21e-05_Re5.06e+03,0.49330179369556654,0.051675828901682076,0.001,1000.0,0.1,1.214444558530229e-06,0.03694603072205522,5167.582890168208,1.214444558530229e-05,0.03705436028141837,colebrook
moody_eps1.21e-05_Re5.76e+03,0.5996751206305108,0.057831178528008655,0.001,1000.0,0.1,1.214444558530229e-06,0.03586096246088925,5783.117852800865,1.214444558530229e-05,0.035887977056118764,colebrook
moody_eps1.21e-05_Re6.55e+03,0.7523772139249669,0.06709814614444932,0.001,1000.0,0.1,1.214444558530229e-06,0.033422935244854214,6709.814614444932,1.214444558530229e-05,0.03442660559104864,colebrook
moody_eps1.21e-05_Re7.44e+03,0.904581829838883,0.07579524169788664,0.001,1000.0,0.1,1.214444558530229e-06,0.03149154523286455,7579.524169788663,1.214444558530229e-05,0.03329113669991903,colebrook
moody_eps1.21e-05_Re8.46e+03,1.1938413428377486,0.08579277042018979,0.001,1000.0,0.1,1.214444558530229e-06,0.032439580213389704,8579.277042018979,1.214444558530229e-05,0.0321911929507316,colebrook
moody_eps1.21e-05_Re9.62e+03,1.3560948805018451,0.09624009383209009,0.001,1000.0,0.1,1.214444558530229e-06,0.029282489523250434,9624.009383209008,1.214444558530229e-05,0.031217161450628722,colebrook
moody_eps1.21e-05_Re1.09e+04,2.0144453965186586,0.11469913826703702,0.001,1000.0,0.1,1.214444558530229e-06,0.03062423053704382,11469.913826703703,1.214444558530229e-05,0.029809859928697953,colebrook
moody_eps1.21e-05_Re1.24e+04,2.293981405648029,0.12452764717809627,0.001,1000.0,0.1,1.214444558530229e-06,0.029586141072589774,12452.764717809627,1.214444558530229e-05,0.029181788253725215,colebrook
moody_eps1.21e-05_Re1.41e+04,2.7330164461206685,0.13755672263339247,0.001,1000.0,0.1,1.214444558530229e-06,0.028887409694886155,13755.672263339246,1.214444558530229e-05,0.02844685628719928,colebrook
moody_eps1.21e-05_Re1.61e+04,3.707318006221746,0.16859071234079656,0.001,1000.0,0.1,1.214444558530229e-06,0.026086904291942735,16859.071234079656,1.214444558530229e-05,0.027025368658886724,colebrook
moody_eps1.21e-05_Re1.83e+04,5.039520536395009,0.19832509635933793,0.001,1000.0,0.1,1.214444558530229e-06,0.025624999586268717,19832.50963593379,1.214444558530229e-05,0.025963099764474817,colebrook
moody_eps1.21e-05_Re2.08e+04,5.657357480667687,0.2132362305188706,0.001,1000.0,0.1,1.214444558530229e-06,0.02488408203325771,21323.62305188706,1.214444558530229e-05,0.025508497877033517,colebrook
moody_eps1.21e-05_Re2.37e+04,6.8372897530766705,0.23930623872204848,0.001,1000.0,0.1,1.214444558530229e-06,0.0238784393642748,23930.623872204847,1.214444558530229e-05,0.024808692971679154,colebrook
moody_eps1.21e-05_Re2.69e+04,8.369368639074388,0.2636745542857914,0.001,1000.0,0.1,1.214444558530229e-06,0.02407610628494833,26367.455428579142,1.214444558530229e-05,0.024241771170822126,colebrook
moody_eps1.21e-05_Re3.06e+04,10.496255763573439,0.2998445829952996,0.001,1000.0,0.1,1.214444558530229e-06,0.02334919895851455,29984.458299529957,1.214444558530229e-05,0.02351892877449273,colebrook
moody_eps1.21e-05_Re3.48e+04,13.924760228812707,0.3580494251080908,0.001,1000.0,0.1,1.214444558530229e-06,0.021723598122768764,35804.94251080908,1.214444558530229e-05,0.022572033796730884,colebrook
moody_eps1.21e-05_Re3.95e+04,16.208286601620774,0.3814475556956944,0.001,1000.0,0.1,1.214444558530229e-06,0.022279089109118345,38144.75556956944,1.214444558530229e-05,0.022247658181078492,colebrook
moody_eps1.21e-05_Re4.50e+04,20.39868456248842,0.4420282506480004,0.001,1000.0,0.1,1.214444558530229e-06,0.02088007742316415,44202.82506480004,1.214444558530229e-05,0.021518390523491134,colebrook
moody_eps1.21e-05_Re5.11e+04,26.952953326509192,0.5132248161252283,0.001,1000.0,0.1,1.214444558530229e-06,0.020465438730696298,51322.481612522824,1.214444558530229e-05,0.02081488911538277,colebrook
moody_eps1.21e-05_Re5.81e+04,34.79514451670822,0.5871561084378516,0.001,1000.0,0.1,1.214444558530229e-06,0.02018559119294206,58715.61084378516,1.214444558530229e-05,0.02020968297492003,colebrook
moody_eps1.21e-05_Re6.61e+04,42.477674384626965,0.6569603011338506,0.001,1000.0,0.1,1.214444558530229e-06,0.019683959990864874,65696.03011338506,1.214444558530229e-05,0.019724298244964966,colebrook
moody_eps1.21e-05_Re7.52e+04,59.47723130298259,0.7749594997438005,0.001,1000.0,0.1,1.214444558530229e-06,0.019807183570316945,77495.94997438006,1.214444558530229e-05,0.0190415140106975,colebrook
moody_eps1.21e-05_Re8.55e+04,65.47371462224666,0.8504613324774987,0.001,1000.0,0.1,1.214444558530229e-06,0.01810455404759283,85046.13324774987,1.214444558530229e-05,0.018672699522403777,colebrook
moody_eps1.21e-05_Re9.72e+04,73.92335894897272,0.9286035001261348,0.001,1000.0,0.1,1.214444558530229e-06,0.017145535559608398,92860.35001261347,1.214444558530229e-05,0.01833377829857098,colebrook
moody_eps1.21e-05_Re1.10e+05,98.78781382336989,1.0665617460805985,0.001,1000.0,0.1,1.214444558530229e-06,0.017368462060378984,106656.17460805984,1.214444558530229e-05,0.01781829302115681,colebrook
moody_eps1.21e-05_Re1.26e+05,128.19888733569826,1.2543233742739965,0.001,1000.0,0.1,1.214444558530229e-06,0.016296533011512626,125432.33742739965,1.214444558530229e-05,0.017242349732382253,colebrook
moody_eps1.21e-05_Re1.43e+05,191.20254397535894,1.4911037291737836,0.001,1000.0,0.1,1.214444558530229e-06,0.017199188221345797,149110.37291737835,1.214444558530229e-05,0.016659081678801396,colebrook
moody_eps1.21e-05_Re1.62e+05,227.6487757748206,1.6861275280833943,0.001,1000.0,0.1,1.214444558530229e-06,0.016014540316901308,168612.75280833943,1.214444558530229e-05,0.016262856835182086,colebrook
moody_eps1.21e-05_Re1.85e+05,268.4235323417144,1.8605142743647134,0.001,1000.0,0.1,1.214444558530229e-06,0.015509027643624763,186051.42743647133,1.214444558530229e-05,0.015956132092540605,colebrook
moody_eps1.21e-05_Re2.10e+05,360.64690076701186,2.200051365639396,0.001,1000.0,0.1,1.214444558530229e-06,0.014902068618851126,220005.1365639396,1.214444558530229e-05,0.015454354196752845,colebrook
moody_eps1.21e-05_Re2.39e+05,440.3523980814732,2.351447696012148,0.001,1000.0,0.1,1.214444558530229e-06,0.015927943825544476,235144.76960121482,1.214444558530229e-05,0.015262098972275638,colebrook
moody_eps1.21e-05_Re2.72e+05,625.6534432635274,2.925858144139562,0.001,1000.0,0.1,1.214444558530229e-06,0.014616968206859867,292585.8144139562,1.214444558530229e-05,0.014657246491004383,colebrook
moody_eps1.21e-05_Re3.09e+05,627.3271354076642,3.0493240648801323,0.001,1000.0,0.1,1.214444558530229e-06,0.013493260562823472,304932.4064880132,1.214444558530229e-05,0.014547283880830928,colebrook
moody_eps1.21e-05_Re3.51e+05,968.5428624170987,3.6954933107120986,0.001,1000.0,0.1,1.214444558530229e-06,0.014184172349560967,369549.33107120986,1.214444558530229e-05,0.014053637433577822,colebrook
moody_eps1.21e-05_Re3.99e+05,1022.7761887482023,3.7724919805224504,0.001,1000.0,0.1,1.214444558530229e-06,0.014373216055347903,377249.198052245,1.214444558530229e-05,0.014002358387533165,colebrook
moody_eps1.21e-05_Re4.54e+05,1429.0148406111077,4.623370418044082,0.001,1000.0,0.1,1.214444558530229e-06,0.013370552539696419,462337.04180440825,1.214444558530229e-05,0.01351346648663681,colebrook
moody_eps1.21e-05_Re5.16e+05,1750.9159441350407,5.075504633596608,0.001,1000.0,0.1,1.214444558530229e-06,0.013593673543078185,507550.4633596607,1.214444558530229e-05,0.01329915825478304,colebrook
moody_eps1.21e-05_Re5.87e+05,2297.023990771336,5.909923718416831,0.001,1000.0,0.1,1.214444558530229e-06,0.013153210671291691,590992.371841683,1.214444558530229e-05,0.012962503934353716,colebrook
moody_eps1.21e-05_Re6.67e+05,3136.795617915685,6.923094999920682,0.001,1000.0,0.1,1.214444558530229e-06,0.013089276322329419,692309.4999920683,1.214444558530229e-05,0.01262902321660347,colebrook
moody_eps1.21e-05_Re7.59e+05,3801.6822506360404,7.762752640595959,0.001,1000.0,0.1,1.214444558530229e-06,0.012617529115888744,776275.2640595959,1.214444558530229e-05,0.012397917385051057,colebrook
moody_eps1.21e-05_Re8.63e+05,4089.01888159185,8.303105288824888,0.001,1000.0,0.1,1.214444558530229e-06,0.01186227591481371,830310.5288824887,1.214444558530229e-05,0.01226594899008683,colebrook
moody_eps1.21e-05_Re9.81e+05,6135.622435597371,10.054138262266266,0.001,1000.0,0.1,1.214444558530229e-06,0.012139447352975018,1005413.8262266266,1.214444558530229e-05,0.011906020284166532,colebrook
moody_eps1.21e-05_Re1.12e+06,7696.024424149907,11.329700106364196,0.001,1000.0,0.1,1.214444558530229e-06,0.011991115998165923,1132970.0106364195,1.214444558530229e-05,0.011692593725200373,colebrook
moody_eps1.21e-05_Re1.27e+06,9122.339153711117,12.47486189385918,0.001,1000.0,0.1,1.214444558530229e-06,0.011723700563058843,1247486.189385918,1.214444558530229e-05,0.011526684964787001,colebrook
moody_eps1.21e-05_Re1.44e+06,11130.495142080641,14.000916039279943,0.001,1000.0,0.1,1.214444558530229e-06,0.011356161956913477,1400091.6039279944,1.214444558530229e-05,0.011334929860789579,colebrook
moody_eps1.21e-05_Re1.64e+06,15383.780897658013,16.86301033530565,0.001,1000.0,0.1,1.214444558530229e-06,0.010819890587851154,1686301.033530565,1.214444558530229e-05,0.011041844436025077,colebrook
moody_eps1.21e-05_Re1.86e+06,21854.49297385285,19.7723295529576,0.001,1000.0,0.1,1.214444558530229e-06,0.011180341010719227,1977232.9552957602,1.214444558530229e-05,0.010806357132060275,colebrook
moody_eps1.21e-05_Re2.12e+06,25830.59227603593,22.094151985464702,0.001,1000.0,0.1,1.214444558530229e-06,0.010583021675334602,2209415.19854647,1.214444558530229e-05,0.010650274647007676,colebrook
moody_eps1.21e-05_Re2.41e+06,27724.653021495316,23.12547393277473,0.001,1000.0,0.1,1.214444558530229e-06,0.010368473724058639,2312547.393277473,1.214444558530229e-05,0.010588066070394394,colebrook
moody_eps1.21e-05_Re2.74e+06,39846.458431304774,27.871559265064853,0.001,1000.0,0.1,1.214444558530229e-06,0.010258814834836896,2787155.9265064853,1.214444558530229e-05,0.010345042411489225,colebrook
moody_eps1.21e-05_Re3.12e+06,51891.581941042445,31.85362694941463,0.001,1000.0,0.1,1.214444558530229e-06,0.010228433527800717,3185362.694941463,1.214444558530229e-05,0.010182370019584835,colebrook
moody_eps1.21e-05_Re3.54e+06,62846.60364767446,34.822760199651206,0.001,1000.0,0.1,1.214444558530229e-06,0.010365384670662586,3482276.0199651206,1.214444558530229e-05,0.010078912792998775,colebrook
moody_eps1.21e-05_Re4.03e+06,85087.62188038175,41.970612591993444,0.001,1000.0,0.1,1.214444558530229e-06,0.009660637031662044,4197061.259199344,1.214444558530229e-05,0.009875175351336293,colebrook
moody_eps1.21e-05_Re4.58e+06,106287.12455494833,46.53608712077959,0.001,1000.0,0.1,1.214444558530229e-06,0.009815918096092814,4653608.712077959,1.214444558530229e-05,0.00976991277408013,colebrook
moody_eps1.21e-05_Re5.21e+06,132859.7429355706,52.549246459365634,0.001,1000.0,0.1,1.214444558530229e-06,0.009622555351779537,5254924.645936563,1.214444558530229e-05,0.009652655727916872,colebrook
moody_eps1.21e-05_Re5.93e+06,162672.5074457041,57.06536943280126,0.001,1000.0,0.1,1.214444558530229e-06,0.009990768371415566,5706536.943280126,1.214444558530229e-05,0.009577109183136869,colebrook
moody_eps1.21e-05_Re6.74e+06,196474.812010876,65.29553437595206,0.001,1000.0,0.1,1.214444558530229e-06,0.009216582536038216,6529553.437595205,1.214444558530229e-05,0.009460479806738682,colebrook
moody_eps1.21e-05_Re7.66e+06,285934.6796982316,78.12991665975976,0.001,1000.0,0.1,1.214444558530229e-06,0.009368328388637477,7812991.665975976,1.214444558530229e-05,0.009317910758087163,colebrook
moody_eps1.21e-05_Re8.71e+06,328217.88768874056,85.05153170646301,0.001,1000.0,0.1,1.214444558530229e-06,0.00907460987093514,8505153.1706463,1.214444558530229e-05,0.009255396724699397,colebrook
moody_eps1.21e-05_Re9.90e+06,438978.19694091525,98.57631626135566,0.001,1000.0,0.1,1.214444558530229e-06,0.009034992084705377,9857631.626135565,1.214444558530229e-05,0.009153968612280235,colebrook
moody_eps1.21e-05_Re1.13e+07,576704.7205400025,114.82867844027383,0.001,1000.0,0.1,1.214444558530229e-06,0.008747476185316764,11482867.844027383,1.214444558530229e-05,0.009058393589645058,colebrook
moody_eps1.21e-05_Re1.28e+07,788762.3216975364,129.46345148746667,0.001,1000.0,0.1,1.214444558530229e-06,0.009411997217815733,12946345.148746666,1.214444558530229e-05,0.008989606985977196,colebrook
moody_eps1.21e-05_Re1.46e+07,932432.6762139681,146.4953044904699,0.001,1000.0,0.1,1.214444558530229e-06,0.008689605706496024,14649530.44904699,1.214444558530229e-05,0.008924286381792473,colebrook
moody_eps1.21e-05_Re1.66e+07,1166384.2352800474,162.01920447128438,0.001,1000.0,0.1,1.214444558530229e-06,0.008886661665887094,16201920.447128437,1.214444558530229e-05,0.008875028344223929,colebrook
moody_eps1.21e-05_Re1.88e+07,1561711.7744227364,184.77393853772472,0.001,1000.0,0.1,1.214444558530229e-06,0.00914849064121777,18477393.853772473,1.214444558530229e-05,0.008815846495961961,colebrook
moody_eps1.21e-05_Re2.14e+07,1891768.0820535426,202.5732508233381,0.001,1000.0,0.1,1.214444558530229e-06,0.009220058876213048,20257325.08233381,1.214444558530229e-05,0.008777683536401164,colebrook
moody_eps1.21e-05_Re2.43e+07,2287746.7375668655,229.0675384928758,0.001,1000.0,0.1,1.214444558530229e-06,0.008719886705273724,22906753.849287577,1.214444558530229e-05,0.008730621088862679,colebrook
moody_eps1.21e-05_Re2.77e+07,3191973.6548264734,267.9313883540333,0.001,1000.0,0.1,1.214444558530229e-06,0.008892873301503094,26793138.835403327,1.214444558530229e-05,0.008676729796784953,colebrook
moody_eps1.21e-05_Re3.15e+07,3945659.6481472445,307.49308766008454,0.001,1000.0,0.1,1.214444558530229e-06,0.008346010008459666,30749308.766008455,1.214444558530229e-05,0.008634584711359524,colebrook
moody_eps1.21e-05_Re3.58e+07,5326737.813206495,354.2229037359319,0.001,1000.0,0.1,1.214444558530229e-06,0.00849059330508242,35422290.37359319,1.214444558530229e-05,0.00859593263364597,colebrook
moody_eps1.21e-05_Re4.07e+07,6408165.572994279,383.9566862154554,0.001,1000.0,0.1,1.214444558530229e-06,0.00869359192238461,38395668.62154554,1.214444558530229e-05,0.008575855109526681,colebrook
moody_eps1.21e-05_Re4.63e+07,8212068.432029044,430.63265022606777,0.001,1000.0,0.1,1.214444558530229e-06,0.008856632946740103,43063265.022606775,1.214444558530229e-05,0.008549531998526323,colebrook
moody_eps1.21e-05_Re5.26e+07,11882553.410685835,520.914407577268,0.001,1000.0,0.1,1.214444558530229e-06,0.008758042168090866,52091440.757726796,1.214444558530229e-05,0.00851119350235189,colebrook
moody_eps1.21e-05_Re5.98e+07,14308837.436250482,587.5283275379514,0.001,1000.0,0.1,1.214444558530229e-06,0.008290423641557416,58752832.75379515,1.214444558530229e-05,0.00849004484636647,colebrook
moody_eps1.21e-05_Re6.80e+07,20008561.56153599,693.635890666796,0.001,1000.0,0.1,1.214444558530229e-06,0.008317307347560537,69363589.06667958,1.214444558530229e-05,0.008464346048846825,colebrook
moody_eps1.21e-05_Re7.73e+07,22988346.405210122,738.3515460245504,0.001,1000.0,0.1,1.214444558530229e-06,0.008433568005377012,73835154.60245505,1.214444558530229e-05,0.008455627868972432,colebrook
moody_eps1.21e-05_Re8.79e+07,30034071.145364035,843.8625897084343,0.001,1000.0,0.1,1.214444558530229e-06,0.008435303882566927,84386258.97084342,1.214444558530229e-05,0.008438570805267097,colebrook
moody_eps1.21e-05_Re1.00e+08,47046404.89346322,1042.2357705285167,0.001,1000.0,0.1,1.214444558530229e-06,0.008662125837839528,104223577.05285168,1.214444558530229e-05,0.008415541029138173,colebrook
moody_eps1.60e-05_Re3.00e+02,0.009552922117413336,0.0030001666604319616,0.001,1000.0,0.1,1.6027437930877554e-06,0.21226357355041692,300.01666604319615,1.6027437930877553e-05,0.21332148258318867,laminar
moody_eps1.60e-05_Re3.41e+02,0.01060776937545344,0.0033789406548664623,0.001,1000.0,0.1,1.6027437930877554e-06,0.18582020563176305,337.89406548664624,1.6027437930877553e-05,0.1894084760199179,laminar
moody_eps1.60e-05_Re3.88e+02,0.012485722578896899,0.003920313169916547,0.001,1000.0,0.1,1.6027437930877554e-06,0.16248083926064483,392.03131699165465,1.6027437930877553e-05,0.16325226385259012,laminar
moody_eps1.60e-05_Re4.41e+02,0.01406619090270964,0.004360217178593163,0.001,1000.0,0.1,1.6027437930877554e-06,0.14797565112727598,436.0217178593163,1.6027437930877553e-05,0.14678167939480893,laminar
moody_eps1.60e-05_Re5.01e+02,0.016018115065888357,0.004720312751015089,0.001,1000.0,0.1,1.6027437930877554e-06,0.143780455780929,472.03127510150887,1.6027437930877553e-05,0.13558423641788778,laminar
moody_eps1.60e-05_Re5.70e+02,0.017834268506370574,0.005811181423466115,0.001,1000.0,0.1,1.6027437930877554e-06,0.10562249647797238,581.1181423466115,1.6027437930877553e-05,0.11013251064845744,laminar
moody_eps1.60e-05_Re6.48e+02,0.020127017094426145,0.0065063901321777105,0.001,1000.0,0.1,1.6027437930877554e-06,0.09508876565433627,650.6390132177711,1.6027437930877553e-05,0.09836483626071617,laminar
moody_eps1.60e-05_Re7.37e+02,0.022599016568369736,0.007254404949121817,0.001,1000.0,0.1,1.6027437930877554e-06,0.08588472843274693,725.4404949121816,1.6027437930877553e-05,0.08822226005972762,laminar
moody_eps1.60e-05_Re8.38e+02,0.026167680025987905,0.008662438428647803,0.001,1000.0,0.1,1.6027437930877554e-06,0.06974529168176886,866.2438428647803,1.6027437930877553e-05,0.07388219902186402,laminar
moody_eps1.60e-05_Re9.53e+02,0.028724231460789926,0.009431565988824954,0.001,1000.0,0.1,1.6027437930877554e-06,0.06458189704530716,943.1565988824954,1.6027437930877553e-05,0.06785723608977637,laminar
moody_eps1.60e-05_Re1.08e+03,0.03433459848666101,0.010832316976859884,0.001,1000.0,0.1,1.6027437930877554e-06,0.05852201200562413,1083.2316976859884,1.6027437930877553e-05,0.05908246604740012,laminar
moody_eps1.60e-05_Re1.23e+03,0.03947794770185966,0.011815348276960578,0.001,1000.0,0.1,1.6027437930877554e-06,0.056557669746534235,1181.5348276960578,1.6027437930877553e-05,0.054166833257718906,laminar
moody_eps1.60e-05_Re1.40e+03,0.04620939467584465,0.01468692718023187,0.001,1000.0,0.1,1.6027437930877554e-06,0.042844826842551656,1468.692718023187,1.6027437930877553e-05,0.04357616757720562,laminar
moody_eps1.60e-05_Re1.59e+03,0.05156548102323452,0.016186310704394403,0.001,1000.0,0.1,1.6027437930877554e-06,0.03936346529073884,1618.6310704394402,1.6027437930877553e-05,0.039539584509906085,laminar
moody_eps1.60e-05_Re1.81e+03,0.06115303535985735,0.018251819252150827,0.001,1000.0,0.1,1.6027437930877554e-06,0.03671433745676649,1825.1819252150826,1.6027437930877553e-05,0.03506499769465892,laminar
moody_eps1.60e-05_Re2.06e+03,0.06901139753633799,0.02043718096641446,0.001,1000.0,0.1,1.6027437930877554e-06,0.03304523440913164,2043.7180966414462,1.6027437930877553e-05,0.031315473550473864,laminar
moody_eps1.60e-05_Re4.45e+03,0.37685682733143505,0.04414547005920851,0.001,1000.0,0.1,1.6027437930877554e-06,0.03867533571260633,4414.547005920851,1.6027437930877553e-05,0.038784035074586914,colebrook
moody_eps1.60e-05_Re5.06e+03,0.530928189034583,0.05358500143643069,0.001,1000.0,0.1,1.6027437930877554e-06,0.0369810541491366,5358.500143643069,1.6027437930877553e-05,0.03667697652511369,colebrook
moody_eps1.60e-05_Re5.76e+03,0.5400530962233694,0.0541677087135629,0.001,1000.0,0.1,1.6027437930877554e-06,0.036811670431907896,5416.77087135629,1.6027437930877553e-05,0.03656424461992085,colebrook
moody_eps1.60e-05_Re6.55e+03,0.6614381507215176,0.06299410311704587,0.001,1000.0,0.1,1.6027437930877554e-06,0.03333645709611314,6299.410311704586,1.6027437930877553e-05,0.035041381533907304,colebrook
moody_eps1.60e-05_Re7.44e+03,0.8915410909380731,0.07236125104478011,0.001,1000.0,0.1,1.6027437930877554e-06,0.03405330175010028,7236.125104478011,1.6027437930877553e-05,0.033721802417057904,colebrook
moody_eps1.60e-05_Re8.46e+03,1.0475183819561507,0.08185936580807997,0.001,1000.0,0.1,1.6027437930877554e-06,0.03126474544325561,8185.9365808079965,1.6027437930877553e-05,0.03260706146732572,colebrook
moody_eps1.60e-05_Re9.62e+03,1.4350137925992164,0.09515093547148429,0.001,1000.0,0.1,1.6027437930877554e-06,0.03170004992444997,9515.093547148428,1.6027437930877553e-05,0.0313175904952265,colebrook
moody_eps1.60e-05_Re1.09e+04,1.6759068141141278,0.1071703302801083,0.001,1000.0,0.1,1.6027437930877554e-06,0.029183053020079685,10717.03302801083,1.6027437930877553e-05,0.030349536826708264,colebrook
moody_eps1.60e-05_Re1.24e+04,1.9711858841261167,0.11658067568903109,0.001,1000.0,0.1,1.6027437930877554e-06,0.0290071085323037,11658.067568903109,1.6027437930877553e-05,0.029690496053221126,colebrook
moody_eps1.60e-05_Re1.41e+04,3.0458548904902285,0.14511798164173,0.001,1000.0,0.1,1.6027437930877554e-06,0.028926557082932274,14511.798164173,1.6027437930877553e-05,0.02806988789867599,colebrook
moody_eps1.60e-05_Re1.61e+04,3.6701165602904,0.16473954082466047,0.001,1000.0,0.1,1.6027437930877554e-06,0.027046691706661116,16473.954082466047,1.6027437930877553e-05,0.02718929778758863,colebrook
moody_eps1.60e-05_Re1.83e+04,4.6359821550794384,0.18364515717804725,0.001,1000.0,0.1,1.6027437930877554e-06,0.027492408654784382,18364.515717804723,1.6027437930877553e-05,0.026466474378983567,colebrook
moody_eps1.60e-05_Re2.08e+04,5.363482758575936,0.20265764056442706,0.001,1000.0,0.1,1.6027437930877554e-06,0.026118661706931275,20265.764056442706,1.6027437930877553e-05,0.025834938971068665,colebrook
moody_eps1.60e-05_Re2.37e+04,6.437092027016831,0.22361034467811372,0.001,1000.0,0.1,1.6027437930877554e-06,0.025747551268514808,22361.034467811372,1.6027437930877553e-05,0.025225883650160395,colebrook
moody_eps1.60e-05_Re2.69e+04,8.233192090889077,0.26532463739826434,0.001,1000.0,0.1,1.6027437930877554e-06,0.023390692793310384,26532.463739826435,1.6027437930877553e-05,0.02421584430852915,colebrook
moody_eps1.60e-05_Re3.06e+04,11.035402220685217,0.3129751988489859,0.001,1000.0,0.1,1.6027437930877554e-06,0.022531925916935296,31297.519884898586,1.6027437930877553e-05,0.02329573465245838,colebrook
moody_eps1.60e-05_Re3.48e+04,13.745486177001398,0.33878781588653567,0.001,1000.0,0.1,1.6027437930877554e-06,0.02395160026555076,33878.78158865357,1.6027437930877553e-05,0.02287239182112743,colebrook
moody_eps1.60e-05_Re3.95e+04,16.00553452719782,0.3831648120396056,0.001,1000.0,0.1,1.6027437930877554e-06,0.021803636883189537,38316.48120396056,1.6027437930877553e-05,0.022236985945984153,colebrook
moody_eps1.60e-05_Re4.50e+04,21.39999075860569,0.44045216670545095,0.001,1000.0,0.1,1.6027437930877554e-06,0.02206206094599501,44045.216670545095,1.6027437930877553e-05,0.021548698180357595,colebrook
moody_eps1.60e-05_Re5.11e+04,25.640901367299932,0.48380196154192595,0.001,1000.0,0.1,1.6027437930877554e-06,0.021909276387244048,48380.19615419259,1.6027437930877553e-05,0.02110264221231366,colebrook
moody_eps1.60e-05_Re5.81e+04,33.4794488649096,0.5770367208586838,0.001,1000.0,0.1,1.6027437930877554e-06,0.02010950559444348,57703.672085868384,1.6027437930877553e-05,0.020301577838596475,colebrook
moody_eps1.60e-05_Re6.61e+04,40.863743204933364,0.643395484613067,0.001,1000.0,0.1,1.6027437930877554e-06,0.019742953594852265,64339.54846130669,1.6027437930877553e-05,0.019829290990566153,colebrook
moody_eps1.60e-05_Re7.52e+04,58.99808463088339,0.7854253065307212,0.001,1000.0,0.1,1.6027437930877554e-06,0.019127496351458002,78542.53065307211,1.6027437930877553e-05,0.019005745492221837,colebrook
moody_eps1.60e-05_Re8.55e+04,64.17466962367857,0.830967653464666,0.001,1000.0,0.1,1.6027437930877554e-06,0.01858768910837814,83096.7653464666,1.6027437930877553e-05,0.018782397735337235,colebrook
moody_eps1.60e-05_Re9.72e+04,88.57015246690409,0.9873792244005962,0.001,1000.0,0.1,1.6027437930877554e-06,0.01816976950753229,98737.92244005961,1.6027437930877553e-05,0.01812331887710075,colebrook
moody_eps1.60e-05_Re1.10e+05,108.57228168091086,1.0963642892880647,0.001,1000.0,0.1,1.6027437930877554e-06,0.01806505124459008,109636.42892880648,1.6027437930877553e-05,0.01774035545990395,colebrook
moody_eps1.60e-05_Re1.26e+05,134.4762502694752,1.2699848232575435,0.001,1000.0,0.1,1.6027437930877554e-06,0.016675486931715038,126998.48232575435,1.6027437930877553e-05,0.017223440454009975,colebrook
moody_eps1.60e-05_Re1.43e+05,157.1367397885922,1.3487501879721722,0.001,1000.0,0.1,1.6027437930877554e-06,0.017276059756181194,134875.01879721723,1.6027437930877553e-05,0.01701860347716878,colebrook
moody_eps1.60e-05_Re1.62e+05,233.57533453183885,1.7173848693979292,0.001,1000.0,0.1,1.6027437930877554e-06,0.015838779416724843,171738.48693979293,1.6027437930877553e-05,0.016233601620600977,colebrook
moody_eps1.60e-05_Re1.85e+05,282.1953820552808,1.8391482406475939,0.001,1000.0,0.1,1.6027437930877554e-06,0.016685776655741426,183914.8240647594,1.6027437930877553e-05,0.016021542418109425,colebrook
moody_eps1.60e-05_Re2.10e+05,379.44969880686114,2.212615810158934,0.001,1000.0,0.1,1.6027437930877554e-06,0.015501445062893388,221261.5810158934,1.6027437930877553e-05,0.0154711372140899,colebrook
moody_eps1.60e-05_Re2.39e+05,476.12149441760096,2.479189512371008,0.001,1000.0,0.1,1.6027437930877554e-06,0.01549274353282265,247918.95123710082,1.6027437930877553e-05,0.015147761056889907,colebrook
moody_eps1.60e-05_Re2.72e+05,501.4633599170871,2.670375194898946,0.001,1000.0,0.1,1.6027437930877554e-06,0.014064510819738972,267037.51948989456,1.6027437930877553e-05,0.0149426420767976,colebrook
moody_eps1.60e-05_Re3.09e+05,667.4720067346636,3.0043587410953903,0.001,1000.0,0.1,1.6027437930877554e-06,0.014789703714078948,300435.874109539,1.6027437930877553e-05,0.014626783928922301,colebrook
moody_eps1.60e-05_Re3.51e+05,883.6266990114111,3.5550820304362976,0.001,1000.0,0.1,1.6027437930877554e-06,0.013982974739194905,355508.20304362976,1.6027437930877553e-05,0.014195256167362474,colebrook
moody_eps1.60e-05_Re3.99e+05,1007.8992188875773,3.8904429176156192,0.001,1000.0,0.1,1.6027437930877554e-06,0.013318306621331839,389044.2917615619,1.6027437930877553e-05,0.013973304441493783,colebrook
moody_eps1.60e-05_Re4.54e+05,1273.6246692185534,4.315863921489898,0.001,1000.0,0.1,1.6027437930877554e-06,0.013675271967481304,431586.3921489898,1.6027437930877553e-05,0.013725464629997745,colebrook
moody_eps1.60e-05_Re5.16e+05,1625.8138433206175,4.923004567391008,0.001,1000.0,0.1,1.6027437930877554e-06,0.013416533994433393,492300.45673910074,1.6027437930877553e-05,0.013422615473072068,colebrook
moody_eps1.60e-05_Re5.87e+05,2121.267611801848,5.729768554108181,0.001,1000.0,0.1,1.6027437930877554e-06,0.012922641536198164,572976.855410818,1.6027437930877553e-05,0.013088917332670777,colebrook
moody_eps1.60e-05_Re6.67e+05,3201.9200914473513,7.112324418407355,0.001,1000.0,0.1,1.6027437930877554e-06,0.012659523773359072,711232.4418407355,1.6027437930877553e-05,0.012641207617082865,colebrook
moody_eps1.60e-05_Re7.59e+05,3515.983162204393,7.50984639601166,0.001,1000.0,0.1,1.6027437930877554e-06,0.012468513329792031,750984.639601166,1.6027437930877553e-05,0.01253351940585134,colebrook
moody_eps1.60e-05_Re8.63e+05,4380.311750804324,8.254556916331977,0.001,1000.0,0.1,1.6027437930877554e-06,0.012857232091303164,825455.6916331977,1.6027437930877553e-05,0.012350937656356196,colebrook
moody_eps1.60e-05_Re9.81e+05,5973.178990597044,10.062977833521051,0.001,1000.0,0.1,1.6027437930877554e-06,0.011797296441675584,1006297.7833521051,1.6027437930877553e-05,0.01198709008066895,colebrook
moody_eps1.60e-05_Re1.12e+06,7292.23026019358,11.231932060735792,0.001,1000.0,0.1,1.6027437930877554e-06,0.011560628183259543,1123193.2060735791,1.6027437930877553e-05,0.0117959061478768,colebrook
moody_eps1.60e-05_Re1.27e+06,9157.553044772698,12.835619867294293,0.001,1000.0,0.1,1.6027437930877554e-06,0.011116696398660903,1283561.986729429,1.6027437930877553e-05,0.011573723808699954,colebrook
moody_eps1.60e-05_Re1.44e+06,12576.826813559624,14.538689106442828,0.001,1000.0,0.1,1.6027437930877554e-06,0.01190009906445984,1453868.9106442828,1.6027437930877553e-05,0.011376031359292915,colebrook
moody_eps1.60e-05_Re1.64e+06,15162.537209021886,16.62040479982832,0.001,1000.0,0.1,1.6027437930877554e-06,0.010977885105603514,1662040.4799828322,1.6027437930877553e-05,0.011173953457846487,colebrook
moody_eps1.60e-05_Re1.86e+06,21405.09853106948,19.186162658589424,0.001,1000.0,0.1,1.6027437930877554e-06,0.011629766170703744,1918616.2658589424,1.6027437930877553e-05,0.010968763711732122,colebrook
moody_eps1.60e-05_Re2.12e+06,25448.40991860314,21.67322794959551,0.001,1000.0,0.1,1.6027437930877554e-06,0.01083536261353419,2167322.794959551,1.6027437930877553e-05,0.010803801694198601,colebrook
moody_eps1.60e-05_Re2.41e+06,30017.593223576252,23.536130555585444,0.001,1000.0,0.1,1.6027437930877554e-06,0.010837665307755092,2353613.0555585446,1.6027437930877553e-05,0.010696947543102273,colebrook
moody_eps1.60e-05_Re2.74e+06,41447.19563389204,29.04146919876824,0.001,1000.0,0.1,1.6027437930877554e-06,0.009828516698459017,2904146.919876824,1.6027437930877553e-05,0.010441564550954642,colebrook
moody_eps1.60e-05_Re3.12e+06,53445.74224975524,32.09913167354537,0.001,1000.0,0.1,1.6027437930877554e-06,0.010374245951258824,3209913.167354537,1.6027437930877553e-05,0.01032835089266309,colebrook
moody_eps1.60e-05_Re3.54e+06,69716.18702617919,37.09063510342876,0.001,1000.0,0.1,1.6027437930877554e-06,0.010135264391790416,3709063.510342876,1.6027437930877553e-05,0.010174238793208305,colebrook
moody_eps1.60e-05_Re4.03e+06,76897.14108457472,37.76964195940628,0.001,1000.0,0.1,1.6027437930877554e-06,0.010780885995760763,3776964.195940628,1.6027437930877553e-05,0.010155664505964567,colebrook
moody_eps1.60e-05_Re4.58e+06,100333.66087136987,44.26035534785629,0.001,1000.0,0.1,1.6027437930877554e-06,0.01024346437893009,4426035.534785629,1.6027437930877553e-05,0.010000451820211495,colebrook
moody_eps1.60e-05_Re5.21e+06,132645.47881872658,51.90926338035652,0.001,1000.0,0.1,1.6027437930877554e-06,0.009845385262967486,5190926.338035652,1.6027437930877553e-05,0.009857084478464825,colebrook
moody_eps1.60e-05_Re5.93e+06,169658.0827791458,59.49585233725413,0.001,1000.0,0.1,1.6027437930877554e-06,0.0095858619314146,5949585.233725413,1.6027437930877553e-05,0.00974413221288713,colebrook
moody_eps1.60e-05_Re6.74e+06,223401.02232276177,67.7503021405499,0.001,1000.0,0.1,1.6027437930877554e-06,0.009734029972803938,6775030.21405499,1.6027437930877553e-05,0.009644595821653675,colebrook
moody_eps1.60e-05_Re7.66e+06,294863.1363343748,78.4712988666672,0.001,1000.0,0.1,1.6027437930877554e-06,0.009576984708060442,7847129.88666672,1.6027437930877553e-05,0.009541132112536741,colebrook
moody_eps1.60e-05_Re8.71e+06,380986.18181838497,87.94390817751031,0.001,1000.0,0.1,1.6027437930877554e-06,0.009852074719990328,8794390.817751031,1.6027437930877553e-05,0.009467231581606938,colebrook
moody_eps1.60e-05_Re9.90e+06,438249.6239355642,96.40241980412242,0.001,1000.0,0.1,1.6027437930877554e-06,0.009431389420390906,9640241.980412241,1.6027437930877553e-05,0.009411563655338528,colebrook
moody_eps1.60e-05_Re1.13e+07,627288.4114792193,114.25066503021661,0.001,1000.0,0.1,1.6027437930877554e-06,0.009611248070869181,11425066.503021661,1.6027437930877553e-05,0.00931728236627465,colebrook
moody_eps1.60e-05_Re1.28e+07,758728.8968067304,127.8159743118325,0.001,1000.0,0.1,1.6027437930877554e-06,0.00928851636714796,12781597.43118325,1.6027437930877553e-05,0.00926087346931483,colebrook
moody_eps1.60e-05_Re1.46e+07,992163.115103178,144.11392072337247,0.001,1000.0,0.1,1.6027437930877554e-06,0.009554351307127213,14411392.072337246,1.6027437930877553e-05,0.009205388362225106,colebrook
moody_eps1.60e-05_Re1.66e+07,1255941.334691043,163.98432881636083,0.001,1000.0,0.1,1.6027437930877554e-06,0.009341027621609634,16398432.881636081,1.6027437930877553e-05,0.009150948104705162,colebrook
moody_eps1.60e-05_Re1.88e+07,1604285.341189512,187.69218247354695,0.001,1000.0,0.1,1.6027437930877554e-06,0.009107920734411815,18769218.247354697,1.6027437930877553e-05,0.0090994966963321,colebrook
moody_eps1.60e-05_Re2.14e+07,1933739.8807525707,206.35981462331986,0.001,1000.0,0.1,1.6027437930877554e-06,0.009081922500554144,20635981.462331988,1.6027437930877553e-05,0.009066483996369569,colebrook
moody_eps1.60e-05_Re2.43e+07,2549899.9664415447,243.19830970732673,0.001,1000.0,0.1,1.6027437930877554e-06,0.008622476801653463,24319830.970732674,1.6027437930877553e-05,0.009014914657960683,colebrook
moody_eps1.60e-05_Re2.77e+07,3247428.413862253,270.6988337706032,0.001,1000.0,0.1,1.6027437930877554e-06,0.00886332782014757,27069883.37706032,1.6027437930877553e-05,0.008984832367574516,colebrook
moody_eps1.60e-05_Re3.15e+07,3902326.781365316,300.6096203044687,0.001,1000.0,0.1,1.6027437930877554e-06,0.008636700906825804,30060962.03044687,1.6027437930877553e-05,0.008957897840506575,colebrook
moody_eps1.60e-05_Re3.58e+07,6040650.67978291,373.9843812486236,0.001,1000.0,0.1,1.6027437930877554e-06,0.008637872462828945,37398438.12486236,1.6027437930877553e-05,0.00890894459277742,colebrook
moody_eps1.60e-05_Re4.07e+07,6709759.158019626,396.5810026312447,0.001,1000.0,0.1,1.6027437930877554e-06,0.008532437477098071,39658100.263124466,1.6027437930877553e-05,0.00889730042321947,colebrook
moody_eps1.60e-05_Re4.63e+07,10497173.667890953,480.0333733494979,0.001,1000.0,0.1,1.6027437930877554e-06,0.009110862959277226,48003337.334949784,1.6027437930877553e-05,0.0088633180165185,colebrook
moody_eps1.60e-05_Re5.26e+07,12511668.642027533,531.144540309418,0.001,1000.0,0.1,1.6027437930877554e-06,0.008869921705739421,53114454.03094179,1.6027437930877553e-05,0.008847533754027954,colebrook
moody_eps1.60e-05_Re5.98e+07,15214198.275748575,589.447109504014,0.001,1000.0,0.1,1.6027437930877554e-06,0.008757686259697701,58944710.9504014,1.6027437930877553e-05,0.008832728932742779,colebrook
moody_eps1.60e-05_Re6.80e+07,19979240.57242398,666.5866129986649,0.001,1000.0,0.1,1.6027437930877554e-06,0.008992817852084603,66658661.2998665,1.6027437930877553e-05,0.008816969524523089,colebrook
moody_eps1.60e-05_Re7.73e+07,28192552.99451078,789.6691612378258,0.001,1000.0,0.1,1.6027437930877554e-06,0.009042198677626881,78966916.12378259,1.6027437930877553e-05,0.008797991956442229,colebrook
moody_eps1.60e-05_Re8.79e+07,39226911.47923226,935.2076705202157,0.001,1000.0,0.1,1.6027437930877554e-06,0.008970114581435982,93520767.05202158,1.6027437930877553e-05,0.00878181750075408,colebrook
moody_eps1.60e-05_Re1.00e+08,46968336.69032124,1019.2181895485813,0.001,1000.0,0.1,1.6027437930877554e-06,0.009042756673493827,101921818.95485812,1.6027437930877553e-05,0.008774529330512714,colebrook
moody_eps2.12e-05_Re3.00e+02,0.009167318079251393,0.002864380203575789,0.001,1000.0,0.1,2.1151955008882236e-06,0.22346574975206146,286.4380203575789,2.1151955008882235e-05,0.22343402569290452,laminar
moody_eps2.12e-05_Re3.41e+02,0.010937082661411723,0.0032598810911423737,0.001,1000.0,0.1,2.1151955008882236e-06,0.205839146517498,325.9881091142374,2.1151955008882235e-05,0.1963261794238397,laminar
moody_eps2.12e-05_Re3.88e+02,0.012898015583559238,0.003821828740355462,0.001,1000.0,0.1,2.1151955008882236e-06,0.1766080311325217,382.18287403554615,2.1151955008882235e-05,0.16745909968233552,laminar
moody_eps2.12e-05_Re4.41e+02,0.014330673770711743,0.004553146513079765,0.001,1000.0,0.1,2.1151955008882236e-06,0.13825261495223848,455.31465130797653,2.1151955008882235e-05,0.14056213613189916,laminar
moody_eps2.12e-05_Re5.01e+02,0.014762108409476359,0.004771369474887615,0.001,1000.0,0.1,2.1151955008882236e-06,0.12968575967911533,477.13694748876145,2.1151955008882235e-05,0.1341333978364932,laminar
moody_eps2.12e-05_Re5.70e+02,0.01864453820928998,0.005882851033982921,0.001,1000.0,0.1,2.1151955008882236e-06,0.10774718292426202,588.2851033982921,2.1151955008882235e-05,0.10879078805548045,laminar
moody_eps2.12e-05_Re6.48e+02,0.019713512247337105,0.006202142786179707,0.001,1000.0,0.1,2.1151955008882236e-06,0.1024968413512605,620.2142786179708,2.1151955008882235e-05,0.10319014283678182,laminar
moody_eps2.12e-05_Re7.37e+02,0.02604943319036523,0.00775678615966712,0.001,1000.0,0.1,2.1151955008882236e-06,0.08658938114946477,775.678615966712,2.1151955008882235e-05,0.0825083980434837,laminar
moody_eps2.12e-05_Re8.38e+02,0.02669408787244968,0.008265149728442792,0.001,1000.0,0.1,2.1151955008882236e-06,0.07815263592078386,826.5149728442792,2.1151955008882235e-05,0.07743356394350283,laminar
moody_eps2.12e-05_Re9.53e+02,0.029720949779178805,0.00970922361372042,0.001,1000.0,0.1,2.1151955008882236e-06,0.06305560146102748,970.922361372042,2.1151955008882235e-05,0.0659167020415098,laminar
moody_eps2.12e-05_Re1.08e+03,0.03372192439262258,0.010667052579699904,0.001,1000.0,0.1,2.1151955008882236e-06,0.05927253126088616,1066.7052579699905,2.1151955008882235e-05,0.0599978293177219,laminar
moody_eps2.12e-05_Re1.23e+03,0.039313356490799686,0.012474948967617996,0.001,1000.0,0.1,2.1151955008882236e-06,0.05052339951950393,1247.4948967617995,2.1151955008882235e-05,0.05130281507854565,laminar
moody_eps2.12e-05_Re1.40e+03,0.04342389681513468,0.013438623251888914,0.001,1000.0,0.1,2.1151955008882236e-06,0.04808938600164233,1343.8623251888914,2.1151955008882235e-05,0.04762392605284492,laminar
moody_eps2.12e-05_Re1.59e+03,0.048209771288175975,0.015630869924308885,0.001,1000.0,0.1,2.1151955008882236e-06,0.03946378794031404,1563.0869924308884,2.1151955008882235e-05,0.040944618124208305,laminar
moody_eps2.12e-05_Re1.81e+03,0.05551543525846255,0.017465013214455864,0.001,1000.0,0.1,2.1151955008882236e-06,0.03640037918039602,1746.5013214455864,2.1151955008882235e-05,0.03664469028115417,laminar
moody_eps2.12e-05_Re2.06e+03,0.06850188053061322,0.021519225986246237,0.001,1000.0,0.1,2.1151955008882236e-06,0.029585519321382706,2151.9225986246233,2.1151955008882235e-05,0.029740846646113046,laminar
moody_eps2.12e-05_Re4.45e+03,0.378882534289429,0.04598567415149542,0.001,1000.0,0.1,2.1151955008882236e-06,0.03583351951625552,4598.567415149541,2.1151955008882235e-05,0.038331334747233235,colebrook
moody_eps2.12e-05_Re5.06e+03,0.4407733445260194,0.049374290331332046,0.001,1000.0,0.1,2.1151955008882236e-06,0.03616126259165285,4937.429033133204,2.1151955008882235e-05,0.03755205661827275,colebrook
moody_eps2.12e-05_Re5.76e+03,0.6010597323664431,0.05710013860846293,0.001,1000.0,0.1,2.1151955008882236e-06,0.03687001415586941,5710.013860846293,2.1151955008882235e-05,0.036027868066062806,colebrook
moody_eps2.12e-05_Re6.55e+03,0.6958372793231646,0.06439929675308205,0.001,1000.0,0.1,2.1151955008882236e-06,0.03355640584057778,6439.929675308205,2.1151955008882235e-05,0.03483290651689018,colebrook
moody_eps2.12e-05_Re7.44e+03,0.9518609953038433,0.07658355890179355,0.001,1000.0,0.1,2.1151955008882236e-06,0.03245879833133805,7658.355890179355,2.1151955008882235e-05,0.033209484626275314,colebrook
moody_eps2.12e-05_Re8.46e+03,1.151048425992744,0.0853346424169172,0.001,1000.0,0.1,2.1151955008882236e-06,0.03161351927703973,8533.46424169172,2.1151955008882235e-05,0.03225053951551453,colebrook
moody_eps2.12e-05_Re9.62e+03,1.4688129145545703,0.09774588168327555,0.001,1000.0,0.1,2.1151955008882236e-06,0.03074677298730838,9774.588168327557,2.1151955008882235e-05,0.031102601333911763,colebrook
moody_eps2.12e-05_Re1.09e+04,1.919856203545991,0.11207468997275871,0.001,1000.0,0.1,2.1151955008882236e-06,0.03056916701848441,11207.468997275872,2.1151955008882235e-05,0.030004931592571137,colebrook
moody_eps2.12e-05_Re1.24e+04,2.533273620426129,0.1330070840719312,0.001,1000.0,0.1,2.1151955008882236e-06,0.028639310067721316,13300.708407193122,2.1151955008882235e-05,0.028708277158825204,colebrook
moody_eps2.12e-05_Re1.41e+04,2.5958002063545447,0.1374084510564462,0.001,1000.0,0.1,2.1151955008882236e-06,0.027496307132972714,13740.845105644617,2.1151955008882235e-05,0.028470977278330395,colebrook
moody_eps2.12e-05_Re1.61e+04,3.4704514747150386,0.15802477590160402,0.001,1000.0,0.1,2.1151955008882236e-06,0.027794931350112403,15802.477590160403,2.1151955008882235e-05,0.027483731539657896,colebrook
moody_eps2.12e-05_Re1.83e+04,4.4702224381225,0.1790580598769487,0.001,1000.0,0.1,2.1151955008882236e-06,0.027885046995012902,17905.80598769487,2.1151955008882235e-05,0.02664286990386489,colebrook
moody_eps2.12e-05_Re2.08e+04,5.452990817334938,0.2092621816404574,0.001,1000.0,0.1,2.1151955008882236e-06,0.02490481182305053,20926.21816404574,2.1151955008882235e-05,0.025645589290909473,colebrook
moody_eps2.12e-05_Re2.37e+04,6.6675902386567225,0.23325757120177992,0.001,1000.0,0.1,2.1151955008882236e-06,0.024509102006260677,23325.757120177994,2.1151955008882235e-05,0.02498300946864055,colebrook
moody_eps2.12e-05_Re2.69e+04,8.549933843863098,0.27038136676602886,0.001,1000.0,0.1,2.1151955008882236e-06,0.023390485265248073,27038.136676602884,2.1151955008882235e-05,0.02412118585869435,colebrook
moody_eps2.12e-05_Re3.06e+04,11.604309015771285,0.31779224810381707,0.001,1000.0,0.1,2.1151955008882236e-06,0.02298066979077018,31779.224810381704,2.1151955008882235e-05,0.02322763419955275,colebrook
moody_eps2.12e-05_Re3.48e+04,13.962994124338493,0.34525181849887077,0.001,1000.0,0.1,2.1151955008882236e-06,0.023428074771061482,34525.18184988708,2.1151955008882235e-05,0.022788148111414202,colebrook
moody_eps2.12e-05_Re3.95e+04,16.59529585602488,0.3866004799899498,0.001,1000.0,0.1,2.1151955008882236e-06,0.022207016597326493,38660.047998994974,2.1151955008882235e-05,0.022207930122292045,colebrook
moody_eps2.12e-05_Re4.50e+04,24.1670290453463,0.4744071406753919,0.001,1000.0,0.1,2.1151955008882236e-06,0.02147587290243436,47440.714067539186,2.1151955008882235e-05,0.021212610039772286,colebrook
moody_eps2.12e-05_Re5.11e+04,27.3018905527459,0.5157219129574648,0.001,1000.0,0.1,2.1151955008882236e-06,0.020530122803598973,51572.191295746474,2.1151955008882235e-05,0.020825643193816648,colebrook
moody_eps2.12e-05_Re5.81e+04,34.25124052227106,0.5641833683882751,0.001,1000.0,0.1,2.1151955008882236e-06,0.02152116327546622,56418.336838827505,2.1151955008882235e-05,0.020421178376191867,colebrook
moody_eps2.12e-05_Re6.61e+04,45.24480912621418,0.6577709701905314,0.001,1000.0,0.1,2.1151955008882236e-06,0.02091458978824131,65777.09701905314,2.1151955008882235e-05,0.019756987985660217,colebrook
moody_eps2.12e-05_Re7.52e+04,54.29036480411817,0.7362698640716181,0.001,1000.0,0.1,2.1151955008882236e-06,0.02002989652453179,73626.9864071618,2.1151955008882235e-05,0.01928981815807055,colebrook
moody_eps2.12e-05_Re8.55e+04,68.37065838604178,0.8492958309589141,0.001,1000.0,0.1,2.1151955008882236e-06,0.01895753093132379,84929.58309589142,2.1151955008882235e-05,0.018721972052223933,colebrook
moody_eps2.12e-05_Re9.72e+04,93.01375298719655,1.0077968112265363,0.001,1000.0,0.1,2.1151955008882236e-06,0.018316023998408565,100779.68112265362,2.1151955008882235e-05,0.018075009013383946,colebrook
moody_eps2.12e-05_Re1.10e+05,107.90141602537486,1.1317851244105244,0.001,1000.0,0.1,2.1151955008882236e-06,0.016847256062226746,113178.51244105244,2.1151955008882235e-05,0.017656000329062574,colebrook
moody_eps2.12e-05_Re1.26e+05,141.52434182846903,1.2390578641056222,0.001,1000.0,0.1,2.1151955008882236e-06,0.018436478132991343,123905.78641056221,2.1151955008882235e-05,0.017339559057579907,colebrook
moody_eps2.12e-05_Re1.43e+05,171.53886430524668,1.4187153444378933,0.001,1000.0,0.1,2.1151955008882236e-06,0.017045195791773812,141871.53444378934,2.1151955008882235e-05,0.016883038913258697,colebrook
moody_eps2.12e-05_Re1.62e+05,211.0681186653399,1.6163761391851914,0.001,1000.0,0.1,2.1151955008882236e-06,0.01615726221569961,161637.61391851914,2.1151955008882235e-05,0.016461378859768384,colebrook
moody_eps2.12e-05_Re1.85e+05,243.88328566152887,1.7659894661121993,0.001,1000.0,0.1,2.1151955008882236e-06,0.01563996639247774,176598.94661121993,2.1151955008882235e-05,0.01618495066018006,colebrook
moody_eps2.12e-05_Re2.10e+05,377.70390793853494,2.2088312499060088,0.001,1000.0,0.1,2.1151955008882236e-06,0.015483045786083085,220883.1249906009,2.1151955008882235e-05,0.015519812354491774,colebrook
moody_eps2.12e-05_Re2.39e+05,397.89417838481774,2.304297090264519,0.001,1000.0,0.1,2.1151955008882236e-06,0.014987204656114481,230429.7090264519,2.1151955008882235e-05,0.015399249527790242,colebrook
moody_eps2.12e-05_Re2.72e+05,561.7206335707693,2.7873639139148474,0.001,1000.0,0.1,2.1151955008882236e-06,0.014459824643170862,278736.39139148477,2.1151955008882235e-05,0.014876586298769215,colebrook
moody_eps2.12e-05_Re3.09e+05,650.6942472721308,3.030072115806109,0.001,1000.0,0.1,2.1151955008882236e-06,0.01417428083425357,303007.2115806109,2.1151955008882235e-05,0.014657147809119279,colebrook
moody_eps2.12e-05_Re3.51e+05,863.2310889893066,3.380510001056478,0.001,1000.0,0.1,2.1151955008882236e-06,0.015107500537589382,338051.0001056478,2.1151955008882235e-05,0.014378291115555756,colebrook
moody_eps2.12e-05_Re3.99e+05,1094.123503631128,3.975010238135547,0.001,1000.0,0.1,2.1151955008882236e-06,0.013849045433769828,397501.02381355467,2.1151955008882235e-05,0.013983268615946244,colebrook
moody_eps2.12e-05_Re4.54e+05,1392.3021491397044,4.457838643831395,0.001,1000.0,0.1,2.1151955008882236e-06,0.014012473355843316,445783.86438313953,2.1151955008882235e-05,0.013716154522385478,colebrook
moody_eps2.12e-05_Re5.16e+05,1805.1069554884443,5.17068505757747,0.001,1000.0,0.1,2.1151955008882236e-06,0.013503201960883901,517068.505757747,2.1151955008882235e-05,0.013385293347670702,colebrook
moody_eps2.12e-05_Re5.87e+05,2251.428517060038,5.892736787848339,0.001,1000.0,0.1,2.1151955008882236e-06,0.012967434789945964,589273.6787848339,2.1151955008882235e-05,0.013107188876231581,colebrook
moody_eps2.12e-05_Re6.67e+05,2645.3761955041978,6.577412479822686,0.001,1000.0,0.1,2.1151955008882236e-06,0.012229459999582495,657741.2479822687,2.1151955008882235e-05,0.0128828228060545,colebrook
moody_eps2.12e-05_Re7.59e+05,3767.300490859033,7.476526055712978,0.001,1000.0,0.1,2.1151955008882236e-06,0.013479089453606284,747652.6055712978,2.1151955008882235e-05,0.012631994201104352,colebrook
moody_eps2.12e-05_Re8.63e+05,4296.279425608914,8.312762788482289,0.001,1000.0,0.1,2.1151955008882236e-06,0.012434597725807581,831276.2788482287,2.1151955008882235e-05,0.012432966968046171,colebrook
moody_eps2.12e-05_Re9.81e+05,6167.790680747401,9.909564465194912,0.001,1000.0,0.1,2.1151955008882236e-06,0.012561759881765467,990956.4465194911,2.1151955008882235e-05,0.012119751967889263,colebrook
moody_eps2.12e-05_Re1.12e+06,8502.505173701311,12.08095748594135,0.001,1000.0,0.1,2.1151955008882236e-06,0.011651294736830577,1208095.748594135,2.1151955008882235e-05,0.011790819120546399,colebrook
moody_eps2.12e-05_Re1.27e+06,9261.176263433435,12.354527223641462,0.001,1000.0,0.1,2.1151955008882236e-06,0.012135114661981156,1235452.7223641463,2.1151955008882235e-05,0.011755228519291689,colebrook
moody_eps2.12e-05_Re1.44e+06,12875.288189799867,14.514954404704154,0.001,1000.0,0.1,2.1151955008882236e-06,0.012222374947527984,1451495.4404704154,2.1151955008882235e-05,0.011508397016672396,colebrook
moody_eps2.12e-05_Re1.64e+06,15558.052661997594,16.760129453418212,0.001,1000.0,0.1,2.1151955008882236e-06,0.011077212710617892,1676012.9453418213,2.1151955008882235e-05,0.011301709562903373,colebrook
moody_eps2.12e-05_Re1.86e+06,19427.58320721352,18.537527139012116,0.001,1000.0,0.1,2.1151955008882236e-06,0.0113069422407055,1853752.7139012117,2.1151955008882235e-05,0.011164350703686151,colebrook
moody_eps2.12e-05_Re2.12e+06,24565.41189633481,21.52403910876219,0.001,1000.0,0.1,2.1151955008882236e-06,0.010604898133125831,2152403.910876219,2.1151955008882235e-05,0.010971921756629572,colebrook
moody_eps2.12e-05_Re2.41e+06,26907.577342900524,22.757097241383164,0.001,1000.0,0.1,2.1151955008882236e-06,0.010391323429373331,2275709.724138316,2.1151955008882235e-05,0.010903506945553684,colebrook
moody_eps2.12e-05_Re2.74e+06,41405.74879832302,27.926374975691466,0.001,1000.0,0.1,2.1151955008882236e-06,0.010618459340677048,2792637.4975691466,2.1151955008882235e-05,0.01066738634402259,colebrook
moody_eps2.12e-05_Re3.12e+06,45408.650229764324,29.502206341826,0.001,1000.0,0.1,2.1151955008882236e-06,0.01043421054925079,2950220.6341826,2.1151955008882235e-05,0.010608070623504004,colebrook
moody_eps2.12e-05_Re3.54e+06,58139.539871943256,33.443363164706376,0.001,1000.0,0.1,2.1151955008882236e-06,0.010396369253720245,3344336.316470638,2.1151955008882235e-05,0.01047877718435109,colebrook
moody_eps2.12e-05_Re4.03e+06,78293.84560244925,39.269830171749106,0.001,1000.0,0.1,2.1151955008882236e-06,0.010154056474742474,3926983.0171749108,2.1151955008882235e-05,0.010325455481718647,colebrook
moody_eps2.12e-05_Re4.58e+06,107073.44644486753,45.71105643418387,0.001,1000.0,0.1,2.1151955008882236e-06,0.010248711326382639,4571105.643418387,2.1151955008882235e-05,0.010192713216090213,colebrook
moody_eps2.12e-05_Re5.21e+06,142851.8799468458,52.201489503315976,0.001,1000.0,0.1,2.1151955008882236e-06,0.010484558936936577,5220148.950331598,2.1151955008882235e-05,0.010086049861986964,colebrook
moody_eps2.12e-05_Re5.93e+06,206773.55249001345,63.67606440504294,0.001,1000.0,0.1,2.1151955008882236e-06,0.010199351479290866,6367606.440504294,2.1151955008882235e-05,0.009941970161245319,colebrook
moody_eps2.12e-05_Re6.74e+06,227391.51043186255,66.98993821416124,0.001,1000.0,0.1,2.1151955008882236e-06,0.010134097717665925,6698993.821416125,2.1151955008882235e-05,0.00990804165622124,colebrook
moody_eps2.12e-05_Re7.66e+06,269556.9981151039,74.95342545738377,0.001,1000.0,0.1,2.1151955008882236e-06,0.009596163439217039,7495342.545738378,2.1151955008882235e-05,0.009836879064501257,colebrook
moody_eps2.12e-05_Re8.71e+06,354671.3627100538,84.85985249312802,0.001,1000.0,0.1,2.1151955008882236e-06,0.009850348008265428,8485985.249312801,2.1151955008882235e-05,0.009764330508880245,colebrook
moody_eps2.12e-05_Re9.90e+06,545835.0025770643,102.79607082348384,0.001,1000.0,0.1,2.1151955008882236e-06,0.010330904523565323,10279607.082348384,2.1151955008882235e-05,0.009664078550798242,colebrook
moody_eps2.12e-05_Re1.13e+07,673347.783456283,117.18731308794867,0.001,1000.0,0.1,2.1151955008882236e-06,0.009806369134531768,11718731.308794865,2.1151955008882235e-05,0.009603248870807858,colebrook
moody_eps2.12e-05_Re1.28e+07,755005.9163451905,125.4427139934254,0.001,1000.0,0.1,2.1151955008882236e-06,0.0095959829449749,12544271.39934254,2.1151955008882235e-05,0.009573942847419161,colebrook
moody_eps2.12e-05_Re1.46e+07,1037688.8575020191,148.00651446734798,0.001,1000.0,0.1,2.1151955008882236e-06,0.009474045948817452,14800651.446734797,2.1151955008882235e-05,0.009508856685069556,colebrook
moody_eps2.12e-05_Re1.66e+07,1413440.5859962269,175.0885558028286,0.001,1000.0,0.1,2.1151955008882236e-06,0.009221297472468613,17508855.58028286,2.1151955008882235e-05,0.009450940625761621,colebrook
moody_eps2.12e-05_Re1.88e+07,1620293.7437449573,184.27614348525623,0.001,1000.0,0.1,2.1151955008882236e-06,0.009543013125931872,18427614.34852562,2.1151955008882235e-05,0.009434827797391923,colebrook
moody_eps2.12e-05_Re2.14e+07,2294849.509011641,227.35600158156726,0.001,1000.0,0.1,2.1151955008882236e-06,0.008879149342614811,22735600.158156727,2.1151955008882235e-05,0.009375388673813032,colebrook
moody_eps2.12e-05_Re2.43e+07,2740831.8420201414,237.31428889135904,0.001,1000.0,0.1,2.1151955008882236e-06,0.009733400873650941,23731428.8891359,2.1151955008882235e-05,0.00936450304446719,colebrook
moody_eps2.12e-05_Re2.77e+07,3650877.548372401,271.1986477995906,0.001,1000.0,0.1,2.1151955008882236e-06,0.009927781789012846,27119864.77995906,2.1151955008882235e-05,0.009333072033320289,colebrook
moody_eps2.12e-05_Re3.15e+07,4530865.768291555,307.05535113026957,0.001,1000.0,0.1,2.1151955008882236e-06,0.009611205229693219,30705535.113026958,2.1151955008882235e-05,0.009306935260141634,colebrook
moody_eps2.12e-05_Re3.58e+07,5991963.145236043,356.90934419109675,0.001,1000.0,0.1,2.1151955008882236e-06,0.009407696376042603,35690934.41910967,2.1151955008882235e-05,0.009278884635627177,colebrook
moody_eps2.12e-05_Re4.07e+07,6866767.990142774,394.4546195876888,0.001,1000.0,0.1,2.1151955008882236e-06,0.008826494937746916,39445461.95876888,2.1151955008882235e-05,0.009262224176431315,colebrook
moody_eps2.12e-05_Re4.63e+07,10192949.004020602,473.5704365374584,0.001,1000.0,0.1,2.1151955008882236e-06,0.009089932979093027,47357043.653745845,2.1151955008882235e-05,0.009235426198467286,colebrook
moody_eps2.12e-05_Re5.26e+07,11688157.87133249,511.7964042921272,0.001,1000.0,0.1,2.1151955008882236e-06,0.00892445294257686,51179640.42921272,2.1151955008882235e-05,0.009225337884414686,colebrook
moody_eps2.12e-05_Re5.98e+07,16119946.181668632,579.7460336663665,0.001,1000.0,0.1,2.1151955008882236e-06,0.00959219526592446,57974603.366636656,2.1151955008882235e-05,0.009210581396045948,colebrook
moody_eps2.12e-05_Re6.80e+07,19804904.105952952,661.6359147830544,0.001,1000.0,0.1,2.1151955008882236e-06,0.009048250107531687,66163591.47830545,2.1151955008882235e-05,0.009196707743870384,colebrook
moody_eps2.12e-05_Re7.73e+07,30490376.639418736,820.4465583838296,0.001,1000.0,0.1,2.1151955008882236e-06,0.009059248852403523,82044655.83838296,2.1151955008882235e-05,0.00917750779166152,colebrook
moody_eps2.12e-05_Re8.79e+07,35851621.934765585,879.305217441837,0.001,1000.0,0.1,2.1151955008882236e-06,0.009273837964595187,87930521.7441837,2.1151955008882235e-05,0.009172113933029049,colebrook
moody_eps2.12e-05_Re1.00e+08,44091745.44490362,991.1593378206569,0.001,1000.0,0.1,2.1151955008882236e-06,0.008976361479615818,99115933.78206569,2.1151955008882235e-05,0.009163593624903078,colebrook
moody_eps2.79e-05_Re3.00e+02,0.010071650181044937,0.003117336132542454,0.001,1000.0,0.1,2.791495450659851e-06,0.20728284549810339,311.7336132542454,2.791495450659851e-05,0.2053034940053209,laminar
moody_eps2.79e-05_Re3.41e+02,0.010275607320328272,0.003347390203186834,0.001,1000.0,0.1,2.791495450659851e-06,0.18341076134058598,334.7390203186834,2.791495450659851e-05,0.19119372440974983,laminar
moody_eps2.79e-05_Re3.88e+02,0.011625530796801169,0.0037463767110100144,0.001,1000.0,0.1,2.791495450659851e-06,0.16566085426827687,374.63767110100144,2.791495450659851e-05,0.17083172605657626,laminar
moody_eps2.79e-05_Re4.41e+02,0.01370365087359958,0.004134197862416232,0.001,1000.0,0.1,2.791495450659851e-06,0.160355464852837,413.4197862416232,2.791495450659851e-05,0.15480633034480645,laminar
moody_eps2.79e-05_Re5.01e+02,0.01635837186040442,0.005030349078219015,0.001,1000.0,0.1,2.791495450659851e-06,0.12929264634316864,503.03490782190147,2.791495450659851e-05,0.12722775100661418,laminar
moody_eps2.79e-05_Re5.70e+02,0.01723446619793766,0.005464724172083813,0.001,1000.0,0.1,2.791495450659851e-06,0.11542272942595205,546.4724172083813,2.791495450659851e-05,0.11711478564085599,laminar
moody_eps2.79e-05_Re6.48e+02,0.020646564005149286,0.0064374365546124475,0.001,1000.0,0.1,2.791495450659851e-06,0.09964416195204742,643.7436554612448,2.791495450659851e-05,0.0994184555561076,laminar
moody_eps2.79e-05_Re7.37e+02,0.022587607471648077,0.007327235784982202,0.001,1000.0,0.1,2.791495450659851e-06,0.08414336839419792,732.7235784982203,2.791495450659851e-05,0.08734535352495887,laminar
moody_eps2.79e-05_Re8.38e+02,0.028316799173256555,0.008662435411843951,0.001,1000.0,0.1,2.791495450659851e-06,0.07547343866495614,866.2435411843951,2.791495450659851e-05,0.07388222475228416,laminar
moody_eps2.79e-05_Re9.53e+02,0.031533723927686316,0.009553807347722673,0.001,1000.0,0.1,2.791495450659851e-06,0.06909590314144112,955.3807347722673,2.791495450659851e-05,0.06698899995639497,laminar
moody_eps2.79e-05_Re1.08e+03,0.037500661472769044,0.011239007842543051,0.001,1000.0,0.1,2.791495450659851e-06,0.05937627869130338,1123.900784254305,2.791495450659851e-05,0.056944528286332,laminar
moody_eps2.79e-05_Re1.23e+03,0.03925970621572869,0.012385070398433628,0.001,1000.0,0.1,2.791495450659851e-06,0.05118940505624923,1238.507039843363,2.791495450659851e-05,0.05167512007690666,laminar
moody_eps2.79e-05_Re1.40e+03,0.04540162713728464,0.013813690217027875,0.001,1000.0,0.1,2.791495450659851e-06,0.04758630552231716,1381.3690217027874,2.791495450659851e-05,0.04633084932012476,laminar
moody_eps2.79e-05_Re1.59e+03,0.04857986284120851,0.015603013584734022,0.001,1000.0,0.1,2.791495450659851e-06,0.03990885856969609,1560.3013584734022,2.791495450659851e-05,0.04101771728419025,laminar
moody_eps2.79e-05_Re1.81e+03,0.05988549853632342,0.01842288139691178,0.001,1000.0,0.1,2.791495450659851e-06,0.03528877255315906,1842.288139691178,2.791495450659851e-05,0.034739408359176806,laminar
moody_eps2.79e-05_Re2.06e+03,0.06550888710224013,0.020999771271213066,0.001,1000.0,0.1,2.791495450659851e-06,0.029709893039050066,2099.9771271213067,2.791495450659851e-05,0.03047652242180969,laminar
moody_eps2.79e-05_Re4.45e+03,0.4004730095973847,0.04493236144724062,0.001,1000.0,0.1,2.791495450659851e-06,0.03967206068647969,4493.236144724062,2.791495450659851e-05,0.03859752915084483,colebrook
moody_eps2.79e-05_Re5.06e+03,0.4626006331277406,0.04990867013422648,0.001,1000.0,0.1,2.791495450659851e-06,0.03714361959377537,4990.867013422648,2.791495450659851e-05,0.037443613440790634,colebrook
moody_eps2.79e-05_Re5.76e+03,0.6141149690726889,0.057060070314104976,0.001,1000.0,0.1,2.791495450659851e-06,0.037723768767505744,5706.007031410498,2.791495450659851e-05,0.03604304128872754,colebrook
moody_eps2.79e-05_Re6.55e+03,0.7478994142122286,0.06725699150888666,0.001,1000.0,0.1,2.791495450659851e-06,0.03306726798311849,6725.699150888666,2.791495450659851e-05,0.03442424134471959,colebrook
moody_eps2.79e-05_Re7.44e+03,0.8741166475833426,0.07111709116728332,0.001,1000.0,0.1,2.791495450659851e-06,0.03456618241668947,7111.7091167283315,2.791495450659851e-05,0.03389855865813901,colebrook
moody_eps2.79e-05_Re8.46e+03,1.1637890742778703,0.0841003442696204,0.001,1000.0,0.1,2.791495450659851e-06,0.03290854826360904,8410.03442696204,2.791495450659851e-05,0.03238694065675303,colebrook
moody_eps2.79e-05_Re9.62e+03,1.5120880488707191,0.09701136476322414,0.001,1000.0,0.1,2.791495450659851e-06,0.03213378235893089,9701.136476322414,2.791495450659851e-05,0.03117510502362844,colebrook
moody_eps2.79e-05_Re1.09e+04,1.6344140822177644,0.10422367787477325,0.001,1000.0,0.1,2.791495450659851e-06,0.030092571563231037,10422.367787477326,2.791495450659851e-05,0.030591256705573337,colebrook
moody_eps2.79e-05_Re1.24e+04,2.307779587247756,0.12537310469582585,0.001,1000.0,0.1,2.791495450659851e-06,0.029364023424740204,12537.310469582586,2.791495450659851e-05,0.0291581991010244,colebrook
moody_eps2.79e-05_Re1.41e+04,2.6505501462791985,0.1375205890028709,0.001,1000.0,0.1,2.791495450659851e-06,0.028030482483852134,13752.058900287091,2.791495450659851e-05,0.02847730192725847,colebrook
moody_eps2.79e-05_Re1.61e+04,3.4399106659619307,0.1580791818086724,0.001,1000.0,0.1,2.791495450659851e-06,0.027531368601667813,15807.91818086724,2.791495450659851e-05,0.027494490963764752,colebrook
moody_eps2.79e-05_Re1.83e+04,4.565643300755813,0.18681929039160447,0.001,1000.0,0.1,2.791495450659851e-06,0.02616306003832401,18681.929039160448,2.791495450659851e-05,0.026380168866374554,colebrook
moody_eps2.79e-05_Re2.08e+04,5.178975736509004,0.20705547588461612,0.001,1000.0,0.1,2.791495450659851e-06,0.024160194762112813,20705.547588461613,2.791495450659851e-05,0.025726761651701353,colebrook
moody_eps2.79e-05_Re2.37e+04,6.966057192347358,0.22910921085297697,0.001,1000.0,0.1,2.791495450659851e-06,0.02654189535355401,22910.921085297698,2.791495450659851e-05,0.025106707453888624,colebrook
moody_eps2.79e-05_Re2.69e+04,8.315802342765831,0.25545446775471736,0.001,1000.0,0.1,2.791495450659851e-06,0.025486320983269545,25545.446775471733,2.791495450659851e-05,0.024464182790317757,colebrook
moody_eps2.79e-05_Re3.06e+04,10.17738570468013,0.3030816309566788,0.001,1000.0,0.1,2.791495450659851e-06,0.0221588388052206,30308.16309566788,2.791495450659851e-05,0.023503104351150314,colebrook
moody_eps2.79e-05_Re3.48e+04,15.459240581828917,0.36326150974199656,0.001,1000.0,0.1,2.791495450659851e-06,0.023430382818118427,36326.150974199656,2.791495450659851e-05,0.022544959701590612,colebrook
moody_eps2.79e-05_Re3.95e+04,17.273623063032836,0.38945507602938695,0.001,1000.0,0.1,2.791495450659851e-06,0.022777114066811984,38945.5076029387,2.791495450659851e-05,0.022192135139881698,colebrook
moody_eps2.79e-05_Re4.50e+04,21.34206763123739,0.444799068876528,0.001,1000.0,0.1,2.791495450659851e-06,0.0215744010974196,44479.906887652796,2.791495450659851e-05,0.02154146514758395,colebrook
moody_eps2.79e-05_Re5.11e+04,27.349220562965314,0.5137522208018183,0.001,1000.0,0.1,2.791495450659851e-06,0.02072371088912435,51375.222080181826,2.791495450659851e-05,0.02086783159087107,colebrook
moody_eps2.79e-05_Re5.81e+04,35.708641858744954,0.5904811423430876,0.001,1000.0,0.1,2.791495450659851e-06,0.020482891439450358,59048.114234308756,2.791495450659851e-05,0.02024722006945288,colebrook
moody_eps2.79e-05_Re6.61e+04,42.35177163258634,0.6506510601697206,0.001,1000.0,0.1,2.791495450659851e-06,0.020008074430940975,65065.106016972066,2.791495450659851e-05,0.01983119333155704,colebrook
moody_eps2.79e-05_Re7.52e+04,53.04023755617259,0.7398858601777234,0.001,1000.0,0.1,2.791495450659851e-06,0.019377868339527392,73988.58601777234,2.791495450659851e-05,0.01930023067520983,colebrook
moody_eps2.79e-05_Re8.55e+04,66.78118312329545,0.8418997850643577,0.001,1000.0,0.1,2.791495450659851e-06,0.01884357529289836,84189.97850643576,2.791495450659851e-05,0.018788656354132693,colebrook
moody_eps2.79e-05_Re9.72e+04,92.07446560525715,1.0194718413752712,0.001,1000.0,0.1,2.791495450659851e-06,0.017718164649701475,101947.18413752712,2.791495450659851e-05,0.01806916885018763,colebrook
moody_eps2.79e-05_Re1.10e+05,105.18988497960905,1.0574126418280978,0.001,1000.0,0.1,2.791495450659851e-06,0.01881546601881597,105741.26418280977,2.791495450659851e-05,0.017936806456186626,colebrook
moody_eps2.79e-05_Re1.26e+05,136.2799884690581,1.267372274533846,0.001,1000.0,0.1,2.791495450659851e-06,0.016968899580159912,126737.2274533846,2.791495450659851e-05,0.017303359227749896,colebrook
moody_eps2.79e-05_Re1.43e+05,165.56079953420368,1.4178425277189015,0.001,1000.0,0.1,2.791495450659851e-06,0.016471437900340318,141784.25277189014,2.791495450659851e-05,0.0169292073608318,colebrook
moody_eps2.79e-05_Re1.62e+05,233.90364837634317,1.67065322178556,0.001,1000.0,0.1,2.791495450659851e-06,0.016760785434913907,167065.322178556,2.791495450659851e-05,0.016405912487116675,colebrook
moody_eps2.79e-05_Re1.85e+05,286.02852607386336,1.8821035746394872,0.001,1000.0,0.1,2.791495450659851e-06,0.01614924802942068,188210.35746394872,2.791495450659851e-05,0.01604291604300271,colebrook
moody_eps2.79e-05_Re2.10e+05,299.20856491621197,1.97483563442631,0.001,1000.0,0.1,2.791495450659851e-06,0.01534412424920509,197483.563442631,2.791495450659851e-05,0.015900363451384087,colebrook
moody_eps2.79e-05_Re2.39e+05,410.7088609462597,2.4084224502944607,0.001,1000.0,0.1,2.791495450659851e-06,0.014161156902293004,240842.24502944606,2.791495450659851e-05,0.015335206363370405,colebrook
moody_eps2.79e-05_Re2.72e+05,534.284007683286,2.7088272399594393,0.001,1000.0,0.1,2.791495450659851e-06,0.014562621255499836,270882.7239959439,2.791495450659851e-05,0.015017518638689714,colebrook
moody_eps2.79e-05_Re3.09e+05,720.0476535000723,3.146673256675416,0.001,1000.0,0.1,2.791495450659851e-06,0.014544136333599095,314667.3256675416,2.791495450659851e-05,0.014630171722748574,colebrook
moody_eps2.79e-05_Re3.51e+05,947.4191225023461,3.623962484100886,0.001,1000.0,0.1,2.791495450659851e-06,0.014427954218378444,362396.2484100886,2.791495450659851e-05,0.014282541965298245,colebrook
moody_eps2.79e-05_Re3.99e+05,1094.3493480192847,4.0054922148683385,0.001,1000.0,0.1,2.791495450659851e-06,0.0136418790660077,400549.2214868339,2.791495450659851e-05,0.014046097375465421,colebrook
moody_eps2.79e-05_Re4.54e+05,1576.1992811373357,4.625288683255806,0.001,1000.0,0.1,2.791495450659851e-06,0.014735451003802228,462528.86832558055,2.791495450659851e-05,0.013720317248773121,colebrook
moody_eps2.79e-05_Re5.16e+05,1584.413484254696,4.90300220737991,0.001,1000.0,0.1,2.791495450659851e-06,0.013181788767085654,490300.2207379911,2.791495450659851e-05,0.013592909138933428,colebrook
moody_eps2.79e-05_Re5.87e+05,2534.4156499477717,6.169003666755137,0.001,1000.0,0.1,2.791495450659851e-06,0.013319188967799989,616900.3666755137,2.791495450659851e-05,0.013116251554462804,colebrook
moody_eps2.79e-05_Re6.67e+05,2906.3332648597816,6.614010442485117,0.001,1000.0,0.1,2.791495450659851e-06,0.013287572766394862,661401.0442485118,2.791495450659851e-05,0.012979482833116953,colebrook
moody_eps2.79e-05_Re7.59e+05,3657.7347567497563,7.663711243357798,0.001,1000.0,0.1,2.791495450659851e-06,0.012455579530050418,766371.1243357798,2.791495450659851e-05,0.012701845982315324,colebrook
moody_eps2.79e-05_Re8.63e+05,4594.7635249633595,8.45642400976754,0.001,1000.0,0.1,2.791495450659851e-06,0.01285048914945414,845642.400976754,2.791495450659851e-05,0.012524962070220974,colebrook
moody_eps2.79e-05_Re9.81e+05,6217.133674892805,9.911817946400861,0.001,1000.0,0.1,2.791495450659851e-06,0.01265649837464321,991181.794640086,2.791495450659851e-05,0.01225385172800088,colebrook
moody_eps2.79e-05_Re1.12e+06,7643.6523199790345,11.375882860090739,0.001,1000.0,0.1,2.791495450659851e-06,0.011813013420574057,1137588.286009074,2.791495450659851e-05,0.012032623853899253,colebrook
moody_eps2.79e-05_Re1.27e+06,10116.46919950806,13.277344427045893,0.001,1000.0,0.1,2.791495450659851e-06,0.011477214978663278,1327734.4427045893,2.791495450659851e-05,0.011799517622492553,colebrook
moody_eps2.79e-05_Re1.44e+06,11567.464939261437,14.227693857103118,0.001,1000.0,0.1,2.791495450659851e-06,0.011428761349091465,1422769.3857103118,2.791495450659851e-05,0.011700324405088475,colebrook
moody_eps2.79e-05_Re1.64e+06,14563.545665629537,15.724300242488544,0.001,1000.0,0.1,2.791495450659851e-06,0.011780248779859224,1572430.0242488543,2.791495450659851e-05,0.011562261630966153,colebrook
moody_eps2.79e-05_Re1.86e+06,18198.22893833366,18.06742563389822,0.001,1000.0,0.1,2.791495450659851e-06,0.01114978693229369,1806742.5633898221,2.791495450659851e-05,0.011381020889714717,colebrook
moody_eps2.79e-05_Re2.12e+06,27230.29207581058,21.811403525835598,0.001,1000.0,0.1,2.791495450659851e-06,0.011447616453636327,2181140.3525835597,2.791495450659851e-05,0.011154300781483141,colebrook
moody_eps2.79e-05_Re2.41e+06,29783.264376201398,23.66413318905095,0.001,1000.0,0.1,2.791495450659851e-06,0.010637047295762127,2366413.3189050946,2.791495450659851e-05,0.011062755639100969,colebrook
moody_eps2.79e-05_Re2.74e+06,38835.549339247584,27.32847418489686,0.001,1000.0,0.1,2.791495450659851e-06,0.01039988840341689,2732847.4184896857,2.791495450659851e-05,0.010910559178363831,colebrook
moody_eps2.79e-05_Re3.12e+06,48860.420311195616,30.240968266460396,0.001,1000.0,0.1,2.791495450659851e-06,0.010685523637053983,3024096.8266460393,2.791495450659851e-05,0.01081055728729662,colebrook
moody_eps2.79e-05_Re3.54e+06,65289.50376790225,35.276601869643585,0.001,1000.0,0.1,2.791495450659851e-06,0.010493004909545925,3527660.186964358,2.791495450659851e-05,0.010669249681038313,colebrook
moody_eps2.79e-05_Re4.03e+06,88623.39887808416,40.12730338944375,0.001,1000.0,0.1,2.791495450659851e-06,0.01100774718763255,4012730.3389443755,2.791495450659851e-05,0.010560684593108249,colebrook
moody_eps2.79e-05_Re4.58e+06,118679.05679420754,46.697220043082595,0.001,1000.0,0.1,2.791495450659851e-06,0.010884839446856153,4669722.00430826,2.791495450659851e-05,0.010443650195314935,colebrook
moody_eps2.79e-05_Re5.21e+06,149279.36026302076,53.52801972039089,0.001,1000.0,0.1,2.791495450659851e-06,0.01041999251889084,5352801.972039089,2.791495450659851e-05,0.010347726857557549,colebrook
moody_eps2.79e-05_Re5.93e+06,161571.98653340715,57.13190273700785,0.001,1000.0,0.1,2.791495450659851e-06,0.009900079543470356,5713190.273700785,2.791495450659851e-05,0.010304960737147094,colebrook
moody_eps2.79e-05_Re6.74e+06,228506.73492242262,67.33053478840392,0.001,1000.0,0.1,2.791495450659851e-06,0.010081029196944195,6733053.478840392,2.791495450659851e-05,0.010205365268755514,colebrook
moody_eps2.79e-05_Re7.66e+06,285063.18320815027,74.48878883511776,0.001,1000.0,0.1,2.791495450659851e-06,0.010275176732313198,7448878.883511776,2.791495450659851e-05,0.010149656089146057,colebrook
moody_eps2.79e-05_Re8.71e+06,409663.8579635256,90.36534252742922,0.001,1000.0,0.1,2.791495450659851e-06,0.010033532183226274,9036534.252742922,2.791495450659851e-05,0.010054047868152846,colebrook
moody_eps2.79e-05_Re9.90e+06,485615.2518598719,99.30213030754105,0.001,1000.0,0.1,2.791495450659851e-06,0.009849295856115658,9930213.030754104,2.791495450659851e-05,0.010012245681584186,colebrook
moody_eps2.79e-05_Re1.13e+07,643676.5758217665,110.3224286609291,0.001,1000.0,0.1,2.791495450659851e-06,0.01057718432516346,11032242.866092911,2.791495450659851e-05,0.009969093609625859,colebrook
moody_eps2.79e-05_Re1.28e+07,751248.81014949,123.32296704811576,0.001,1000.0,0.1,2.791495450659851e-06,0.009879292932038125,12332296.704811575,2.791495450659851e-05,0.009927192247815277,colebrook
moody_eps2.79e-05_Re1.46e+07,1015897.9534847318,143.67277335284578,0.001,1000.0,0.1,2.791495450659851e-06,0.009843082628142036,14367277.335284578,2.791495450659851e-05,0.009875586350122685,colebrook
moody_eps2.79e-05_Re1.66e+07,1477289.132687431,170.85171725047687,0.001,1000.0,0.1,2.791495450659851e-06,0.01012177786909052,17085171.725047685,2.791495450659851e-05,0.009824472317476015,colebrook
moody_eps2.79e-05_Re1.88e+07,1781275.2875886206,187.4770029066416,0.001,1000.0,0.1,2.791495450659851e-06,0.01013596341457068,18747700.29066416,2.791495450659851e-05,0.009800025252082708,colebrook
moody_eps2.79e-05_Re2.14e+07,2161739.46686241,209.20542194059377,0.001,1000.0,0.1,2.791495450659851e-06,0.009878419735483347,20920542.194059376,2.791495450659851e-05,0.009773574263134462,colebrook
moody_eps2.79e-05_Re2.43e+07,3152416.88323926,256.7626052848485,0.001,1000.0,0.1,2.791495450659851e-06,0.009563350939832358,25676260.528484855,2.791495450659851e-05,0.009730505237012028,colebrook
moody_eps2.79e-05_Re2.77e+07,3940681.133422959,278.4876246036477,0.001,1000.0,0.1,2.791495450659851e-06,0.010162240966816258,27848762.46036477,2.791495450659851e-05,0.009715490664085627,colebrook
moody_eps2.79e-05_Re3.15e+07,4575300.336563578,306.8623548610765,0.001,1000.0,0.1,2.791495450659851e-06,0.009717675136253495,30686235.486107647,2.791495450659851e-05,0.009698940492674042,colebrook
moody_eps2.79e-05_Re3.58e+07,5879815.3331594085,354.491059210185,0.001,1000.0,0.1,2.791495450659851e-06,0.009358001487561421,35449105.9210185,2.791495450659851e-05,0.009676884925486278,colebrook
moody_eps2.79e-05_Re4.07e+07,7985990.8398561375,411.8702972039833,0.001,1000.0,0.1,2.791495450659851e-06,0.009415380097702389,41187029.72039833,2.791495450659851e-05,0.009656858657175173,colebrook
moody_eps2.79e-05_Re4.63e+07,11400376.442232918,486.2421764592224,0.001,1000.0,0.1,2.791495450659851e-06,0.009643705387982579,48624217.645922236,2.791495450659851e-05,0.009637729726771625,colebrook
moody_eps2.79e-05_Re5.26e+07,13176448.875098037,522.79175108466,0.001,1000.0,0.1,2.791495450659851e-06,0.009642084299390098,52279175.108466,2.791495450659851e-05,0.009630268865078187,colebrook
moody_eps2.79e-05_Re5.98e+07,17211468.243359573,600.057106952235,0.001,1000.0,0.1,2.791495450659851e-06,0.009560106886704577,60005710.6952235,2.791495450659851e-05,0.009617416123493785,colebrook
moody_eps2.79e-05_Re6.80e+07,21919903.693036195,681.3741588866262,0.001,1000.0,0.1,2.791495450659851e-06,0.009442724512584658,68137415.88866262,2.791495450659851e-05,0.009606970213458065,colebrook
moody_eps2.79e-05_Re7.73e+07,28306869.586716972,761.9379014566075,0.001,1000.0,0.1,2.791495450659851e-06,0.009751752825963808,76193790.14566074,2.791495450659851e-05,0.009598777442261284,colebrook
moody_eps2.79e-05_Re8.79e+07,31863088.14683747,824.8580010643147,0.001,1000.0,0.1,2.791495450659851e-06,0.009366114827942196,82485800.10643147,2.791495450659851e-05,0.00959347199579942,colebrook
moody_eps2.79e-05_Re1.00e+08,48430269.02607104,1000.2566890773405,0.001,1000.0,0.1,2.791495450659851e-06,0.009681083110751878,100025668.90773405,2.791495450659851e-05,0.009582153643995235,colebrook
moody_eps3.68e-05_Re3.00e+02,0.009527035273000035,0.0029650563698757778,0.001,1000.0,0.1,3.6840314986403865e-06,0.21673141187642628,296.50563698757776,3.684031498640386e-05,0.21584749838223585,laminar
moody_eps3.68e-05_Re3.41e+02,0.010215552034643477,0.00337562963537625,0.001,1000.0,0.1,3.6840314986403865e-06,0.1793008110129802,337.56296353762497,3.684031498640386e-05,0.18959425918438036,laminar
moody_eps3.68e-05_Re3.88e+02,0.012870323271717835,0.003989769460253273,0.001,1000.0,0.1,3.6840314986403865e-06,0.16170514857770174,398.9769460253272,3.684031498640386e-05,0.16041027091308993,laminar
moody_eps3.68e-05_Re4.41e+02,0.01433425589948324,0.0042855638555519045,0.001,1000.0,0.1,3.6840314986403865e-06,0.1560950775923972,428.55638555519045,3.684031498640386e-05,0.1493385751727597,laminar
moody_eps3.68e-05_Re5.01e+02,0.016072936114242868,0.005117935806323055,0.001,1000.0,0.1,3.6840314986403865e-06,0.12272570783002437,511.79358063230546,3.684031498640386e-05,0.1250504156791688,laminar
moody_eps3.68e-05_Re5.70e+02,0.019170996244595555,0.005894836981644036,0.001,1000.0,0.1,3.6840314986403865e-06,0.11033951709452984,589.4836981644036,3.684031498640386e-05,0.10856958419594968,laminar
moody_eps3.68e-05_Re6.48e+02,0.020890544415418596,0.006647226094974111,0.001,1000.0,0.1,3.6840314986403865e-06,0.09455812499146392,664.7226094974111,3.684031498640386e-05,0.0962807629612443,laminar
moody_eps3.68e-05_Re7.37e+02,0.022636525957225654,0.0072506267192026744,0.001,1000.0,0.1,3.6840314986403865e-06,0.08611695744936387,725.0626719202673,3.684031498640386e-05,0.08826823180746762,laminar
moody_eps3.68e-05_Re8.38e+02,0.02462511448953108,0.008248312858147202,0.001,1000.0,0.1,3.6840314986403865e-06,0.07238990443299484,824.8312858147202,3.684031498640386e-05,0.07759162522161672,laminar
moody_eps3.68e-05_Re9.53e+02,0.03041525512137075,0.009847394788070474,0.001,1000.0,0.1,3.6840314986403865e-06,0.06273050164305471,984.7394788070474,3.684031498640386e-05,0.06499180887673169,laminar
moody_eps3.68e-05_Re1.08e+03,0.0339348690025734,0.01102580946184886,0.001,1000.0,0.1,3.6840314986403865e-06,0.05582840321233697,1102.580946184886,3.684031498640386e-05,0.05804562487811047,laminar
moody_eps3.68e-05_Re1.23e+03,0.03818662980277391,0.012367909687859769,0.001,1000.0,0.1,3.6840314986403865e-06,0.04992852268026058,1236.7909687859767,3.684031498640386e-05,0.0517468202915662,laminar
moody_eps3.68e-05_Re1.40e+03,0.04271790086051559,0.014005612381704138,0.001,1000.0,0.1,3.6840314986403865e-06,0.043554766902173865,1400.5612381704138,3.684031498640386e-05,0.0456959669136672,laminar
moody_eps3.68e-05_Re1.59e+03,0.051095192953147864,0.015654374353592543,0.001,1000.0,0.1,3.6840314986403865e-06,0.04170024521662871,1565.4374353592543,3.684031498640386e-05,0.040883141385533915,laminar
moody_eps3.68e-05_Re1.81e+03,0.05865428380781927,0.018235649204071377,0.001,1000.0,0.1,3.6840314986403865e-06,0.035276644912074,1823.5649204071376,3.684031498640386e-05,0.035096090785575684,laminar
moody_eps3.68e-05_Re2.06e+03,0.06015453426990888,0.020078748735486013,0.001,1000.0,0.1,3.6840314986403865e-06,0.02984180405190935,2007.874873548601,3.684031498640386e-05,0.03187449618655277,laminar
moody_eps3.68e-05_Re4.45e+03,0.36101316475790907,0.043351677165387896,0.001,1000.0,0.1,3.6840314986403865e-06,0.03841857278191357,4335.167716538789,3.684031498640386e-05,0.03901200937340231,colebrook
moody_eps3.68e-05_Re5.06e+03,0.5247946104302431,0.05292983409377671,0.001,1000.0,0.1,3.6840314986403865e-06,0.037464358144304453,5292.983409377671,3.684031498640386e-05,0.03682969003733535,colebrook
moody_eps3.68e-05_Re5.76e+03,0.5953291570045035,0.058121582745860906,0.001,1000.0,0.1,3.6840314986403865e-06,0.03524619861597172,5812.158274586091,3.684031498640386e-05,0.035866854078826525,colebrook
moody_eps3.68e-05_Re6.55e+03,0.7298149640720591,0.06404711157885984,0.001,1000.0,0.1,3.6840314986403865e-06,0.035583090274799035,6404.711157885984,3.684031498640386e-05,0.03490576075457401,colebrook
moody_eps3.68e-05_Re7.44e+03,0.9009320172410074,0.07361057504002674,0.001,1000.0,0.1,3.6840314986403865e-06,0.03325382415609744,7361.057504002674,3.684031498640386e-05,0.03359161917975099,colebrook
moody_eps3.68e-05_Re8.46e+03,1.2427998147980386,0.08965234781620626,0.001,1000.0,0.1,3.6840314986403865e-06,0.030924867021817886,8965.234781620626,3.684031498640386e-05,0.031849293483150805,colebrook
moody_eps3.68e-05_Re9.62e+03,1.4157455977201532,0.09543153695945136,0.001,1000.0,0.1,3.6840314986403865e-06,0.031090762899542063,9543.153695945137,3.684031498640386e-05,0.03132452887601285,colebrook
moody_eps3.68e-05_Re1.09e+04,1.676394696075086,0.10731525335142372,0.001,1000.0,0.1,3.6840314986403865e-06,0.029112758875423365,10731.525335142373,3.684031498640386e-05,0.030372072691472733,colebrook
moody_eps3.68e-05_Re1.24e+04,2.318321178814357,0.12927408335066398,0.001,1000.0,0.1,3.6840314986403865e-06,0.027744740322841563,12927.408335066397,3.684031498640386e-05,0.028945642457533987,colebrook
moody_eps3.68e-05_Re1.41e+04,2.720891060866041,0.13768788119935435,0.001,1000.0,0.1,3.6840314986403865e-06,0.028704482114591312,13768.788119935434,3.684031498640386e-05,0.028484649414456352,colebrook
moody_eps3.68e-05_Re1.61e+04,3.3052718600623208,0.15498979431043997,0.001,1000.0,0.1,3.6840314986403865e-06,0.02751889416967293,15498.979431043997,3.684031498640386e-05,0.027647818336596658,colebrook
moody_eps3.68e-05_Re1.83e+04,4.3494360988095435,0.1815311036394742,0.001,1000.0,0.1,3.6840314986403865e-06,0.026397381823862875,18153.11036394742,3.684031498640386e-05,0.02658553665834875,colebrook
moody_eps3.68e-05_Re2.08e+04,5.294338456226804,0.20713616455590064,0.001,1000.0,0.1,3.6840314986403865e-06,0.024679129470356286,20713.61645559006,3.684031498640386e-05,0.025744230568275506,colebrook
moody_eps3.68e-05_Re2.37e+04,7.041782924618317,0.23265270530685467,0.001,1000.0,0.1,3.6840314986403865e-06,0.026019348311003578,23265.270530685466,3.684031498640386e-05,0.025035755917399073,colebrook
moody_eps3.68e-05_Re2.69e+04,9.144469192155814,0.2784960066165435,0.001,1000.0,0.1,3.6840314986403865e-06,0.023580366585657927,27849.60066165435,3.684031498640386e-05,0.023994815732547962,colebrook
moody_eps3.68e-05_Re3.06e+04,11.305574506581587,0.31591898613238817,0.001,1000.0,0.1,3.6840314986403865e-06,0.02265537098355713,31591.898613238816,3.684031498640386e-05,0.023303251708306025,colebrook
moody_eps3.68e-05_Re3.48e+04,12.065247137382537,0.33377719684898155,0.001,1000.0,0.1,3.6840314986403865e-06,0.02165972267777684,33377.719684898155,3.684031498640386e-05,0.023010999292454624,colebrook
moody_eps3.68e-05_Re3.95e+04,16.539377241009007,0.38239573219944845,0.001,1000.0,0.1,3.6840314986403865e-06,0.02262158732233689,38239.57321994485,3.684031498640386e-05,0.022311635460288186,colebrook
moody_eps3.68e-05_Re4.50e+04,22.466210887665596,0.445204197522493,0.001,1000.0,0.1,3.6840314986403865e-06,0.02266946788801144,44520.419752249305,3.684031498640386e-05,0.021567120771351523,colebrook
moody_eps3.68e-05_Re5.11e+04,28.291230840799646,0.52423292296244,0.001,1000.0,0.1,3.6840314986403865e-06,0.02058890519264261,52423.29229624399,3.684031498640386e-05,0.020808858588052852,colebrook
moody_eps3.68e-05_Re5.81e+04,33.75129738331031,0.577384316686943,0.001,1000.0,0.1,3.6840314986403865e-06,0.020248390183630033,57738.431668694306,3.684031498640386e-05,0.020379971839852958,colebrook
moody_eps3.68e-05_Re6.61e+04,45.11302526199019,0.681048291542229,0.001,1000.0,0.1,3.6840314986403865e-06,0.019452531700810367,68104.8291542229,3.684031498640386e-05,0.019678032686643396,colebrook
moody_eps3.68e-05_Re7.52e+04,53.210028988890635,0.75120493181797,0.001,1000.0,0.1,3.6840314986403865e-06,0.018858477597072227,75120.493181797,3.684031498640386e-05,0.019279182401140956,colebrook
moody_eps3.68e-05_Re8.55e+04,72.75242742842079,0.8884956062324192,0.001,1000.0,0.1,3.6840314986403865e-06,0.0184317645947165,88849.56062324191,3.684031498640386e-05,0.01862582055870268,colebrook
moody_eps3.68e-05_Re9.72e+04,79.67265885223519,0.9530017073343167,0.001,1000.0,0.1,3.6840314986403865e-06,0.01754494249232152,95300.17073343167,3.684031498640386e-05,0.018363590990476863,colebrook
moody_eps3.68e-05_Re1.10e+05,112.64775908461073,1.1373559834294547,0.001,1000.0,0.1,3.6840314986403865e-06,0.01741645327267634,113735.59834294546,3.684031498640386e-05,0.017728374284483178,colebrook
moody_eps3.68e-05_Re1.26e+05,135.01497238468093,1.2536517626314656,0.001,1000.0,0.1,3.6840314986403865e-06,0.017181382101793697,125365.17626314655,3.684031498640386e-05,0.0173942512415038,colebrook
moody_eps3.68e-05_Re1.43e+05,161.43624978122637,1.42053039412034,0.001,1000.0,0.1,3.6840314986403865e-06,0.01600036887055626,142053.039412034,3.684031498640386e-05,0.016980883639784616,colebrook
moody_eps3.68e-05_Re1.62e+05,202.59032438315788,1.586518527555817,0.001,1000.0,0.1,3.6840314986403865e-06,0.016097498713947646,158651.8527555817,3.684031498640386e-05,0.016629400508712974,colebrook
moody_eps3.68e-05_Re1.85e+05,323.31824026369975,1.9716776211070604,0.001,1000.0,0.1,3.6840314986403865e-06,0.016633681743232077,197167.76211070604,3.684031498640386e-05,0.015974978948316603,colebrook
moody_eps3.68e-05_Re2.10e+05,384.3503294598871,2.12788541640994,0.001,1000.0,0.1,3.6840314986403865e-06,0.016976993294155057,212788.541640994,3.684031498640386e-05,0.01575655042811472,colebrook
moody_eps3.68e-05_Re2.39e+05,453.34038636106715,2.4812429143760006,0.001,1000.0,0.1,3.6840314986403865e-06,0.014727052610061235,248124.29143760004,3.684031498640386e-05,0.015333313568138593,colebrook
moody_eps3.68e-05_Re2.72e+05,522.7956129582467,2.6125760201883925,0.001,1000.0,0.1,3.6840314986403865e-06,0.015318775713214517,261257.6020188392,3.684031498640386e-05,0.015196168100087797,colebrook
moody_eps3.68e-05_Re3.09e+05,705.6852375833716,3.0810354920750065,0.001,1000.0,0.1,3.6840314986403865e-06,0.014867831333506975,308103.54920750065,3.684031498640386e-05,0.01477380365103878,colebrook
moody_eps3.68e-05_Re3.51e+05,899.7611955298211,3.4248324738681704,0.001,1000.0,0.1,3.6840314986403865e-06,0.01534188027590337,342483.247386817,3.684031498640386e-05,0.01451556084563087,colebrook
moody_eps3.68e-05_Re3.99e+05,1144.2382236954961,3.950019857809737,0.001,1000.0,0.1,3.6840314986403865e-06,0.014667222803259033,395001.9857809737,3.684031498640386e-05,0.01418249350830607,colebrook
moody_eps3.68e-05_Re4.54e+05,1522.5168961178622,4.74214362700936,0.001,1000.0,0.1,3.6840314986403865e-06,0.013540749680395894,474214.36270093604,3.684031498640386e-05,0.013780584699214787,colebrook
moody_eps3.68e-05_Re5.16e+05,1962.2671542831922,5.25117824998529,0.001,1000.0,0.1,3.6840314986403865e-06,0.014232284249139833,525117.8249985289,3.684031498640386e-05,0.01356812877841359,colebrook
moody_eps3.68e-05_Re5.87e+05,2549.22668332602,6.131024865469289,0.001,1000.0,0.1,3.6840314986403865e-06,0.013563516385360604,613102.486546929,3.684031498640386e-05,0.013261041193069208,colebrook
moody_eps3.68e-05_Re6.67e+05,2996.322172101499,6.7615979301440525,0.001,1000.0,0.1,3.6840314986403865e-06,0.013107498563362463,676159.7930144053,3.684031498640386e-05,0.01307652924269885,colebrook
moody_eps3.68e-05_Re7.59e+05,4046.9011159265224,7.882023081729998,0.001,1000.0,0.1,3.6840314986403865e-06,0.013027983017385144,788202.3081729998,3.684031498640386e-05,0.012802081375539726,colebrook
moody_eps3.68e-05_Re8.63e+05,4673.703457282607,8.65990589518718,0.001,1000.0,0.1,3.6840314986403865e-06,0.012464211323148549,865990.5895187178,3.684031498640386e-05,0.01264222818891231,colebrook
moody_eps3.68e-05_Re9.81e+05,5519.484132785867,9.420130314744542,0.001,1000.0,0.1,3.6840314986403865e-06,0.012439836244578431,942013.0314744541,3.684031498640386e-05,0.01250476328078648,colebrook
moody_eps3.68e-05_Re1.12e+06,8340.443385287279,11.796653325612892,0.001,1000.0,0.1,3.6840314986403865e-06,0.011986751469408885,1179665.3325612892,3.684031498640386e-05,0.012161927282363153,colebrook
moody_eps3.68e-05_Re1.27e+06,9287.77035519542,12.44226303474741,0.001,1000.0,0.1,3.6840314986403865e-06,0.011998935196902902,1244226.303474741,3.684031498640386e-05,0.01208587934407668,colebrook
moody_eps3.68e-05_Re1.44e+06,12009.608356130611,14.330686194186384,0.001,1000.0,0.1,3.6840314986403865e-06,0.011695663599820421,1433068.6194186385,3.684031498640386e-05,0.011893516143501058,colebrook
moody_eps3.68e-05_Re1.64e+06,16510.864526960024,16.71890032718093,0.001,1000.0,0.1,3.6840314986403865e-06,0.011813657952856044,1671890.032718093,3.684031498640386e-05,0.011698756087464925,colebrook
moody_eps3.68e-05_Re1.86e+06,21911.95769099526,19.320802203312123,0.001,1000.0,0.1,3.6840314986403865e-06,0.011739804572669014,1932080.2203312123,3.684031498640386e-05,0.011529856136302651,colebrook
moody_eps3.68e-05_Re2.12e+06,24376.993306027896,21.32210384716632,0.001,1000.0,0.1,3.6840314986403865e-06,0.010723832583503042,2132210.3847166323,3.684031498640386e-05,0.011422220178264837,colebrook
moody_eps3.68e-05_Re2.41e+06,32559.783446404817,24.252450906069306,0.001,1000.0,0.1,3.6840314986403865e-06,0.011071341199506899,2425245.0906069307,3.684031498640386e-05,0.011290411080117992,colebrook
moody_eps3.68e-05_Re2.74e+06,44773.79746987471,28.31491264116726,0.001,1000.0,0.1,3.6840314986403865e-06,0.011169236168482123,2831491.264116726,3.684031498640386e-05,0.011144655222347522,colebrook
moody_eps3.68e-05_Re3.12e+06,50593.6968546605,30.466623150024475,0.001,1000.0,0.1,3.6840314986403865e-06,0.010901286873800382,3046662.3150024475,3.684031498640386e-05,0.011080403100876934,colebrook
moody_eps3.68e-05_Re3.54e+06,63157.827995327905,34.189521339598244,0.001,1000.0,0.1,3.6840314986403865e-06,0.010806153704682945,3418952.1339598247,3.684031498640386e-05,0.01098512597017046,colebrook
moody_eps3.68e-05_Re4.03e+06,93070.55235921388,40.68554773500419,0.001,1000.0,0.1,3.6840314986403865e-06,0.011245064551338207,4068554.773500419,3.684031498640386e-05,0.010854335862547184,colebrook
moody_eps3.68e-05_Re4.58e+06,119467.5143942257,46.54718497493437,0.001,1000.0,0.1,3.6840314986403865e-06,0.011027904103530552,4654718.497493437,3.684031498640386e-05,0.01076325397489725,colebrook
moody_eps3.68e-05_Re5.21e+06,151446.01993253344,53.52011307341787,0.001,1000.0,0.1,3.6840314986403865e-06,0.010574353272853403,5352011.307341787,3.684031498640386e-05,0.010677517498781245,colebrook
moody_eps3.68e-05_Re5.93e+06,194893.93209005636,61.8908445534519,0.001,1000.0,0.1,3.6840314986403865e-06,0.010175962441764644,6189084.455345189,3.684031498640386e-05,0.010597090890034593,colebrook
moody_eps3.68e-05_Re6.74e+06,237486.67319020032,67.6219663812565,0.001,1000.0,0.1,3.6840314986403865e-06,0.010387084112731612,6762196.63812565,3.684031498640386e-05,0.01055221488999351,colebrook
moody_eps3.68e-05_Re7.66e+06,288371.54486100277,72.22032806134372,0.001,1000.0,0.1,3.6840314986403865e-06,0.011057666461599005,7222032.806134372,3.684031498640386e-05,0.010520798894251638,colebrook
moody_eps3.68e-05_Re8.71e+06,359513.401754916,82.04006258033985,0.001,1000.0,0.1,3.6840314986403865e-06,0.010682997189414357,8204006.258033985,3.684031498640386e-05,0.010464336190776788,colebrook
moody_eps3.68e-05_Re9.90e+06,563096.5417650354,104.52091642919954,0.001,1000.0,0.1,3.6840314986403865e-06,0.010308760216134007,10452091.642919956,3.684031498640386e-05,0.010371770521984342,colebrook
moody_eps3.68e-05_Re1.13e+07,615644.8727082358,112.23381459906055,0.001,1000.0,0.1,3.6840314986403865e-06,0.009774911062371269,11223381.459906055,3.684031498640386e-05,0.010347888623511001,colebrook
moody_eps3.68e-05_Re1.28e+07,869814.580649907,127.10388993293518,0.001,1000.0,0.1,3.6840314986403865e-06,0.010768097890683366,12710388.993293518,3.684031498640386e-05,0.010309443434369736,colebrook
moody_eps3.68e-05_Re1.46e+07,1025398.5005598998,143.34996203728065,0.001,1000.0,0.1,3.6840314986403865e-06,0.00997993032255334,14334996.203728065,3.684031498640386e-05,0.010275969156122547,colebrook
moody_eps3.68e-05_Re1.66e+07,1271648.2917448774,154.45974774211987,0.001,1000.0,0.1,3.6840314986403865e-06,0.010660224857129278,15445974.774211986,3.684031498640386e-05,0.010256884660387414,colebrook
moody_eps3.68e-05_Re1.88e+07,1837860.9474655057,190.60690126707917,0.001,1000.0,0.1,3.6840314986403865e-06,0.010117318060741476,19060690.126707915,3.684031498640386e-05,0.010209403442112235,colebrook
moody_eps3.68e-05_Re2.14e+07,2444228.754645081,220.8749226483045,0.001,1000.0,0.1,3.6840314986403865e-06,0.010020260767863757,22087492.264830448,3.684031498640386e-05,0.010181064376405091,colebrook
moody_eps3.68e-05_Re2.43e+07,3146181.2343185875,240.98773164975464,0.001,1000.0,0.1,3.6840314986403865e-06,0.010834873979078102,24098773.164975464,3.684031498640386e-05,0.01016600567298408,colebrook
moody_eps3.68e-05_Re2.77e+07,3715887.62740382,269.43633535768794,0.001,1000.0,0.1,3.6840314986403865e-06,0.010237177694137827,26943633.535768792,3.684031498640386e-05,0.01014839936015974,colebrook
moody_eps3.68e-05_Re3.15e+07,5097252.355288817,316.8344262676758,0.001,1000.0,0.1,3.6840314986403865e-06,0.010155502132098192,31683442.62676758,3.684031498640386e-05,0.01012585829589989,colebrook
moody_eps3.68e-05_Re3.58e+07,6227549.489590775,357.9220941177107,0.001,1000.0,0.1,3.6840314986403865e-06,0.009722325740358572,35792209.41177107,3.684031498640386e-05,0.010111007528432617,colebrook
moody_eps3.68e-05_Re4.07e+07,8230579.186819844,405.23033200804815,0.001,1000.0,0.1,3.6840314986403865e-06,0.010024356482947,40523033.200804815,3.684031498640386e-05,0.010097540797809432,colebrook
moody_eps3.68e-05_Re4.63e+07,10115459.321518261,453.4869253038354,0.001,1000.0,0.1,3.6840314986403865e-06,0.009837529850146865,45348692.530383535,3.684031498640386e-05,0.010086630631448474,colebrook
moody_eps3.68e-05_Re5.26e+07,12816156.284805067,510.52316918032557,0.001,1000.0,0.1,3.6840314986403865e-06,0.009834603999321656,51052316.91803256,3.684031498640386e-05,0.010076338907838678,colebrook
moody_eps3.68e-05_Re5.98e+07,18473842.47010559,605.5965991739948,0.001,1000.0,0.1,3.6840314986403865e-06,0.01007442751209453,60559659.91739948,3.684031498640386e-05,0.010063415261837615,colebrook
moody_eps3.68e-05_Re6.80e+07,26153743.759516973,714.8406495955651,0.001,1000.0,0.1,3.6840314986403865e-06,0.010236355932203558,71484064.9595565,3.684031498640386e-05,0.010052744718730286,colebrook
moody_eps3.68e-05_Re7.73e+07,28538194.817094002,759.7553600202019,0.001,1000.0,0.1,3.6840314986403865e-06,0.009888011177238656,75975536.0020202,3.684031498640386e-05,0.01004923488155252,colebrook
moody_eps3.68e-05_Re8.79e+07,38031489.98563456,874.9026357189374,0.001,1000.0,0.1,3.6840314986403865e-06,0.009936967886316735,87490263.57189374,3.684031498640386e-05,0.01004186211169423,colebrook
moody_eps3.68e-05_Re1.00e+08,53199511.54771107,1000.110827245351,0.001,1000.0,0.1,3.6840314986403865e-06,0.010637544319416239,100011082.7245351,3.684031498640386e-05,0.010035750433002396,colebrook
moody_eps4.86e-05_Re3.00e+02,0.00959424698473384,0.00298635304907103,0.001,1000.0,0.1,4.86194168067384e-06,0.21515854159238684,298.635304907103,4.861941680673839e-05,0.2143082179111696,laminar
moody_eps4.86e-05_Re3.41e+02,0.010068896454799456,0.0032914121636440606,0.001,1000.0,0.1,4.86194168067384e-06,0.185886277670726,329.1412163644061,4.861941680673839e-05,0.19444541375560484,laminar
moody_eps4.86e-05_Re3.88e+02,0.01220788813044751,0.003863023150146053,0.001,1000.0,0.1,4.86194168067384e-06,0.16361228687723867,386.30231501460526,4.861941680673839e-05,0.1656733535173878,laminar
moody_eps4.86e-05_Re4.41e+02,0.014789011209665845,0.004437201872348113,0.001,1000.0,0.1,4.86194168067384e-06,0.15022795612490517,443.7201872348113,4.861941680673839e-05,0.14423504235594306,laminar
moody_eps4.86e-05_Re5.01e+02,0.015482735803260044,0.00493875080746688,0.001,1000.0,0.1,4.86194168067384e-06,0.1269531471220437,493.87508074668807,4.861941680673839e-05,0.12958742502909565,laminar
moody_eps4.86e-05_Re5.70e+02,0.018547133528363523,0.005872232134068588,0.001,1000.0,0.1,4.86194168067384e-06,0.10757227756556585,587.2232134068588,4.861941680673839e-05,0.10898751707837795,laminar
moody_eps4.86e-05_Re6.48e+02,0.020718753776853022,0.006495170138883677,0.001,1000.0,0.1,4.86194168067384e-06,0.09822285680259507,649.5170138883677,4.861941680673839e-05,0.09853475525892792,laminar
moody_eps4.86e-05_Re7.37e+02,0.02373187741478869,0.007800302067168979,0.001,1000.0,0.1,4.86194168067384e-06,0.07800801911112223,780.030206716898,4.861941680673839e-05,0.08204810461042567,laminar
moody_eps4.86e-05_Re8.38e+02,0.026689970213036665,0.008179354696944183,0.001,1000.0,0.1,4.86194168067384e-06,0.07978844502068762,817.9354696944183,4.861941680673839e-05,0.07824578144766173,laminar
moody_eps4.86e-05_Re9.53e+02,0.03062374187954892,0.009869970182238244,0.001,1000.0,0.1,4.86194168067384e-06,0.06287189781667739,986.9970182238243,4.861941680673839e-05,0.06484315435437975,laminar
moody_eps4.86e-05_Re1.08e+03,0.035429061747746064,0.011229145744217345,0.001,1000.0,0.1,4.86194168067384e-06,0.05619481032502555,1122.9145744217346,4.861941680673839e-05,0.05699454033086886,laminar
moody_eps4.86e-05_Re1.23e+03,0.03786624953321579,0.012059022600177393,0.001,1000.0,0.1,4.86194168067384e-06,0.05207845240596303,1205.9022600177393,4.861941680673839e-05,0.05307229459795401,laminar
moody_eps4.86e-05_Re1.40e+03,0.04598698456174251,0.014163516731427597,0.001,1000.0,0.1,4.86194168067384e-06,0.04584824634667414,1416.3516731427596,4.861941680673839e-05,0.04518651773679176,laminar
moody_eps4.86e-05_Re1.59e+03,0.04997857229803313,0.01552209720621029,0.001,1000.0,0.1,4.86194168067384e-06,0.04148709671239015,1552.209720621029,4.861941680673839e-05,0.04123154181407524,laminar
moody_eps4.86e-05_Re1.81e+03,0.05530516364462526,0.017912499957709514,0.001,1000.0,0.1,4.86194168067384e-06,0.03447333284930489,1791.2499957709513,4.861941680673839e-05,0.03572923944234512,laminar
moody_eps4.86e-05_Re2.06e+03,0.0673763376264568,0.02167519777560611,0.001,1000.0,0.1,4.86194168067384e-06,0.028682120644953832,2167.519777560611,4.861941680673839e-05,0.029526835539202063,laminar
moody_eps4.86e-05_Re4.45e+03,0.37265371254350066,0.04466599075811974,0.001,1000.0,0.1,4.86194168067384e-06,0.03735781821126483,4466.599075811974,4.861941680673839e-05,0.03868640016148469,colebrook
moody_eps4.86e-05_Re5.06e+03,0.469065263625903,0.04998124662659511,0.001,1000.0,0.1,4.86194168067384e-06,0.03755338591397344,4998.124662659511,4.861941680673839e-05,0.03745114886253423,colebrook
moody_eps4.86e-05_Re5.76e+03,0.5830394591646384,0.057851828720130484,0.001,1000.0,0.1,4.86194168067384e-06,0.03484125260691321,5785.182872013048,4.861941680673839e-05,0.035927923358475285,colebrook
moody_eps4.86e-05_Re6.55e+03,0.7469386394898182,0.06522876322240304,0.001,1000.0,0.1,4.86194168067384e-06,0.03511046924130609,6522.876322240304,4.861941680673839e-05,0.03474379424576283,colebrook
moody_eps4.86e-05_Re7.44e+03,1.0267654921137672,0.07782600017922632,0.001,1000.0,0.1,4.86194168067384e-06,0.03390407019703036,7782.600017922632,4.861941680673839e-05,0.03310189403385983,colebrook
moody_eps4.86e-05_Re8.46e+03,1.2490986804753235,0.08740829742956896,0.001,1000.0,0.1,4.86194168067384e-06,0.03269801760280788,8740.829742956896,4.861941680673839e-05,0.03208291756135092,colebrook
moody_eps4.86e-05_Re9.62e+03,1.3851302468272075,0.09433420350525402,0.001,1000.0,0.1,4.86194168067384e-06,0.031130223221112707,9433.420350525403,4.861941680673839e-05,0.03143840315302484,colebrook
moody_eps4.86e-05_Re1.09e+04,1.859497856959286,0.11244977772788235,0.001,1000.0,0.1,4.86194168067384e-06,0.02941091088059543,11244.977772788236,4.861941680673839e-05,0.03002374316705162,colebrook
moody_eps4.86e-05_Re1.24e+04,2.132694279358147,0.1203162641219726,0.001,1000.0,0.1,4.86194168067384e-06,0.029465235930390972,12031.62641219726,4.861941680673839e-05,0.02950395872401677,colebrook
moody_eps4.86e-05_Re1.41e+04,2.5164440920005653,0.13397831572547117,0.001,1000.0,0.1,4.86194168067384e-06,0.028038078932045636,13397.831572547117,4.861941680673839e-05,0.02870399132552241,colebrook
moody_eps4.86e-05_Re1.61e+04,3.3006059935489938,0.15547499136950943,0.001,1000.0,0.1,4.86194168067384e-06,0.027308798744401796,15547.499136950943,4.861941680673839e-05,0.027648841819549415,colebrook
moody_eps4.86e-05_Re1.83e+04,5.105341508776455,0.190279704686041,0.001,1000.0,0.1,4.86194168067384e-06,0.028201347280221212,19027.9704686041,4.861941680673839e-05,0.02630592514718701,colebrook
moody_eps4.86e-05_Re2.08e+04,5.583311186874543,0.21174228594114106,0.001,1000.0,0.1,4.86194168067384e-06,0.02490615204211227,21174.228594114105,4.861941680673839e-05,0.02563436213420684,colebrook
moody_eps4.86e-05_Re2.37e+04,7.350560241272102,0.24176469406151743,0.001,1000.0,0.1,4.86194168067384e-06,0.025151545603681304,24176.46940615174,4.861941680673839e-05,0.024836257812441934,colebrook
moody_eps4.86e-05_Re2.69e+04,8.711737676943889,0.2641228588556305,0.001,1000.0,0.1,4.86194168067384e-06,0.024975995446827756,26412.285885563055,4.861941680673839e-05,0.02432447069748337,colebrook
moody_eps4.86e-05_Re3.06e+04,10.529920522625499,0.30139811143094397,0.001,1000.0,0.1,4.86194168067384e-06,0.0231832348940867,30139.811143094397,4.861941680673839e-05,0.02358976009502725,colebrook
moody_eps4.86e-05_Re3.48e+04,14.132465587163336,0.3483172064036463,0.001,1000.0,0.1,4.86194168067384e-06,0.0232968967632256,34831.72064036463,4.861941680673839e-05,0.0228227145610239,colebrook
moody_eps4.86e-05_Re3.95e+04,17.18293805234543,0.3910347484715211,0.001,1000.0,0.1,4.86194168067384e-06,0.022474845582537598,39103.47484715211,4.861941680673839e-05,0.02223661160285411,colebrook
moody_eps4.86e-05_Re4.50e+04,19.93488140348651,0.42556462043959065,0.001,1000.0,0.1,4.86194168067384e-06,0.022014692368199893,42556.462043959065,4.861941680673839e-05,0.021822503252989907,colebrook
moody_eps4.86e-05_Re5.11e+04,26.285724119680474,0.5039110647102736,0.001,1000.0,0.1,4.86194168067384e-06,0.020703422836396982,50391.106471027364,4.861941680673839e-05,0.021030770898811797,colebrook
moody_eps4.86e-05_Re5.81e+04,28.813945095085888,0.538847623647139,0.001,1000.0,0.1,4.86194168067384e-06,0.019847269920784522,53884.7623647139,4.861941680673839e-05,0.02072918345726815,colebrook
moody_eps4.86e-05_Re6.61e+04,40.20337246526346,0.6272176781470489,0.001,1000.0,0.1,4.86194168067384e-06,0.020438823825309677,62721.76781470489,4.861941680673839e-05,0.020070932165767108,colebrook
moody_eps4.86e-05_Re7.52e+04,52.37357875402696,0.7310308152050049,0.001,1000.0,0.1,4.86194168067384e-06,0.019600668249039045,73103.08152050049,4.861941680673839e-05,0.019440608114743324,colebrook
moody_eps4.86e-05_Re8.55e+04,70.08594054350009,0.871603269798257,0.001,1000.0,0.1,4.86194168067384e-06,0.01845113982090658,87160.3269798257,4.861941680673839e-05,0.018756092203855566,colebrook
moody_eps4.86e-05_Re9.72e+04,84.99224819075596,0.9421804677660544,0.001,1000.0,0.1,4.86194168067384e-06,0.01914878043825321,94218.04677660544,4.861941680673839e-05,0.018465861914944495,colebrook
moody_eps4.86e-05_Re1.10e+05,106.76555742775633,1.113576684223112,0.001,1000.0,0.1,4.86194168067384e-06,0.01721951476318662,111357.66842231121,4.861941680673839e-05,0.017868221945182543,colebrook
moody_eps4.86e-05_Re1.26e+05,138.61806592877394,1.2745393339672568,0.001,1000.0,0.1,4.86194168067384e-06,0.01706645597987187,127453.93339672567,4.861941680673839e-05,0.017409733803829316,colebrook
moody_eps4.86e-05_Re1.43e+05,182.77284196187233,1.4485638588188234,0.001,1000.0,0.1,4.86194168067384e-06,0.01742073078995614,144856.38588188234,4.861941680673839e-05,0.016994260405905057,colebrook
moody_eps4.86e-05_Re1.62e+05,213.04659983308903,1.5849791039783079,0.001,1000.0,0.1,4.86194168067384e-06,0.01696123694260697,158497.9103978308,4.861941680673839e-05,0.016712907885526766,colebrook
moody_eps4.86e-05_Re1.85e+05,239.1139304095926,1.6874008745115017,0.001,1000.0,0.1,4.86194168067384e-06,0.016795708715348318,168740.08745115018,4.861941680673839e-05,0.016522276783283413,colebrook
moody_eps4.86e-05_Re2.10e+05,339.51487058560076,1.9801739763372035,0.001,1000.0,0.1,4.86194168067384e-06,0.017317376505094864,198017.39763372033,4.861941680673839e-05,0.01605377098467431,colebrook
moody_eps4.86e-05_Re2.39e+05,443.4760061448052,2.4134682289572296,0.001,1000.0,0.1,4.86194168067384e-06,0.015227091279530347,241346.82289572293,4.861941680673839e-05,0.015509962924166483,colebrook
moody_eps4.86e-05_Re2.72e+05,582.6566249125489,2.8091778597325128,0.001,1000.0,0.1,4.86194168067384e-06,0.01476672580125667,280917.7859732513,4.861941680673839e-05,0.015118357698279412,colebrook
moody_eps4.86e-05_Re3.09e+05,708.0733826096114,3.0985127219636444,0.001,1000.0,0.1,4.86194168067384e-06,0.014750328668196646,309851.2721963644,4.861941680673839e-05,0.014876942969147402,colebrook
moody_eps4.86e-05_Re3.51e+05,883.6930168432957,3.5107715279212393,0.001,1000.0,0.1,4.86194168067384e-06,0.014339244947335303,351077.1527921239,4.861941680673839e-05,0.014581980011745327,colebrook
moody_eps4.86e-05_Re3.99e+05,1141.1680875295508,4.044662879475905,0.001,1000.0,0.1,4.86194168067384e-06,0.013951308923894333,404466.2879475905,4.861941680673839e-05,0.01426442718056152,colebrook
moody_eps4.86e-05_Re4.54e+05,1480.804406736004,4.554351479877587,0.001,1000.0,0.1,4.86194168067384e-06,0.014278237636186884,455435.1479877587,4.861941680673839e-05,0.014011546366891638,colebrook
moody_eps4.86e-05_Re5.16e+05,1817.6220896722446,5.069772366062541,0.001,1000.0,0.1,4.86194168067384e-06,0.014143492615266151,506977.23660625407,4.861941680673839e-05,0.013793340351227128,colebrook
moody_eps4.86e-05_Re5.87e+05,2369.4782563018557,5.954732401038706,0.001,1000.0,0.1,4.86194168067384e-06,0.013364669527193907,595473.2401038705,4.861941680673839e-05,0.013483683450014028,colebrook
moody_eps4.86e-05_Re6.67e+05,2868.004357046526,6.570882972483426,0.001,1000.0,0.1,4.86194168067384e-06,0.013285023821950319,657088.2972483427,4.861941680673839e-05,0.013304485310282747,colebrook
moody_eps4.86e-05_Re7.59e+05,3608.011165139457,7.485262976363536,0.001,1000.0,0.1,4.86194168067384e-06,0.012879047437433028,748526.2976363536,4.861941680673839e-05,0.013079115008404441,colebrook
moody_eps4.86e-05_Re8.63e+05,4716.207639322761,8.593399195183567,0.001,1000.0,0.1,4.86194168067384e-06,0.0127730008004657,859339.9195183567,4.861941680673839e-05,0.01285458776188592,colebrook
moody_eps4.86e-05_Re9.81e+05,6391.924963209664,9.84173437221562,0.001,1000.0,0.1,4.86194168067384e-06,0.013198311833702549,984173.437221562,4.861941680673839e-05,0.012647952197444705,colebrook
moody_eps4.86e-05_Re1.12e+06,8380.246101959341,11.464270670347918,0.001,1000.0,0.1,4.86194168067384e-06,0.012752458122785987,1146427.067034792,4.861941680673839e-05,0.012431545665703175,colebrook
moody_eps4.86e-05_Re1.27e+06,10004.47768618741,12.882311299627231,0.001,1000.0,0.1,4.86194168067384e-06,0.0120569326883096,1288231.129962723,4.861941680673839e-05,0.012277317772464567,colebrook
moody_eps4.86e-05_Re1.44e+06,11801.512825973163,13.970798698958644,0.001,1000.0,0.1,4.86194168067384e-06,0.012092753721847345,1397079.8698958645,4.861941680673839e-05,0.012175592269948068,colebrook
moody_eps4.86e-05_Re1.64e+06,17883.66714741264,16.993441263662632,0.001,1000.0,0.1,4.86194168067384e-06,0.012385795475278266,1699344.1263662633,4.861941680673839e-05,0.01194812524825889,colebrook
moody_eps4.86e-05_Re1.86e+06,17966.088324514094,17.849144481270127,0.001,1000.0,0.1,4.86194168067384e-06,0.01127843175771063,1784914.4481270127,4.861941680673839e-05,0.01189498152905227,colebrook
moody_eps4.86e-05_Re2.12e+06,30280.75838189414,22.295738235022412,0.001,1000.0,0.1,4.86194168067384e-06,0.012182965933194224,2229573.823502241,4.861941680673839e-05,0.011673115017697648,colebrook
moody_eps4.86e-05_Re2.41e+06,32447.054980544497,23.660486169759047,0.001,1000.0,0.1,4.86194168067384e-06,0.01159198877814834,2366048.6169759044,4.861941680673839e-05,0.011618873093618113,colebrook
moody_eps4.86e-05_Re2.74e+06,44769.70605856195,27.45522357371403,0.001,1000.0,0.1,4.86194168067384e-06,0.011878572956794358,2745522.357371403,4.861941680673839e-05,0.011491879295987655,colebrook
moody_eps4.86e-05_Re3.12e+06,54769.996623323954,30.718682062628467,0.001,1000.0,0.1,4.86194168067384e-06,0.011608271358811853,3071868.206262847,4.861941680673839e-05,0.011404000189167028,colebrook
moody_eps4.86e-05_Re3.54e+06,72783.94516492238,35.736663863240736,0.001,1000.0,0.1,4.86194168067384e-06,0.01139823412942229,3573666.386324073,4.861941680673839e-05,0.011295896336618141,colebrook
moody_eps4.86e-05_Re4.03e+06,97313.84694407706,41.59740682331596,0.001,1000.0,0.1,4.86194168067384e-06,0.011247917481766725,4159740.682331596,4.861941680673839e-05,0.011198538022352962,colebrook
moody_eps4.86e-05_Re4.58e+06,111531.01285884666,44.09873926489356,0.001,1000.0,0.1,4.86194168067384e-06,0.011470260853377623,4409873.926489356,4.861941680673839e-05,0.011163901946996553,colebrook
moody_eps4.86e-05_Re5.21e+06,150088.40020306804,51.35246463165331,0.001,1000.0,0.1,4.86194168067384e-06,0.011382942442121612,5135246.463165331,4.861941680673839e-05,0.011080442372027316,colebrook
moody_eps4.86e-05_Re5.93e+06,190623.4402677716,59.72318841361238,0.001,1000.0,0.1,4.86194168067384e-06,0.010688587788120624,5972318.841361238,4.861941680673839e-05,0.011006845696454711,colebrook
moody_eps4.86e-05_Re6.74e+06,247602.40055564695,67.88960368234976,0.001,1000.0,0.1,4.86194168067384e-06,0.010744304296768089,6788960.368234975,4.861941680673839e-05,0.010950956673865076,colebrook
moody_eps4.86e-05_Re7.66e+06,321156.93028089975,77.23026624717681,0.001,1000.0,0.1,4.86194168067384e-06,0.010768921959301084,7723026.624717682,4.861941680673839e-05,0.010900331146125531,colebrook
moody_eps4.86e-05_Re8.71e+06,428015.7632237146,89.78697809514101,0.001,1000.0,0.1,4.86194168067384e-06,0.010618497017048952,8978697.8095141,4.861941680673839e-05,0.010847658935881282,colebrook
moody_eps4.86e-05_Re9.90e+06,508375.57655607356,97.96036683302081,0.001,1000.0,0.1,4.86194168067384e-06,0.010595314883536171,9796036.683302082,4.861941680673839e-05,0.010820130815364249,colebrook
moody_eps4.86e-05_Re1.13e+07,647005.6200787631,109.97230153520175,0.001,1000.0,0.1,4.86194168067384e-06,0.010699695548578855,10997230.153520174,4.861941680673839e-05,0.010786635198690823,colebrook
moody_eps4.86e-05_Re1.28e+07,907664.7363478203,128.88560454353438,0.001,1000.0,0.1,4.86194168067384e-06,0.010928149628741838,12888560.454353439,4.861941680673839e-05,0.010745857411906546,colebrook
moody_eps4.86e-05_Re1.46e+07,1124291.7761787241,145.8361411613817,0.001,1000.0,0.1,4.86194168067384e-06,0.010572524518219535,14583614.116138171,4.861941680673839e-05,0.010717855162625224,colebrook
moody_eps4.86e-05_Re1.66e+07,1374131.6358139692,158.00608100146465,0.001,1000.0,0.1,4.86194168067384e-06,0.011008058552690034,15800608.100146467,4.861941680673839e-05,0.010701284233178301,colebrook
moody_eps4.86e-05_Re1.88e+07,1856694.3538337823,185.42138048847872,0.001,1000.0,0.1,4.86194168067384e-06,0.01080067236587137,18542138.048847873,4.861941680673839e-05,0.010671604303189102,colebrook
moody_eps4.86e-05_Re2.14e+07,2396345.5148124113,207.3399756947648,0.001,1000.0,0.1,4.86194168067384e-06,0.01114842061385811,20733997.569476478,4.861941680673839e-05,0.010653315762194998,colebrook
moody_eps4.86e-05_Re2.43e+07,3195459.6339789694,248.51749466715327,0.001,1000.0,0.1,4.86194168067384e-06,0.01034783268269733,24851749.466715325,4.861941680673839e-05,0.010627411752825285,colebrook
moody_eps4.86e-05_Re2.77e+07,4321438.4580681445,279.6844644186346,0.001,1000.0,0.1,4.86194168067384e-06,0.011048966110177688,27968446.44186346,4.861941680673839e-05,0.010612735954956409,colebrook
moody_eps4.86e-05_Re3.15e+07,4935773.446935619,313.05377831451807,0.001,1000.0,0.1,4.86194168067384e-06,0.010072732797526086,31305377.831451807,4.861941680673839e-05,0.010600181154476071,colebrook
moody_eps4.86e-05_Re3.58e+07,7363335.586509973,362.79267755844654,0.001,1000.0,0.1,4.86194168067384e-06,0.011188904420214888,36279267.75584465,4.861941680673839e-05,0.010585660807857243,colebrook
moody_eps4.86e-05_Re4.07e+07,8206602.269352089,387.86749170206735,0.001,1000.0,0.1,4.86194168067384e-06,0.010910046920390035,38786749.17020673,4.861941680673839e-05,0.01057972360917327,colebrook
moody_eps4.86e-05_Re4.63e+07,11122352.195304729,459.4584462489827,0.001,1000.0,0.1,4.86194168067384e-06,0.010537416824391006,45945844.62489826,4.861941680673839e-05,0.010566276363595025,colebrook
moody_eps4.86e-05_Re5.26e+07,14783777.568500018,529.1329566034176,0.001,1000.0,0.1,4.86194168067384e-06,0.010560531863479163,52913295.66034176,4.861941680673839e-05,0.01055662966369653,colebrook
moody_eps4.86e-05_Re5.98e+07,19193237.87588538,613.8955758128667,0.001,1000.0,0.1,4.86194168067384e-06,0.010185661389046847,61389557.58128667,4.861941680673839e-05,0.01054780713640271,colebrook
moody_eps4.86e-05_Re6.80e+07,23591965.0542317,678.451863505957,0.001,1000.0,0.1,4.86194168067384e-06,0.010250759221063619,67845186.3505957,4.861941680673839e-05,0.01054254879932927,colebrook
moody_eps4.86e-05_Re7.73e+07,33416771.902164675,761.6802745139033,0.001,1000.0,0.1,4.86194168067384e-06,0.011519909639797066,76168027.45139033,4.861941680673839e-05,0.010537070704276355,colebrook
moody_eps4.86e-05_Re8.79e+07,39238735.241027944,857.4159536046477,0.001,1000.0,0.1,4.86194168067384e-06,0.010674852337247603,85741595.36046477,4.861941680673839e-05,0.01053207197643753,colebrook
moody_eps4.86e-05_Re1.00e+08,50606199.71620658,1009.2320280245823,0.001,1000.0,0.1,4.86194168067384e-06,0.009936917219889785,100923202.80245823,4.861941680673839e-05,0.010526073496971263,colebrook
moody_eps6.42e-05_Re3.00e+02,0.008783370791361244,0.0028985069776965495,0.001,1000.0,0.1,6.4164698143860805e-06,0.2090944532382133,289.8506977696549,6.41646981438608e-05,0.22080333251728435,laminar
moody_eps6.42e-05_Re3.41e+02,0.010445703252511518,0.0033955966091051525,0.001,1000.0,0.1,6.4164698143860805e-06,0.1811905307813558,339.5596609105153,6.41646981438608e-05,0.1884793966055527,laminar
moody_eps6.42e-05_Re3.88e+02,0.011538608544350546,0.0037757602027636296,0.001,1000.0,0.1,6.4164698143860805e-06,0.16187307853457628,377.57602027636295,6.41646981438608e-05,0.16950228977241683,laminar
moody_eps6.42e-05_Re4.41e+02,0.014661506197900798,0.0045004107881880355,0.001,1000.0,0.1,6.4164698143860805e-06,0.14477856569023329,450.0410788188035,6.41646981438608e-05,0.14220924047195216,laminar
moody_eps6.42e-05_Re5.01e+02,0.016691366971453042,0.005243645985905171,0.001,1000.0,0.1,6.4164698143860805e-06,0.12141019990246082,524.3645985905171,6.41646981438608e-05,0.1220524806061105,laminar
moody_eps6.42e-05_Re5.70e+02,0.01929915573185754,0.005830032252287708,0.001,1000.0,0.1,6.4164698143860805e-06,0.11356026351516253,583.0032252287708,6.41646981438608e-05,0.10977640814060052,laminar
moody_eps6.42e-05_Re6.48e+02,0.021279812809195445,0.006903956182978542,0.001,1000.0,0.1,6.4164698143860805e-06,0.08928977861454704,690.3956182978542,6.41646981438608e-05,0.09270047245923971,laminar
moody_eps6.42e-05_Re7.37e+02,0.02235832576027101,0.007195649906527268,0.001,1000.0,0.1,6.4164698143860805e-06,0.08636329921069894,719.5649906527268,6.41646981438608e-05,0.0889426262135749,laminar
moody_eps6.42e-05_Re8.38e+02,0.02629097262639984,0.008041708674544712,0.001,1000.0,0.1,6.4164698143860805e-06,0.08130925404948984,804.1708674544711,6.41646981438608e-05,0.07958507649324094,laminar
moody_eps6.42e-05_Re9.53e+02,0.029896886515913598,0.009742891584202645,0.001,1000.0,0.1,6.4164698143860805e-06,0.06299124887352148,974.2891584202645,6.41646981438608e-05,0.06568891734746501,laminar
moody_eps6.42e-05_Re1.08e+03,0.03389059407937968,0.010491608324557516,0.001,1000.0,0.1,6.4164698143860805e-06,0.06157792345082696,1049.1608324557515,6.41646981438608e-05,0.06100113349656447,laminar
moody_eps6.42e-05_Re1.23e+03,0.03912927972612915,0.012144177590648748,0.001,1000.0,0.1,6.4164698143860805e-06,0.053063468015358405,1214.4177590648749,6.41646981438608e-05,0.052700151593040964,laminar
moody_eps6.42e-05_Re1.40e+03,0.046059476354792885,0.013943064589268426,0.001,1000.0,0.1,6.4164698143860805e-06,0.04738408661685548,1394.3064589268427,6.41646981438608e-05,0.04590095641474612,laminar
moody_eps6.42e-05_Re1.59e+03,0.04992713377329588,0.01648266605685088,0.001,1000.0,0.1,6.4164698143860805e-06,0.036754600854000716,1648.266605685088,6.41646981438608e-05,0.03882866993680245,laminar
moody_eps6.42e-05_Re1.81e+03,0.05952203238655548,0.018871447937494724,0.001,1000.0,0.1,6.4164698143860805e-06,0.03342699227008153,1887.1447937494722,6.41646981438608e-05,0.03391366693852974,laminar
moody_eps6.42e-05_Re2.06e+03,0.06488601326734178,0.019913424108476782,0.001,1000.0,0.1,6.4164698143860805e-06,0.032725719235867146,1991.3424108476781,6.41646981438608e-05,0.03213912366420015,laminar
moody_eps6.42e-05_Re4.45e+03,0.35171410293571576,0.043239101414638964,0.001,1000.0,0.1,6.4164698143860805e-06,0.03762412933253893,4323.910141463896,6.41646981438608e-05,0.03907030656694515,colebrook
moody_eps6.42e-05_Re5.06e+03,0.489683255671515,0.05011099975084441,0.001,1000.0,0.1,6.4164698143860805e-06,0.039001302844628716,5011.099975084441,6.41646981438608e-05,0.03744073056654857,colebrook
moody_eps6.42e-05_Re5.76e+03,0.5264896272041089,0.054516630557985266,0.001,1000.0,0.1,6.4164698143860805e-06,0.03542923726004205,5451.663055798526,6.41646981438608e-05,0.03655350542290463,colebrook
moody_eps6.42e-05_Re6.55e+03,0.6576636587130827,0.062224593834997045,0.001,1000.0,0.1,6.4164698143860805e-06,0.033971106974672954,6222.459383499705,6.41646981438608e-05,0.03522134436616398,colebrook
moody_eps6.42e-05_Re7.44e+03,0.8859047217907858,0.07410577082571247,0.001,1000.0,0.1,6.4164698143860805e-06,0.03226360960792987,7410.577082571247,6.41646981438608e-05,0.03356667040597371,colebrook
moody_eps6.42e-05_Re8.46e+03,1.1825448966072156,0.08543151654718302,0.001,1000.0,0.1,6.4164698143860805e-06,0.03240495346576992,8543.151654718302,6.41646981438608e-05,0.03230224406177591,colebrook
moody_eps6.42e-05_Re9.62e+03,1.59417567209214,0.09834910213941564,0.001,1000.0,0.1,6.4164698143860805e-06,0.032962897048061934,9834.910213941565,6.41646981438608e-05,0.03111784765038471,colebrook
moody_eps6.42e-05_Re1.09e+04,1.696223575843532,0.10623531430046432,0.001,1000.0,0.1,6.4164698143860805e-06,0.030059051786096937,10623.531430046432,6.41646981438608e-05,0.030495890625836488,colebrook
moody_eps6.42e-05_Re1.24e+04,2.1664073002051727,0.12219708212745649,0.001,1000.0,0.1,6.4164698143860805e-06,0.029016727724695088,12219.708212745649,6.41646981438608e-05,0.029413020944637783,colebrook
moody_eps6.42e-05_Re1.41e+04,2.949850416456972,0.14321094688220162,0.001,1000.0,0.1,6.4164698143860805e-06,0.02876587289779629,14321.094688220162,6.41646981438608e-05,0.02825285699330826,colebrook
moody_eps6.42e-05_Re1.61e+04,3.5995354876141348,0.15845846799540533,0.001,1000.0,0.1,6.4164698143860805e-06,0.028671178841192232,15845.846799540534,6.41646981438608e-05,0.027548312580013362,colebrook
moody_eps6.42e-05_Re1.83e+04,4.371090020236708,0.18144920285717525,0.001,1000.0,0.1,6.4164698143860805e-06,0.026552756762164877,18144.920285717526,6.41646981438608e-05,0.026645231619775906,colebrook
moody_eps6.42e-05_Re2.08e+04,5.428723464745092,0.2025285793562348,0.001,1000.0,0.1,6.4164698143860805e-06,0.026470069558227883,20252.85793562348,6.41646981438608e-05,0.025944908444492102,colebrook
moody_eps6.42e-05_Re2.37e+04,7.275594462714914,0.24187069011503323,0.001,1000.0,0.1,6.4164698143860805e-06,0.024873218897697454,24187.06901150332,6.41646981438608e-05,0.02487112712103136,colebrook
moody_eps6.42e-05_Re2.69e+04,7.7707250243378905,0.2521174675807167,0.001,1000.0,0.1,6.4164698143860805e-06,0.024450382894200928,25211.74675807167,6.41646981438608e-05,0.024629906523516553,colebrook
moody_eps6.42e-05_Re3.06e+04,11.224405407211188,0.31129379784401584,0.001,1000.0,0.1,6.4164698143860805e-06,0.023166072119411858,31129.379784401583,6.41646981438608e-05,0.023457900825482783,colebrook
moody_eps6.42e-05_Re3.48e+04,13.972219201726062,0.3467106631663595,0.001,1000.0,0.1,6.4164698143860805e-06,0.023246682744692014,34671.06631663595,6.41646981438608e-05,0.022891960027505515,colebrook
moody_eps6.42e-05_Re3.95e+04,16.14944576505606,0.37437733495934694,0.001,1000.0,0.1,6.4164698143860805e-06,0.023044565349529134,37437.73349593469,6.41646981438608e-05,0.022501653152082298,colebrook
moody_eps6.42e-05_Re4.50e+04,19.795460291749077,0.42474480571177964,0.001,1000.0,0.1,6.4164698143860805e-06,0.02194519515225697,42474.48057117796,6.41646981438608e-05,0.0218823860461403,colebrook
moody_eps6.42e-05_Re5.11e+04,27.903022072832172,0.5200899591873793,0.001,1000.0,0.1,6.4164698143860805e-06,0.02063119099046634,52008.995918737935,6.41646981438608e-05,0.020944215523091142,colebrook
moody_eps6.42e-05_Re5.81e+04,35.96488179712361,0.5894683331831038,0.001,1000.0,0.1,6.4164698143860805e-06,0.020700825968932687,58946.833318310375,6.41646981438608e-05,0.020396387515370665,colebrook
moody_eps6.42e-05_Re6.61e+04,41.73926808486616,0.6504783899297507,0.001,1000.0,0.1,6.4164698143860805e-06,0.019729181981624655,65047.83899297508,6.41646981438608e-05,0.01998196698737685,colebrook
moody_eps6.42e-05_Re7.52e+04,57.73967455038822,0.7698766705329635,0.001,1000.0,0.1,6.4164698143860805e-06,0.01948327714876325,76987.66705329635,6.41646981438608e-05,0.019304964977698395,colebrook
moody_eps6.42e-05_Re8.55e+04,72.18841039140241,0.8700770302574601,0.001,1000.0,0.1,6.4164698143860805e-06,0.019071377695685312,87007.70302574601,6.41646981438608e-05,0.018837763961892344,colebrook
moody_eps6.42e-05_Re9.72e+04,81.74229632943022,0.9552190893793808,0.001,1000.0,0.1,6.4164698143860805e-06,0.017917228967866454,95521.90893793807,6.41646981438608e-05,0.018494471434356653,colebrook
moody_eps6.42e-05_Re1.10e+05,99.75487427707117,1.0715190624714759,0.001,1000.0,0.1,6.4164698143860805e-06,0.017376580556958482,107151.90624714758,6.41646981438608e-05,0.018087152143551066,colebrook
moody_eps6.42e-05_Re1.26e+05,121.98817608606876,1.1828277116424308,0.001,1000.0,0.1,6.4164698143860805e-06,0.01743832438692962,118282.77116424307,6.41646981438608e-05,0.017749743611962677,colebrook
moody_eps6.42e-05_Re1.43e+05,166.80026264429495,1.3904138616976978,0.001,1000.0,0.1,6.4164698143860805e-06,0.017255937065740908,139041.38616976977,6.41646981438608e-05,0.017222665318830294,colebrook
moody_eps6.42e-05_Re1.62e+05,220.60110154017593,1.6132178980300276,0.001,1000.0,0.1,6.4164698143860805e-06,0.01695319701287443,161321.78980300276,6.41646981438608e-05,0.016764473218451478,colebrook
moody_eps6.42e-05_Re1.85e+05,288.331092700938,1.9103907673420801,0.001,1000.0,0.1,6.4164698143860805e-06,0.015800726375222465,191039.076734208,6.41646981438608e-05,0.01627261833991239,colebrook
moody_eps6.42e-05_Re2.10e+05,344.29146946480955,2.084396002789966,0.001,1000.0,0.1,6.4164698143860805e-06,0.015848778457076513,208439.6002789966,6.41646981438608e-05,0.0160308422828335,colebrook
moody_eps6.42e-05_Re2.39e+05,410.8228006982393,2.3261926563673865,0.001,1000.0,0.1,6.4164698143860805e-06,0.015184243999451985,232619.26563673865,6.41646981438608e-05,0.01573753419993663,colebrook
moody_eps6.42e-05_Re2.72e+05,572.0302030302039,2.7201388257047903,0.001,1000.0,0.1,6.4164698143860805e-06,0.015462040872594307,272013.882570479,6.41646981438608e-05,0.015340267734873363,colebrook
moody_eps6.42e-05_Re3.09e+05,717.7452365487638,3.0618785236983346,0.001,1000.0,0.1,6.4164698143860805e-06,0.015311734901196694,306187.85236983345,6.41646981438608e-05,0.01505558209297045,colebrook
moody_eps6.42e-05_Re3.51e+05,952.8554101250879,3.543641163338296,0.001,1000.0,0.1,6.4164698143860805e-06,0.015176007206368627,354364.1163338296,6.41646981438608e-05,0.014722336224740852,colebrook
moody_eps6.42e-05_Re3.99e+05,1160.6088660109197,3.9970312116805373,0.001,1000.0,0.1,6.4164698143860805e-06,0.01452916983649982,399703.1211680537,6.41646981438608e-05,0.014462550520626418,colebrook
moody_eps6.42e-05_Re4.54e+05,1537.4326284778047,4.69421733773106,0.001,1000.0,0.1,6.4164698143860805e-06,0.013954031631279062,469421.73377310595,6.41646981438608e-05,0.014135889870364113,colebrook
moody_eps6.42e-05_Re5.16e+05,1964.9743067013173,5.233197538539396,0.001,1000.0,0.1,6.4164698143860805e-06,0.014350023584368942,523319.7538539396,6.41646981438608e-05,0.013927861212178065,colebrook
moody_eps6.42e-05_Re5.87e+05,2548.1374792631973,6.029682800180101,0.001,1000.0,0.1,6.4164698143860805e-06,0.014017285506804431,602968.2800180101,6.41646981438608e-05,0.013671808507815178,colebrook
moody_eps6.42e-05_Re6.67e+05,3086.874700928282,6.79930511975438,0.001,1000.0,0.1,6.4164698143860805e-06,0.013354263332285989,679930.511975438,6.41646981438608e-05,0.013467763792164963,colebrook
moody_eps6.42e-05_Re7.59e+05,3984.418540961066,7.8150768270839635,0.001,1000.0,0.1,6.4164698143860805e-06,0.013047534218249576,781507.6827083963,6.41646981438608e-05,0.013245862783318135,colebrook
moody_eps6.42e-05_Re8.63e+05,4729.8085698801515,8.519608189426663,0.001,1000.0,0.1,6.4164698143860805e-06,0.013032697493838969,851960.8189426663,6.41646981438608e-05,0.01311597984232565,colebrook
moody_eps6.42e-05_Re9.81e+05,6726.84475176971,9.971094846397497,0.001,1000.0,0.1,6.4164698143860805e-06,0.013531804220145964,997109.4846397496,6.41646981438608e-05,0.012893941846987922,colebrook
moody_eps6.42e-05_Re1.12e+06,8884.667718648909,11.605983304244013,0.001,1000.0,0.1,6.4164698143860805e-06,0.013191898550481569,1160598.3304244014,6.41646981438608e-05,0.012697068924806668,colebrook
moody_eps6.42e-05_Re1.27e+06,10585.291843026744,12.94993159762548,0.001,1000.0,0.1,6.4164698143860805e-06,0.01262402607917176,1294993.159762548,6.41646981438608e-05,0.012565234943560613,colebrook
moody_eps6.42e-05_Re1.44e+06,12100.32315571809,14.051993976375822,0.001,1000.0,0.1,6.4164698143860805e-06,0.01225606497420894,1405199.3976375822,6.41646981438608e-05,0.012472368888465134,colebrook
moody_eps6.42e-05_Re1.64e+06,17562.290570721798,16.46832017389383,0.001,1000.0,0.1,6.4164698143860805e-06,0.012951275752058716,1646832.0173893827,6.41646981438608e-05,0.012304670333735538,colebrook
moody_eps6.42e-05_Re1.86e+06,22149.969325811897,18.973715996899397,0.001,1000.0,0.1,6.4164698143860805e-06,0.012305473612161699,1897371.5996899395,6.41646981438608e-05,0.012168581132937947,colebrook
moody_eps6.42e-05_Re2.12e+06,26955.790552940314,21.57634690827821,0.001,1000.0,0.1,6.4164698143860805e-06,0.01158047135280203,2157634.690827821,6.41646981438608e-05,0.01205557007160118,colebrook
moody_eps6.42e-05_Re2.41e+06,33991.46260606387,23.63663633129301,0.001,1000.0,0.1,6.4164698143860805e-06,0.012168260572809772,2363663.6331293005,6.41646981438608e-05,0.011981168329968817,colebrook
moody_eps6.42e-05_Re2.74e+06,46507.19416462155,28.26898978282125,0.001,1000.0,0.1,6.4164698143860805e-06,0.01163937221536274,2826898.9782821247,6.41646981438608e-05,0.011848315648964176,colebrook
moody_eps6.42e-05_Re3.12e+06,55895.646307145784,31.6988267913243,0.001,1000.0,0.1,6.4164698143860805e-06,0.011125552827319423,3169882.67913243,6.41646981438608e-05,0.011771908953654039,colebrook
moody_eps6.42e-05_Re3.54e+06,79030.39931505025,35.984815863119906,0.001,1000.0,0.1,6.4164698143860805e-06,0.012206343927564638,3598481.58631199,6.41646981438608e-05,0.011694584097546706,colebrook
moody_eps6.42e-05_Re4.03e+06,91657.80393887407,40.06151233963239,0.001,1000.0,0.1,6.4164698143860805e-06,0.011422068572756216,4006151.2339632385,6.41646981438608e-05,0.011634765958107017,colebrook
moody_eps6.42e-05_Re4.58e+06,142355.6488089652,49.65674477314241,0.001,1000.0,0.1,6.4164698143860805e-06,0.011546442798477972,4965674.477314241,6.41646981438608e-05,0.011529258786473429,colebrook
moody_eps6.42e-05_Re5.21e+06,166229.12176250952,54.316671157336984,0.001,1000.0,0.1,6.4164698143860805e-06,0.011268622080833774,5431667.115733699,6.41646981438608e-05,0.01149032564932894,colebrook
moody_eps6.42e-05_Re5.93e+06,179062.04595093883,57.175702585084736,0.001,1000.0,0.1,6.4164698143860805e-06,0.010954952985454193,5717570.258508474,6.41646981438608e-05,0.011469320312001253,colebrook
moody_eps6.42e-05_Re6.74e+06,261277.60262688258,69.41575746986315,0.001,1000.0,0.1,6.4164698143860805e-06,0.010844662581673643,6941575.746986316,6.41646981438608e-05,0.011397578098853991,colebrook
moody_eps6.42e-05_Re7.66e+06,290959.5841938786,72.15518285036694,0.001,1000.0,0.1,6.4164698143860805e-06,0.011177060453238625,7215518.285036693,6.41646981438608e-05,0.011384625769652275,colebrook
moody_eps6.42e-05_Re8.71e+06,416508.66626883554,86.09781984960706,0.001,1000.0,0.1,6.4164698143860805e-06,0.011237500624447989,8609781.984960705,6.41646981438608e-05,0.011330718385191155,colebrook
moody_eps6.42e-05_Re9.90e+06,502354.896648975,95.42958275989278,0.001,1000.0,0.1,6.4164698143860805e-06,0.011032516497076086,9542958.275989277,6.41646981438608e-05,0.01130295817455571,colebrook
moody_eps6.42e-05_Re1.13e+07,676366.9573800892,112.8161593032838,0.001,1000.0,0.1,6.4164698143860805e-06,0.010628445680655487,11281615.93032838,6.41646981438608e-05,0.011262906753964333,colebrook
moody_eps6.42e-05_Re1.28e+07,943731.6941095877,128.43704902277267,0.001,1000.0,0.1,6.4164698143860805e-06,0.011441893444062086,12843704.902277268,6.41646981438608e-05,0.011235779308510233,colebrook
moody_eps6.42e-05_Re1.46e+07,1307723.3211409585,151.73728080439219,0.001,1000.0,0.1,6.4164698143860805e-06,0.011359553735865216,15173728.080439217,6.41646981438608e-05,0.011205315950125314,colebrook
moody_eps6.42e-05_Re1.66e+07,1658426.0727388088,171.42208414904712,0.001,1000.0,0.1,6.4164698143860805e-06,0.011287365040049612,17142208.41490471,6.41646981438608e-05,0.011185821461536554,colebrook
moody_eps6.42e-05_Re1.88e+07,2172850.1594445715,196.899779273693,0.001,1000.0,0.1,6.4164698143860805e-06,0.011209063134830987,19689977.9273693,6.41646981438608e-05,0.011166209887443997,colebrook
moody_eps6.42e-05_Re2.14e+07,2947801.754028681,227.90608051897752,0.001,1000.0,0.1,6.4164698143860805e-06,0.011350537922974158,22790608.05189775,6.41646981438608e-05,0.011148108250540698,colebrook
moody_eps6.42e-05_Re2.43e+07,3210216.2045121216,239.37900658709117,0.001,1000.0,0.1,6.4164698143860805e-06,0.011204491658504952,23937900.658709116,6.41646981438608e-05,0.011142570061660676,colebrook
moody_eps6.42e-05_Re2.77e+07,3983223.901749959,262.6885521024103,0.001,1000.0,0.1,6.4164698143860805e-06,0.011544693875457533,26268855.21024103,6.41646981438608e-05,0.011132774837144251,colebrook
moody_eps6.42e-05_Re3.15e+07,5619885.508861329,312.14672523050655,0.001,1000.0,0.1,6.4164698143860805e-06,0.011535592275546527,31214672.52305065,6.41646981438608e-05,0.011116744959306733,colebrook
moody_eps6.42e-05_Re3.58e+07,8118060.685988936,382.3773495652247,0.001,1000.0,0.1,6.4164698143860805e-06,0.011104473500321234,38237734.956522465,6.41646981438608e-05,0.011100996674798028,colebrook
moody_eps6.42e-05_Re4.07e+07,9165994.035255788,407.37262745678265,0.001,1000.0,0.1,6.4164698143860805e-06,0.011046530033669354,40737262.74567826,6.41646981438608e-05,0.011096682753986927,colebrook
moody_eps6.42e-05_Re4.63e+07,12971423.99807191,467.887026987399,0.001,1000.0,0.1,6.4164698143860805e-06,0.011850471864867896,46788702.6987399,6.41646981438608e-05,0.011088122811933871,colebrook
moody_eps6.42e-05_Re5.26e+07,16681669.680469833,546.7595941868775,0.001,1000.0,0.1,6.4164698143860805e-06,0.01116032104551869,54675959.41868775,6.41646981438608e-05,0.011079778837232566,colebrook
moody_eps6.42e-05_Re5.98e+07,19852042.041850794,617.547052022635,0.001,1000.0,0.1,6.4164698143860805e-06,0.010411063039951552,61754705.2022635,6.41646981438608e-05,0.011074087194815015,colebrook
moody_eps6.42e-05_Re6.80e+07,23700447.487018656,682.7388196351488,0.001,1000.0,0.1,6.4164698143860805e-06,0.010168978935249203,68273881.96351488,6.41646981438608e-05,0.011069880137517842,colebrook
moody_eps6.42e-05_Re7.73e+07,33172417.972739182,799.972812548904,0.001,1000.0,0.1,6.4164698143860805e-06,0.010367085241065199,79997281.2548904,6.41646981438608e-05,0.011064026670073671,colebrook
moody_eps6.42e-05_Re8.79e+07,43020604.132114254,894.0228346779384,0.001,1000.0,0.1,6.4164698143860805e-06,0.010764882097218927,89402283.46779384,6.41646981438608e-05,0.01106043294438244,colebrook
moody_eps6.42e-05_Re1.00e+08,62050353.52070579,1079.7976685445674,0.001,1000.0,0.1,6.4164698143860805e-06,0.01064362304033995,107979766.85445674,6.41646981438608e-05,0.011055163438244146,colebrook
moody_eps8.47e-05_Re3.00e+02,0.010000911916104012,0.002970551303769783,0.001,1000.0,0.1,8.468033469546193e-06,0.2266707507802347,297.0551303769783,8.468033469546193e-05,0.21544822309172273,laminar
moody_eps8.47e-05_Re3.41e+02,0.01113114567373633,0.003456912973103951,0.001,1000.0,0.1,8.468033469546193e-06,0.18629146980698338,345.6912973103951,8.468033469546193e-05,0.18513627764986693,laminar
moody_eps8.47e-05_Re3.88e+02,0.01236180270861802,0.0038521232416487915,0.001,1000.0,0.1,8.468033469546193e-06,0.1666139871866447,385.21232416487913,8.468033469546193e-05,0.16614214028263183,laminar
moody_eps8.47e-05_Re4.41e+02,0.013731185375138302,0.0043123638513228426,0.001,1000.0,0.1,8.468033469546193e-06,0.14767508591496878,431.2363851322842,8.468033469546193e-05,0.14841048252541963,laminar
moody_eps8.47e-05_Re5.01e+02,0.016382170039854073,0.005008396266257368,0.001,1000.0,0.1,8.468033469546193e-06,0.1306183095473553,500.8396266257368,8.468033469546193e-05,0.12778541592481735,laminar
moody_eps8.47e-05_Re5.70e+02,0.018762667823193874,0.005716272945644072,0.001,1000.0,0.1,8.468033469546193e-06,0.11484145074178792,571.6272945644072,8.468033469546193e-05,0.11196106380604068,laminar
moody_eps8.47e-05_Re6.48e+02,0.020701298068711804,0.0062010898823734485,0.001,1000.0,0.1,8.468033469546193e-06,0.10766920878941676,620.1089882373449,8.468033469546193e-05,0.10320766383651286,laminar
moody_eps8.47e-05_Re7.37e+02,0.025124858809969893,0.007474674919208709,0.001,1000.0,0.1,8.468033469546193e-06,0.08993919715788165,747.4674919208709,8.468033469546193e-05,0.08562245273775095,laminar
moody_eps8.47e-05_Re8.38e+02,0.02717537303774189,0.008518205767582871,0.001,1000.0,0.1,8.468033469546193e-06,0.07490473234411492,851.8205767582872,8.468033469546193e-05,0.07513319324071771,laminar
moody_eps8.47e-05_Re9.53e+02,0.029591118573764227,0.009572830690481687,0.001,1000.0,0.1,8.468033469546193e-06,0.06458187091138569,957.2830690481686,8.468033469546193e-05,0.06685587792086986,laminar
moody_eps8.47e-05_Re1.08e+03,0.034643299866832185,0.010765683042246746,0.001,1000.0,0.1,8.468033469546193e-06,0.059781398415839626,1076.5683042246744,8.468033469546193e-05,0.059448155540945145,laminar
moody_eps8.47e-05_Re1.23e+03,0.03770156046643401,0.012374548266570194,0.001,1000.0,0.1,8.468033469546193e-06,0.04924142514232053,1237.4548266570193,8.468033469546193e-05,0.05171905965480438,laminar
moody_eps8.47e-05_Re1.40e+03,0.04416046744394945,0.01422183977349406,0.001,1000.0,0.1,8.468033469546193e-06,0.04366687314808463,1422.183977349406,8.468033469546193e-05,0.045001210124220314,laminar
moody_eps8.47e-05_Re1.59e+03,0.051974681327516176,0.01583254436917311,0.001,1000.0,0.1,8.468033469546193e-06,0.04146869832354008,1583.2544369173108,8.468033469546193e-05,0.040423066885327506,laminar
moody_eps8.47e-05_Re1.81e+03,0.056552511552490504,0.0177391201718916,0.001,1000.0,0.1,8.468033469546193e-06,0.03594328290458462,1773.9120171891598,8.468033469546193e-05,0.03607845224556896,laminar
moody_eps8.47e-05_Re2.06e+03,0.06612659840704768,0.02033229747971994,0.001,1000.0,0.1,8.468033469546193e-06,0.031991401634354696,2033.2297479719941,8.468033469546193e-05,0.03147701338908481,laminar
moody_eps8.47e-05_Re4.45e+03,0.3457468094985199,0.04301588892924183,0.001,1000.0,0.1,8.468033469546193e-06,0.037370625987686444,4301.588892924183,8.468033469546193e-05,0.03915078992441819,colebrook
moody_eps8.47e-05_Re5.06e+03,0.4594028512851721,0.04757759503115653,0.001,1000.0,0.1,8.468033469546193e-06,0.04058996821261759,4757.759503115653,8.468033469546193e-05,0.03802494023038444,colebrook
moody_eps8.47e-05_Re5.76e+03,0.6489521713627452,0.05875520478688563,0.001,1000.0,0.1,8.468033469546193e-06,0.03759672337078172,5875.520478688563,8.468033469546193e-05,0.03581510771316824,colebrook
moody_eps8.47e-05_Re6.55e+03,0.755457940914864,0.06473329112713656,0.001,1000.0,0.1,8.468033469546193e-06,0.03605661152999375,6473.329112713656,8.468033469546193e-05,0.034862602844594776,colebrook
moody_eps8.47e-05_Re7.44e+03,0.8745933809878365,0.07344928563234576,0.001,1000.0,0.1,8.468033469546193e-06,0.032423584806534914,7344.928563234576,8.468033469546193e-05,0.03367546191553619,colebrook
moody_eps8.47e-05_Re8.46e+03,1.2025807815591125,0.08681787804058676,0.001,1000.0,0.1,8.468033469546193e-06,0.03190993511614239,8681.787804058675,8.468033469546193e-05,0.0321930588523708,colebrook
moody_eps8.47e-05_Re9.62e+03,1.4891910495612088,0.09699451479837581,0.001,1000.0,0.1,8.468033469546193e-06,0.03165818868743134,9699.45147983758,8.468033469546193e-05,0.03126278834166532,colebrook
moody_eps8.47e-05_Re1.09e+04,1.8590020778273288,0.11139196346243295,0.001,1000.0,0.1,8.468033469546193e-06,0.029964163114135932,11139.196346243296,8.468033469546193e-05,0.030156022306703383,colebrook
moody_eps8.47e-05_Re1.24e+04,1.9405360158089293,0.11610330755650612,0.001,1000.0,0.1,8.468033469546193e-06,0.028791382480435754,11610.330755650612,8.468033469546193e-05,0.029836053196525117,colebrook
moody_eps8.47e-05_Re1.41e+04,3.1018902774079873,0.14390921636774245,0.001,1000.0,0.1,8.468033469546193e-06,0.029955681927715805,14390.921636774245,8.468033469546193e-05,0.028256161515765498,colebrook
moody_eps8.47e-05_Re1.61e+04,3.7004219685621598,0.1607123336991637,0.001,1000.0,0.1,8.468033469546193e-06,0.028653839981858928,16071.23336991637,8.468033469546193e-05,0.02749199221206881,colebrook
moody_eps8.47e-05_Re1.83e+04,4.111858692840519,0.1703447041303182,0.001,1000.0,0.1,8.468033469546193e-06,0.028340721640245314,17034.47041303182,8.468033469546193e-05,0.027101710090330165,colebrook
moody_eps8.47e-05_Re2.08e+04,5.103955123958955,0.2010413944710311,0.001,1000.0,0.1,8.468033469546193e-06,0.025256075489161183,20104.13944710311,8.468033469546193e-05,0.026035770841423177,colebrook
moody_eps8.47e-05_Re2.37e+04,6.958373299223989,0.23440219884531063,0.001,1000.0,0.1,8.468033469546193e-06,0.025328784958503034,23440.219884531063,8.468033469546193e-05,0.02510434583008034,colebrook
moody_eps8.47e-05_Re2.69e+04,8.501667997508648,0.2594471274325808,0.001,1000.0,0.1,8.468033469546193e-06,0.025260177827568866,25944.71274325808,8.468033469546193e-05,0.02451649111091307,colebrook
moody_eps8.47e-05_Re3.06e+04,10.26599260181632,0.2928536381230879,0.001,1000.0,0.1,8.468033469546193e-06,0.023940305898828076,29285.363812308788,8.468033469546193e-05,0.023842805268797226,colebrook
moody_eps8.47e-05_Re3.48e+04,13.313073408217099,0.3386198085251833,0.001,1000.0,0.1,8.468033469546193e-06,0.023221143525686064,33861.980852518325,8.468033469546193e-05,0.023072965349736244,colebrook
moody_eps8.47e-05_Re3.95e+04,15.19311420954908,0.3721581499248691,0.001,1000.0,0.1,8.468033469546193e-06,0.02193924762651654,37215.814992486914,8.468033469546193e-05,0.022593364600788594,colebrook
moody_eps8.47e-05_Re4.50e+04,21.060400535057344,0.433039006720974,0.001,1000.0,0.1,8.468033469546193e-06,0.02246169813006394,43303.9006720974,8.468033469546193e-05,0.021856998842067783,colebrook
moody_eps8.47e-05_Re5.11e+04,25.746080891015286,0.4779768856495461,0.001,1000.0,0.1,8.468033469546193e-06,0.022538620687895878,47797.68856495461,8.468033469546193e-05,0.02139811625375686,colebrook
moody_eps8.47e-05_Re5.81e+04,33.939411290369485,0.5723833482765142,0.001,1000.0,0.1,8.468033469546193e-06,0.020718595849032774,57238.33482765142,8.468033469546193e-05,0.020600948019673937,colebrook
moody_eps8.47e-05_Re6.61e+04,37.184053226180005,0.6123074752709914,0.001,1000.0,0.1,8.468033469546193e-06,0.019835703170740123,61230.74752709914,8.468033469546193e-05,0.020315679496002152,colebrook
moody_eps8.47e-05_Re7.52e+04,60.23912272492409,0.7706560504396797,0.001,1000.0,0.1,8.468033469546193e-06,0.020285580929369634,77065.60504396797,8.468033469546193e-05,0.019392755440097168,colebrook
moody_eps8.47e-05_Re8.55e+04,68.03113325483662,0.8295126986415018,0.001,1000.0,0.1,8.468033469546193e-06,0.01977386766946241,82951.26986415018,8.468033469546193e-05,0.019113197837087356,colebrook
moody_eps8.47e-05_Re9.72e+04,90.06162206648762,0.9767890207094345,0.001,1000.0,0.1,8.468033469546193e-06,0.018878532045144027,97678.90207094346,8.468033469546193e-05,0.018518413124845576,colebrook
moody_eps8.47e-05_Re1.10e+05,114.23825255117302,1.0978391972738393,0.001,1000.0,0.1,8.468033469546193e-06,0.018956758673252933,109783.91972738392,8.468033469546193e-05,0.018114470881223053,colebrook
moody_eps8.47e-05_Re1.26e+05,129.5174203294787,1.1935661025375592,0.001,1000.0,0.1,8.468033469546193e-06,0.018182987026596587,119356.61025375592,8.468033469546193e-05,0.017835909482745195,colebrook
moody_eps8.47e-05_Re1.43e+05,196.09520675224394,1.4959420364596707,0.001,1000.0,0.1,8.468033469546193e-06,0.01752537991868695,149594.20364596706,8.468033469546193e-05,0.017125627028581638,colebrook
moody_eps8.47e-05_Re1.62e+05,222.65614614355536,1.6103955757458872,0.001,1000.0,0.1,8.468033469546193e-06,0.017171156480922933,161039.55757458872,8.468033469546193e-05,0.01690661023320877,colebrook
moody_eps8.47e-05_Re1.85e+05,283.4181473190184,1.861486345378184,0.001,1000.0,0.1,8.468033469546193e-06,0.016358291415530798,186148.6345378184,8.468033469546193e-05,0.0164939693615981,colebrook
moody_eps8.47e-05_Re2.10e+05,393.7406811739598,2.168585833115591,0.001,1000.0,0.1,8.468033469546193e-06,0.016745073238037384,216858.58331155908,8.468033469546193e-05,0.01608392575758172,colebrook
moody_eps8.47e-05_Re2.39e+05,442.8894460597829,2.2924458864237187,0.001,1000.0,0.1,8.468033469546193e-06,0.016854937296825277,229244.58864237185,8.468033469546193e-05,0.015940926321837693,colebrook
moody_eps8.47e-05_Re2.72e+05,571.0121371929442,2.71949361901749,0.001,1000.0,0.1,8.468033469546193e-06,0.015441847065418336,271949.361901749,8.468033469546193e-05,0.015521142003054681,colebrook
moody_eps8.47e-05_Re3.09e+05,746.7887389733067,3.174467366497473,0.001,1000.0,0.1,8.468033469546193e-06,0.014821290594182752,317446.7366497473,8.468033469546193e-05,0.015166373808798051,colebrook
moody_eps8.47e-05_Re3.51e+05,936.2683257375793,3.560303580171389,0.001,1000.0,0.1,8.468033469546193e-06,0.014772577089090036,356030.3580171389,8.468033469546193e-05,0.014918418342931365,colebrook
moody_eps8.47e-05_Re3.99e+05,1181.270229336177,3.9876652923492473,0.001,1000.0,0.1,8.468033469546193e-06,0.014857367227663296,398766.52923492476,8.468033469546193e-05,0.01468568465520602,colebrook
moody_eps8.47e-05_Re4.54e+05,1474.1092955445679,4.541883636794847,0.001,1000.0,0.1,8.468033469546193e-06,0.014291824472325259,454188.3636794847,8.468033469546193e-05,0.014433234796585438,colebrook
moody_eps8.47e-05_Re5.16e+05,2059.197042009654,5.351176583829851,0.001,1000.0,0.1,8.468033469546193e-06,0.014382332880583985,535117.658382985,8.468033469546193e-05,0.014136923585084109,colebrook
moody_eps8.47e-05_Re5.87e+05,2542.9232153221838,5.957153697100595,0.001,1000.0,0.1,8.468033469546193e-06,0.014331301471821042,595715.3697100595,8.468033469546193e-05,0.013955835502548957,colebrook
moody_eps8.47e-05_Re6.67e+05,2800.2839868931987,6.267570005969787,0.001,1000.0,0.1,8.468033469546193e-06,0.014257181734691869,626757.0005969787,8.468033469546193e-05,0.013873527199386,colebrook
moody_eps8.47e-05_Re7.59e+05,4321.962578536111,8.13138347063095,0.001,1000.0,0.1,8.468033469546193e-06,0.013073206245251273,813138.347063095,8.468033469546193e-05,0.013485207381369983,colebrook
moody_eps8.47e-05_Re8.63e+05,5458.54609514419,9.304676782765043,0.001,1000.0,0.1,8.468033469546193e-06,0.012609689554175785,930467.6782765042,8.468033469546193e-05,0.013305370343700353,colebrook
moody_eps8.47e-05_Re9.81e+05,6246.554042976373,9.607123538081979,0.001,1000.0,0.1,8.468033469546193e-06,0.013535794325025623,960712.3538081979,8.468033469546193e-05,0.013264731376549951,colebrook
moody_eps8.47e-05_Re1.12e+06,7659.3587573133955,10.956689264737863,0.001,1000.0,0.1,8.468033469546193e-06,0.012760383223431822,1095668.9264737864,8.468033469546193e-05,0.013105704819512627,colebrook
moody_eps8.47e-05_Re1.27e+06,10642.43254884352,12.742297663755508,0.001,1000.0,0.1,8.468033469546193e-06,0.013109176469498536,1274229.7663755508,8.468033469546193e-05,0.012938327941287934,colebrook
moody_eps8.47e-05_Re1.44e+06,13901.765180929544,14.805848277245696,0.001,1000.0,0.1,8.468033469546193e-06,0.012683331827131297,1480584.8277245695,8.468033469546193e-05,0.012787309586628005,colebrook
moody_eps8.47e-05_Re1.64e+06,15440.981289687275,15.431090031951474,0.001,1000.0,0.1,8.468033469546193e-06,0.01296915504126568,1543109.0031951473,8.468033469546193e-05,0.012748272153908984,colebrook
moody_eps8.47e-05_Re1.86e+06,23262.15075428062,19.386153208166647,0.001,1000.0,0.1,8.468033469546193e-06,0.012379314040189807,1938615.3208166645,8.468033469546193e-05,0.012551806835914293,colebrook
moody_eps8.47e-05_Re2.12e+06,28198.177444524397,21.70953804788852,0.001,1000.0,0.1,8.468033469546193e-06,0.011966024016999276,2170953.8047888516,8.468033469546193e-05,0.012465541014388739,colebrook
moody_eps8.47e-05_Re2.41e+06,33320.72683611914,23.59257648806255,0.001,1000.0,0.1,8.468033469546193e-06,0.011972744603872895,2359257.648806255,8.468033469546193e-05,0.012406563906051996,colebrook
moody_eps8.47e-05_Re2.74e+06,44907.46239685647,27.493181045586972,0.001,1000.0,0.1,8.468033469546193e-06,0.011882245651434269,2749318.104558697,8.468033469546193e-05,0.012307268819580258,colebrook
moody_eps8.47e-05_Re3.12e+06,66517.70641692783,32.759682565632126,0.001,1000.0,0.1,8.468033469546193e-06,0.012396180515130382,3275968.2565632127,8.468033469546193e-05,0.01220708373003352,colebrook
moody_eps8.47e-05_Re3.54e+06,78282.57421937665,35.49072845944345,0.001,1000.0,0.1,8.468033469546193e-06,0.012429832237763698,3549072.8459443455,8.468033469546193e-05,0.012165752789391785,colebrook
moody_eps8.47e-05_Re4.03e+06,107240.77097891009,41.877197440817284,0.001,1000.0,0.1,8.468033469546193e-06,0.012230232244300067,4187719.7440817277,8.468033469546193e-05,0.01208842334158417,colebrook
moody_eps8.47e-05_Re4.58e+06,120760.7794793918,44.6910899827179,0.001,1000.0,0.1,8.468033469546193e-06,0.012092441900779016,4469108.998271789,8.468033469546193e-05,0.012060816029326633,colebrook
moody_eps8.47e-05_Re5.21e+06,161373.92520537353,51.430655061262954,0.001,1000.0,0.1,8.468033469546193e-06,0.012201669201241312,5143065.506126295,8.468033469546193e-05,0.012006114163891243,colebrook
moody_eps8.47e-05_Re5.93e+06,205571.4229699195,58.566608694332636,0.001,1000.0,0.1,8.468033469546193e-06,0.011986505361398208,5856660.869433263,8.468033469546193e-05,0.011961050780065685,colebrook
moody_eps8.47e-05_Re6.74e+06,281034.5287347119,69.52840141477091,0.001,1000.0,0.1,8.468033469546193e-06,0.011626933512547224,6952840.14147709,8.468033469546193e-05,0.0119088595303233,colebrook
moody_eps8.47e-05_Re7.66e+06,343219.166284396,76.26807157521054,0.001,1000.0,0.1,8.468033469546193e-06,0.011800923546677436,7626807.157521054,8.468033469546193e-05,0.011883839232110673,colebrook
moody_eps8.47e-05_Re8.71e+06,468227.0831475138,85.52871465852635,0.001,1000.0,0.1,8.468033469546193e-06,0.012801552314551557,8552871.465852635,8.468033469546193e-05,0.011855594179497778,colebrook
moody_eps8.47e-05_Re9.90e+06,609571.3454336198,102.58310946430933,0.001,1000.0,0.1,8.468033469546193e-06,0.011585180938822059,10258310.946430933,8.468033469546193e-05,0.01181639701946483,colebrook
moody_eps8.47e-05_Re1.13e+07,727612.8733768957,110.47396214568491,0.001,1000.0,0.1,8.468033469546193e-06,0.011923685415047644,11047396.21456849,8.468033469546193e-05,0.011802204716059122,colebrook
moody_eps8.47e-05_Re1.28e+07,1038160.8881877345,133.01929847205804,0.001,1000.0,0.1,8.468033469546193e-06,0.01173452062606979,13301929.847205803,8.468033469546193e-05,0.011770643533136848,colebrook
moody_eps8.47e-05_Re1.46e+07,1244487.454748546,149.38509502205912,0.001,1000.0,0.1,8.468033469546193e-06,0.011153366755227465,14938509.502205912,8.468033469546193e-05,0.011753532802361613,colebrook
moody_eps8.47e-05_Re1.66e+07,1715354.4330598286,167.5927318870867,0.001,1000.0,0.1,8.468033469546193e-06,0.012214438416501473,16759273.188708669,8.468033469546193e-05,0.011738323915670843,colebrook
moody_eps8.47e-05_Re1.88e+07,2058469.7835266013,189.18599490872512,0.001,1000.0,0.1,8.468033469546193e-06,0.011502613453509213,18918599.49087251,8.468033469546193e-05,0.011723995610789666,colebrook
moody_eps8.47e-05_Re2.14e+07,2784247.1498547974,221.32907870767397,0.001,1000.0,0.1,8.468033469546193e-06,0.011367391743288937,22132907.870767396,8.468033469546193e-05,0.011707744069965546,colebrook
moody_eps8.47e-05_Re2.43e+07,3471261.537882079,241.36271102186132,0.001,1000.0,0.1,8.468033469546193e-06,0.011917275557240545,24136271.102186132,8.468033469546193e-05,0.011699765198746385,colebrook
moody_eps8.47e-05_Re2.77e+07,4591526.936272792,269.3423090931908,0.001,1000.0,0.1,8.468033469546193e-06,0.0126583754862235,26934230.909319077,8.468033469546193e-05,0.011690575797025593,colebrook
moody_eps8.47e-05_Re3.15e+07,5383637.421551466,312.9325942232888,0.001,1000.0,0.1,8.468033469546193e-06,0.01099522695064581,31293259.422328874,8.468033469546193e-05,0.01167948749414425,colebrook
moody_eps8.47e-05_Re3.58e+07,8070549.885194186,369.90558428773903,0.001,1000.0,0.1,8.468033469546193e-06,0.011796450415484584,36990558.4287739,8.468033469546193e-05,0.011668887687758367,colebrook
moody_eps8.47e-05_Re4.07e+07,9778103.357750658,406.4572609593278,0.001,1000.0,0.1,8.468033469546193e-06,0.011837359759831955,40645726.09593278,8.468033469546193e-05,0.01166363486718807,colebrook
moody_eps8.47e-05_Re4.63e+07,12928027.591076683,471.69384499022175,0.001,1000.0,0.1,8.468033469546193e-06,0.01162095574735767,47169384.49902218,8.468033469546193e-05,0.011656263643802608,colebrook
moody_eps8.47e-05_Re5.26e+07,17011474.706176065,537.177412172767,0.001,1000.0,0.1,8.468033469546193e-06,0.011790615420939022,53717741.21727671,8.468033469546193e-05,0.011650650010428459,colebrook
moody_eps8.47e-05_Re5.98e+07,21760600.26900722,615.7025383853324,0.001,1000.0,0.1,8.468033469546193e-06,0.011480451778965105,61570253.838533245,8.468033469546193e-05,0.011645481337783188,colebrook
moody_eps8.47e-05_Re6.80e+07,26838457.691464394,672.5520707246454,0.001,1000.0,0.1,8.468033469546193e-06,0.011866857360806197,67255207.07246454,8.468033469546193e-05,0.01164248753201075,colebrook
moody_eps8.47e-05_Re7.73e+07,36304670.98228736,790.071937993874,0.001,1000.0,0.1,8.468033469546193e-06,0.011632129474134507,79007193.7993874,8.468033469546193e-05,0.011637656756208987,colebrook
moody_eps8.47e-05_Re8.79e+07,46600089.37991718,882.199594764747,0.001,1000.0,0.1,8.468033469546193e-06,0.011975207226029847,88219959.4764747,8.468033469546193e-05,0.011634765073917433,colebrook
moody_eps8.47e-05_Re1.00e+08,53343197.71348175,974.986994857472,0.001,1000.0,0.1,8.468033469546193e-06,0.011223062888085679,97498699.4857472,8.468033469546193e-05,0.011632402468923195,colebrook
moody_eps1.12e-04_Re3.00e+02,0.009949941994442529,0.0030729771029401696,0.001,1000.0,0.1,1.1175551808968565e-05,0.21073268274400747,307.29771029401695,0.00011175551808968564,0.2082670903690299,laminar
moody_eps1.12e-04_Re3.41e+02,0.010599943847475214,0.003340492903836687,0.001,1000.0,0.1,1.1175551808968565e-05,0.18998199909089133,334.0492903836687,0.00011175551808968564,0.19158849260387142,laminar
moody_eps1.12e-04_Re3.88e+02,0.011947281119857753,0.003791960306617814,0.001,1000.0,0.1,1.1175551808968565e-05,0.1661772291549262,379.19603066178144,0.00011175551808968564,0.16877813802086947,laminar
moody_eps1.12e-04_Re4.41e+02,0.014710141958869041,0.004589504092811267,0.001,1000.0,0.1,1.1175551808968565e-05,0.13967392469701917,458.95040928112667,0.00011175551808968564,0.13944861733590322,laminar
moody_eps1.12e-04_Re5.01e+02,0.01577037620392186,0.0048508884519065446,0.001,1000.0,0.1,1.1175551808968565e-05,0.1340384735308387,485.08884519065447,0.00011175551808968564,0.13193459432126517,laminar
moody_eps1.12e-04_Re5.70e+02,0.01850670595447578,0.00579372680520312,0.001,1000.0,0.1,1.1175551808968565e-05,0.11026637431494471,579.372680520312,0.00011175551808968564,0.11046430415483882,laminar
moody_eps1.12e-04_Re6.48e+02,0.021023367092832784,0.006470884277596037,0.001,1000.0,0.1,1.1175551808968565e-05,0.10041648218786031,647.0884277596037,0.00011175551808968564,0.09890456582817501,laminar
moody_eps1.12e-04_Re7.37e+02,0.02407503822596256,0.00754528884893224,0.001,1000.0,0.1,1.1175551808968565e-05,0.08457562986592247,754.528884893224,0.00011175551808968564,0.08482113976200774,laminar
moody_eps1.12e-04_Re8.38e+02,0.026197318135365806,0.008242641641835701,0.001,1000.0,0.1,1.1175551808968565e-05,0.07711768645296488,824.2641641835701,0.00011175551808968564,0.07764501088481957,laminar
moody_eps1.12e-04_Re9.53e+02,0.032152039538173326,0.009816962295283109,0.001,1000.0,0.1,1.1175551808968565e-05,0.06672433850760255,981.6962295283109,0.00011175551808968564,0.06519328288624573,laminar
moody_eps1.12e-04_Re1.08e+03,0.037296983648125386,0.010703030358213737,0.001,1000.0,0.1,1.1175551808968565e-05,0.0651163713576545,1070.3030358213737,0.00011175551808968564,0.05979614918207255,laminar
moody_eps1.12e-04_Re1.23e+03,0.04120350557725907,0.01328903579322866,0.001,1000.0,0.1,1.1175551808968565e-05,0.046663490388596886,1328.9035793228659,0.00011175551808968564,0.04816000272390777,laminar
moody_eps1.12e-04_Re1.40e+03,0.04489000385978383,0.01445373081434676,0.001,1000.0,0.1,1.1175551808968565e-05,0.04297537886499795,1445.373081434676,0.00011175551808968564,0.04427922508178557,laminar
moody_eps1.12e-04_Re1.59e+03,0.053495535020906135,0.015955968582429127,0.001,1000.0,0.1,1.1175551808968565e-05,0.04202436753115159,1595.5968582429125,0.00011175551808968564,0.04011038231203178,laminar
moody_eps1.12e-04_Re1.81e+03,0.05725530424907028,0.018544672671172015,0.001,1000.0,0.1,1.1175551808968565e-05,0.03329717420878784,1854.4672671172016,0.00011175551808968564,0.03451125891237164,laminar
moody_eps1.12e-04_Re2.06e+03,0.06220987129946386,0.02092513565880564,0.001,1000.0,0.1,1.1175551808968565e-05,0.028415331963380634,2092.513565880564,0.00011175551808968564,0.030585225846823962,laminar
moody_eps1.12e-04_Re4.45e+03,0.3548793639511579,0.042459561786963994,0.001,1000.0,0.1,1.1175551808968565e-05,0.03936948434430259,4245.9561786964,0.00011175551808968564,0.03932784064554432,colebrook
moody_eps1.12e-04_Re5.06e+03,0.4815151364476615,0.049393582474421244,0.001,1000.0,0.1,1.1175551808968565e-05,0.03947288658553562,4939.358247442124,0.00011175551808968564,0.037648526425850974,colebrook
moody_eps1.12e-04_Re5.76e+03,0.6251229406587173,0.05780342922005764,0.001,1000.0,0.1,1.1175551808968565e-05,0.03741865945918043,5780.342922005764,0.00011175551808968564,0.036011622054611496,colebrook
moody_eps1.12e-04_Re6.55e+03,0.7538102161233684,0.06569508722767843,0.001,1000.0,0.1,1.1175551808968565e-05,0.0349322232807241,6569.508722767843,0.00011175551808968564,0.03475504503933978,colebrook
moody_eps1.12e-04_Re7.44e+03,0.9960148399549269,0.07482373934314314,0.001,1000.0,0.1,1.1175551808968565e-05,0.03558090482100726,7482.373934314313,0.00011175551808968564,0.03354251039211869,colebrook
moody_eps1.12e-04_Re8.46e+03,1.2227008094198135,0.08884841878599666,0.001,1000.0,0.1,1.1175551808968565e-05,0.030977815513193892,8884.841878599666,0.00011175551808968564,0.0320350307020669,colebrook
moody_eps1.12e-04_Re9.62e+03,1.507504419549582,0.09549378408944996,0.001,1000.0,0.1,1.1175551808968565e-05,0.03306270507525091,9549.378408944996,0.00011175551808968564,0.03143196338492998,colebrook
moody_eps1.12e-04_Re1.09e+04,1.7743696445113988,0.10459899833774518,0.001,1000.0,0.1,1.1175551808968565e-05,0.03243538396580096,10459.899833774518,0.00011175551808968564,0.030694413148003176,colebrook
moody_eps1.12e-04_Re1.24e+04,2.278838294036276,0.12682368217192827,0.001,1000.0,0.1,1.1175551808968565e-05,0.02833627691445522,12682.368217192827,0.00011175551808968564,0.02921729176425034,colebrook
moody_eps1.12e-04_Re1.41e+04,2.5366112719438427,0.13236476072342984,0.001,1000.0,0.1,1.1175551808968565e-05,0.02895603919674342,13236.476072342984,0.00011175551808968564,0.028903991256969085,colebrook
moody_eps1.12e-04_Re1.61e+04,3.934047308148472,0.16951914816090397,0.001,1000.0,0.1,1.1175551808968565e-05,0.027379912196305464,16951.914816090397,0.00011175551808968564,0.027187970635493722,colebrook
moody_eps1.12e-04_Re1.83e+04,4.666296931010288,0.18600117919041584,0.001,1000.0,0.1,1.1175551808968565e-05,0.026975591197917346,18600.117919041582,0.00011175551808968564,0.026584514154308226,colebrook
moody_eps1.12e-04_Re2.08e+04,5.593737417245186,0.2064806692294449,0.001,1000.0,0.1,1.1175551808968565e-05,0.026240570515825692,20648.06692294449,0.00011175551808968564,0.025929732862764364,colebrook
moody_eps1.12e-04_Re2.37e+04,6.679218118371555,0.23210726129090595,0.001,1000.0,0.1,1.1175551808968565e-05,0.024795802433523407,23210.726129090595,0.00011175551808968564,0.025225886925941132,colebrook
moody_eps1.12e-04_Re2.69e+04,8.301602264584034,0.2615887048368941,0.001,1000.0,0.1,1.1175551808968565e-05,0.0242635276427002,26158.870483689407,0.00011175551808968564,0.02453728213429774,colebrook
moody_eps1.12e-04_Re3.06e+04,10.915527435908903,0.30238499006575215,0.001,1000.0,0.1,1.1175551808968565e-05,0.023875598219970658,30238.499006575214,0.00011175551808968564,0.02374228019613537,colebrook
moody_eps1.12e-04_Re3.48e+04,12.996598868578682,0.3441319921658327,0.001,1000.0,0.1,1.1175551808968565e-05,0.02194874098133266,34413.19921658326,0.00011175551808968564,0.02306767549502049,colebrook
moody_eps1.12e-04_Re3.95e+04,16.354934665471223,0.3824817183183877,0.001,1000.0,0.1,1.1175551808968565e-05,0.02235926100739248,38248.171831838765,0.00011175551808968564,0.022539745807224155,colebrook
moody_eps1.12e-04_Re4.50e+04,22.438722948840734,0.4567671194227581,0.001,1000.0,0.1,1.1175551808968565e-05,0.02150990365027974,45676.711942275804,0.00011175551808968564,0.021697523631385586,colebrook
moody_eps1.12e-04_Re5.11e+04,27.000685258064422,0.5172241360488836,0.001,1000.0,0.1,1.1175551808968565e-05,0.020185858116819486,51722.41360488836,0.00011175551808968564,0.021139449475669956,colebrook
moody_eps1.12e-04_Re5.81e+04,36.66239665307582,0.6023779287400981,0.001,1000.0,0.1,1.1175551808968565e-05,0.020207507364776164,60237.79287400981,0.00011175551808968564,0.02048907441000099,colebrook
moody_eps1.12e-04_Re6.61e+04,42.10385162461112,0.6451504968596481,0.001,1000.0,0.1,1.1175551808968565e-05,0.020231577643191473,64515.04968596481,0.00011175551808968564,0.02020806801828172,colebrook
moody_eps1.12e-04_Re7.52e+04,56.357742079145766,0.7617626323804284,0.001,1000.0,0.1,1.1175551808968565e-05,0.01942424964308656,76176.26323804284,0.00011175551808968564,0.019556397620272357,colebrook
moody_eps1.12e-04_Re8.55e+04,68.65624021685939,0.8716328442878662,0.001,1000.0,0.1,1.1175551808968565e-05,0.018073523953610244,87163.28442878662,0.00011175551808968564,0.01905693414097505,colebrook
moody_eps1.12e-04_Re9.72e+04,89.96271086751663,0.9687617856340337,0.001,1000.0,0.1,1.1175551808968565e-05,0.019171607595246037,96876.17856340337,0.00011175551808968564,0.01868272863723426,colebrook
moody_eps1.12e-04_Re1.10e+05,113.29990791106067,1.1208704913902983,0.001,1000.0,0.1,1.1175551808968565e-05,0.018036351101066207,112087.04913902981,0.00011175551808968564,0.018190472236586194,colebrook
moody_eps1.12e-04_Re1.26e+05,150.9378892775138,1.2686283179748639,0.001,1000.0,0.1,1.1175551808968565e-05,0.018756831000343824,126862.83179748639,0.00011175551808968564,0.017793910348169927,colebrook
moody_eps1.12e-04_Re1.43e+05,168.49248270173607,1.380914445923,0.001,1000.0,0.1,1.1175551808968565e-05,0.017671645040505956,138091.44459230002,0.00011175551808968564,0.017533310734794604,colebrook
moody_eps1.12e-04_Re1.62e+05,231.39861894916677,1.6304654540511518,0.001,1000.0,0.1,1.1175551808968565e-05,0.017408748664843814,163046.54540511518,0.00011175551808968564,0.017047992652610956,colebrook
moody_eps1.12e-04_Re1.85e+05,280.7066531867717,1.7847829048843942,0.001,1000.0,0.1,1.1175551808968565e-05,0.017624301222037096,178478.29048843944,0.00011175551808968564,0.01679741005809158,colebrook
moody_eps1.12e-04_Re2.10e+05,406.13517195666685,2.1557413288396283,0.001,1000.0,0.1,1.1175551808968565e-05,0.01747862648220304,215574.13288396285,0.00011175551808968564,0.016304052172249405,colebrook
moody_eps1.12e-04_Re2.39e+05,451.5314130169843,2.3937447328500965,0.001,1000.0,0.1,1.1175551808968565e-05,0.015760220660843233,239374.47328500962,0.00011175551808968564,0.01604739425230807,colebrook
moody_eps1.12e-04_Re2.72e+05,518.0929178776532,2.5727839924050535,0.001,1000.0,0.1,1.1175551808968565e-05,0.01565420444644562,257278.39924050533,0.00011175551808968564,0.015877464791462577,colebrook
moody_eps1.12e-04_Re3.09e+05,646.7586260412088,2.9721317958554674,0.001,1000.0,0.1,1.1175551808968565e-05,0.014643203495959566,297213.1795855467,0.00011175551808968564,0.015553904221854145,colebrook
moody_eps1.12e-04_Re3.51e+05,885.7228601127853,3.4205982492829916,0.001,1000.0,0.1,1.1175551808968565e-05,0.015139924562488334,342059.8249282992,0.00011175551808968564,0.015259214430161382,colebrook
moody_eps1.12e-04_Re3.99e+05,1275.8213539671779,3.9719081731833152,0.001,1000.0,0.1,1.1175551808968565e-05,0.016174149893303458,397190.8173183315,0.00011175551808968564,0.014967310447395554,colebrook
moody_eps1.12e-04_Re4.54e+05,1666.1900180511493,4.756376668273023,0.001,1000.0,0.1,1.1175551808968565e-05,0.014729976156500933,475637.66682730225,0.00011175551808968564,0.014643580132711706,colebrook
moody_eps1.12e-04_Re5.16e+05,1989.960457156682,5.273942911965442,0.001,1000.0,0.1,1.1175551808968565e-05,0.014308812517532047,527394.2911965442,0.00011175551808968564,0.014471549930413073,colebrook
moody_eps1.12e-04_Re5.87e+05,2442.160687958127,5.79620011906008,0.001,1000.0,0.1,1.1175551808968565e-05,0.014538429297095638,579620.011906008,0.00011175551808968564,0.014322615137790989,colebrook
moody_eps1.12e-04_Re6.67e+05,3276.342805341654,6.650735647175443,0.001,1000.0,0.1,1.1175551808968565e-05,0.014814259907077177,665073.5647175442,0.00011175551808968564,0.014119492656392238,colebrook
moody_eps1.12e-04_Re7.59e+05,4061.0722011952457,7.760847482313719,0.001,1000.0,0.1,1.1175551808968565e-05,0.01348504528173923,776084.7482313719,0.00011175551808968564,0.013910255197804167,colebrook
moody_eps1.12e-04_Re8.63e+05,4730.461946312023,8.250456913786193,0.001,1000.0,0.1,1.1175551808968565e-05,0.013898807745416113,825045.6913786194,0.00011175551808968564,0.013832618403126629,colebrook
moody_eps1.12e-04_Re9.81e+05,6811.904450276511,10.171197711897456,0.001,1000.0,0.1,1.1175551808968565e-05,0.013169047084039591,1017119.7711897456,0.00011175551808968564,0.013588630518096736,colebrook
moody_eps1.12e-04_Re1.12e+06,8549.990322205103,10.848211832853417,0.001,1000.0,0.1,1.1175551808968565e-05,0.014530458040240385,1084821.1832853416,0.00011175551808968564,0.01351996697296762,colebrook
moody_eps1.12e-04_Re1.27e+06,10663.401465027473,12.69537795683935,0.001,1000.0,0.1,1.1175551808968565e-05,0.013232274027646356,1269537.795683935,0.00011175551808968564,0.01336446894311215,colebrook
moody_eps1.12e-04_Re1.44e+06,15785.19920049458,15.540408061360345,0.001,1000.0,0.1,1.1175551808968565e-05,0.013072396914148864,1554040.8061360344,0.00011175551808968564,0.013188098834649107,colebrook
moody_eps1.12e-04_Re1.64e+06,16594.0150538511,15.85325142411587,0.001,1000.0,0.1,1.1175551808968565e-05,0.013205193841837508,1585325.1424115868,0.00011175551808968564,0.013172068138215084,colebrook
moody_eps1.12e-04_Re1.86e+06,20114.67597098307,17.961634431722377,0.001,1000.0,0.1,1.1175551808968565e-05,0.012469565775339987,1796163.4431722376,0.00011175551808968564,0.013076852590086821,colebrook
moody_eps1.12e-04_Re2.12e+06,30323.316152760948,21.826187715367382,0.001,1000.0,0.1,1.1175551808968565e-05,0.012730659942584592,2182618.771536738,0.00011175551808968564,0.012945158245160635,colebrook
moody_eps1.12e-04_Re2.41e+06,37283.83525034316,24.467255647108285,0.001,1000.0,0.1,1.1175551808968565e-05,0.012456041784515967,2446725.5647108285,0.00011175551808968564,0.012876786335673787,colebrook
moody_eps1.12e-04_Re2.74e+06,45758.722891177356,27.21720560648084,0.001,1000.0,0.1,1.1175551808968565e-05,0.012354262430712236,2721720.5606480837,0.00011175551808968564,0.01281843014349974,colebrook
moody_eps1.12e-04_Re3.12e+06,61763.26809631881,30.301779716562468,0.001,1000.0,0.1,1.1175551808968565e-05,0.01345315017408417,3030177.971656247,0.00011175551808968564,0.01276452952972339,colebrook
moody_eps1.12e-04_Re3.54e+06,85072.4454622933,36.25142986799274,0.001,1000.0,0.1,1.1175551808968565e-05,0.012946984569814936,3625142.986799274,0.00011175551808968564,0.012684609216752952,colebrook
moody_eps1.12e-04_Re4.03e+06,101491.64800727306,40.277784111473494,0.001,1000.0,0.1,1.1175551808968565e-05,0.012512069864461624,4027778.411147349,0.00011175551808968564,0.012643028702444123,colebrook
moody_eps1.12e-04_Re4.58e+06,130379.96403015024,45.791316589373764,0.001,1000.0,0.1,1.1175551808968565e-05,0.012435824702264169,4579131.658937376,0.00011175551808968564,0.01259723898203858,colebrook
moody_eps1.12e-04_Re5.21e+06,175271.441611463,52.921485279164564,0.001,1000.0,0.1,1.1175551808968565e-05,0.012516332894695559,5292148.527916457,0.00011175551808968564,0.012551417124917435,colebrook
moody_eps1.12e-04_Re5.93e+06,240958.5172076941,59.6043204880326,0.001,1000.0,0.1,1.1175551808968565e-05,0.013564906206969334,5960432.04880326,0.00011175551808968564,0.01251794241145334,colebrook
moody_eps1.12e-04_Re6.74e+06,274264.0562047738,67.36766542895069,0.001,1000.0,0.1,1.1175551808968565e-05,0.012086370283408695,6736766.542895068,0.00011175551808968564,0.012487031486968713,colebrook
moody_eps1.12e-04_Re7.66e+06,389693.59215521533,80.35948010928777,0.001,1000.0,0.1,1.1175551808968565e-05,0.012069214990542454,8035948.010928778,0.00011175551808968564,0.012448166470101886,colebrook
moody_eps1.12e-04_Re8.71e+06,468265.2833917994,84.44464084737973,0.001,1000.0,0.1,1.1175551808968565e-05,0.01313341811658822,8444464.084737971,0.00011175551808968564,0.012438328677797802,colebrook
moody_eps1.12e-04_Re9.90e+06,606510.0202341424,100.38389179069169,0.001,1000.0,0.1,1.1175551808968565e-05,0.01203760028449129,10038389.179069169,0.00011175551808968564,0.012407367121655164,colebrook
moody_eps1.12e-04_Re1.13e+07,824841.8317380924,112.96551503843415,0.001,1000.0,0.1,1.1175551808968565e-05,0.012927331932446277,11296551.503843416,0.00011175551808968564,0.012388928749702315,colebrook
moody_eps1.12e-04_Re1.28e+07,967405.6633195272,124.63330860475986,0.001,1000.0,0.1,1.1175551808968565e-05,0.012455764045046995,12463330.860475985,0.00011175551808968564,0.012375072962970505,colebrook
moody_eps1.12e-04_Re1.46e+07,1510158.4505093843,156.69598489716688,0.001,1000.0,0.1,1.1175551808968565e-05,0.012300896828728862,15669598.489716686,0.00011175551808968564,0.012347408855944606,colebrook
moody_eps1.12e-04_Re1.66e+07,1514022.146338345,157.4950316269352,0.001,1000.0,0.1,1.1175551808968565e-05,0.012207549881173665,15749503.16269352,0.00011175551808968564,0.012346860369652022,colebrook
moody_eps1.12e-04_Re1.88e+07,2115799.1865801797,186.70159664308918,0.001,1000.0,0.1,1.1175551808968565e-05,0.012139711826052923,18670159.664308917,0.00011175551808968564,0.012329978816907724,colebrook
moody_eps1.12e-04_Re2.14e+07,3154709.4730930347,225.63421322122684,0.001,1000.0,0.1,1.1175551808968565e-05,0.012393085891874923,22563421.322122686,0.00011175551808968564,0.01231417388234068,colebrook
moody_eps1.12e-04_Re2.43e+07,3717841.738604319,243.72368258327984,0.001,1000.0,0.1,1.1175551808968565e-05,0.012517725718983151,24372368.258327983,0.00011175551808968564,0.012308525526910929,colebrook
moody_eps1.12e-04_Re2.77e+07,4489693.355662888,278.1139061667461,0.001,1000.0,0.1,1.1175551808968565e-05,0.011609172537412938,27811390.616674613,0.00011175551808968564,0.012299789789641826,colebrook
moody_eps1.12e-04_Re3.15e+07,6447395.274512041,321.2171297198793,0.001,1000.0,0.1,1.1175551808968565e-05,0.01249732022460648,32121712.971987933,0.00011175551808968564,0.012291455224353404,colebrook
moody_eps1.12e-04_Re3.58e+07,8235799.465757163,362.1199746396306,0.001,1000.0,0.1,1.1175551808968565e-05,0.012561190338855275,36211997.46396306,0.00011175551808968564,0.012285364207666426,colebrook
moody_eps1.12e-04_Re4.07e+07,11336272.98858317,420.82242265767616,0.001,1000.0,0.1,1.1175551808968565e-05,0.012802728824469856,42082242.26576761,0.00011175551808968564,0.012278675376298362,colebrook
moody_eps1.12e-04_Re4.63e+07,11672641.4236973,441.04208488402236,0.001,1000.0,0.1,1.1175551808968565e-05,0.012001597985176379,44104208.48840223,0.00011175551808968564,0.012276780627426214,colebrook
moody_eps1.12e-04_Re5.26e+07,15760791.12161385,510.2940275721066,0.001,1000.0,0.1,1.1175551808968565e-05,0.01210506255754037,51029402.75721066,0.00011175551808968564,0.012271421556373202,colebrook
moody_eps1.12e-04_Re5.98e+07,21267881.799329374,604.8607728399534,0.001,1000.0,0.1,1.1175551808968565e-05,0.011626350019723385,60486077.28399534,0.00011175551808968564,0.012266074571293003,colebrook
moody_eps1.12e-04_Re6.80e+07,28218189.991339363,693.9950392976901,0.001,1000.0,0.1,1.1175551808968565e-05,0.01171780905169914,69399503.92976901,0.00011175551808968564,0.012262362368339899,colebrook
moody_eps1.12e-04_Re7.73e+07,33307906.007780846,750.7259362474651,0.001,1000.0,0.1,1.1175551808968565e-05,0.011819918598445889,75072593.62474652,0.00011175551808968564,0.012260456699085525,colebrook
moody_eps1.12e-04_Re8.79e+07,46465024.39715718,866.5388062246817,0.001,1000.0,0.1,1.1175551808968565e-05,0.012375995197827658,86653880.62246817,0.00011175551808968564,0.012257338019511838,colebrook
moody_eps1.12e-04_Re1.00e+08,56759383.30558866,940.1385581874496,0.001,1000.0,0.1,1.1175551808968565e-05,0.01284351608741646,94013855.81874496,0.00011175551808968564,0.012255753961847343,colebrook
moody_eps1.47e-04_Re3.00e+02,0.009951469784452889,0.002914370709809482,0.001,1000.0,0.1,1.4748755857436831e-05,0.23432986234265737,291.4370709809482,0.0001474875585743683,0.2196014384326001,laminar
moody_eps1.47e-04_Re3.41e+02,0.01069692121348982,0.0032572902147898967,0.001,1000.0,0.1,1.4748755857436831e-05,0.20163962612168124,325.7290214789897,0.0001474875585743683,0.19648233893745373,laminar
moody_eps1.47e-04_Re3.88e+02,0.012538036037516685,0.003945617656441351,0.001,1000.0,0.1,1.4748755857436831e-05,0.16107550911682963,394.5617656441351,0.0001474875585743683,0.16220527575832872,laminar
moody_eps1.47e-04_Re4.41e+02,0.013331357990972832,0.004224988699612995,0.001,1000.0,0.1,1.4748755857436831e-05,0.14936652699425254,422.4988699612995,0.0001474875585743683,0.15147969509566345,laminar
moody_eps1.47e-04_Re5.01e+02,0.017115939674082124,0.005212787048138984,0.001,1000.0,0.1,1.4748755857436831e-05,0.12597685895172003,521.2787048138983,0.0001474875585743683,0.12277501346011944,laminar
moody_eps1.47e-04_Re5.70e+02,0.01958192278247086,0.005851432383074958,0.001,1000.0,0.1,1.4748755857436831e-05,0.1143828590248473,585.1432383074958,0.0001474875585743683,0.10937492875268887,laminar
moody_eps1.47e-04_Re6.48e+02,0.021014849790198555,0.00657933992754255,0.001,1000.0,0.1,1.4748755857436831e-05,0.09709383058393138,657.933992754255,0.0001474875585743683,0.09727419574733032,laminar
moody_eps1.47e-04_Re7.37e+02,0.02473072172271312,0.007568345535082522,0.001,1000.0,0.1,1.4748755857436831e-05,0.0863505052333305,756.8345535082523,0.0001474875585743683,0.08456273528122175,laminar
moody_eps1.47e-04_Re8.38e+02,0.028362084032213495,0.008737044342625542,0.001,1000.0,0.1,1.4748755857436831e-05,0.0743085959343106,873.7044342625542,0.0001474875585743683,0.07325131645236398,laminar
moody_eps1.47e-04_Re9.53e+02,0.032026327003249075,0.009708834348872143,0.001,1000.0,0.1,1.4748755857436831e-05,0.06795211002163667,970.8834348872143,0.0001474875585743683,0.06591934489791224,laminar
moody_eps1.47e-04_Re1.08e+03,0.033574859940435166,0.010839051575148695,0.001,1000.0,0.1,1.4748755857436831e-05,0.057155975283811486,1083.9051575148694,0.0001474875585743683,0.059045756500260976,laminar
moody_eps1.47e-04_Re1.23e+03,0.03951524038664941,0.012311724417097863,0.001,1000.0,0.1,1.4748755857436831e-05,0.052138298287147035,1231.1724417097862,0.0001474875585743683,0.051982969916968116,laminar
moody_eps1.47e-04_Re1.40e+03,0.04730572459783266,0.014496169986468344,0.001,1000.0,0.1,1.4748755857436831e-05,0.04502328186779952,1449.6169986468344,0.0001474875585743683,0.04414959265774457,laminar
moody_eps1.47e-04_Re1.59e+03,0.050581414453531995,0.015697408850427738,0.001,1000.0,0.1,1.4748755857436831e-05,0.04105490254374164,1569.740885042774,0.0001474875585743683,0.04077106012197425,laminar
moody_eps1.47e-04_Re1.81e+03,0.05661944740799064,0.01795766723477954,0.001,1000.0,0.1,1.4748755857436831e-05,0.035115251475072495,1795.766723477954,0.0001474875585743683,0.035639372955997256,laminar
moody_eps1.47e-04_Re2.06e+03,0.06547429138326118,0.021112016755008768,0.001,1000.0,0.1,1.4748755857436831e-05,0.02937929423563409,2111.2016755008767,0.0001474875585743683,0.030314489014800626,laminar
moody_eps1.47e-04_Re4.45e+03,0.40237656224569995,0.04597290899946296,0.001,1000.0,0.1,1.4748755857436831e-05,0.038076647294561054,4597.290899946295,0.0001474875585743683,0.03847038733868488,colebrook
moody_eps1.47e-04_Re5.06e+03,0.4846462355643348,0.051293025261645,0.001,1000.0,0.1,1.4748755857436831e-05,0.036841576877786025,5129.302526164501,0.0001474875585743683,0.03728620693885776,colebrook
moody_eps1.47e-04_Re5.76e+03,0.5672635764536258,0.05643976899571461,0.001,1000.0,0.1,1.4748755857436831e-05,0.03561594232070288,5643.976899571461,0.0001474875585743683,0.036295444914520816,colebrook
moody_eps1.47e-04_Re6.55e+03,0.7410710868726542,0.06714479977161707,0.001,1000.0,0.1,1.4748755857436831e-05,0.032874949847520096,6714.479977161706,0.0001474875585743683,0.03459266343540942,colebrook
moody_eps1.47e-04_Re7.44e+03,0.9196806977273173,0.07470028335890942,0.001,1000.0,0.1,1.4748755857436831e-05,0.032962684133489746,7470.028335890942,0.0001474875585743683,0.03360529187012558,colebrook
moody_eps1.47e-04_Re8.46e+03,1.1976144911584516,0.08336217996025283,0.001,1000.0,0.1,1.4748755857436831e-05,0.034467430756473,8336.217996025283,0.0001474875585743683,0.03263266385008265,colebrook
moody_eps1.47e-04_Re9.62e+03,1.372250673384147,0.09423819251958522,0.001,1000.0,0.1,1.4748755857436831e-05,0.030903634067364526,9423.81925195852,0.0001474875585743683,0.03159464948747852,colebrook
moody_eps1.47e-04_Re1.09e+04,1.5870204665149739,0.10447079570489412,0.001,1000.0,0.1,1.4748755857436831e-05,0.02908189607388332,10447.079570489412,0.0001474875585743683,0.030760164473526207,colebrook
moody_eps1.47e-04_Re1.24e+04,2.203147466006063,0.12353469281327867,0.001,1000.0,0.1,1.4748755857436831e-05,0.028873250829063144,12353.469281327865,0.0001474875585743683,0.029473082840062607,colebrook
moody_eps1.47e-04_Re1.41e+04,2.975300510811484,0.14445161957808947,0.001,1000.0,0.1,1.4748755857436831e-05,0.02851779885869909,14445.161957808945,0.0001474875585743683,0.028345034563205217,colebrook
moody_eps1.47e-04_Re1.61e+04,3.5588014083982533,0.1565485298539923,0.001,1000.0,0.1,1.4748755857436831e-05,0.029042617988740208,15654.85298539923,0.0001474875585743683,0.02779092822180056,colebrook
moody_eps1.47e-04_Re1.83e+04,4.74906058748634,0.18906856047595055,0.001,1000.0,0.1,1.4748755857436831e-05,0.02657045984957312,18906.856047595054,0.0001474875585743683,0.02655531697979245,colebrook
moody_eps1.47e-04_Re2.08e+04,6.163605835640272,0.21295608330272434,0.001,1000.0,0.1,1.4748755857436831e-05,0.02718220929311584,21295.608330272433,0.0001474875585743683,0.025820672693856732,colebrook
moody_eps1.47e-04_Re2.37e+04,7.080215101559358,0.23932947692269937,0.001,1000.0,0.1,1.4748755857436831e-05,0.024722026320463244,23932.947692269936,0.0001474875585743683,0.025131101546428527,colebrook
moody_eps1.47e-04_Re2.69e+04,8.951911117322414,0.26988643176872334,0.001,1000.0,0.1,1.4748755857436831e-05,0.024580100499964154,26988.643176872334,0.0001474875585743683,0.02445234627796856,colebrook
moody_eps1.47e-04_Re3.06e+04,11.678684349696553,0.3083594409772695,0.001,1000.0,0.1,1.4748755857436831e-05,0.024564584173905814,30835.94409772695,0.0001474875585743683,0.0237345267417621,colebrook
moody_eps1.47e-04_Re3.48e+04,13.527624445704918,0.3510479452967675,0.001,1000.0,0.1,1.4748755857436831e-05,0.021954252897686943,35104.79452967675,0.0001474875585743683,0.023069763226297023,colebrook
moody_eps1.47e-04_Re3.95e+04,16.30851446932629,0.3859973259824111,0.001,1000.0,0.1,1.4748755857436831e-05,0.02189151443845607,38599.73259824111,0.0001474875585743683,0.02260327748682016,colebrook
moody_eps1.47e-04_Re4.50e+04,22.36417422747039,0.45438052299580256,0.001,1000.0,0.1,1.4748755857436831e-05,0.021664239512901733,45438.05229958025,0.0001474875585743683,0.02183953015537359,colebrook
moody_eps1.47e-04_Re5.11e+04,27.96875324761317,0.5166332806135149,0.001,1000.0,0.1,1.4748755857436831e-05,0.020957445460509826,51663.328061351494,0.0001474875585743683,0.021270581712552382,colebrook
moody_eps1.47e-04_Re5.81e+04,34.78310859005384,0.5687017611118889,0.001,1000.0,0.1,1.4748755857436831e-05,0.02150944685097848,56870.17611118889,0.0001474875585743683,0.02086290180984943,colebrook
moody_eps1.47e-04_Re6.61e+04,44.89214900763989,0.6689772816117376,0.001,1000.0,0.1,1.4748755857436831e-05,0.02006215828609143,66897.72816117376,0.0001474875585743683,0.020206726575061992,colebrook
moody_eps1.47e-04_Re7.52e+04,49.05789274981978,0.7149597095444414,0.001,1000.0,0.1,1.4748755857436831e-05,0.0191944533502486,71495.97095444414,0.0001474875585743683,0.01994979797243805,colebrook
moody_eps1.47e-04_Re8.55e+04,65.9215133110672,0.8247133357327534,0.001,1000.0,0.1,1.4748755857436831e-05,0.019384344958971317,82471.33357327535,0.0001474875585743683,0.019419960280509067,colebrook
moody_eps1.47e-04_Re9.72e+04,87.19121733094408,0.9441286124840184,0.001,1000.0,0.1,1.4748755857436831e-05,0.01956322356341739,94412.86124840184,0.0001474875585743683,0.018945195922357792,colebrook
moody_eps1.47e-04_Re1.10e+05,116.5492655260275,1.1297443820848911,0.001,1000.0,0.1,1.4748755857436831e-05,0.018263295914937982,112974.43820848911,0.0001474875585743683,0.018353888496802778,colebrook
moody_eps1.47e-04_Re1.26e+05,133.70459068283307,1.2246069988904154,0.001,1000.0,0.1,1.4748755857436831e-05,0.017831293155594896,122460.69988904153,0.0001474875585743683,0.018102196160388957,colebrook
moody_eps1.47e-04_Re1.43e+05,183.05691939707262,1.4410298966536172,0.001,1000.0,0.1,1.4748755857436831e-05,0.017630724655035485,144102.9896653617,0.0001474875585743683,0.017619600666685376,colebrook
moody_eps1.47e-04_Re1.62e+05,233.43961064080455,1.6139905453291405,0.001,1000.0,0.1,1.4748755857436831e-05,0.017922664418869517,161399.05453291404,0.0001474875585743683,0.01730297367869651,colebrook
moody_eps1.47e-04_Re1.85e+05,282.31990983021814,1.8276752954778466,0.001,1000.0,0.1,1.4748755857436831e-05,0.016903374720957216,182767.52954778465,0.0001474875585743683,0.016973524335086355,colebrook
moody_eps1.47e-04_Re2.10e+05,381.2224218644686,2.135295977590909,0.001,1000.0,0.1,1.4748755857436831e-05,0.01672215589199788,213529.59775909086,0.0001474875585743683,0.016586862710643413,colebrook
moody_eps1.47e-04_Re2.39e+05,487.195247476232,2.466659280089495,0.001,1000.0,0.1,1.4748755857436831e-05,0.016014548897832204,246665.9280089495,0.0001474875585743683,0.016252833529628693,colebrook
moody_eps1.47e-04_Re2.72e+05,577.4602550703235,2.652579420476641,0.001,1000.0,0.1,1.4748755857436831e-05,0.016414032998621955,265257.9420476641,0.0001474875585743683,0.016093262851001947,colebrook
moody_eps1.47e-04_Re3.09e+05,775.6335174703322,3.0992845917881175,0.001,1000.0,0.1,1.4748755857436831e-05,0.016149669884343302,309928.45917881175,0.0001474875585743683,0.015770514969922083,colebrook
moody_eps1.47e-04_Re3.51e+05,1018.1635828430495,3.5874924634717136,0.001,1000.0,0.1,1.4748755857436831e-05,0.01582215228693251,358749.24634717137,0.0001474875585743683,0.015490092686622148,colebrook
moody_eps1.47e-04_Re3.99e+05,1150.1681398386206,3.8767672523174634,0.001,1000.0,0.1,1.4748755857436831e-05,0.015305653330626013,387676.7252317463,0.0001474875585743683,0.015350153809069522,colebrook
moody_eps1.47e-04_Re4.54e+05,1485.9614966751249,4.466124070436309,0.001,1000.0,0.1,1.4748755857436831e-05,0.014899647180464182,446612.40704363084,0.0001474875585743683,0.015109844896077125,colebrook
moody_eps1.47e-04_Re5.16e+05,2089.185304573892,5.180291060449666,0.001,1000.0,0.1,1.4748755857436831e-05,0.015570359302493838,518029.10604496667,0.0001474875585743683,0.014878124701667338,colebrook
moody_eps1.47e-04_Re5.87e+05,2782.8606930727424,6.248051607904679,0.001,1000.0,0.1,1.4748755857436831e-05,0.014257134479172512,624805.1607904679,0.0001474875585743683,0.014613462030759604,colebrook
moody_eps1.47e-04_Re6.67e+05,3149.94751690665,6.664834036828776,0.001,1000.0,0.1,1.4748755857436831e-05,0.014182560169229929,666483.4036828777,0.0001474875585743683,0.014529208263378047,colebrook
moody_eps1.47e-04_Re7.59e+05,3923.2262806946464,7.412202555432088,0.001,1000.0,0.1,1.4748755857436831e-05,0.014281663481904674,741220.2555432087,0.0001474875585743683,0.014397952204003434,colebrook
moody_eps1.47e-04_Re8.63e+05,4873.956794481003,8.217967435090166,0.001,1000.0,0.1,1.4748755857436831e-05,0.014433871637998967,821796.7435090167,0.0001474875585743683,0.014279025551324627,colebrook
moody_eps1.47e-04_Re9.81e+05,6320.113054379836,9.483953596553372,0.001,1000.0,0.1,1.4748755857436831e-05,0.014053225074998597,948395.3596553372,0.0001474875585743683,0.014127154400914065,colebrook
moody_eps1.47e-04_Re1.12e+06,8470.384331807683,10.890907570931379,0.001,1000.0,0.1,1.4748755857436831e-05,0.014282524160070234,1089090.7570931378,0.0001474875585743683,0.013994332845038803,colebrook
moody_eps1.47e-04_Re1.27e+06,11897.179341196183,12.992127909003168,0.001,1000.0,0.1,1.4748755857436831e-05,0.014096569236968141,1299212.7909003168,0.0001474875585743683,0.01384321595348773,colebrook
moody_eps1.47e-04_Re1.44e+06,13591.217243119012,14.396468207480968,0.001,1000.0,0.1,1.4748755857436831e-05,0.013115245517066417,1439646.8207480968,0.0001474875585743683,0.01376406569824362,colebrook
moody_eps1.47e-04_Re1.64e+06,17510.381384091073,15.886191405866539,0.001,1000.0,0.1,1.4748755857436831e-05,0.01387669424373837,1588619.140586654,0.0001474875585743683,0.01369378744893754,colebrook
moody_eps1.47e-04_Re1.86e+06,22579.369573993143,18.309061253002586,0.001,1000.0,0.1,1.4748755857436831e-05,0.013471304488768605,1830906.1253002584,0.0001474875585743683,0.01360159221216233,colebrook
moody_eps1.47e-04_Re2.12e+06,33365.546175063355,21.53268201692827,0.001,1000.0,0.1,1.4748755857436831e-05,0.014392358887413947,2153268.201692827,0.0001474875585743683,0.0135083860826666,colebrook
moody_eps1.47e-04_Re2.41e+06,37899.604173419844,23.576246959889346,0.001,1000.0,0.1,1.4748755857436831e-05,0.01363688963433258,2357624.6959889345,0.0001474875585743683,0.013461452982837137,colebrook
moody_eps1.47e-04_Re2.74e+06,47034.78922475213,26.94844700438805,0.001,1000.0,0.1,1.4748755857436831e-05,0.01295333843937023,2694844.700438805,0.0001474875585743683,0.013398455970836304,colebrook
moody_eps1.47e-04_Re3.12e+06,63011.45804208285,30.850911534342945,0.001,1000.0,0.1,1.4748755857436831e-05,0.013240778602930917,3085091.1534342943,0.0001474875585743683,0.013341639193028132,colebrook
moody_eps1.47e-04_Re3.54e+06,82603.88261448595,34.98379108729211,0.001,1000.0,0.1,1.4748755857436831e-05,0.013498848238410646,3498379.108729211,0.0001474875585743683,0.013294485275195625,colebrook
moody_eps1.47e-04_Re4.03e+06,99411.59237966451,39.95397126841621,0.001,1000.0,0.1,1.4748755857436831e-05,0.012455097171236227,3995397.1268416205,0.0001474875585743683,0.013250025459570831,colebrook
moody_eps1.47e-04_Re4.58e+06,145196.00007546585,46.55780980730424,0.001,1000.0,0.1,1.4748755857436831e-05,0.01339675343562245,4655780.980730424,0.0001474875585743683,0.013204966387426083,colebrook
moody_eps1.47e-04_Re5.21e+06,160953.20905142938,49.91214313686126,0.001,1000.0,0.1,1.4748755857436831e-05,0.012921626972684607,4991214.313686126,0.0001474875585743683,0.013186448011682355,colebrook
moody_eps1.47e-04_Re5.93e+06,228826.59070922562,58.399763778372346,0.001,1000.0,0.1,1.4748755857436831e-05,0.013418819306954814,5839976.377837234,0.0001474875585743683,0.01314873427504526,colebrook
moody_eps1.47e-04_Re6.74e+06,301804.5509739714,66.86713355536999,0.001,1000.0,0.1,1.4748755857436831e-05,0.013499894272772208,6686713.355536998,0.0001474875585743683,0.013120332634552727,colebrook
moody_eps1.47e-04_Re7.66e+06,376797.01421565696,74.88510799061638,0.001,1000.0,0.1,1.4748755857436831e-05,0.013438367932181967,7488510.799061636,0.0001474875585743683,0.01309918045102169,colebrook
moody_eps1.47e-04_Re8.71e+06,490569.07882098487,87.11141395265552,0.001,1000.0,0.1,1.4748755857436831e-05,0.01292944967626842,8711141.395265553,0.0001474875585743683,0.013074225318393065,colebrook
moody_eps1.47e-04_Re9.90e+06,689322.3005530251,101.55388029554523,0.001,1000.0,0.1,1.4748755857436831e-05,0.013367779712071499,10155388.029554522,0.0001474875585743683,0.01305231183699164,colebrook
moody_eps1.47e-04_Re1.13e+07,852565.3432854783,114.58373305463607,0.001,1000.0,0.1,1.4748755857436831e-05,0.012987086585770522,11458373.305463606,0.0001474875585743683,0.013037185206734412,colebrook
moody_eps1.47e-04_Re1.28e+07,1178367.7723809045,132.14463544085055,0.001,1000.0,0.1,1.4748755857436831e-05,0.013496208460026393,13214463.544085054,0.0001474875585743683,0.01302143375748996,colebrook
moody_eps1.47e-04_Re1.46e+07,1358419.5579089369,144.26028700476635,0.001,1000.0,0.1,1.4748755857436831e-05,0.013054803451459669,14426028.700476635,0.0001474875585743683,0.013012765358757257,colebrook
moody_eps1.47e-04_Re1.66e+07,1594559.8663471139,158.20912801028737,0.001,1000.0,0.1,1.4748755857436831e-05,0.012741124252438266,15820912.801028736,0.0001474875585743683,0.013004404807755564,colebrook
moody_eps1.47e-04_Re1.88e+07,2371346.6593785943,193.84657473924935,0.001,1000.0,0.1,1.4748755857436831e-05,0.012621436291624944,19384657.473924935,0.0001474875585743683,0.012988441138049457,colebrook
moody_eps1.47e-04_Re2.14e+07,3031148.5022566076,216.22786488157817,0.001,1000.0,0.1,1.4748755857436831e-05,0.012966235034752192,21622786.488157816,0.0001474875585743683,0.01298107566916337,colebrook
moody_eps1.47e-04_Re2.43e+07,4258804.470074537,255.7176452544389,0.001,1000.0,0.1,1.4748755857436831e-05,0.013025556997874636,25571764.52544389,0.0001474875585743683,0.012971194523272113,colebrook
moody_eps1.47e-04_Re2.77e+07,4382840.201377037,261.62347993170715,0.001,1000.0,0.1,1.4748755857436831e-05,0.012806551376525558,26162347.993170716,0.0001474875585743683,0.012969970799638396,colebrook
moody_eps1.47e-04_Re3.15e+07,6704250.757580941,318.7298503233016,0.001,1000.0,0.1,1.4748755857436831e-05,0.013198809717095451,31872985.03233016,0.0001474875585743683,0.012960459464500801,colebrook
moody_eps1.47e-04_Re3.58e+07,8860899.293842798,362.87482771814496,0.001,1000.0,0.1,1.4748755857436831e-05,0.013458421047018602,36287482.771814495,0.0001474875585743683,0.012955144654819279,colebrook
moody_eps1.47e-04_Re4.07e+07,10283995.05090646,410.00146573000393,0.001,1000.0,0.1,1.4748755857436831e-05,0.012235480692134756,41000146.573000394,0.0001474875585743683,0.012950726382515206,colebrook
moody_eps1.47e-04_Re4.63e+07,13421525.660313787,453.8864010951269,0.001,1000.0,0.1,1.4748755857436831e-05,0.013029793701338416,45388640.109512694,0.0001474875585743683,0.012947432563604576,colebrook
moody_eps1.47e-04_Re5.26e+07,17372751.74644321,515.4093564891887,0.001,1000.0,0.1,1.4748755857436831e-05,0.013079586454925437,51540935.64891887,0.0001474875585743683,0.012943754773725358,colebrook
moody_eps1.47e-04_Re5.98e+07,24717702.033845045,603.3228201280409,0.001,1000.0,0.1,1.4748755857436831e-05,0.01358121371780049,60332282.01280409,0.0001474875585743683,0.012939795768896027,colebrook
moody_eps1.47e-04_Re6.80e+07,27673079.354417663,665.9585295514765,0.001,1000.0,0.1,1.4748755857436831e-05,0.012479382972010063,66595852.95514765,0.0001474875585743683,0.012937610386192901,colebrook
moody_eps1.47e-04_Re7.73e+07,35376008.893719,744.8680847368759,0.001,1000.0,0.1,1.4748755857436831e-05,0.012752052647185083,74486808.47368759,0.0001474875585743683,0.01293537864765629,colebrook
moody_eps1.47e-04_Re8.79e+07,51294427.624789774,892.755384288735,0.001,1000.0,0.1,1.4748755857436831e-05,0.0128716797956243,89275538.4288735,0.0001474875585743683,0.012932255669106885,colebrook
moody_eps1.47e-04_Re1.00e+08,60005964.08665967,979.533886963102,0.001,1000.0,0.1,1.4748755857436831e-05,0.012507931190165324,97953388.69631019,0.0001474875585743683,0.012930861048821596,colebrook
moody_eps1.95e-04_Re3.00e+02,0.00971145022497433,0.0029789010518707203,0.001,1000.0,0.1,1.946443478233524e-05,0.21887790775683458,297.89010518707204,0.00019464434782335237,0.21484432979003662,laminar
moody_eps1.95e-04_Re3.41e+02,0.011718071487673417,0.003527274013421788,0.001,1000.0,0.1,1.946443478233524e-05,0.18836826655347902,352.7274013421788,0.00019464434782335237,0.18144323280944646,laminar
moody_eps1.95e-04_Re3.88e+02,0.012795586210059691,0.003962314936805137,0.001,1000.0,0.1,1.946443478233524e-05,0.16300172470013166,396.23149368051367,0.00019464434782335237,0.16152173923762858,laminar
moody_eps1.95e-04_Re4.41e+02,0.013981662873375994,0.004328675598866283,0.001,1000.0,0.1,1.946443478233524e-05,0.14923776689237317,432.8675598866282,0.00019464434782335237,0.14785122732865952,laminar
moody_eps1.95e-04_Re5.01e+02,0.016832826098640973,0.0052432391983416714,0.001,1000.0,0.1,1.946443478233524e-05,0.12245814902697634,524.3239198341671,0.00019464434782335237,0.12206194983483089,laminar
moody_eps1.95e-04_Re5.70e+02,0.01866153471546123,0.0058313011766284225,0.001,1000.0,0.1,1.946443478233524e-05,0.10976058361628428,583.1301176628423,0.00019464434782335237,0.10975252016909871,laminar
moody_eps1.95e-04_Re6.48e+02,0.020469037683894954,0.00657675915862851,0.001,1000.0,0.1,1.946443478233524e-05,0.09464627905726943,657.675915862851,0.00019464434782335237,0.09731236686086327,laminar
moody_eps1.95e-04_Re7.37e+02,0.022043383231046414,0.007094810282300084,0.001,1000.0,0.1,1.946443478233524e-05,0.08758438266259838,709.4810282300084,0.00019464434782335237,0.09020678137041274,laminar
moody_eps1.95e-04_Re8.38e+02,0.025965121110217045,0.007907474806127813,0.001,1000.0,0.1,1.946443478233524e-05,0.0830509710179019,790.7474806127813,0.00019464434782335237,0.0809360782919016,laminar
moody_eps1.95e-04_Re9.53e+02,0.03256026592866743,0.010238989134294642,0.001,1000.0,0.1,1.946443478233524e-05,0.062116041960338604,1023.8989134294642,0.00019464434782335237,0.06250617044375731,laminar
moody_eps1.95e-04_Re1.08e+03,0.03423169351441829,0.010583848997329776,0.001,1000.0,0.1,1.946443478233524e-05,0.061118278169536404,1058.3848997329776,0.00019464434782335237,0.06046949461972361,laminar
moody_eps1.95e-04_Re1.23e+03,0.04148382023358918,0.01292855066611805,0.001,1000.0,0.1,1.946443478233524e-05,0.049637403504297586,1292.8550666118051,0.00019464434782335237,0.04950284192931639,laminar
moody_eps1.95e-04_Re1.40e+03,0.046592756441591436,0.014564397821917579,0.001,1000.0,0.1,1.946443478233524e-05,0.043930215508042776,1456.4397821917578,0.00019464434782335237,0.043942771120744926,laminar
moody_eps1.95e-04_Re1.59e+03,0.049065244565074315,0.016046500506863248,0.001,1000.0,0.1,1.946443478233524e-05,0.03811038141160029,1604.6500506863247,0.00019464434782335237,0.039884085612702014,laminar
moody_eps1.95e-04_Re1.81e+03,0.05697949173793606,0.018310082643222488,0.001,1000.0,0.1,1.946443478233524e-05,0.03399131433020269,1831.0082643222486,0.00019464434782335237,0.034953419515935245,laminar
moody_eps1.95e-04_Re2.06e+03,0.06095548395068381,0.019965232698703077,0.001,1000.0,0.1,1.946443478233524e-05,0.030583981804231414,1996.5232698703076,0.00019464434782335237,0.03205572455168899,laminar
moody_eps1.95e-04_Re4.45e+03,0.4257062499392834,0.045338571631200066,0.001,1000.0,0.1,1.946443478233524e-05,0.041419452543201396,4533.857163120007,0.00019464434782335237,0.03867489188531277,colebrook
moody_eps1.95e-04_Re5.06e+03,0.45914353249039935,0.04954913802301558,0.001,1000.0,0.1,1.946443478233524e-05,0.037402984684572135,4954.913802301558,0.00019464434782335237,0.03770673167204857,colebrook
moody_eps1.95e-04_Re5.76e+03,0.5958941113474775,0.056952929077527734,0.001,1000.0,0.1,1.946443478233524e-05,0.036742352555667344,5695.292907752773,0.00019464434782335237,0.03625931509580966,colebrook
moody_eps1.95e-04_Re6.55e+03,0.7858974467781163,0.06742398083215892,0.001,1000.0,0.1,1.946443478233524e-05,0.0345753904026899,6742.398083215891,0.00019464434782335237,0.03461348689312424,colebrook
moody_eps1.95e-04_Re7.44e+03,0.8664284518048122,0.07354848995548174,0.001,1000.0,0.1,1.946443478233524e-05,0.032034295678377116,7354.848995548175,0.00019464434782335237,0.03380903311520881,colebrook
moody_eps1.95e-04_Re8.46e+03,1.2085279142757266,0.08626170069876286,0.001,1000.0,0.1,1.946443478233524e-05,0.032482589910441666,8626.170069876285,0.00019464434782335237,0.03240545273106817,colebrook
moody_eps1.95e-04_Re9.62e+03,1.2812133635333811,0.0911607761420031,0.001,1000.0,0.1,1.946443478233524e-05,0.030834394698183165,9116.07761420031,0.00019464434782335237,0.031939786150140086,colebrook
moody_eps1.95e-04_Re1.09e+04,1.7096868489567731,0.1062426210932086,0.001,1000.0,0.1,1.946443478233524e-05,0.030293469350343015,10624.26210932086,0.00019464434782335237,0.030701471483470067,colebrook
moody_eps1.95e-04_Re1.24e+04,2.2300985137754443,0.12112671198773438,0.001,1000.0,0.1,1.946443478233524e-05,0.030400042251705554,12112.671198773438,0.00019464434782335237,0.029699043736136105,colebrook
moody_eps1.95e-04_Re1.41e+04,2.679727164672999,0.13750771313623936,0.001,1000.0,0.1,1.946443478233524e-05,0.028344346959373407,13750.771313623936,0.00019464434782335237,0.028777155696350757,colebrook
moody_eps1.95e-04_Re1.61e+04,3.462960718787106,0.15590940630823333,0.001,1000.0,0.1,1.946443478233524e-05,0.02849265538387277,15590.940630823332,0.00019464434782335237,0.027908209877713037,colebrook
moody_eps1.95e-04_Re1.83e+04,4.393985451465216,0.18058350155577751,0.001,1000.0,0.1,1.946443478233524e-05,0.026948368079646668,18058.35015557775,0.00019464434782335237,0.026944068554702997,colebrook
moody_eps1.95e-04_Re2.08e+04,5.805184521671398,0.21148582405072563,0.001,1000.0,0.1,1.946443478233524e-05,0.025958733548089984,21148.582405072564,0.00019464434782335237,0.02596673346673024,colebrook
moody_eps1.95e-04_Re2.37e+04,7.186440102418561,0.23551528344740813,0.001,1000.0,0.1,1.946443478233524e-05,0.025912279241299366,23551.52834474081,0.00019464434782335237,0.02533418075874251,colebrook
moody_eps1.95e-04_Re2.69e+04,9.103610353359832,0.27197905047305976,0.001,1000.0,0.1,1.946443478233524e-05,0.024613464644642966,27197.905047305976,0.00019464434782335237,0.024528054766132682,colebrook
moody_eps1.95e-04_Re3.06e+04,11.002987478134795,0.3022922734838687,0.001,1000.0,0.1,1.946443478233524e-05,0.024081665556083202,30229.227348386874,0.00019464434782335237,0.023964129589313193,colebrook
moody_eps1.95e-04_Re3.48e+04,14.145693421443319,0.3402966650522716,0.001,1000.0,0.1,1.946443478233524e-05,0.024430865406830836,34029.66650522716,0.00019464434782335237,0.02335890327480928,colebrook
moody_eps1.95e-04_Re3.95e+04,18.205166745600412,0.3987596793783805,0.001,1000.0,0.1,1.946443478233524e-05,0.022898244087768884,39875.96793783805,0.00019464434782335237,0.022590975951237748,colebrook
moody_eps1.95e-04_Re4.50e+04,21.373769986122777,0.4410066407081438,0.001,1000.0,0.1,1.946443478233524e-05,0.021979654871776656,44100.66407081438,0.00019464434782335237,0.022127312320647054,colebrook
moody_eps1.95e-04_Re5.11e+04,27.477960981839686,0.521892134928682,0.001,1000.0,0.1,1.946443478233524e-05,0.020176832759500794,52189.2134928682,0.00019464434782335237,0.021391858276092357,colebrook
moody_eps1.95e-04_Re5.81e+04,34.20573553952047,0.5765659345086245,0.001,1000.0,0.1,1.946443478233524e-05,0.020579317659198848,57656.59345086245,0.00019464434782335237,0.02097938262967751,colebrook
moody_eps1.95e-04_Re6.61e+04,42.84283207719917,0.6388312903766566,0.001,1000.0,0.1,1.946443478233524e-05,0.020995963412050775,63883.12903766567,0.00019464434782335237,0.020571732786626485,colebrook
moody_eps1.95e-04_Re7.52e+04,52.39602889368902,0.7344158282390238,0.001,1000.0,0.1,1.946443478233524e-05,0.019428725487240995,73441.58282390238,0.00019464434782335237,0.020044104195692494,colebrook
moody_eps1.95e-04_Re8.55e+04,71.10154944235023,0.8805981152253252,0.001,1000.0,0.1,1.946443478233524e-05,0.01833806709765033,88059.81152253252,0.00019464434782335237,0.01940142029660556,colebrook
moody_eps1.95e-04_Re9.72e+04,98.39179711417938,1.0022741779568651,0.001,1000.0,0.1,1.946443478233524e-05,0.019589159639854598,100227.41779568652,0.00019464434782335237,0.018972529082471653,colebrook
moody_eps1.95e-04_Re1.10e+05,101.1148471599937,1.0391310090890093,0.001,1000.0,0.1,1.946443478233524e-05,0.018728556930821403,103913.10090890095,0.00019464434782335237,0.018857084360190145,colebrook
moody_eps1.95e-04_Re1.26e+05,151.10166439951342,1.2671584897742059,0.001,1000.0,0.1,1.946443478233524e-05,0.018820769182319716,126715.8489774206,0.00019464434782335237,0.018254782009679806,colebrook
moody_eps1.95e-04_Re1.43e+05,176.6270824501351,1.4059442531036586,0.001,1000.0,0.1,1.946443478233524e-05,0.01787109194274678,140594.42531036586,0.00019464434782335237,0.017960208019113386,colebrook
moody_eps1.95e-04_Re1.62e+05,235.18522470766044,1.6609960795700551,0.001,1000.0,0.1,1.946443478233524e-05,0.01704915326817499,166099.6079570055,0.00019464434782335237,0.017516666603790566,colebrook
moody_eps1.95e-04_Re1.85e+05,314.2171927199259,1.8794825807573377,0.001,1000.0,0.1,1.946443478233524e-05,0.017790302384992122,187948.2580757338,0.00019464434782335237,0.01721017159493583,colebrook
moody_eps1.95e-04_Re2.10e+05,355.674127481437,2.035059096946547,0.001,1000.0,0.1,1.946443478233524e-05,0.01717624474095894,203505.90969465472,0.00019464434782335237,0.017022667605427304,colebrook
moody_eps1.95e-04_Re2.39e+05,462.5152797689234,2.393556607829922,0.001,1000.0,0.1,1.946443478233524e-05,0.016146138531615315,239355.6607829922,0.00019464434782335237,0.016663054086588067,colebrook
moody_eps1.95e-04_Re2.72e+05,605.2146318592619,2.727665061767803,0.001,1000.0,0.1,1.946443478233524e-05,0.016268867905394942,272766.50617678027,0.00019464434782335237,0.016395118908513435,colebrook
moody_eps1.95e-04_Re3.09e+05,728.388939003627,3.0148009841347676,0.001,1000.0,0.1,1.946443478233524e-05,0.016027878481840736,301480.0984134767,0.00019464434782335237,0.01620249858729625,colebrook
moody_eps1.95e-04_Re3.51e+05,939.8539235820783,3.4092454384241075,0.001,1000.0,0.1,1.946443478233524e-05,0.01617237556705243,340924.5438424107,0.00019464434782335237,0.01598034544907417,colebrook
moody_eps1.95e-04_Re3.99e+05,1311.298452217921,4.0411954494194,0.001,1000.0,0.1,1.946443478233524e-05,0.016058753570652475,404119.54494193994,0.00019464434782335237,0.01569838136221235,colebrook
moody_eps1.95e-04_Re4.54e+05,1618.366960795511,4.552693733762657,0.001,1000.0,0.1,1.946443478233524e-05,0.01561601178141734,455269.37337626575,0.00019464434782335237,0.015517482406863665,colebrook
moody_eps1.95e-04_Re5.16e+05,2017.8530487171981,5.075317519609629,0.001,1000.0,0.1,1.946443478233524e-05,0.015667261630672828,507531.75196096295,0.00019464434782335237,0.015363991291212237,colebrook
moody_eps1.95e-04_Re5.87e+05,2563.95430298873,5.7595873887041895,0.001,1000.0,0.1,1.946443478233524e-05,0.015458150526760594,575958.738870419,0.00019464434782335237,0.015198507195675889,colebrook
moody_eps1.95e-04_Re6.67e+05,3182.718850703459,6.581978568526983,0.001,1000.0,0.1,1.946443478233524e-05,0.014693164617880606,658197.8568526984,0.00019464434782335237,0.015038475299079508,colebrook
moody_eps1.95e-04_Re7.59e+05,4602.453609229828,7.676871519128871,0.001,1000.0,0.1,1.946443478233524e-05,0.015618915337413415,767687.1519128871,0.00019464434782335237,0.014871493208173815,colebrook
moody_eps1.95e-04_Re8.63e+05,5694.9166289475925,8.852116494293698,0.001,1000.0,0.1,1.946443478233524e-05,0.01453527072179279,885211.6494293698,0.00019464434782335237,0.014732545923490907,colebrook
moody_eps1.95e-04_Re9.81e+05,6211.388874577207,9.40971706981321,0.001,1000.0,0.1,1.946443478233524e-05,0.014030255661517957,940971.706981321,0.00019464434782335237,0.014677293738879158,colebrook
moody_eps1.95e-04_Re1.12e+06,9238.454371392625,11.249130511133329,0.001,1000.0,0.1,1.946443478233524e-05,0.014601295926402715,1124913.0511133329,0.00019464434782335237,0.014529727899497046,colebrook
moody_eps1.95e-04_Re1.27e+06,10326.970346962144,11.970379885371408,0.001,1000.0,0.1,1.946443478233524e-05,0.014414084354993228,1197037.9885371407,0.00019464434782335237,0.014482966919737763,colebrook
moody_eps1.95e-04_Re1.44e+06,15892.752680632098,14.896092328805588,0.001,1000.0,0.1,1.946443478233524e-05,0.014324662872619017,1489609.2328805588,0.00019464434782335237,0.014335663460629807,colebrook
moody_eps1.95e-04_Re1.64e+06,18508.518324027336,16.38345283220065,0.001,1000.0,0.1,1.946443478233524e-05,0.013790841865831455,1638345.2832200648,0.00019464434782335237,0.014279293808316745,colebrook
moody_eps1.95e-04_Re1.86e+06,25189.37951245028,19.037009367011393,0.001,1000.0,0.1,1.946443478233524e-05,0.013901127227897223,1903700.9367011392,0.00019464434782335237,0.014198995025501723,colebrook
moody_eps1.95e-04_Re2.12e+06,31824.356639806876,20.843461298650727,0.001,1000.0,0.1,1.946443478233524e-05,0.014650415702622575,2084346.129865073,0.00019464434782335237,0.01415522351297132,colebrook
moody_eps1.95e-04_Re2.41e+06,38340.28475656503,23.3876104048946,0.001,1000.0,0.1,1.946443478233524e-05,0.01401889001232916,2338761.04048946,0.00019464434782335237,0.014104324795385363,colebrook
moody_eps1.95e-04_Re2.74e+06,53346.45702288466,27.405772431746154,0.001,1000.0,0.1,1.946443478233524e-05,0.014205335084594898,2740577.2431746153,0.00019464434782335237,0.014042128462184705,colebrook
moody_eps1.95e-04_Re3.12e+06,74460.05119374172,32.64349588821605,0.001,1000.0,0.1,1.946443478233524e-05,0.013975263374306404,3264349.588821605,0.00019464434782335237,0.013982954742936182,colebrook
moody_eps1.95e-04_Re3.54e+06,90189.2572525453,36.0039091211344,0.001,1000.0,0.1,1.946443478233524e-05,0.01391507310726157,3600390.9121134398,0.00019464434782335237,0.01395365973135065,colebrook
moody_eps1.95e-04_Re4.03e+06,105841.06653601887,38.32856099775121,0.001,1000.0,0.1,1.946443478233524e-05,0.014409176934326329,3832856.099775121,0.00019464434782335237,0.013936274809400828,colebrook
moody_eps1.95e-04_Re4.58e+06,157961.32755767967,46.844972941300945,0.001,1000.0,0.1,1.946443478233524e-05,0.01439642920217386,4684497.294130094,0.00019464434782335237,0.013886812947037306,colebrook
moody_eps1.95e-04_Re5.21e+06,177546.97490651044,50.48935260173049,0.001,1000.0,0.1,1.946443478233524e-05,0.01392976111725575,5048935.260173049,0.00019464434782335237,0.013870579131998625,colebrook
moody_eps1.95e-04_Re5.93e+06,290690.7065030227,62.72851840297544,0.001,1000.0,0.1,1.946443478233524e-05,0.01477512225695248,6272851.840297544,0.00019464434782335237,0.013829496989484567,colebrook
moody_eps1.95e-04_Re6.74e+06,317817.1009042467,67.52463976138264,0.001,1000.0,0.1,1.946443478233524e-05,0.013940639785378487,6752463.976138265,0.00019464434782335237,0.013817358240279224,colebrook
moody_eps1.95e-04_Re7.66e+06,379984.65590115346,74.431954869949,0.001,1000.0,0.1,1.946443478233524e-05,0.013717570619991603,7443195.4869949,0.00019464434782335237,0.013802562110586381,colebrook
moody_eps1.95e-04_Re8.71e+06,515395.48018758104,85.1295906683386,0.001,1000.0,0.1,1.946443478233524e-05,0.014223599362350837,8512959.06683386,0.00019464434782335237,0.013784290192675616,colebrook
moody_eps1.95e-04_Re9.90e+06,657371.5390854789,97.85555020716046,0.001,1000.0,0.1,1.946443478233524e-05,0.013729981962584546,9785555.020716047,0.00019464434782335237,0.013767664919184028,colebrook
moody_eps1.95e-04_Re1.13e+07,911025.2846036779,115.33933948469071,0.001,1000.0,0.1,1.946443478233524e-05,0.013696370835469993,11533933.94846907,0.00019464434782335237,0.013750716096137521,colebrook
moody_eps1.95e-04_Re1.28e+07,1192992.9014396484,132.1171915027027,0.001,1000.0,0.1,1.946443478233524e-05,0.013669391718529296,13211719.15027027,0.00019464434782335237,0.013738613426612879,colebrook
moody_eps1.95e-04_Re1.46e+07,1476889.1329598438,148.92099941274594,0.001,1000.0,0.1,1.946443478233524e-05,0.01331882787462593,14892099.941274593,0.00019464434782335237,0.013729193023476425,colebrook
moody_eps1.95e-04_Re1.66e+07,1797556.348467846,165.4868839645791,0.001,1000.0,0.1,1.946443478233524e-05,0.013127600503881941,16548688.396457909,0.00019464434782335237,0.01372175863997057,colebrook
moody_eps1.95e-04_Re1.88e+07,2257452.25344915,183.45574087811252,0.001,1000.0,0.1,1.946443478233524e-05,0.013414854166239812,18345574.08781125,0.00019464434782335237,0.013715197937221379,colebrook
moody_eps1.95e-04_Re2.14e+07,3415849.0432874905,226.85254304514612,0.001,1000.0,0.1,1.946443478233524e-05,0.013275208813187528,22685254.304514613,0.00019464434782335237,0.013703605530079254,colebrook
moody_eps1.95e-04_Re2.43e+07,4649644.486961977,257.9882372972886,0.001,1000.0,0.1,1.946443478233524e-05,0.0139717219155739,25798823.729728863,0.00019464434782335237,0.013697674503730219,colebrook
moody_eps1.95e-04_Re2.77e+07,5276040.20465411,280.64107845473643,0.001,1000.0,0.1,1.946443478233524e-05,0.013397865411431262,28064107.845473643,0.00019464434782335237,0.01369418112774176,colebrook
moody_eps1.95e-04_Re3.15e+07,7533247.94276061,322.49751274106524,0.001,1000.0,0.1,1.946443478233524e-05,0.014486368162320804,32249751.27410652,0.00019464434782335237,0.013689010246145664,colebrook
moody_eps1.95e-04_Re3.58e+07,9403912.631405367,368.51982306922343,0.001,1000.0,0.1,1.946443478233524e-05,0.013848950828777792,36851982.30692234,0.00019464434782335237,0.013684673871331415,colebrook
moody_eps1.95e-04_Re4.07e+07,11616756.472737614,407.83706046212757,0.001,1000.0,0.1,1.946443478233524e-05,0.013968234101247198,40783706.046212755,0.00019464434782335237,0.01368174101791961,colebrook
moody_eps1.95e-04_Re4.63e+07,14689655.930269072,464.8939006233615,0.001,1000.0,0.1,1.946443478233524e-05,0.013593582354958753,46489390.06233615,0.00019464434782335237,0.01367836375873134,colebrook
moody_eps1.95e-04_Re5.26e+07,19741986.064110033,540.0151137631017,0.001,1000.0,0.1,1.946443478233524e-05,0.013539698913111116,54001511.37631017,0.00019464434782335237,0.013675001952662889,colebrook
moody_eps1.95e-04_Re5.98e+07,27483009.71454521,614.3497557479325,0.001,1000.0,0.1,1.946443478233524e-05,0.014563404328880135,61434975.57479325,0.00019464434782335237,0.013672482233390838,colebrook
moody_eps1.95e-04_Re6.80e+07,33018888.441906746,700.0842557803926,0.001,1000.0,0.1,1.946443478233524e-05,0.013473853556459506,70008425.57803926,0.00019464434782335237,0.01367023883466378,colebrook
moody_eps1.95e-04_Re7.73e+07,41734842.14016631,769.1128732976,0.001,1000.0,0.1,1.946443478233524e-05,0.014110701657197638,76911287.32976,0.00019464434782335237,0.013668795175972456,colebrook
moody_eps1.95e-04_Re8.79e+07,53205688.87893688,857.9893498216005,0.001,1000.0,0.1,1.946443478233524e-05,0.014455205570004608,85798934.98216005,0.00019464434782335237,0.0136672777812648,colebrook
moody_eps1.95e-04_Re1.00e+08,67813634.29882947,994.1646606547858,0.001,1000.0,0.1,1.946443478233524e-05,0.013722409426738065,99416466.06547858,0.00019464434782335237,0.013665478185785278,colebrook
moody_eps2.57e-04_Re3.00e+02,0.01072030561880896,0.0030382232350724984,0.001,1000.0,0.1,2.5687876662813255e-05,0.23227250344309147,303.82232350724985,0.00025687876662813255,0.21064943240904688,laminar
moody_eps2.57e-04_Re3.41e+02,0.010701916173125312,0.0034022666078750053,0.001,1000.0,0.1,2.5687876662813255e-05,0.1849076397487578,340.2266607875005,0.00025687876662813255,0.1881098907765293,laminar
moody_eps2.57e-04_Re3.88e+02,0.012506932192541356,0.003832081534196454,0.001,1000.0,0.1,2.5687876662813255e-05,0.17033790801275625,383.20815341964544,0.00025687876662813255,0.16701106025245388,laminar
moody_eps2.57e-04_Re4.41e+02,0.01440388145844998,0.004640695326273376,0.001,1000.0,0.1,2.5687876662813255e-05,0.13376528544030397,464.0695326273376,0.00025687876662813255,0.13791036795211034,laminar
moody_eps2.57e-04_Re5.01e+02,0.015774933405806,0.004962205042272498,0.001,1000.0,0.1,2.5687876662813255e-05,0.12812920125289826,496.22050422724976,0.00025687876662813255,0.128974920332374,laminar
moody_eps2.57e-04_Re5.70e+02,0.018868239284936618,0.005636694437839544,0.001,1000.0,0.1,2.5687876662813255e-05,0.11877153949917985,563.6694437839544,0.00025687876662813255,0.11354172326667789,laminar
moody_eps2.57e-04_Re6.48e+02,0.02223231209875152,0.006658559247107535,0.001,1000.0,0.1,2.5687876662813255e-05,0.10028918206651145,665.8559247107535,0.00025687876662813255,0.09611688899186634,laminar
moody_eps2.57e-04_Re7.37e+02,0.022502843049137144,0.007267371204129953,0.001,1000.0,0.1,2.5687876662813255e-05,0.08521434287476005,726.7371204129953,0.00025687876662813255,0.08806485619398335,laminar
moody_eps2.57e-04_Re8.38e+02,0.026191385439468435,0.008370444211128314,0.001,1000.0,0.1,2.5687876662813255e-05,0.07476381516113562,837.0444211128314,0.00025687876662813255,0.07645950248962112,laminar
moody_eps2.57e-04_Re9.53e+02,0.031692725958518346,0.009594071229286455,0.001,1000.0,0.1,2.5687876662813255e-05,0.0688626472592114,959.4071229286454,0.00025687876662813255,0.06670786412825071,laminar
moody_eps2.57e-04_Re1.08e+03,0.03321011497524619,0.010150773980940641,0.001,1000.0,0.1,2.5687876662813255e-05,0.06446174520654413,1015.077398094064,0.00025687876662813255,0.06304937940709554,laminar
moody_eps2.57e-04_Re1.23e+03,0.04053746400676809,0.013142560086744049,0.001,1000.0,0.1,2.5687876662813255e-05,0.046938221410117546,1314.2560086744047,0.00025687876662813255,0.04869675282257388,laminar
moody_eps2.57e-04_Re1.40e+03,0.04370727996818401,0.014149784532416191,0.001,1000.0,0.1,2.5687876662813255e-05,0.043660039300556834,1414.9784532416193,0.00025687876662813255,0.04523037071934231,laminar
moody_eps2.57e-04_Re1.59e+03,0.049843931253209225,0.015522964615802971,0.001,1000.0,0.1,2.5687876662813255e-05,0.041370707589011776,1552.296461580297,0.00025687876662813255,0.041229237831828566,laminar
moody_eps2.57e-04_Re1.81e+03,0.06427169776015262,0.019138440048202195,0.001,1000.0,0.1,2.5687876662813255e-05,0.035094309001010876,1913.8440048202194,0.00025687876662813255,0.03344055201929164,laminar
moody_eps2.57e-04_Re2.06e+03,0.06822320494896983,0.02067302533487975,0.001,1000.0,0.1,2.5687876662813255e-05,0.03192670059521782,2067.302533487975,0.00025687876662813255,0.03095821678891793,laminar
moody_eps2.57e-04_Re4.45e+03,0.33143894470046986,0.040983470473601506,0.001,1000.0,0.1,2.5687876662813255e-05,0.03946536010798531,4098.347047360151,0.00025687876662813255,0.039884571251972534,colebrook
moody_eps2.57e-04_Re5.06e+03,0.4833315149654752,0.05025260523904766,0.001,1000.0,0.1,2.5687876662813255e-05,0.03827876749056332,5025.260523904766,0.00025687876662813255,0.037625689784253756,colebrook
moody_eps2.57e-04_Re5.76e+03,0.5613957712521604,0.056234558866466694,0.001,1000.0,0.1,2.5687876662813255e-05,0.03550524774020994,5623.45588664667,0.00025687876662813255,0.036460668431522625,colebrook
moody_eps2.57e-04_Re6.55e+03,0.7266454833991178,0.06367605490809815,0.001,1000.0,0.1,2.5687876662813255e-05,0.03584266366512535,6367.605490809815,0.00025687876662813255,0.03523548925309692,colebrook
moody_eps2.57e-04_Re7.44e+03,0.9439136929893529,0.07527839728688202,0.001,1000.0,0.1,2.5687876662813255e-05,0.03331359898483369,7527.839728688201,0.00025687876662813255,0.033681839708390685,colebrook
moody_eps2.57e-04_Re8.46e+03,1.223097206247874,0.0870520317469181,0.001,1000.0,0.1,2.5687876662813255e-05,0.032279971774331145,8705.203174691811,0.00025687876662813255,0.03241677565617485,colebrook
moody_eps2.57e-04_Re9.62e+03,1.3864082353699274,0.09444654032695897,0.001,1000.0,0.1,2.5687876662813255e-05,0.03108486727116521,9444.654032695897,0.00025687876662813255,0.03173902297603588,colebrook
moody_eps2.57e-04_Re1.09e+04,1.648316748417264,0.10276947545538166,0.001,1000.0,0.1,2.5687876662813255e-05,0.031213494119349053,10276.947545538165,0.00025687876662813255,0.03106006702392767,colebrook
moody_eps2.57e-04_Re1.24e+04,2.412983400861981,0.12705243747928321,0.001,1000.0,0.1,2.5687876662813255e-05,0.029896360887612616,12705.243747928322,0.00025687876662813255,0.02945288994152813,colebrook
moody_eps2.57e-04_Re1.41e+04,3.2697722131133724,0.1532474604261202,0.001,1000.0,0.1,2.5687876662813255e-05,0.027845878381709144,15324.74604261202,0.00025687876662813255,0.028141333124159187,colebrook
moody_eps2.57e-04_Re1.61e+04,3.5479819506005965,0.15477586029717613,0.001,1000.0,0.1,2.5687876662813255e-05,0.029621356579535837,15477.586029717611,0.00025687876662813255,0.02807458036911923,colebrook
moody_eps2.57e-04_Re1.83e+04,4.792893408325905,0.1917329135849782,0.001,1000.0,0.1,2.5687876662813255e-05,0.026075606733980797,19173.29135849782,0.00025687876662813255,0.02669636258397404,colebrook
moody_eps2.57e-04_Re2.08e+04,5.56826483381895,0.20764069525994125,0.001,1000.0,0.1,2.5687876662813255e-05,0.02583003112980088,20764.069525994124,0.00025687876662813255,0.026212432060632555,colebrook
moody_eps2.57e-04_Re2.37e+04,7.254400317148893,0.2403908322639972,0.001,1000.0,0.1,2.5687876662813255e-05,0.02510705136081469,24039.08322639972,0.00025687876662813255,0.025362074135454476,colebrook
moody_eps2.57e-04_Re2.69e+04,9.603476031714045,0.27522446789239985,0.001,1000.0,0.1,2.5687876662813255e-05,0.025356211811773405,27522.44678923998,0.00025687876662813255,0.024619112571893743,colebrook
moody_eps2.57e-04_Re3.06e+04,12.362858583537719,0.32454680260219526,0.001,1000.0,0.1,2.5687876662813255e-05,0.023474385231237925,32454.680260219528,0.00025687876662813255,0.023766602470808158,colebrook
moody_eps2.57e-04_Re3.48e+04,15.233714692977557,0.3558929019145582,0.001,1000.0,0.1,2.5687876662813255e-05,0.024054545780985568,35589.29019145582,0.00025687876662813255,0.023313810967067493,colebrook
moody_eps2.57e-04_Re3.95e+04,18.9706464757162,0.39826266564626556,0.001,1000.0,0.1,2.5687876662813255e-05,0.023920647656681972,39826.26656462656,0.00025687876662813255,0.022783814031768393,colebrook
moody_eps2.57e-04_Re4.50e+04,23.118827803017215,0.4555853174280922,0.001,1000.0,0.1,2.5687876662813255e-05,0.022276982692580254,45558.531742809224,0.00025687876662813255,0.022181349531057673,colebrook
moody_eps2.57e-04_Re5.11e+04,31.085928346243218,0.544882059694109,0.001,1000.0,0.1,2.5687876662813255e-05,0.020940585450838475,54488.2059694109,0.00025687876662813255,0.021429782895290964,colebrook
moody_eps2.57e-04_Re5.81e+04,37.3390310097507,0.6024767533986156,0.001,1000.0,0.1,2.5687876662813255e-05,0.020573702255985156,60247.675339861555,0.00025687876662813255,0.021032037309403336,colebrook
moody_eps2.57e-04_Re6.61e+04,47.82858729148413,0.6729115067921686,0.001,1000.0,0.1,2.5687876662813255e-05,0.02112523940700432,67291.15067921685,0.00025687876662813255,0.020613713110868105,colebrook
moody_eps2.57e-04_Re7.52e+04,62.840131500176284,0.7734092741869684,0.001,1000.0,0.1,2.5687876662813255e-05,0.021011077747694694,77340.92741869684,0.00025687876662813255,0.020114962964060734,colebrook
moody_eps2.57e-04_Re8.55e+04,67.06242674544444,0.8376686669396907,0.001,1000.0,0.1,2.5687876662813255e-05,0.019114578191526406,83766.86669396906,0.00025687876662813255,0.01984259192199467,colebrook
moody_eps2.57e-04_Re9.72e+04,93.38767583200763,0.9778903364499262,0.001,1000.0,0.1,2.5687876662813255e-05,0.019531664419600428,97789.03364499261,0.00025687876662813255,0.01934176837929968,colebrook
moody_eps2.57e-04_Re1.10e+05,124.25081498774995,1.1022528823294555,0.001,1000.0,0.1,2.5687876662813255e-05,0.02045345856909454,110225.28823294555,0.00025687876662813255,0.018978402000152685,colebrook
moody_eps2.57e-04_Re1.26e+05,142.30787848237418,1.261163606481611,0.001,1000.0,0.1,2.5687876662813255e-05,0.017894356296087266,126116.3606481611,0.00025687876662813255,0.018593774920059345,colebrook
moody_eps2.57e-04_Re1.43e+05,181.61402223737988,1.3982582158840027,0.001,1000.0,0.1,2.5687876662813255e-05,0.018578241881172217,139825.82158840026,0.00025687876662813255,0.018315853406221112,colebrook
moody_eps2.57e-04_Re1.62e+05,243.97087845489656,1.6198890338980518,0.001,1000.0,0.1,2.5687876662813255e-05,0.018595054467729504,161988.90338980517,0.00025687876662813255,0.017943950297002628,colebrook
moody_eps2.57e-04_Re1.85e+05,325.1263633122984,1.8970558269847473,0.001,1000.0,0.1,2.5687876662813255e-05,0.018068494121514726,189705.58269847473,0.00025687876662813255,0.01757543099005898,colebrook
moody_eps2.57e-04_Re2.10e+05,411.799938095422,2.1552188001210872,0.001,1000.0,0.1,2.5687876662813255e-05,0.017731012627970087,215521.88001210874,0.00025687876662813255,0.017300053244497685,colebrook
moody_eps2.57e-04_Re2.39e+05,507.41271066840255,2.3796126115360936,0.001,1000.0,0.1,2.5687876662813255e-05,0.017921683933931072,237961.26115360938,0.00025687876662813255,0.01709952597228612,colebrook
moody_eps2.57e-04_Re2.72e+05,648.6302102355834,2.808919531612866,0.001,1000.0,0.1,2.5687876662813255e-05,0.016441770127153928,280891.9531612866,0.00025687876662813255,0.016788620487616143,colebrook
moody_eps2.57e-04_Re3.09e+05,838.6981101531189,3.1292365044865864,0.001,1000.0,0.1,2.5687876662813255e-05,0.017130060004394546,312923.6504486586,0.00025687876662813255,0.016602286379671507,colebrook
moody_eps2.57e-04_Re3.51e+05,1115.169979908454,3.666879517851155,0.001,1000.0,0.1,2.5687876662813255e-05,0.016587379624853356,366687.95178511547,0.00025687876662813255,0.016350564263145434,colebrook
moody_eps2.57e-04_Re3.99e+05,1281.581838753445,4.0969478274466296,0.001,1000.0,0.1,2.5687876662813255e-05,0.015270577911460454,409694.78274466295,0.00025687876662813255,0.01618923250860391,colebrook
moody_eps2.57e-04_Re4.54e+05,1630.1941596340607,4.50504566009851,0.001,1000.0,0.1,2.5687876662813255e-05,0.01606463766079359,450504.566009851,0.00025687876662813255,0.016060276752480594,colebrook
moody_eps2.57e-04_Re5.16e+05,1995.6565912426145,5.00618196813023,0.001,1000.0,0.1,2.5687876662813255e-05,0.01592584715277078,500618.196813023,0.00025687876662813255,0.015926529415521345,colebrook
moody_eps2.57e-04_Re5.87e+05,2579.0390765219477,5.822920250664166,0.001,1000.0,0.1,2.5687876662813255e-05,0.015212697649064176,582292.0250664166,0.00025687876662813255,0.015751403409481488,colebrook
moody_eps2.57e-04_Re6.67e+05,3520.7315173459883,6.786933025329137,0.001,1000.0,0.1,2.5687876662813255e-05,0.015286771595483738,678693.3025329137,0.00025687876662813255,0.015592452422579938,colebrook
moody_eps2.57e-04_Re7.59e+05,4486.996548596444,7.499511058043444,0.001,1000.0,0.1,2.5687876662813255e-05,0.01595584583363596,749951.1058043444,0.00025687876662813255,0.015498245805097689,colebrook
moody_eps2.57e-04_Re8.63e+05,5748.127267484841,8.462227965885743,0.001,1000.0,0.1,2.5687876662813255e-05,0.016054135692359226,846222.7965885743,0.00025687876662813255,0.015393519488916686,colebrook
moody_eps2.57e-04_Re9.81e+05,7371.402228447399,9.949987602906084,0.001,1000.0,0.1,2.5687876662813255e-05,0.014891382737038062,994998.7602906085,0.00025687876662813255,0.015267813089700434,colebrook
moody_eps2.57e-04_Re1.12e+06,8699.261259427449,10.679479712995585,0.001,1000.0,0.1,2.5687876662813255e-05,0.015254998856755152,1067947.9712995584,0.00025687876662813255,0.015217823661038066,colebrook
moody_eps2.57e-04_Re1.27e+06,11235.660240295996,12.408387945835237,0.001,1000.0,0.1,2.5687876662813255e-05,0.014594790566130094,1240838.7945835236,0.00025687876662813255,0.015120938641610614,colebrook
moody_eps2.57e-04_Re1.44e+06,14284.911461898679,13.88280258083903,0.001,1000.0,0.1,2.5687876662813255e-05,0.014823585167524312,1388280.258083903,0.00025687876662813255,0.015055974920947398,colebrook
moody_eps2.57e-04_Re1.64e+06,19668.073079319973,16.16694840686061,0.001,1000.0,0.1,2.5687876662813255e-05,0.015049972425983035,1616694.8406860607,0.00025687876662813255,0.014977202199826144,colebrook
moody_eps2.57e-04_Re1.86e+06,23698.660079946207,17.960349302576425,0.001,1000.0,0.1,2.5687876662813255e-05,0.014693465235924526,1796034.9302576424,0.00025687876662813255,0.014928548874125085,colebrook
moody_eps2.57e-04_Re2.12e+06,31474.276057968684,20.810693438366425,0.001,1000.0,0.1,2.5687876662813255e-05,0.014534919872195916,2081069.3438366426,0.00025687876662813255,0.01486755568647933,colebrook
moody_eps2.57e-04_Re2.41e+06,46892.18681900406,25.069713410167342,0.001,1000.0,0.1,2.5687876662813255e-05,0.01492216176561701,2506971.341016734,0.00025687876662813255,0.014801089097200567,colebrook
moody_eps2.57e-04_Re2.74e+06,64577.396858120796,29.237635223549237,0.001,1000.0,0.1,2.5687876662813255e-05,0.01510866331038017,2923763.5223549237,0.00025687876662813255,0.01475404401085583,colebrook
moody_eps2.57e-04_Re3.12e+06,76001.39516337654,31.520522412249584,0.001,1000.0,0.1,2.5687876662813255e-05,0.015299059966130513,3152052.241224958,0.00025687876662813255,0.014733351500368613,colebrook
moody_eps2.57e-04_Re3.54e+06,94333.75850880847,36.712141901535766,0.001,1000.0,0.1,2.5687876662813255e-05,0.013998377051146923,3671214.1901535764,0.00025687876662813255,0.01469556075278648,colebrook
moody_eps2.57e-04_Re4.03e+06,112843.19749109058,39.3422083339241,0.001,1000.0,0.1,2.5687876662813255e-05,0.014581020202604955,3934220.83339241,0.00025687876662813255,0.014680104802137578,colebrook
moody_eps2.57e-04_Re4.58e+06,157792.4800459179,46.221009194844584,0.001,1000.0,0.1,2.5687876662813255e-05,0.014771937122603187,4622100.919484458,0.00025687876662813255,0.01464777572741163,colebrook
moody_eps2.57e-04_Re5.21e+06,183174.63431588112,49.750601001264094,0.001,1000.0,0.1,2.5687876662813255e-05,0.014801259260348042,4975060.100126409,0.00025687876662813255,0.014634571382633344,colebrook
moody_eps2.57e-04_Re5.93e+06,256327.70107632873,60.05154374412713,0.001,1000.0,0.1,2.5687876662813255e-05,0.014215992497012976,6005154.374412713,0.00025687876662813255,0.01460472526300115,colebrook
moody_eps2.57e-04_Re6.74e+06,314107.40995348006,65.05156819770126,0.001,1000.0,0.1,2.5687876662813255e-05,0.014845425035941093,6505156.819770126,0.00025687876662813255,0.014593579585863483,colebrook
moody_eps2.57e-04_Re7.66e+06,427212.7605267996,75.59603225639589,0.001,1000.0,0.1,2.5687876662813255e-05,0.014951205425292177,7559603.225639588,0.00025687876662813255,0.014574826527830898,colebrook
moody_eps2.57e-04_Re8.71e+06,593495.6432517541,89.79366298734449,0.001,1000.0,0.1,2.5687876662813255e-05,0.014721638677460505,8979366.298734449,0.00025687876662813255,0.014556434606220813,colebrook
moody_eps2.57e-04_Re9.90e+06,637635.3697504374,94.87571343349516,0.001,1000.0,0.1,2.5687876662813255e-05,0.014167469481357739,9487571.343349516,0.00025687876662813255,0.01455117085624208,colebrook
moody_eps2.57e-04_Re1.13e+07,813763.9808882878,106.60725189428767,0.001,1000.0,0.1,2.5687876662813255e-05,0.014320393838579405,10660725.189428767,0.00025687876662813255,0.014540913007135326,colebrook
moody_eps2.57e-04_Re1.28e+07,1183618.65758721,124.68661382348701,0.001,1000.0,0.1,2.5687876662813255e-05,0.01522657186474914,12468661.3823487,0.00025687876662813255,0.014528844874671334,colebrook
moody_eps2.57e-04_Re1.46e+07,1587910.9592069876,148.45777022010455,0.001,1000.0,0.1,2.5687876662813255e-05,0.014409545247562482,14845777.022010453,0.00025687876662813255,0.014517411120757306,colebrook
moody_eps2.57e-04_Re1.66e+07,1951801.6815601087,159.62039782008785,0.001,1000.0,0.1,2.5687876662813255e-05,0.015321063260319656,15962039.782008784,0.00025687876662813255,0.014513207394153441,colebrook
moody_eps2.57e-04_Re1.88e+07,2295903.8498410806,183.3785385654122,0.001,1000.0,0.1,2.5687876662813255e-05,0.013654841939150692,18337853.85654122,0.00025687876662813255,0.014505951901477843,colebrook
moody_eps2.57e-04_Re2.14e+07,3041478.29337021,209.29580623847943,0.001,1000.0,0.1,2.5687876662813255e-05,0.013886527689121216,20929580.623847943,0.00025687876662813255,0.01449990375685426,colebrook
moody_eps2.57e-04_Re2.43e+07,4372482.147544473,249.45248166663444,0.001,1000.0,0.1,2.5687876662813255e-05,0.01405343155736,24945248.166663446,0.00025687876662813255,0.014493001673687302,colebrook
moody_eps2.57e-04_Re2.77e+07,5987390.609991408,281.06588468165495,0.001,1000.0,0.1,2.5687876662813255e-05,0.015158328616264491,28106588.4681655,0.00025687876662813255,0.014488948942298824,colebrook
moody_eps2.57e-04_Re3.15e+07,6764880.932336445,306.1499396451961,0.001,1000.0,0.1,2.5687876662813255e-05,0.014435166462150234,30614993.96451961,0.00025687876662813255,0.014486326198608014,colebrook
moody_eps2.57e-04_Re3.58e+07,10313963.172658227,378.94750125936696,0.001,1000.0,0.1,2.5687876662813255e-05,0.014364730304513696,37894750.125936694,0.00025687876662813255,0.014480673774917302,colebrook
moody_eps2.57e-04_Re4.07e+07,11693838.301426465,403.7849955191461,0.001,1000.0,0.1,2.5687876662813255e-05,0.014344543324075127,40378499.55191461,0.00025687876662813255,0.01447921002693652,colebrook
moody_eps2.57e-04_Re4.63e+07,14464923.200969478,452.3845270772184,0.001,1000.0,0.1,2.5687876662813255e-05,0.014136133671185937,45238452.707721844,0.00025687876662813255,0.0144768094812418,colebrook
moody_eps2.57e-04_Re5.26e+07,22134949.770953678,542.8613989129058,0.001,1000.0,0.1,2.5687876662813255e-05,0.015022098781569241,54286139.891290575,0.00025687876662813255,0.014473482545005821,colebrook
moody_eps2.57e-04_Re5.98e+07,26053373.022593856,582.2439531033629,0.001,1000.0,0.1,2.5687876662813255e-05,0.01537035787617817,58224395.31033628,0.00025687876662813255,0.014472356645594084,colebrook
moody_eps2.57e-04_Re6.80e+07,36611374.018515006,714.6759131500139,0.001,1000.0,0.1,2.5687876662813255e-05,0.014335991451877094,71467591.3150014,0.00025687876662813255,0.014469479077617775,colebrook
moody_eps2.57e-04_Re7.73e+07,38003608.67491038,735.9750342140078,0.001,1000.0,0.1,2.5687876662813255e-05,0.014032293773515149,73597503.42140077,0.00025687876662813255,0.0144691127709001,colebrook
moody_eps2.57e-04_Re8.79e+07,54871713.537532166,874.1229044898265,0.001,1000.0,0.1,2.5687876662813255e-05,0.014362614964664521,87412290.44898264,0.00025687876662813255,0.014467169593219809,colebrook
moody_eps2.57e-04_Re1.00e+08,77166527.77513984,1052.906590480121,0.001,1000.0,0.1,2.5687876662813255e-05,0.01392128313769792,105290659.0480121,0.00025687876662813255,0.014465410829517503,colebrook
moody_eps3.39e-04_Re3.00e+02,0.009511857276585253,0.002989703806616235,0.001,1000.0,0.1,3.390116460215746e-05,0.2128330124082762,298.9703806616235,0.00033901164602157457,0.21406802860660498,laminar
moody_eps3.39e-04_Re3.41e+02,0.011110157379448761,0.003496372539442996,0.001,1000.0,0.1,3.390116460215746e-05,0.18176690203995421,349.63725394429963,0.00033901164602157457,0.1830468557855559,laminar
moody_eps3.39e-04_Re3.88e+02,0.012301166757873109,0.003846295467302615,0.001,1000.0,0.1,3.390116460215746e-05,0.1662995275453038,384.6295467302615,0.00033901164602157457,0.16639387312822027,laminar
moody_eps3.39e-04_Re4.41e+02,0.014150569187439097,0.004349649082604207,0.001,1000.0,0.1,3.390116460215746e-05,0.14958755487284386,434.96490826042066,0.00033901164602157457,0.14713830652674662,laminar
moody_eps3.39e-04_Re5.01e+02,0.015894814011237497,0.005098558294420708,0.001,1000.0,0.1,3.390116460215746e-05,0.1222899219494916,509.8558294420707,0.00033901164602157457,0.12552568060275873,laminar
moody_eps3.39e-04_Re5.70e+02,0.018905598777957527,0.0058499945980709,0.001,1000.0,0.1,3.390116460215746e-05,0.11048657282851009,584.99945980709,0.00033901164602157457,0.10940181042407236,laminar
moody_eps3.39e-04_Re6.48e+02,0.02129186877677626,0.006461280626053324,0.001,1000.0,0.1,3.390116460215746e-05,0.10200150252983281,646.1280626053324,0.00033901164602157457,0.09905157151345158,laminar
moody_eps3.39e-04_Re7.37e+02,0.023963238025105228,0.0076625771624661155,0.001,1000.0,0.1,3.390116460215746e-05,0.0816254851241716,766.2577162466115,0.00033901164602157457,0.08352281307324848,laminar
moody_eps3.39e-04_Re8.38e+02,0.026623389376650933,0.008293124639853044,0.001,1000.0,0.1,3.390116460215746e-05,0.07742067517810582,829.3124639853045,0.00033901164602157457,0.0771723599720721,laminar
moody_eps3.39e-04_Re9.53e+02,0.03244972337000331,0.010019716577986592,0.001,1000.0,0.1,3.390116460215746e-05,0.064644282631615,1001.9716577986592,0.00033901164602157457,0.06387406220711729,laminar
moody_eps3.39e-04_Re1.08e+03,0.03709604317740958,0.010915990373989276,0.001,1000.0,0.1,3.390116460215746e-05,0.06226317973179312,1091.5990373989275,0.00033901164602157457,0.05862958632915233,laminar
moody_eps3.39e-04_Re1.23e+03,0.04032524784221201,0.012237095077943974,0.001,1000.0,0.1,3.390116460215746e-05,0.05385801862980641,1223.7095077943973,0.00033901164602157457,0.052299994069142285,laminar
moody_eps3.39e-04_Re1.40e+03,0.04407211896698961,0.013732487495191183,0.001,1000.0,0.1,3.390116460215746e-05,0.046740731286340556,1373.2487495191183,0.00033901164602157457,0.046604812145222344,laminar
moody_eps3.39e-04_Re1.59e+03,0.05129621173897911,0.016378317857725887,0.001,1000.0,0.1,3.390116460215746e-05,0.038245179042640305,1637.8317857725888,0.00033901164602157457,0.03907605198284162,laminar
moody_eps3.39e-04_Re1.81e+03,0.0566232695242163,0.017764731949883893,0.001,1000.0,0.1,3.390116460215746e-05,0.03588455959805398,1776.4731949883892,0.00033901164602157457,0.03602643720183928,laminar
moody_eps3.39e-04_Re2.06e+03,0.0656294704699413,0.021550602633758596,0.001,1000.0,0.1,3.390116460215746e-05,0.028262466304836593,2155.0602633758594,0.00033901164602157457,0.029697545394737714,laminar
moody_eps3.39e-04_Re4.45e+03,0.3866158205942995,0.04374239537543917,0.001,1000.0,0.1,3.390116460215746e-05,0.04041145560936018,4374.239537543917,0.00033901164602157457,0.03922733787045641,colebrook
moody_eps3.39e-04_Re5.06e+03,0.4559609766962875,0.04740486985548827,0.001,1000.0,0.1,3.390116460215746e-05,0.0405799729980966,4740.486985548827,0.00033901164602157457,0.038341131155809435,colebrook
moody_eps3.39e-04_Re5.76e+03,0.6447144409942153,0.05785664667379551,0.001,1000.0,0.1,3.390116460215746e-05,0.03852040782220371,5785.664667379551,0.00033901164602157457,0.03627184343672601,colebrook
moody_eps3.39e-04_Re6.55e+03,0.7334527969444921,0.06362847538776267,0.001,1000.0,0.1,3.390116460215746e-05,0.03623256920522726,6362.847538776266,0.00033901164602157457,0.03534401317330436,colebrook
moody_eps3.39e-04_Re7.44e+03,0.9154353298659837,0.07299672238921072,0.001,1000.0,0.1,3.390116460215746e-05,0.03435982508004405,7299.672238921072,0.00033901164602157457,0.034067377718237424,colebrook
moody_eps3.39e-04_Re8.46e+03,1.1080433978282744,0.08278194117211374,0.001,1000.0,0.1,3.390116460215746e-05,0.03233817850142355,8278.194117211373,0.00033901164602157457,0.03296039667551843,colebrook
moody_eps3.39e-04_Re9.62e+03,1.232819081335738,0.09140956610033628,0.001,1000.0,0.1,3.390116460215746e-05,0.029508426264823237,9140.956610033629,0.00033901164602157457,0.03212759217099535,colebrook
moody_eps3.39e-04_Re1.09e+04,1.9674858946208966,0.10924924147219091,0.001,1000.0,0.1,3.390116460215746e-05,0.03296892317554006,10924.924147219092,0.00033901164602157457,0.030712628059846536,colebrook
moody_eps3.39e-04_Re1.24e+04,2.2345219791054296,0.12334427916078546,0.001,1000.0,0.1,3.390116460215746e-05,0.02937491401045726,12334.427916078546,0.00033901164602157457,0.029806814293284828,colebrook
moody_eps3.39e-04_Re1.41e+04,2.902910234287437,0.14358147090393486,0.001,1000.0,0.1,3.390116460215746e-05,0.028162214756370128,14358.147090393484,0.00033901164602157457,0.02873406121934888,colebrook
moody_eps3.39e-04_Re1.61e+04,3.391914931297335,0.15841811421215196,0.001,1000.0,0.1,3.390116460215746e-05,0.027031196459598634,15841.811421215196,0.00033901164602157457,0.028074201679560096,colebrook
moody_eps3.39e-04_Re1.83e+04,4.46705966888421,0.17790778760622847,0.001,1000.0,0.1,3.390116460215746e-05,0.028226812037603792,17790.778760622845,0.00033901164602157457,0.027328803503681068,colebrook
moody_eps3.39e-04_Re2.08e+04,5.486657245905873,0.20276053218273635,0.001,1000.0,0.1,3.390116460215746e-05,0.026691377108150643,20276.053218273635,0.00033901164602157457,0.02652990767699484,colebrook
moody_eps3.39e-04_Re2.37e+04,6.851027639274346,0.23391233637018727,0.001,1000.0,0.1,3.390116460215746e-05,0.025042602595372478,23391.233637018726,0.00033901164602157457,0.025704188328255894,colebrook
moody_eps3.39e-04_Re2.69e+04,9.40240428755697,0.2714564716892938,0.001,1000.0,0.1,3.390116460215746e-05,0.025519285868389228,27145.647168929383,0.00033901164602157457,0.02489423958102975,colebrook
moody_eps3.39e-04_Re3.06e+04,10.742732661930225,0.29479018041479443,0.001,1000.0,0.1,3.390116460215746e-05,0.024724000181709803,29479.018041479445,0.00033901164602157457,0.02446658121276126,colebrook
moody_eps3.39e-04_Re3.48e+04,14.78289458222297,0.35601714759487185,0.001,1000.0,0.1,3.390116460215746e-05,0.02332639593781955,35601.714759487186,0.00033901164602157457,0.023541686357798977,colebrook
moody_eps3.39e-04_Re3.95e+04,17.948319045832207,0.3944344131525001,0.001,1000.0,0.1,3.390116460215746e-05,0.023073006002063433,39443.44131525001,0.00033901164602157457,0.02306957916654225,colebrook
moody_eps3.39e-04_Re4.50e+04,22.222275360039667,0.4523276786121052,0.001,1000.0,0.1,3.390116460215746e-05,0.021722619397711806,45232.767861210516,0.00033901164602157457,0.022470256928788745,colebrook
moody_eps3.39e-04_Re5.11e+04,28.251630557320127,0.503345859031324,0.001,1000.0,0.1,3.390116460215746e-05,0.022301830663990895,50334.5859031324,0.00033901164602157457,0.02202685576622695,colebrook
moody_eps3.39e-04_Re5.81e+04,34.69344032011405,0.5681842953840213,0.001,1000.0,0.1,3.390116460215746e-05,0.021493092732275437,56818.42953840212,0.00033901164602157457,0.021548965202492477,colebrook
moody_eps3.39e-04_Re6.61e+04,44.60444946810672,0.6594978390077307,0.001,1000.0,0.1,3.390116460215746e-05,0.020510744536293667,65949.78390077307,0.00033901164602157457,0.020996083889916518,colebrook
moody_eps3.39e-04_Re7.52e+04,60.77549084744332,0.7545387892311253,0.001,1000.0,0.1,3.390116460215746e-05,0.02134987462672864,75453.87892311253,0.00033901164602157457,0.020528518358715053,colebrook
moody_eps3.39e-04_Re8.55e+04,69.03371316770186,0.8344524298442786,0.001,1000.0,0.1,3.390116460215746e-05,0.019828417841538035,83445.24298442787,0.00033901164602157457,0.020197978357523415,colebrook
moody_eps3.39e-04_Re9.72e+04,89.02299621840528,0.9670099059003153,0.001,1000.0,0.1,3.390116460215746e-05,0.01904014962256299,96700.99059003154,0.00033901164602157457,0.019742355363377134,colebrook
moody_eps3.39e-04_Re1.10e+05,109.2895776421895,1.0850903472638995,0.001,1000.0,0.1,3.390116460215746e-05,0.01856423011187622,108509.03472638996,0.00033901164602157457,0.019409092935214017,colebrook
moody_eps3.39e-04_Re1.26e+05,136.5517166307017,1.1878856409812415,0.001,1000.0,0.1,3.390116460215746e-05,0.019354318983230853,118788.56409812414,0.00033901164602157457,0.019160841670762697,colebrook
moody_eps3.39e-04_Re1.43e+05,210.5705176127401,1.4648450799711703,0.001,1000.0,0.1,3.390116460215746e-05,0.01962655912335597,146484.507997117,0.00033901164602157457,0.018630099471369604,colebrook
moody_eps3.39e-04_Re1.62e+05,247.40248510730055,1.6164793677721498,0.001,1000.0,0.1,3.390116460215746e-05,0.018936238803245076,161647.93677721499,0.00033901164602157457,0.018401101237252568,colebrook
moody_eps3.39e-04_Re1.85e+05,297.17848478985843,1.8306866383998426,0.001,1000.0,0.1,3.390116460215746e-05,0.017734515824963378,183068.66383998425,0.00033901164602157457,0.018129688963094522,colebrook
moody_eps3.39e-04_Re2.10e+05,405.30261332177645,2.1411415052546356,0.001,1000.0,0.1,3.390116460215746e-05,0.01768148183811409,214114.15052546354,0.00033901164602157457,0.017815285624964476,colebrook
moody_eps3.39e-04_Re2.39e+05,525.982857294051,2.435598679557179,0.001,1000.0,0.1,3.390116460215746e-05,0.01773332305116823,243559.8679557179,0.00033901164602157457,0.017578394238364724,colebrook
moody_eps3.39e-04_Re2.72e+05,586.6956211694232,2.6369328556756773,0.001,1000.0,0.1,3.390116460215746e-05,0.01687503567221926,263693.28556756774,0.00033901164602157457,0.01744172139488062,colebrook
moody_eps3.39e-04_Re3.09e+05,756.9517201218239,2.992971425447067,0.001,1000.0,0.1,3.390116460215746e-05,0.016900246331721134,299297.1425447067,0.00033901164602157457,0.01723789808374209,colebrook
moody_eps3.39e-04_Re3.51e+05,1100.3719853971277,3.607540818324877,0.001,1000.0,0.1,3.390116460215746e-05,0.01691013260726755,360754.0818324877,0.00033901164602157457,0.016967324997582956,colebrook
moody_eps3.39e-04_Re3.99e+05,1480.237472732877,4.165907177838248,0.001,1000.0,0.1,3.390116460215746e-05,0.017058553894045456,416590.7177838248,0.00033901164602157457,0.01678161133143927,colebrook
moody_eps3.39e-04_Re4.54e+05,1657.492861439538,4.514859745354047,0.001,1000.0,0.1,3.390116460215746e-05,0.016262718154528292,451485.97453540476,0.00033901164602157457,0.016685891059678652,colebrook
moody_eps3.39e-04_Re5.16e+05,2030.2860643916017,4.865736207436299,0.001,1000.0,0.1,3.390116460215746e-05,0.017151026140114056,486573.62074362993,0.00033901164602157457,0.016601780854243377,colebrook
moody_eps3.39e-04_Re5.87e+05,3027.9764179306067,6.102807478103716,0.001,1000.0,0.1,3.390116460215746e-05,0.01626009747487483,610280.7478103716,0.00033901164602157457,0.016374367163430555,colebrook
moody_eps3.39e-04_Re6.67e+05,4010.725792573083,7.032423942765437,0.001,1000.0,0.1,3.390116460215746e-05,0.016219702301197857,703242.3942765436,0.00033901164602157457,0.01625113128385802,colebrook
moody_eps3.39e-04_Re7.59e+05,4816.130213976185,7.5822056171568555,0.001,1000.0,0.1,3.390116460215746e-05,0.016754717162833485,758220.5617156855,0.00033901164602157457,0.016191166587386664,colebrook
moody_eps3.39e-04_Re8.63e+05,5914.070633110798,8.630894759605999,0.001,1000.0,0.1,3.390116460215746e-05,0.015878331349629765,863089.4759605998,0.00033901164602157457,0.016096205873388555,colebrook
moody_eps3.39e-04_Re9.81e+05,7165.0408163789125,9.705266002178732,0.001,1000.0,0.1,3.390116460215746e-05,0.015213662524148117,970526.6002178731,0.00033901164602157457,0.01601857967615325,colebrook
moody_eps3.39e-04_Re1.12e+06,9863.276887138323,11.128827519378678,0.001,1000.0,0.1,3.390116460215746e-05,0.0159276754471659,1112882.7519378678,0.00033901164602157457,0.015937227527920938,colebrook
moody_eps3.39e-04_Re1.27e+06,13984.792421590202,13.156304002306028,0.001,1000.0,0.1,3.390116460215746e-05,0.016159139114142896,1315630.4002306028,0.00033901164602157457,0.015849936863541653,colebrook
moody_eps3.39e-04_Re1.44e+06,16115.945600701658,14.103431260236627,0.001,1000.0,0.1,3.390116460215746e-05,0.016204521678509966,1410343.1260236627,0.00033901164602157457,0.01581726943566267,colebrook
moody_eps3.39e-04_Re1.64e+06,22590.925987715764,16.544236512012382,0.001,1000.0,0.1,3.390116460215746e-05,0.016507091870665232,1654423.6512012382,0.00033901164602157457,0.015749464085988284,colebrook
moody_eps3.39e-04_Re1.86e+06,28718.282632546143,19.15961791718,0.001,1000.0,0.1,3.390116460215746e-05,0.015646412394202776,1915961.791718,0.00033901164602157457,0.015695140716641173,colebrook
moody_eps3.39e-04_Re2.12e+06,37040.33422256644,21.877566634050112,0.001,1000.0,0.1,3.390116460215746e-05,0.015477715583810525,2187756.6634050114,0.00033901164602157457,0.015651909470372854,colebrook
moody_eps3.39e-04_Re2.41e+06,43202.49065630769,23.425585161210186,0.001,1000.0,0.1,3.390116460215746e-05,0.01574555177173657,2342558.5161210187,0.00033901164602157457,0.01563160448905074,colebrook
moody_eps3.39e-04_Re2.74e+06,62483.80077347964,27.875896795438635,0.001,1000.0,0.1,3.390116460215746e-05,0.016081988185399996,2787589.6795438635,0.00033901164602157457,0.015585393807049607,colebrook
moody_eps3.39e-04_Re3.12e+06,75594.14314457492,31.144497188517803,0.001,1000.0,0.1,3.390116460215746e-05,0.015586747381438658,3114449.71885178,0.00033901164602157457,0.015559624213352235,colebrook
moody_eps3.39e-04_Re3.54e+06,101659.24230323316,36.22386658624509,0.001,1000.0,0.1,3.390116460215746e-05,0.015494845592315504,3622386.6586245084,0.00033901164602157457,0.015528576700545787,colebrook
moody_eps3.39e-04_Re4.03e+06,132617.41819138356,42.297488618694814,0.001,1000.0,0.1,3.390116460215746e-05,0.014825228641096337,4229748.861869481,0.00033901164602157457,0.01550102912802022,colebrook
moody_eps3.39e-04_Re4.58e+06,149551.9907423678,44.118725052219034,0.001,1000.0,0.1,3.390116460215746e-05,0.015366546935693195,4411872.505221903,0.00033901164602157457,0.015494216011403529,colebrook
moody_eps3.39e-04_Re5.21e+06,223780.23765088618,53.86952448963432,0.001,1000.0,0.1,3.390116460215746e-05,0.015422878680976235,5386952.448963433,0.00033901164602157457,0.015465439532863648,colebrook
moody_eps3.39e-04_Re5.93e+06,256059.2883510812,56.89089612615373,0.001,1000.0,0.1,3.390116460215746e-05,0.015822859816774292,5689089.612615373,0.00033901164602157457,0.015458491819006008,colebrook
moody_eps3.39e-04_Re6.74e+06,340465.2881870755,65.13739632960792,0.001,1000.0,0.1,3.390116460215746e-05,0.016048780830065137,6513739.632960793,0.00033901164602157457,0.01544276176696623,colebrook
moody_eps3.39e-04_Re7.66e+06,499902.5374361912,78.71421586033065,0.001,1000.0,0.1,3.390116460215746e-05,0.01613648690904115,7871421.586033065,0.00033901164602157457,0.015423957908888493,colebrook
moody_eps3.39e-04_Re8.71e+06,651460.9772179116,90.4464745292955,0.001,1000.0,0.1,3.390116460215746e-05,0.015927041634561354,9044647.45292955,0.00033901164602157457,0.015412207799848521,colebrook
moody_eps3.39e-04_Re9.90e+06,781434.0726436111,101.19614879837395,0.001,1000.0,0.1,3.390116460215746e-05,0.015261399794096917,10119614.879837396,0.00033901164602157457,0.015403810965814328,colebrook
moody_eps3.39e-04_Re1.13e+07,970966.0378636317,112.28185560482574,0.001,1000.0,0.1,3.390116460215746e-05,0.015403338965999209,11228185.560482575,0.00033901164602157457,0.015396821226951579,colebrook
moody_eps3.39e-04_Re1.28e+07,1256455.76842231,128.82234360903055,0.001,1000.0,0.1,3.390116460215746e-05,0.01514240328708947,12882234.360903054,0.00033901164602157457,0.015388611969159355,colebrook
moody_eps3.39e-04_Re1.46e+07,1628853.7434443722,142.45623809648788,0.001,1000.0,0.1,3.390116460215746e-05,0.016052738934748245,14245623.809648788,0.00033901164602157457,0.01538326886368606,colebrook
moody_eps3.39e-04_Re1.66e+07,2029524.177981667,159.85663240635128,0.001,1000.0,0.1,3.390116460215746e-05,0.01588411072125453,15985663.240635129,0.00033901164602157457,0.015377765523924865,colebrook
moody_eps3.39e-04_Re1.88e+07,2985122.730659217,200.1249622591814,0.001,1000.0,0.1,3.390116460215746e-05,0.014906979735120139,20012496.225918137,0.00033901164602157457,0.015368681821143466,colebrook
moody_eps3.39e-04_Re2.14e+07,3813974.7102167504,223.19324594810186,0.001,1000.0,0.1,3.390116460215746e-05,0.015312486122045754,22319324.594810188,0.00033901164602157457,0.015364948344234627,colebrook
moody_eps3.39e-04_Re2.43e+07,4886182.268077484,254.35992178256757,0.001,1000.0,0.1,3.390116460215746e-05,0.015104358794226502,25435992.178256758,0.00033901164602157457,0.015360975586905658,colebrook
moody_eps3.39e-04_Re2.77e+07,6228360.866677459,287.7497867701085,0.001,1000.0,0.1,3.390116460215746e-05,0.015044360860060169,28774978.677010853,0.00033901164602157457,0.015357671068515632,colebrook
moody_eps3.39e-04_Re3.15e+07,7414398.548079629,302.6066843699439,0.001,1000.0,0.1,3.390116460215746e-05,0.01619380437605145,30260668.436994385,0.00033901164602157457,0.015356434387477259,colebrook
moody_eps3.39e-04_Re3.58e+07,9001548.77806024,349.0210589916397,0.001,1000.0,0.1,3.390116460215746e-05,0.014778963312884068,34902105.89916396,0.00033901164602157457,0.015353247222480415,colebrook
moody_eps3.39e-04_Re4.07e+07,12615285.825555362,407.3327344513985,0.001,1000.0,0.1,3.390116460215746e-05,0.015206471948808515,40733273.44513985,0.00033901164602157457,0.015350270091542629,colebrook
moody_eps3.39e-04_Re4.63e+07,17192399.728840902,479.5109108109632,0.001,1000.0,0.1,3.390116460215746e-05,0.014954417755376308,47951091.081096314,0.00033901164602157457,0.01534758577764403,colebrook
moody_eps3.39e-04_Re5.26e+07,21186657.719301973,519.2637181536327,0.001,1000.0,0.1,3.390116460215746e-05,0.015715076105051372,51926371.81536327,0.00033901164602157457,0.015346425446469683,colebrook
moody_eps3.39e-04_Re5.98e+07,27125616.120190024,585.4415619946429,0.001,1000.0,0.1,3.390116460215746e-05,0.015828600035725744,58544156.1994643,0.00033901164602157457,0.01534484273196732,colebrook
moody_eps3.39e-04_Re6.80e+07,40183685.7793574,702.5050709827352,0.001,1000.0,0.1,3.390116460215746e-05,0.01628474032712386,70250507.09827352,0.00033901164602157457,0.015342772284035033,colebrook
moody_eps3.39e-04_Re7.73e+07,50934675.671600364,823.758726310567,0.001,1000.0,0.1,3.390116460215746e-05,0.015012170364177832,82375872.6310567,0.00033901164602157457,0.015341247416595214,colebrook
moody_eps3.39e-04_Re8.79e+07,55296902.98755204,860.7756718747279,0.001,1000.0,0.1,3.390116460215746e-05,0.014926254287138348,86077567.18747279,0.00033901164602157457,0.015340867394278158,colebrook
moody_eps3.39e-04_Re1.00e+08,76333007.98611122,999.4982728610978,0.001,1000.0,0.1,3.390116460215746e-05,0.015281932470810472,99949827.28610978,0.00033901164602157457,0.01533969340283245,colebrook
moody_eps4.47e-04_Re3.00e+02,0.009214800479202832,0.002980564118655236,0.001,1000.0,0.1,4.4740520069777826e-05,0.2074526534241886,298.0564118655236,0.0004474052006977782,0.21472445299675474,laminar
moody_eps4.47e-04_Re3.41e+02,0.010856501752954294,0.0035469298681030923,0.001,1000.0,0.1,4.4740520069777826e-05,0.1725896307571801,354.69298681030926,0.0004474052006977782,0.18043773736701302,laminar
moody_eps4.47e-04_Re3.88e+02,0.012510291631645177,0.0038167162274467914,0.001,1000.0,0.1,4.4740520069777826e-05,0.17175828169692228,381.67162274467915,0.0004474052006977782,0.16768341209064178,laminar
moody_eps4.47e-04_Re4.41e+02,0.014292462782515501,0.004494218401322367,0.001,1000.0,0.1,4.4740520069777826e-05,0.1415235514673592,449.4218401322367,0.0004474052006977782,0.14240518436124244,laminar
moody_eps4.47e-04_Re5.01e+02,0.016350000640154193,0.0051602316343946995,0.001,1000.0,0.1,4.4740520069777826e-05,0.12280311296866875,516.02316343947,0.0004474052006977782,0.12402544020198285,laminar
moody_eps4.47e-04_Re5.70e+02,0.019984231603966472,0.006051710026163142,0.001,1000.0,0.1,4.4740520069777826e-05,0.10913429054051761,605.1710026163141,0.0004474052006977782,0.10575523236128481,laminar
moody_eps4.47e-04_Re6.48e+02,0.02081684279805912,0.006339957236729642,0.001,1000.0,0.1,4.4740520069777826e-05,0.10357911622125318,633.9957236729642,0.0004474052006977782,0.10094705312714901,laminar
moody_eps4.47e-04_Re7.37e+02,0.023710642300128856,0.007324452001829614,0.001,1000.0,0.1,4.4740520069777826e-05,0.08839405143888125,732.4452001829615,0.0004474052006977782,0.08737855061923143,laminar
moody_eps4.47e-04_Re8.38e+02,0.027148979434060423,0.00869673771341577,0.001,1000.0,0.1,4.4740520069777826e-05,0.07179112510076063,869.6737713415771,0.0004474052006977782,0.07359081314050929,laminar
moody_eps4.47e-04_Re9.53e+02,0.03156379987177655,0.009942902746686575,0.001,1000.0,0.1,4.4740520069777826e-05,0.06385470365668677,994.2902746686576,0.0004474052006977782,0.06436752086439515,laminar
moody_eps4.47e-04_Re1.08e+03,0.03632139024584414,0.011200642667946457,0.001,1000.0,0.1,4.4740520069777826e-05,0.05790373450950543,1120.0642667946456,0.0004474052006977782,0.0571395784129,laminar
moody_eps4.47e-04_Re1.23e+03,0.037242461963724244,0.012122514431462412,0.001,1000.0,0.1,4.4740520069777826e-05,0.05068540942187555,1212.2514431462412,0.0004474052006977782,0.052794327745980085,laminar
moody_eps4.47e-04_Re1.40e+03,0.043614882966935074,0.013508632858688903,0.001,1000.0,0.1,4.4740520069777826e-05,0.047801542408657166,1350.8632858688902,0.0004474052006977782,0.04737711111812066,laminar
moody_eps4.47e-04_Re1.59e+03,0.048628214187727885,0.015423459747005598,0.001,1000.0,0.1,4.4740520069777826e-05,0.04088412504083941,1542.34597470056,0.0004474052006977782,0.04149522937771814,laminar
moody_eps4.47e-04_Re1.81e+03,0.05645737326856555,0.01798556784156703,0.001,1000.0,0.1,4.4740520069777826e-05,0.034906182590338904,1798.5567841567029,0.0004474052006977782,0.03558408639847752,laminar
moody_eps4.47e-04_Re2.06e+03,0.06624570389704497,0.020328110927120887,0.001,1000.0,0.1,4.4740520069777826e-05,0.0320622259889784,2032.8110927120886,0.0004474052006977782,0.031483496046164315,laminar
moody_eps4.47e-04_Re4.45e+03,0.4168916620065041,0.04604896147513962,0.001,1000.0,0.1,4.4740520069777826e-05,0.03932000138822638,4604.896147513962,0.0004474052006977782,0.03877317734745218,colebrook
moody_eps4.47e-04_Re5.06e+03,0.508489261813253,0.051621952101973616,0.001,1000.0,0.1,4.4740520069777826e-05,0.0381630375482392,5162.195210197361,0.0004474052006977782,0.03755611988100503,colebrook
moody_eps4.47e-04_Re5.76e+03,0.5937714737440284,0.05681971140433472,0.001,1000.0,0.1,4.4740520069777826e-05,0.03678334984648133,5681.971140433472,0.0004474052006977782,0.03657929368964518,colebrook
moody_eps4.47e-04_Re6.55e+03,0.6926671855548091,0.06222655515321027,0.001,1000.0,0.1,4.4740520069777826e-05,0.03577693163362856,6222.6555153210265,0.0004474052006977782,0.035690010610519185,colebrook
moody_eps4.47e-04_Re7.44e+03,0.9569818691276378,0.07348794138514929,0.001,1000.0,0.1,4.4740520069777826e-05,0.03544063886883841,7348.794138514929,0.0004474052006977782,0.03414898341823252,colebrook
moody_eps4.47e-04_Re8.46e+03,1.0362855293252682,0.08005108350299095,0.001,1000.0,0.1,4.4740520069777826e-05,0.032342605264780534,8005.108350299094,0.0004474052006977782,0.033397663631883796,colebrook
moody_eps4.47e-04_Re9.62e+03,1.7006997524878114,0.10305212807246403,0.001,1000.0,0.1,4.4740520069777826e-05,0.032029024746104376,10305.212807246402,0.0004474052006977782,0.031330564037168475,colebrook
moody_eps4.47e-04_Re1.09e+04,1.9416088116202763,0.11406799829005808,0.001,1000.0,0.1,4.4740520069777826e-05,0.029844485000770825,11406.799829005808,0.0004474052006977782,0.030559049858162917,colebrook
moody_eps4.47e-04_Re1.24e+04,2.1767888924292125,0.11912222869864975,0.001,1000.0,0.1,4.4740520069777826e-05,0.03068037672237168,11912.222869864974,0.0004474052006977782,0.030239537058436277,colebrook
moody_eps4.47e-04_Re1.41e+04,2.978469779662308,0.14217025137938052,0.001,1000.0,0.1,4.4740520069777826e-05,0.029471736866884316,14217.025137938052,0.0004474052006977782,0.02899439771844862,colebrook
moody_eps4.47e-04_Re1.61e+04,4.061905077615689,0.16852281260293625,0.001,1000.0,0.1,4.4740520069777826e-05,0.028605027412658607,16852.281260293625,0.0004474052006977782,0.027881218721076455,colebrook
moody_eps4.47e-04_Re1.83e+04,4.153441944755138,0.17463577934159663,0.001,1000.0,0.1,4.4740520069777826e-05,0.027237778686296076,17463.57793415966,0.0004474052006977782,0.027657872203395772,colebrook
moody_eps4.47e-04_Re2.08e+04,5.2008901071971785,0.19468502223801934,0.001,1000.0,0.1,4.4740520069777826e-05,0.02744369542911921,19468.502223801934,0.0004474052006977782,0.02699701258975073,colebrook
moody_eps4.47e-04_Re2.37e+04,6.7981224392541835,0.23324151227212883,0.001,1000.0,0.1,4.4740520069777826e-05,0.024992360733863947,23324.151227212882,0.0004474052006977782,0.025963559762190485,colebrook
moody_eps4.47e-04_Re2.69e+04,8.989722272366162,0.2718553326542472,0.001,1000.0,0.1,4.4740520069777826e-05,0.02432767233037976,27185.53326542472,0.0004474052006977782,0.025147974386233517,colebrook
moody_eps4.47e-04_Re3.06e+04,12.389197653705441,0.3151934961171112,0.001,1000.0,0.1,4.4740520069777826e-05,0.024941276811118508,31519.34961171112,0.0004474052006977782,0.024410447896100744,colebrook
moody_eps4.47e-04_Re3.48e+04,15.97812384606858,0.37182811136151606,0.001,1000.0,0.1,4.4740520069777826e-05,0.023113799268109865,37182.811136151606,0.0004474052006977782,0.023641686965426956,colebrook
moody_eps4.47e-04_Re3.95e+04,18.982243153748737,0.40686499535811066,0.001,1000.0,0.1,4.4740520069777826e-05,0.022933845055752466,40686.49953581107,0.0004474052006977782,0.023246242168324997,colebrook
moody_eps4.47e-04_Re4.50e+04,22.8396927854627,0.433626473556688,0.001,1000.0,0.1,4.4740520069777826e-05,0.024293420988581872,43362.6473556688,0.0004474052006977782,0.0229761859568955,colebrook
moody_eps4.47e-04_Re5.11e+04,28.90600269746138,0.4951747597721905,0.001,1000.0,0.1,4.4740520069777826e-05,0.02357767817176822,49517.47597721905,0.0004474052006977782,0.022438561828042086,colebrook
moody_eps4.47e-04_Re5.81e+04,36.9640409370439,0.5751002708239935,0.001,1000.0,0.1,4.4740520069777826e-05,0.022352303927865233,57510.027082399356,0.0004474052006977782,0.02187170644981991,colebrook
moody_eps4.47e-04_Re6.61e+04,44.56556418026367,0.6525257527742216,0.001,1000.0,0.1,4.4740520069777826e-05,0.02093312620741221,65252.57527742216,0.0004474052006977782,0.021424343201029615,colebrook
moody_eps4.47e-04_Re7.52e+04,55.600788270493645,0.7315048852945923,0.001,1000.0,0.1,4.4740520069777826e-05,0.020781480435377205,73150.48852945924,0.0004474052006977782,0.02104330771439579,colebrook
moody_eps4.47e-04_Re8.55e+04,79.37027418764569,0.8608750272006305,0.001,1000.0,0.1,4.4740520069777826e-05,0.02141941753888953,86087.50272006304,0.0004474052006977782,0.020537546565411118,colebrook
moody_eps4.47e-04_Re9.72e+04,91.25317143871399,0.9488122703054753,0.001,1000.0,0.1,4.4740520069777826e-05,0.02027296999967883,94881.22703054754,0.0004474052006977782,0.020255651273353027,colebrook
moody_eps4.47e-04_Re1.10e+05,118.99895725092286,1.0959675677185174,0.001,1000.0,0.1,4.4740520069777826e-05,0.019814254934713196,109596.75677185174,0.0004474052006977782,0.019864431472900814,colebrook
moody_eps4.47e-04_Re1.26e+05,139.53972257210228,1.2183293575686784,0.001,1000.0,0.1,4.4740520069777826e-05,0.01880175685908532,121832.93575686784,0.0004474052006977782,0.01959679715939789,colebrook
moody_eps4.47e-04_Re1.43e+05,190.8331571876636,1.4085490793064286,0.001,1000.0,0.1,4.4740520069777826e-05,0.019237111531394527,140854.90793064286,0.0004474052006977782,0.019255735185788703,colebrook
moody_eps4.47e-04_Re1.62e+05,299.72420012924005,1.7458285076542568,0.001,1000.0,0.1,4.4740520069777826e-05,0.01966747668073552,174582.85076542568,0.0004474052006977782,0.018802962306320028,colebrook
moody_eps4.47e-04_Re1.85e+05,299.70438370559356,1.8246405327449349,0.001,1000.0,0.1,4.4740520069777826e-05,0.018003977221000996,182464.0532744935,0.0004474052006977782,0.018717146658031484,colebrook
moody_eps4.47e-04_Re2.10e+05,379.8013355122284,1.9951074693135413,0.001,1000.0,0.1,4.4740520069777826e-05,0.019083318297317516,199510.74693135414,0.0004474052006977782,0.018550851836832492,colebrook
moody_eps4.47e-04_Re2.39e+05,593.2293201894951,2.4757805284891785,0.001,1000.0,0.1,4.4740520069777826e-05,0.019356566212600575,247578.05284891784,0.0004474052006977782,0.018187385973590663,colebrook
moody_eps4.47e-04_Re2.72e+05,663.0185817416691,2.6939671137446948,0.001,1000.0,0.1,4.4740520069777826e-05,0.01827137016151637,269396.71137446945,0.0004474052006977782,0.018059162402040176,colebrook
moody_eps4.47e-04_Re3.09e+05,871.3811685894765,3.055874441718704,0.001,1000.0,0.1,4.4740520069777826e-05,0.01866238538192327,305587.4441718704,0.0004474052006977782,0.017881498252776136,colebrook
moody_eps4.47e-04_Re3.51e+05,1124.8520060830576,3.6098205488231003,0.001,1000.0,0.1,4.4740520069777826e-05,0.017264506042928424,360982.05488231004,0.0004474052006977782,0.017670350077551678,colebrook
moody_eps4.47e-04_Re3.99e+05,1370.782450494831,4.012149819290074,0.001,1000.0,0.1,4.4740520069777826e-05,0.01703116073682543,401214.9819290074,0.0004474052006977782,0.017549438401717916,colebrook
moody_eps4.47e-04_Re4.54e+05,1731.0738584352275,4.554173608636346,0.001,1000.0,0.1,4.4740520069777826e-05,0.016692693882263812,455417.3608636346,0.0004474052006977782,0.017416814981216607,colebrook
moody_eps4.47e-04_Re5.16e+05,2415.382986221817,5.191638613952202,0.001,1000.0,0.1,4.4740520069777826e-05,0.01792285084719692,519163.8613952203,0.0004474052006977782,0.01729291211434768,colebrook
moody_eps4.47e-04_Re5.87e+05,3071.102200780422,6.095400381424721,0.001,1000.0,0.1,4.4740520069777826e-05,0.01653178654484483,609540.038142472,0.0004474052006977782,0.017157914652990623,colebrook
moody_eps4.47e-04_Re6.67e+05,3666.4082610835458,6.683223958875825,0.001,1000.0,0.1,4.4740520069777826e-05,0.016417188652810576,668322.3958875824,0.0004474052006977782,0.017088146795685995,colebrook
moody_eps4.47e-04_Re7.59e+05,5282.700010106264,7.840282954872433,0.001,1000.0,0.1,4.4740520069777826e-05,0.017187886274488723,784028.2954872433,0.0004474052006977782,0.01697923077297512,colebrook
moody_eps4.47e-04_Re8.63e+05,5730.90952442222,8.338888103923368,0.001,1000.0,0.1,4.4740520069777826e-05,0.016483037828108553,833888.8103923368,0.0004474052006977782,0.016940985525786607,colebrook
moody_eps4.47e-04_Re9.81e+05,7964.026815720701,9.976240958845354,0.001,1000.0,0.1,4.4740520069777826e-05,0.01600401128261278,997624.0958845353,0.0004474052006977782,0.016840717763359117,colebrook
moody_eps4.47e-04_Re1.12e+06,10600.556739973194,11.177982507199758,0.001,1000.0,0.1,4.4740520069777826e-05,0.016968045471468983,1117798.250719976,0.0004474052006977782,0.01678482501273153,colebrook
moody_eps4.47e-04_Re1.27e+06,12838.294682497793,12.435259066484527,0.001,1000.0,0.1,4.4740520069777826e-05,0.016604571046698012,1243525.9066484526,0.0004474052006977782,0.01673734870168406,colebrook
moody_eps4.47e-04_Re1.44e+06,17744.535254181836,14.461659727845186,0.001,1000.0,0.1,4.4740520069777826e-05,0.016969081969522522,1446165.9727845185,0.0004474052006977782,0.01667746053542103,colebrook
moody_eps4.47e-04_Re1.64e+06,20421.014476584605,15.796382813119115,0.001,1000.0,0.1,4.4740520069777826e-05,0.016367864039609836,1579638.2813119113,0.0004474052006977782,0.016646073838973968,colebrook
moody_eps4.47e-04_Re1.86e+06,27977.317066700427,19.10067701286994,0.001,1000.0,0.1,4.4740520069777826e-05,0.015336933648185313,1910067.7012869942,0.0004474052006977782,0.016586610910863445,colebrook
moody_eps4.47e-04_Re2.12e+06,41073.11404803732,21.836057486061833,0.001,1000.0,0.1,4.4740520069777826e-05,0.017228170804403385,2183605.748606183,0.0004474052006977782,0.016550596197920483,colebrook
moody_eps4.47e-04_Re2.41e+06,50104.83807411684,25.521221285031082,0.001,1000.0,0.1,4.4740520069777826e-05,0.015385327748484208,2552122.1285031084,0.0004474052006977782,0.016513967459694075,colebrook
moody_eps4.47e-04_Re2.74e+06,59162.461033837084,27.039060124507238,0.001,1000.0,0.1,4.4740520069777826e-05,0.016184267354801267,2703906.0124507234,0.0004474052006977782,0.016501712523688965,colebrook
moody_eps4.47e-04_Re3.12e+06,89044.19818964798,32.55882027826774,0.001,1000.0,0.1,4.4740520069777826e-05,0.016799575284535583,3255882.0278267735,0.0004474052006977782,0.016466580375020547,colebrook
moody_eps4.47e-04_Re3.54e+06,112315.30512214865,36.55052689578998,0.001,1000.0,0.1,4.4740520069777826e-05,0.016814410778131828,3655052.689578998,0.0004474052006977782,0.01644766285126566,colebrook
moody_eps4.47e-04_Re4.03e+06,123394.65216676131,38.50155504273628,0.001,1000.0,0.1,4.4740520069777826e-05,0.01664829614071257,3850155.5042736274,0.0004474052006977782,0.0164398184280246,colebrook
moody_eps4.47e-04_Re4.58e+06,153360.7899114376,42.92850536874318,0.001,1000.0,0.1,4.4740520069777826e-05,0.01664381180198069,4292850.536874318,0.0004474052006977782,0.016424621412462773,colebrook
moody_eps4.47e-04_Re5.21e+06,224148.4410742937,52.423823605873224,0.001,1000.0,0.1,4.4740520069777826e-05,0.016312042004687378,5242382.360587322,0.0004474052006977782,0.016400568086002678,colebrook
moody_eps4.47e-04_Re5.93e+06,298121.9975269743,59.676223196445854,0.001,1000.0,0.1,4.4740520069777826e-05,0.016742540531084725,5967622.319644585,0.0004474052006977782,0.016387292356061164,colebrook
moody_eps4.47e-04_Re6.74e+06,358512.2466502459,65.81071811740387,0.001,1000.0,0.1,4.4740520069777826e-05,0.016555440154259634,6581071.811740386,0.0004474052006977782,0.01637832299132645,colebrook
moody_eps4.47e-04_Re7.66e+06,530225.5156567122,80.02742121693257,0.001,1000.0,0.1,4.4740520069777826e-05,0.016558194272954036,8002742.121693257,0.0004474052006977782,0.016362776224524915,colebrook
moody_eps4.47e-04_Re8.71e+06,628910.0436336702,87.71203962562853,0.001,1000.0,0.1,4.4740520069777826e-05,0.016349335500563784,8771203.962562853,0.0004474052006977782,0.01635645416313496,colebrook
moody_eps4.47e-04_Re9.90e+06,774451.747378515,95.26447985377085,0.001,1000.0,0.1,4.4740520069777826e-05,0.01706720317625738,9526447.985377084,0.0004474052006977782,0.0163512272706752,colebrook
moody_eps4.47e-04_Re1.13e+07,1012326.8006534748,111.23821873918678,0.001,1000.0,0.1,4.4740520069777826e-05,0.01636223698551291,11123821.873918677,0.0004474052006977782,0.016342495378471288,colebrook
moody_eps4.47e-04_Re1.28e+07,1301782.1863810106,126.91914662090448,0.001,1000.0,0.1,4.4740520069777826e-05,0.016162704518089235,12691914.662090449,0.0004474052006977782,0.016336049484042263,colebrook
moody_eps4.47e-04_Re1.46e+07,1636195.4385154,143.05915199794322,0.001,1000.0,0.1,4.4740520069777826e-05,0.01598946307751495,14305915.199794322,0.0004474052006977782,0.016330883292540458,colebrook
moody_eps4.47e-04_Re1.66e+07,2465297.1750932196,170.26835230840842,0.001,1000.0,0.1,4.4740520069777826e-05,0.017007144707943657,17026835.230840843,0.0004474052006977782,0.016324382052191725,colebrook
moody_eps4.47e-04_Re1.88e+07,2834777.9809488417,189.63916302843262,0.001,1000.0,0.1,4.4740520069777826e-05,0.015764964118133433,18963916.30284326,0.0004474052006977782,0.01632088624202376,colebrook
moody_eps4.47e-04_Re2.14e+07,3980602.3340343786,213.64753864626354,0.001,1000.0,0.1,4.4740520069777826e-05,0.017441466626965,21364753.86462635,0.0004474052006977782,0.016317430279812254,colebrook
moody_eps4.47e-04_Re2.43e+07,4895620.239401327,245.70640206414896,0.001,1000.0,0.1,4.4740520069777826e-05,0.016218279187133113,24570640.206414897,0.0004474052006977782,0.016313865441343427,colebrook
moody_eps4.47e-04_Re2.77e+07,6043655.217736191,270.0605104099865,0.001,1000.0,0.1,4.4740520069777826e-05,0.016573243372269755,27006051.040998645,0.0004474052006977782,0.016311721539047763,colebrook
moody_eps4.47e-04_Re3.15e+07,8274217.558094452,312.4659297948787,0.001,1000.0,0.1,4.4740520069777826e-05,0.016949293139232824,31246592.97948787,0.0004474052006977782,0.016308784303491423,colebrook
moody_eps4.47e-04_Re3.58e+07,11317329.190497905,369.71361950379134,0.001,1000.0,0.1,4.4740520069777826e-05,0.016559340843451807,36971361.95037913,0.0004474052006977782,0.016305885744048468,colebrook
moody_eps4.47e-04_Re4.07e+07,13779786.06641769,407.8252787032602,0.001,1000.0,0.1,4.4740520069777826e-05,0.01657006406306346,40782527.87032602,0.0004474052006977782,0.016304406485247894,colebrook
moody_eps4.47e-04_Re4.63e+07,17658996.134547636,467.081425056326,0.001,1000.0,0.1,4.4740520069777826e-05,0.0161886567227299,46708142.505632594,0.0004474052006977782,0.016302585239017675,colebrook
moody_eps4.47e-04_Re5.26e+07,24364415.42092341,547.5114471829231,0.001,1000.0,0.1,4.4740520069777826e-05,0.016255471988170123,54751144.7182923,0.0004474052006977782,0.0163007430681942,colebrook
moody_eps4.47e-04_Re5.98e+07,26857876.458022967,588.6892421314219,0.001,1000.0,0.1,4.4740520069777826e-05,0.015499920424425662,58868924.21314219,0.0004474052006977782,0.016299994520308225,colebrook
moody_eps4.47e-04_Re6.80e+07,35548570.70719049,675.834888518953,0.001,1000.0,0.1,4.4740520069777826e-05,0.015565781305127507,67583488.85189529,0.0004474052006977782,0.016298710821051988,colebrook
moody_eps4.47e-04_Re7.73e+07,49809863.10412553,791.3417066827602,0.001,1000.0,0.1,4.4740520069777826e-05,0.01590806047244233,79134170.66827603,0.0004474052006977782,0.016297444676153898,colebrook
moody_eps4.47e-04_Re8.79e+07,55737829.91537207,855.6356348668759,0.001,1000.0,0.1,4.4740520069777826e-05,0.015226578462455882,85563563.48668759,0.0004474052006977782,0.01629688788177132,colebrook
moody_eps4.47e-04_Re1.00e+08,82091051.05000737,1008.3184738868424,0.001,1000.0,0.1,4.4740520069777826e-05,0.016148432164271077,100831847.38868424,0.0004474052006977782,0.016295849955237644,colebrook
moody_eps5.90e-04_Re3.00e+02,0.009534546287099684,0.0030636622531052026,0.001,1000.0,0.1,5.904558617985661e-05,0.2031647020720207,306.36622531052024,0.000590455861798566,0.20890031182494814,laminar
moody_eps5.90e-04_Re3.41e+02,0.011508207682187037,0.003517506124160776,0.001,1000.0,0.1,5.904558617985661e-05,0.18602356453206176,351.75061241607756,0.000590455861798566,0.1819470890481234,laminar
moody_eps5.90e-04_Re3.88e+02,0.01286114878958779,0.004074331930259173,0.001,1000.0,0.1,5.904558617985661e-05,0.15495191334498148,407.43319302591726,0.000590455861798566,0.1570809671266251,laminar
moody_eps5.90e-04_Re4.41e+02,0.01424663500024805,0.004562401314658219,0.001,1000.0,0.1,5.904558617985661e-05,0.13688483159862588,456.24013146582195,0.000590455861798566,0.14027700674725585,laminar
moody_eps5.90e-04_Re5.01e+02,0.01598524474898582,0.00503086132939154,0.001,1000.0,0.1,5.904558617985661e-05,0.1263178114443405,503.086132939154,0.000590455861798566,0.12721479645263947,laminar
moody_eps5.90e-04_Re5.70e+02,0.01927530159801527,0.00594511828108483,0.001,1000.0,0.1,5.904558617985661e-05,0.10907122195806639,594.511828108483,0.000590455861798566,0.1076513485082784,laminar
moody_eps5.90e-04_Re6.48e+02,0.022271350009257326,0.006876750028449875,0.001,1000.0,0.1,5.904558617985661e-05,0.09419114212872474,687.6750028449875,0.000590455861798566,0.09306721886825162,laminar
moody_eps5.90e-04_Re7.37e+02,0.023673905004750462,0.0074125579718669335,0.001,1000.0,0.1,5.904558617985661e-05,0.08617150746622151,741.2557971866933,0.000590455861798566,0.08633996555966349,laminar
moody_eps5.90e-04_Re8.38e+02,0.026474053811831367,0.00845273921388941,0.001,1000.0,0.1,5.904558617985661e-05,0.07410636352478034,845.2739213889411,0.000590455861798566,0.075715100608849,laminar
moody_eps5.90e-04_Re9.53e+02,0.02907812476067838,0.009232612503896113,0.001,1000.0,0.1,5.904558617985661e-05,0.06822557025358858,923.2612503896113,0.000590455861798566,0.06931949106820236,laminar
moody_eps5.90e-04_Re1.08e+03,0.033793904099576035,0.010723176358816122,0.001,1000.0,0.1,5.904558617985661e-05,0.05877890152567762,1072.3176358816122,0.000590455861798566,0.05968380809794481,laminar
moody_eps5.90e-04_Re1.23e+03,0.041894573669271684,0.013160794451449416,0.001,1000.0,0.1,5.904558617985661e-05,0.04837528742512736,1316.0794451449415,0.000590455861798566,0.04862928316075296,laminar
moody_eps5.90e-04_Re1.40e+03,0.046174345384400864,0.013892570611021364,0.001,1000.0,0.1,5.904558617985661e-05,0.04784819035351231,1389.2570611021365,0.000590455861798566,0.04606778816673929,laminar
moody_eps5.90e-04_Re1.59e+03,0.05127524159921221,0.016374548635352232,0.001,1000.0,0.1,5.904558617985661e-05,0.038247146208140785,1637.4548635352232,0.000590455861798566,0.03908504681577948,laminar
moody_eps5.90e-04_Re1.81e+03,0.0613475808686569,0.01859313558018981,0.001,1000.0,0.1,5.904558617985661e-05,0.03549132107166269,1859.3135580189808,0.000590455861798566,0.03442130549953568,laminar
moody_eps5.90e-04_Re2.06e+03,0.06406456913498167,0.020098983830481084,0.001,1000.0,0.1,5.904558617985661e-05,0.0317175551516985,2009.8983830481086,0.000590455861798566,0.031842405834936235,laminar
moody_eps5.90e-04_Re4.45e+03,0.415516700190167,0.04550122540594412,0.001,1000.0,0.1,5.904558617985661e-05,0.04013953094590311,4550.1225405944115,0.000590455861798566,0.039055596172976374,colebrook
moody_eps5.90e-04_Re5.06e+03,0.48508329157177554,0.04952654076442251,0.001,1000.0,0.1,5.904558617985661e-05,0.039552170478219593,4952.654076442252,0.000590455861798566,0.03814763998832349,colebrook
moody_eps5.90e-04_Re5.76e+03,0.6077893436190126,0.05853770138190963,0.001,1000.0,0.1,5.904558617985661e-05,0.03547412951351615,5853.770138190964,0.000590455861798566,0.03645277658735876,colebrook
moody_eps5.90e-04_Re6.55e+03,0.7915808660175085,0.0650050405067371,0.001,1000.0,0.1,5.904558617985661e-05,0.037465472758770886,6500.504050673709,0.000590455861798566,0.03545135210811342,colebrook
moody_eps5.90e-04_Re7.44e+03,0.9148407107419043,0.07533300631431328,0.001,1000.0,0.1,5.904558617985661e-05,0.03224073099034642,7533.300631431327,0.000590455861798566,0.03411690148370717,colebrook
moody_eps5.90e-04_Re8.46e+03,1.1636644143966417,0.08155747059091195,0.001,1000.0,0.1,5.904558617985661e-05,0.03498889707604643,8155.747059091196,0.000590455861798566,0.03343277742783579,colebrook
moody_eps5.90e-04_Re9.62e+03,1.4895542652703542,0.0960996399415071,0.001,1000.0,0.1,5.904558617985661e-05,0.03225839861093199,9609.963994150708,0.000590455861798566,0.032090761737482265,colebrook
moody_eps5.90e-04_Re1.09e+04,1.8339923599277104,0.10568149525034444,0.001,1000.0,0.1,5.904558617985661e-05,0.032842001693438275,10568.149525034443,0.000590455861798566,0.031355585347013396,colebrook
moody_eps5.90e-04_Re1.24e+04,2.2798130274148165,0.12401839050389939,0.001,1000.0,0.1,5.904558617985661e-05,0.029645381599058124,12401.839050389937,0.000590455861798566,0.03018390276712602,colebrook
moody_eps5.90e-04_Re1.41e+04,3.187461871070655,0.14097993261937067,0.001,1000.0,0.1,5.904558617985661e-05,0.032074537052754024,14097.993261937067,0.000590455861798566,0.02930184982731438,colebrook
moody_eps5.90e-04_Re1.61e+04,3.729282166030446,0.1610392798696222,0.001,1000.0,0.1,5.904558617985661e-05,0.028760180034738805,16103.927986962219,0.000590455861798566,0.028436907382226116,colebrook
moody_eps5.90e-04_Re1.83e+04,4.206452576447581,0.17524961458832122,0.001,1000.0,0.1,5.904558617985661e-05,0.02739251131037873,17524.961458832124,0.000590455861798566,0.027912651203445892,colebrook
moody_eps5.90e-04_Re2.08e+04,5.422173700059232,0.19672366014214923,0.001,1000.0,0.1,5.904558617985661e-05,0.028021425811044404,19672.366014214924,0.000590455861798566,0.027226891401166034,colebrook
moody_eps5.90e-04_Re2.37e+04,6.972207447156949,0.23175167864617074,0.001,1000.0,0.1,5.904558617985661e-05,0.02596297881342588,23175.167864617073,0.000590455861798566,0.026313177877892537,colebrook
moody_eps5.90e-04_Re2.69e+04,9.402624183682033,0.26996816470990137,0.001,1000.0,0.1,5.904558617985661e-05,0.02580203532012854,26996.816470990136,0.000590455861798566,0.025520767173706913,colebrook
moody_eps5.90e-04_Re3.06e+04,13.040907064091568,0.32532161440265006,0.001,1000.0,0.1,5.904558617985661e-05,0.024644043003845706,32532.16144026501,0.000590455861798566,0.0246251916937987,colebrook
moody_eps5.90e-04_Re3.48e+04,15.249252463533267,0.35893447768135445,0.001,1000.0,0.1,5.904558617985661e-05,0.023672721928487885,35893.44776813545,0.000590455861798566,0.024183762424189275,colebrook
moody_eps5.90e-04_Re3.95e+04,17.225938156861226,0.3837872118975726,0.001,1000.0,0.1,5.904558617985661e-05,0.02339008931632162,38378.721189757256,0.000590455861798566,0.023894891280680206,colebrook
moody_eps5.90e-04_Re4.50e+04,23.60436262610922,0.4488052194536667,0.001,1000.0,0.1,5.904558617985661e-05,0.02343724045237098,44880.521945366665,0.000590455861798566,0.023255367198551563,colebrook
moody_eps5.90e-04_Re5.11e+04,32.41025124573181,0.5276744395926929,0.001,1000.0,0.1,5.904558617985661e-05,0.02327985538941356,52767.44395926929,0.000590455861798566,0.02264449288930051,colebrook
moody_eps5.90e-04_Re5.81e+04,36.84905331034732,0.5715378447693698,0.001,1000.0,0.1,5.904558617985661e-05,0.022561415563174515,57153.78447693697,0.000590455861798566,0.022361409565121945,colebrook
moody_eps5.90e-04_Re6.61e+04,48.75116125111255,0.6827333124443882,0.001,1000.0,0.1,5.904558617985661e-05,0.020917644274435675,68273.33124443881,0.000590455861798566,0.02177261009763005,colebrook
moody_eps5.90e-04_Re7.52e+04,56.230017660777726,0.7364961882264608,0.001,1000.0,0.1,5.904558617985661e-05,0.020732764213383492,73649.61882264608,0.000590455861798566,0.021538354413758547,colebrook
moody_eps5.90e-04_Re8.55e+04,79.686977555078,0.8702937141926919,0.001,1000.0,0.1,5.904558617985661e-05,0.02104193413686813,87029.37141926918,0.000590455861798566,0.021056343153802726,colebrook
moody_eps5.90e-04_Re9.72e+04,94.77101780706742,0.9466305434195098,0.001,1000.0,0.1,5.904558617985661e-05,0.021151662802720243,94663.05434195098,0.000590455861798566,0.020830583123941357,colebrook
moody_eps5.90e-04_Re1.10e+05,125.97075107114814,1.0931163240949835,0.001,1000.0,0.1,5.904558617985661e-05,0.021084677108463276,109311.63240949834,0.000590455861798566,0.020469540463783523,colebrook
moody_eps5.90e-04_Re1.26e+05,158.82493505299095,1.24896014811765,0.001,1000.0,0.1,5.904558617985661e-05,0.020363457562207202,124896.014811765,0.000590455861798566,0.020162379285583475,colebrook
moody_eps5.90e-04_Re1.43e+05,189.97106564129817,1.3702105110194174,0.001,1000.0,0.1,5.904558617985661e-05,0.020236847788242248,137021.05110194173,0.000590455861798566,0.019963605386290183,colebrook
moody_eps5.90e-04_Re1.62e+05,240.85425057793069,1.6059591381643372,0.001,1000.0,0.1,5.904558617985661e-05,0.018677353081949517,160595.91381643372,0.000590455861798566,0.019649755159793756,colebrook
moody_eps5.90e-04_Re1.85e+05,289.6700089692422,1.7492718512454561,0.001,1000.0,0.1,5.904558617985661e-05,0.018932977253517298,174927.18512454562,0.000590455861798566,0.01949411089488708,colebrook
moody_eps5.90e-04_Re2.10e+05,415.4647134704525,2.1500581383164707,0.001,1000.0,0.1,5.904558617985661e-05,0.01797478616137746,215005.81383164704,0.000590455861798566,0.019154433083506776,colebrook
moody_eps5.90e-04_Re2.39e+05,576.7966695651393,2.4737029573388902,0.001,1000.0,0.1,5.904558617985661e-05,0.01885200920818133,247370.295733889,0.000590455861798566,0.01895063462398079,colebrook
moody_eps5.90e-04_Re2.72e+05,719.5795309876429,2.734406084768446,0.001,1000.0,0.1,5.904558617985661e-05,0.019247874267326985,273440.6084768446,0.000590455861798566,0.01881744334563481,colebrook
moody_eps5.90e-04_Re3.09e+05,849.0989682546291,3.015047832597093,0.001,1000.0,0.1,5.904558617985661e-05,0.018680990342886974,301504.7832597093,0.000590455861798566,0.018696957640420342,colebrook
moody_eps5.90e-04_Re3.51e+05,1112.2103113164535,3.49538041255572,0.001,1000.0,0.1,5.904558617985661e-05,0.018206565017026763,349538.041255572,0.000590455861798566,0.01853115358369442,colebrook
moody_eps5.90e-04_Re3.99e+05,1546.7243195326432,4.095657871536535,0.001,1000.0,0.1,5.904558617985661e-05,0.01844147133598148,409565.7871536535,0.000590455861798566,0.018373741334640637,colebrook
moody_eps5.90e-04_Re4.54e+05,2019.9991944795845,4.643086030309793,0.001,1000.0,0.1,5.904558617985661e-05,0.018739919916204214,464308.60303097934,0.000590455861798566,0.01826276413712,colebrook
moody_eps5.90e-04_Re5.16e+05,2536.9129065189513,5.223596674969071,0.001,1000.0,0.1,5.904558617985661e-05,0.018595004169608954,522359.6674969071,0.000590455861798566,0.018168575080178634,colebrook
moody_eps5.90e-04_Re5.87e+05,2802.6174003908527,5.674028875095452,0.001,1000.0,0.1,5.904558617985661e-05,0.01741047927563628,567402.8875095452,0.000590455861798566,0.018107824948859114,colebrook
moody_eps5.90e-04_Re6.67e+05,4317.0903852551255,6.970270796159777,0.001,1000.0,0.1,5.904558617985661e-05,0.01777140790902104,697027.0796159777,0.000590455861798566,0.01797418132905668,colebrook
moody_eps5.90e-04_Re7.59e+05,5542.119681608818,7.737387459905181,0.001,1000.0,0.1,5.904558617985661e-05,0.01851472241568812,773738.745990518,0.000590455861798566,0.017915014377793748,colebrook
moody_eps5.90e-04_Re8.63e+05,6959.586964742848,8.723355345004713,0.001,1000.0,0.1,5.904558617985661e-05,0.0182913741834112,872335.5345004712,0.000590455861798566,0.017853480755751334,colebrook
moody_eps5.90e-04_Re9.81e+05,7662.7252608048775,9.459505625943601,0.001,1000.0,0.1,5.904558617985661e-05,0.01712680569495797,945950.5625943601,0.000590455861798566,0.017815507500358266,colebrook
moody_eps5.90e-04_Re1.12e+06,10121.94652707855,10.774222084398001,0.001,1000.0,0.1,5.904558617985661e-05,0.017439024502113078,1077422.2084398002,0.000590455861798566,0.0177600548705109,colebrook
moody_eps5.90e-04_Re1.27e+06,12050.028333117181,11.730507138184896,0.001,1000.0,0.1,5.904558617985661e-05,0.01751396540362453,1173050.7138184896,0.000590455861798566,0.017727222872319075,colebrook
moody_eps5.90e-04_Re1.44e+06,16948.624756799916,13.64305371546438,0.001,1000.0,0.1,5.904558617985661e-05,0.018211313980292656,1364305.371546438,0.000590455861798566,0.017674894255020304,colebrook
moody_eps5.90e-04_Re1.64e+06,24669.233160612876,16.61353682484215,0.001,1000.0,0.1,5.904558617985661e-05,0.017875633774697426,1661353.682484215,0.000590455861798566,0.017616824422414284,colebrook
moody_eps5.90e-04_Re1.86e+06,26925.856877127815,17.594476666359647,0.001,1000.0,0.1,5.904558617985661e-05,0.01739589675346897,1759447.6666359645,0.000590455861798566,0.017601837120992635,colebrook
moody_eps5.90e-04_Re2.12e+06,42135.3486943376,22.149008086058974,0.001,1000.0,0.1,5.904558617985661e-05,0.017177819089104165,2214900.8086058972,0.000590455861798566,0.017549258536951683,colebrook
moody_eps5.90e-04_Re2.41e+06,52222.94159469881,24.73787905142006,0.001,1000.0,0.1,5.904558617985661e-05,0.017067362115813715,2473787.905142006,0.000590455861798566,0.017527830358214647,colebrook
moody_eps5.90e-04_Re2.74e+06,70584.74862735085,27.288277906245654,0.001,1000.0,0.1,5.904558617985661e-05,0.018957829341937082,2728827.7906245654,0.000590455861798566,0.01751062388642492,colebrook
moody_eps5.90e-04_Re3.12e+06,92005.12732901517,31.80499748383727,0.001,1000.0,0.1,5.904558617985661e-05,0.01819077889999803,3180499.748383727,0.000590455861798566,0.017486815941360832,colebrook
moody_eps5.90e-04_Re3.54e+06,104507.78892172473,35.392650819734015,0.001,1000.0,0.1,5.904558617985661e-05,0.016686008953411016,3539265.0819734014,0.000590455861798566,0.01747217385115863,colebrook
moody_eps5.90e-04_Re4.03e+06,133255.89740000307,38.58458451220099,0.001,1000.0,0.1,5.904558617985661e-05,0.01790147341787826,3858458.451220099,0.000590455861798566,0.017461405723763732,colebrook
moody_eps5.90e-04_Re4.58e+06,194799.61533213925,46.241778976959914,0.001,1000.0,0.1,5.904558617985661e-05,0.018220027304937467,4624177.897695991,0.000590455861798566,0.01744156776770557,colebrook
moody_eps5.90e-04_Re5.21e+06,232460.9100673524,51.36928597615135,0.001,1000.0,0.1,5.904558617985661e-05,0.017618659850488702,5136928.597615135,0.000590455861798566,0.017431556874471083,colebrook
moody_eps5.90e-04_Re5.93e+06,299209.68098117353,58.0273859067404,0.001,1000.0,0.1,5.904558617985661e-05,0.017772135839775428,5802738.59067404,0.000590455861798566,0.01742117451303222,colebrook
moody_eps5.90e-04_Re6.74e+06,349200.6021780415,63.29252661471741,0.001,1000.0,0.1,5.904558617985661e-05,0.017434123327330138,6329252.66147174,0.000590455861798566,0.017414498368515288,colebrook
moody_eps5.90e-04_Re7.66e+06,482324.82053429546,74.59542602242594,0.001,1000.0,0.1,5.904558617985661e-05,0.01733585276602945,7459542.602242595,0.000590455861798566,0.017403327577413967,colebrook
moody_eps5.90e-04_Re8.71e+06,709462.7220998937,89.79927812319812,0.001,1000.0,0.1,5.904558617985661e-05,0.017595997256406596,8979927.812319813,0.000590455861798566,0.017392711222417187,colebrook
moody_eps5.90e-04_Re9.90e+06,864706.4998294224,100.92712129697165,0.001,1000.0,0.1,5.904558617985661e-05,0.016977859947333016,10092712.129697165,0.000590455861798566,0.017386957809155473,colebrook
moody_eps5.90e-04_Re1.13e+07,908074.0890046178,103.94779122817415,0.001,1000.0,0.1,5.904558617985661e-05,0.016808182245994226,10394779.122817416,0.000590455861798566,0.017385607547841346,colebrook
moody_eps5.90e-04_Re1.28e+07,1397508.673637099,129.06952892535034,0.001,1000.0,0.1,5.904558617985661e-05,0.0167778789893327,12906952.892535033,0.000590455861798566,0.017376816565448306,colebrook
moody_eps5.90e-04_Re1.46e+07,1781971.7307567503,147.24290435242312,0.001,1000.0,0.1,5.904558617985661e-05,0.016438495049847082,14724290.435242314,0.000590455861798566,0.017372320367085664,colebrook
moody_eps5.90e-04_Re1.66e+07,2454634.355218988,164.79489110817806,0.001,1000.0,0.1,5.904558617985661e-05,0.01807712314103574,16479489.110817805,0.000590455861798566,0.01736891630374215,colebrook
moody_eps5.90e-04_Re1.88e+07,3091877.065225609,191.12751521202617,0.001,1000.0,0.1,5.904558617985661e-05,0.01692800528843663,19112751.521202616,0.000590455861798566,0.01736497870605109,colebrook
moody_eps5.90e-04_Re2.14e+07,4127129.007467731,218.47810386411393,0.001,1000.0,0.1,5.904558617985661e-05,0.01729267598613392,21847810.386411395,0.000590455861798566,0.01736189140311752,colebrook
moody_eps5.90e-04_Re2.43e+07,5123994.940424788,238.89999649818347,0.001,1000.0,0.1,5.904558617985661e-05,0.017955867877908743,23889999.649818346,0.000590455861798566,0.017360046157751496,colebrook
moody_eps5.90e-04_Re2.77e+07,6413281.311884374,279.9511287003423,0.001,1000.0,0.1,5.904558617985661e-05,0.016366124109580264,27995112.870034225,0.000590455861798566,0.017357149892773684,colebrook
moody_eps5.90e-04_Re3.15e+07,8662551.94686961,308.7224297475222,0.001,1000.0,0.1,5.904558617985661e-05,0.018177722967624165,30872242.97475222,0.000590455861798566,0.01735557831178384,colebrook
moody_eps5.90e-04_Re3.58e+07,11710181.932608154,356.61959442482447,0.001,1000.0,0.1,5.904558617985661e-05,0.0184154881140721,35661959.44248245,0.000590455861798566,0.017353523653661836,colebrook
moody_eps5.90e-04_Re4.07e+07,15462977.086429004,416.20924056944824,0.001,1000.0,0.1,5.904558617985661e-05,0.01785252590143573,41620924.056944825,0.000590455861798566,0.017351626736781416,colebrook
moody_eps5.90e-04_Re4.63e+07,16566912.856585989,440.13219422569694,0.001,1000.0,0.1,5.904558617985661e-05,0.017104300172845293,44013219.42256969,0.000590455861798566,0.01735100952234746,colebrook
moody_eps5.90e-04_Re5.26e+07,27388656.00982327,550.4525356373688,0.001,1000.0,0.1,5.904558617985661e-05,0.0180784404868123,55045253.56373688,0.000590455861798566,0.017348856726559923,colebrook
moody_eps5.90e-04_Re5.98e+07,30789014.329917077,601.7414098579469,0.001,1000.0,0.1,5.904558617985661e-05,0.01700614912173224,60174140.98579469,0.000590455861798566,0.017348124436122377,colebrook
moody_eps5.90e-04_Re6.80e+07,37717588.173833236,662.1300027924976,0.001,1000.0,0.1,5.904558617985661e-05,0.017206295426252793,66213000.279249765,0.000590455861798566,0.017347407530629973,colebrook
moody_eps5.90e-04_Re7.73e+07,50057697.85178892,770.964321072099,0.001,1000.0,0.1,5.904558617985661e-05,0.016843498725889076,77096432.10720989,0.000590455861798566,0.01734639890021277,colebrook
moody_eps5.90e-04_Re8.79e+07,64358431.28443243,854.1387078188059,0.001,1000.0,0.1,5.904558617985661e-05,0.017643252036792584,85413870.78188059,0.000590455861798566,0.0173458012480626,colebrook
moody_eps5.90e-04_Re1.00e+08,94748265.57703827,1038.7567842597127,0.001,1000.0,0.1,5.904558617985661e-05,0.017561981603497333,103875678.42597127,0.000590455861798566,0.01734481648857562,colebrook
moody_eps7.79e-04_Re3.00e+02,0.010036637417361875,0.0030105193297069875,0.001,1000.0,0.1,7.792446851054645e-05,0.2214804466902076,301.0519329706988,0.0007792446851054644,0.21258790590867618,laminar
moody_eps7.79e-04_Re3.41e+02,0.010478101148890077,0.003290417480528876,0.001,1000.0,0.1,7.792446851054645e-05,0.19355775433122785,329.0417480528876,0.0007792446851054644,0.19450419400796867,laminar
moody_eps7.79e-04_Re3.88e+02,0.012073848018141299,0.0038328259116353824,0.001,1000.0,0.1,7.792446851054645e-05,0.16437566115967586,383.28259116353826,0.0007792446851054644,0.16697862484626286,laminar
moody_eps7.79e-04_Re4.41e+02,0.014130652188016114,0.004285282379637954,0.001,1000.0,0.1,7.792446851054645e-05,0.15389811915512486,428.52823796379545,0.0007792446851054644,0.14934838437743067,laminar
moody_eps7.79e-04_Re5.01e+02,0.01622196737862176,0.0051047392862171685,0.001,1000.0,0.1,7.792446851054645e-05,0.1245048836445511,510.47392862171677,0.0007792446851054644,0.12537368984308456,laminar
moody_eps7.79e-04_Re5.70e+02,0.018268235650933298,0.00597050209427207,0.001,1000.0,0.1,7.792446851054645e-05,0.10249552180555496,597.0502094272069,0.0007792446851054644,0.10719366476966784,laminar
moody_eps7.79e-04_Re6.48e+02,0.02006079988566517,0.00644761390224368,0.001,1000.0,0.1,7.792446851054645e-05,0.09651175105207871,644.761390224368,0.0007792446851054644,0.09926152677617511,laminar
moody_eps7.79e-04_Re7.37e+02,0.024676591022219165,0.0077531091320231175,0.001,1000.0,0.1,7.792446851054645e-05,0.0821038201991817,775.3109132023117,0.0007792446851054644,0.0825475288818741,laminar
moody_eps7.79e-04_Re8.38e+02,0.026792828610630395,0.008462050578126103,0.001,1000.0,0.1,7.792446851054645e-05,0.07483371886435349,846.2050578126102,0.0007792446851054644,0.07563178618364229,laminar
moody_eps7.79e-04_Re9.53e+02,0.03204882746289721,0.009851962862316576,0.001,1000.0,0.1,7.792446851054645e-05,0.06603841005236898,985.1962862316575,0.0007792446851054644,0.06496167402822622,laminar
moody_eps7.79e-04_Re1.08e+03,0.035360708145455916,0.01099824918310695,0.001,1000.0,0.1,7.792446851054645e-05,0.05846606152042671,1099.824918310695,0.0007792446851054644,0.05819108017510867,laminar
moody_eps7.79e-04_Re1.23e+03,0.04109688124224411,0.012646475911710578,0.001,1000.0,0.1,7.792446851054645e-05,0.05139250878580188,1264.6475911710577,0.0007792446851054644,0.05060698367419204,laminar
moody_eps7.79e-04_Re1.40e+03,0.0437728785269464,0.014277633306023154,0.001,1000.0,0.1,7.792446851054645e-05,0.04294599361281613,1427.7633306023154,0.0007792446851054644,0.04482535629557106,laminar
moody_eps7.79e-04_Re1.59e+03,0.05465372385106874,0.01652921078842569,0.001,1000.0,0.1,7.792446851054645e-05,0.04000787804545087,1652.9210788425687,0.0007792446851054644,0.03871933198699055,laminar
moody_eps7.79e-04_Re1.81e+03,0.05870543003539097,0.018500590045906408,0.001,1000.0,0.1,7.792446851054645e-05,0.03430339545287655,1850.0590045906408,0.0007792446851054644,0.03459349125687003,laminar
moody_eps7.79e-04_Re2.06e+03,0.06393257111716617,0.020629843439349718,0.001,1000.0,0.1,7.792446851054645e-05,0.030044176305877895,2062.9843439349715,0.0007792446851054644,0.031023017788843373,laminar
moody_eps7.79e-04_Re4.45e+03,0.40562679988094386,0.04389532069330498,0.001,1000.0,0.1,7.792446851054645e-05,0.04210369241908065,4389.5320693304975,0.0007792446851054644,0.03964675912402016,colebrook
moody_eps7.79e-04_Re5.06e+03,0.4779252180682287,0.05046113491725143,0.001,1000.0,0.1,7.792446851054645e-05,0.037538413567523715,5046.113491725143,0.0007792446851054644,0.03815968499478978,colebrook
moody_eps7.79e-04_Re5.76e+03,0.6178875645748503,0.05809009499362212,0.001,1000.0,0.1,7.792446851054645e-05,0.03662142818181452,5809.0094993622115,0.0007792446851054644,0.03674853907205336,colebrook
moody_eps7.79e-04_Re6.55e+03,0.7331112180668499,0.06342088648415524,0.001,1000.0,0.1,7.792446851054645e-05,0.036453165252495014,6342.0886484155235,0.0007792446851054644,0.035912132050714064,colebrook
moody_eps7.79e-04_Re7.44e+03,0.9357020166851002,0.07349461406034903,0.001,1000.0,0.1,7.792446851054645e-05,0.034646273855298435,7349.461406034903,0.0007792446851054644,0.034578822959852075,colebrook
moody_eps7.79e-04_Re8.46e+03,1.2840491533984177,0.08773454921864703,0.001,1000.0,0.1,7.792446851054645e-05,0.03336340339110214,8773.454921864703,0.0007792446851054644,0.03308783579545086,colebrook
moody_eps7.79e-04_Re9.62e+03,1.6360774933567306,0.10022775383759575,0.001,1000.0,0.1,7.792446851054645e-05,0.032573008351958886,10022.775383759574,0.0007792446851054644,0.032041583506161674,colebrook
moody_eps7.79e-04_Re1.09e+04,1.7743700859303317,0.10729568176089874,0.001,1000.0,0.1,7.792446851054645e-05,0.03082547059904988,10729.568176089873,0.0007792446851054644,0.03152952056816977,colebrook
moody_eps7.79e-04_Re1.24e+04,2.2992129653388487,0.12479272562669898,0.001,1000.0,0.1,7.792446851054645e-05,0.029527770368034657,12479.272562669898,0.0007792446851054644,0.030448366339957345,colebrook
moody_eps7.79e-04_Re1.41e+04,3.1775378027205963,0.1434586236146747,0.001,1000.0,0.1,7.792446851054645e-05,0.030879296824091552,14345.862361467469,0.0007792446851054644,0.02951379043014359,colebrook
moody_eps7.79e-04_Re1.61e+04,3.671854275659206,0.1598748602358997,0.001,1000.0,0.1,7.792446851054645e-05,0.028731286783795253,15987.486023589969,0.0007792446851054644,0.028827098138534162,colebrook
moody_eps7.79e-04_Re1.83e+04,5.339426759797808,0.19377074712769848,0.001,1000.0,0.1,7.792446851054645e-05,0.02844121869582408,19377.074712769845,0.0007792446851054644,0.027689456765968876,colebrook
moody_eps7.79e-04_Re2.08e+04,6.272430524306581,0.21164172562531827,0.001,1000.0,0.1,7.792446851054645e-05,0.02800678564586868,21164.17256253183,0.0007792446851054644,0.027200650120711403,colebrook
moody_eps7.79e-04_Re2.37e+04,7.881299932568099,0.23780040532520008,0.001,1000.0,0.1,7.792446851054645e-05,0.027874216573178554,23780.040532520008,0.0007792446851054644,0.026585463029066926,colebrook
moody_eps7.79e-04_Re2.69e+04,9.217137248660189,0.27667717367172745,0.001,1000.0,0.1,7.792446851054645e-05,0.024081270103016594,27667.717367172743,0.0007792446851054644,0.025836007872858915,colebrook
moody_eps7.79e-04_Re3.06e+04,12.52254806025481,0.31289714740103514,0.001,1000.0,0.1,7.792446851054645e-05,0.025581116477842707,31289.714740103514,0.0007792446851054644,0.02526686255618533,colebrook
moody_eps7.79e-04_Re3.48e+04,14.289414676027553,0.3323425475981482,0.001,1000.0,0.1,7.792446851054645e-05,0.02587453453607142,33234.254759814816,0.0007792446851054644,0.025000485552149777,colebrook
moody_eps7.79e-04_Re3.95e+04,18.61781434515681,0.39483639838813156,0.001,1000.0,0.1,7.792446851054645e-05,0.023884949505319244,39483.63983881316,0.0007792446851054644,0.024283034901480278,colebrook
moody_eps7.79e-04_Re4.50e+04,21.434423836387644,0.4225632663975519,0.001,1000.0,0.1,7.792446851054645e-05,0.02400812965387593,42256.326639755185,0.0007792446851054644,0.02401770406820415,colebrook
moody_eps7.79e-04_Re5.11e+04,31.07298152996405,0.5113704824044781,0.001,1000.0,0.1,7.792446851054645e-05,0.023765207516118093,51137.04824044781,0.0007792446851054644,0.023321818980798454,colebrook
moody_eps7.79e-04_Re5.81e+04,39.19970314827528,0.5856557258789401,0.001,1000.0,0.1,7.792446851054645e-05,0.022857460950950186,58565.57258789401,0.0007792446851054644,0.022869887820526777,colebrook
moody_eps7.79e-04_Re6.61e+04,46.64800553568089,0.6459936784293407,0.001,1000.0,0.1,7.792446851054645e-05,0.022356640299954645,64599.36784293407,0.0007792446851054644,0.022564339942804327,colebrook
moody_eps7.79e-04_Re7.52e+04,61.326854641602715,0.7643511920320318,0.001,1000.0,0.1,7.792446851054645e-05,0.02099398063239772,76435.11920320318,0.0007792446851054644,0.02207962315583426,colebrook
moody_eps7.79e-04_Re8.55e+04,77.29900271433064,0.8416756505138782,0.001,1000.0,0.1,7.792446851054645e-05,0.021822995336917998,84167.5650513878,0.0007792446851054644,0.021823505579983946,colebrook
moody_eps7.79e-04_Re9.72e+04,103.22052294082128,0.9705762830298198,0.001,1000.0,0.1,7.792446851054645e-05,0.02191475911243983,97057.62830298198,0.0007792446851054644,0.021472096849750728,colebrook
moody_eps7.79e-04_Re1.10e+05,142.0468566191208,1.1668715182601417,0.001,1000.0,0.1,7.792446851054645e-05,0.020864863332546845,116687.15182601417,0.0007792446851054644,0.021063487325303512,colebrook
moody_eps7.79e-04_Re1.26e+05,160.9686790766348,1.2475894932742317,0.001,1000.0,0.1,7.792446851054645e-05,0.020683687071281973,124758.94932742316,0.0007792446851054644,0.020927151419559215,colebrook
moody_eps7.79e-04_Re1.43e+05,193.5576675243194,1.3401175137911474,0.001,1000.0,0.1,7.792446851054645e-05,0.021555326708690366,134011.75137911475,0.0007792446851054644,0.02078809376908308,colebrook
moody_eps7.79e-04_Re1.62e+05,280.94257030588625,1.6408458351918116,0.001,1000.0,0.1,7.792446851054645e-05,0.020869497345705878,164084.58351918115,0.0007792446851054644,0.02043054108455504,colebrook
moody_eps7.79e-04_Re1.85e+05,355.1125042794546,1.8491279991399059,0.001,1000.0,0.1,7.792446851054645e-05,0.020771220275516256,184912.7999139906,0.0007792446851054644,0.020242852684975398,colebrook
moody_eps7.79e-04_Re2.10e+05,445.9460342687372,2.0857470677884367,0.001,1000.0,0.1,7.792446851054645e-05,0.02050165959929877,208574.70677884368,0.0007792446851054644,0.020069961558643778,colebrook
moody_eps7.79e-04_Re2.39e+05,567.8149231248242,2.344509279420635,0.001,1000.0,0.1,7.792446851054645e-05,0.020660122203107464,234450.9279420635,0.0007792446851054644,0.0199166335685708,colebrook
moody_eps7.79e-04_Re2.72e+05,695.2957813186257,2.6233839650658064,0.001,1000.0,0.1,7.792446851054645e-05,0.02020579165709353,262338.39650658064,0.0007792446851054644,0.019781935344066116,colebrook
moody_eps7.79e-04_Re3.09e+05,973.4375684378587,3.112584815852248,0.001,1000.0,0.1,7.792446851054645e-05,0.020095356255372548,311258.4815852248,0.0007792446851054644,0.019598915183832853,colebrook
moody_eps7.79e-04_Re3.51e+05,1158.4475003980322,3.483858383842612,0.001,1000.0,0.1,7.792446851054645e-05,0.019089096198131813,348385.8383842612,0.0007792446851054644,0.019491572218743754,colebrook
moody_eps7.79e-04_Re3.99e+05,1484.6667348578287,3.9294559857017863,0.001,1000.0,0.1,7.792446851054645e-05,0.01923065676390638,392945.5985701786,0.0007792446851054644,0.01938755246175821,colebrook
moody_eps7.79e-04_Re4.54e+05,1915.132328688458,4.520991270214205,0.001,1000.0,0.1,7.792446851054645e-05,0.018739648747989217,452099.12702142046,0.0007792446851054644,0.019279054062508977,colebrook
moody_eps7.79e-04_Re5.16e+05,2376.6205190251503,5.11586944073923,0.001,1000.0,0.1,7.792446851054645e-05,0.01816146729263318,511586.944073923,0.0007792446851054644,0.019193730614815795,colebrook
moody_eps7.79e-04_Re5.87e+05,3200.0120092600573,5.801533217715969,0.001,1000.0,0.1,7.792446851054645e-05,0.019014987200225077,580153.3217715969,0.0007792446851054644,0.019115916782754486,colebrook
moody_eps7.79e-04_Re6.67e+05,4991.713672121228,7.076400607742468,0.001,1000.0,0.1,7.792446851054645e-05,0.0199367718696174,707640.0607742468,0.0007792446851054644,0.0190094887430655,colebrook
moody_eps7.79e-04_Re7.59e+05,6012.445358914093,7.8726666668198595,0.001,1000.0,0.1,7.792446851054645e-05,0.019401593948020518,787266.666681986,0.0007792446851054644,0.018959769775763764,colebrook
moody_eps7.79e-04_Re8.63e+05,6682.3082503388605,8.619990283838789,0.001,1000.0,0.1,7.792446851054645e-05,0.01798634620423717,861999.0283838788,0.0007792446851054644,0.018921137325903115,colebrook
moody_eps7.79e-04_Re9.81e+05,8794.878899059868,9.712951107154833,0.001,1000.0,0.1,7.792446851054645e-05,0.018644788201637452,971295.1107154833,0.0007792446851054644,0.01887496713995261,colebrook
moody_eps7.79e-04_Re1.12e+06,11525.69741332287,10.914244018762995,0.001,1000.0,0.1,7.792446851054645e-05,0.019351288627746644,1091424.4018762994,0.0007792446851054644,0.018834551086822155,colebrook
moody_eps7.79e-04_Re1.27e+06,14545.384189424662,12.58933259002399,0.001,1000.0,0.1,7.792446851054645e-05,0.018354805143982997,1258933.259002399,0.0007792446851054644,0.01879071369062723,colebrook
moody_eps7.79e-04_Re1.44e+06,18439.215828799104,13.730871965363024,0.001,1000.0,0.1,7.792446851054645e-05,0.019560331388513715,1373087.1965363023,0.0007792446851054644,0.01876681010423241,colebrook
moody_eps7.79e-04_Re1.64e+06,26655.168046971306,16.887571245330705,0.001,1000.0,0.1,7.792446851054645e-05,0.01869291503857459,1688757.1245330705,0.0007792446851054644,0.018717177463036645,colebrook
moody_eps7.79e-04_Re1.86e+06,33264.414583877195,18.89291911548349,0.001,1000.0,0.1,7.792446851054645e-05,0.01863853398407818,1889291.911548349,0.0007792446851054644,0.01869409786359956,colebrook
moody_eps7.79e-04_Re2.12e+06,44334.454809031464,21.683293353561826,0.001,1000.0,0.1,7.792446851054645e-05,0.018859096251343358,2168329.3353561824,0.0007792446851054644,0.018668966937828838,colebrook
moody_eps7.79e-04_Re2.41e+06,51871.058162810885,23.79854501639879,0.001,1000.0,0.1,7.792446851054645e-05,0.018316997701635484,2379854.501639879,0.0007792446851054644,0.01865378285818299,colebrook
moody_eps7.79e-04_Re2.74e+06,64278.47586728303,26.396464492961613,0.001,1000.0,0.1,7.792446851054645e-05,0.018450325920007744,2639646.449296161,0.0007792446851054644,0.018638417368702684,colebrook
moody_eps7.79e-04_Re3.12e+06,91891.43487019604,32.26804986724365,0.001,1000.0,0.1,7.792446851054645e-05,0.017650604746676065,3226804.986724365,0.0007792446851054644,0.01861270006786758,colebrook
moody_eps7.79e-04_Re3.54e+06,121818.07912601752,35.94304194226722,0.001,1000.0,0.1,7.792446851054645e-05,0.018858714395754365,3594304.194226722,0.0007792446851054644,0.018600834680457548,colebrook
moody_eps7.79e-04_Re4.03e+06,138861.51695492046,39.57407498102396,0.001,1000.0,0.1,7.792446851054645e-05,0.017733332466818713,3957407.498102396,0.0007792446851054644,0.018591255107621385,colebrook
moody_eps7.79e-04_Re4.58e+06,184799.27251072935,45.003626335870905,0.001,1000.0,0.1,7.792446851054645e-05,0.01824883870840049,4500362.63358709,0.0007792446851054644,0.018579790494221014,colebrook
moody_eps7.79e-04_Re5.21e+06,264749.68181880465,53.00198530513063,0.001,1000.0,0.1,7.792446851054645e-05,0.01884868982805417,5300198.530513063,0.0007792446851054644,0.018567150082080364,colebrook
moody_eps7.79e-04_Re5.93e+06,326062.2031900495,58.756611231197105,0.001,1000.0,0.1,7.792446851054645e-05,0.018889348286512755,5875661.12311971,0.0007792446851054644,0.01856017063714473,colebrook
moody_eps7.79e-04_Re6.74e+06,401380.7282535337,65.7388425283053,0.001,1000.0,0.1,7.792446851054645e-05,0.01857558098466144,6573884.25283053,0.0007792446851054644,0.018553333581475907,colebrook
moody_eps7.79e-04_Re7.66e+06,576251.6985906325,79.21533209842352,0.001,1000.0,0.1,7.792446851054645e-05,0.01836638651568635,7921533.209842352,0.0007792446851054644,0.01854352912160715,colebrook
moody_eps7.79e-04_Re8.71e+06,672347.8660589259,86.9091247685393,0.001,1000.0,0.1,7.792446851054645e-05,0.017803003361872818,8690912.47685393,0.0007792446851054644,0.01853928921715238,colebrook
moody_eps7.79e-04_Re9.90e+06,912043.1463223319,98.48966940503759,0.001,1000.0,0.1,7.792446851054645e-05,0.018804596563035448,9848966.940503757,0.0007792446851054644,0.018534151477950435,colebrook
moody_eps7.79e-04_Re1.13e+07,1193285.8656965343,111.03071636465664,0.001,1000.0,0.1,7.792446851054645e-05,0.019359235744457616,11103071.636465663,0.0007792446851054644,0.018529792211203336,colebrook
moody_eps7.79e-04_Re1.28e+07,1583465.9640684335,130.59569041829621,0.001,1000.0,0.1,7.792446851054645e-05,0.018568680219008784,13059569.041829621,0.0007792446851054644,0.01852465845602036,colebrook
moody_eps7.79e-04_Re1.46e+07,2156933.012148585,149.82035500049054,0.001,1000.0,0.1,7.792446851054645e-05,0.019218744337389168,14982035.500049055,0.0007792446851054644,0.01852091670731289,colebrook
moody_eps7.79e-04_Re1.66e+07,2656027.024272418,171.89337013042885,0.001,1000.0,0.1,7.792446851054645e-05,0.017978118238207923,17189337.013042886,0.0007792446851054644,0.018517650427040205,colebrook
moody_eps7.79e-04_Re1.88e+07,3149808.7462727306,184.38122683540325,0.001,1000.0,0.1,7.792446851054645e-05,0.018530228705665067,18438122.683540326,0.0007792446851054644,0.01851614817690271,colebrook
moody_eps7.79e-04_Re2.14e+07,4307166.019539799,209.42611865181206,0.001,1000.0,0.1,7.792446851054645e-05,0.019640833760225865,20942611.865181208,0.0007792446851054644,0.018513674313996677,colebrook
moody_eps7.79e-04_Re2.43e+07,4930140.190866861,230.08902803936482,0.001,1000.0,0.1,7.792446851054645e-05,0.018625049920221994,23008902.80393648,0.0007792446851054644,0.018512038068464867,colebrook
moody_eps7.79e-04_Re2.77e+07,6284740.0943307355,264.8460492908828,0.001,1000.0,0.1,7.792446851054645e-05,0.01791968288408899,26484604.929088276,0.0007792446851054644,0.018509860841503595,colebrook
moody_eps7.79e-04_Re3.15e+07,9871363.982087947,327.1813318759694,0.001,1000.0,0.1,7.792446851054645e-05,0.018442938983335343,32718133.18759694,0.0007792446851054644,0.018507113466492007,colebrook
moody_eps7.79e-04_Re3.58e+07,12106855.520423606,359.15989787304716,0.001,1000.0,0.1,7.792446851054645e-05,0.01877092509141198,35915989.787304714,0.0007792446851054644,0.01850607375128859,colebrook
moody_eps7.79e-04_Re4.07e+07,15160294.362101372,401.1931798477914,0.001,1000.0,0.1,7.792446851054645e-05,0.018837815822878114,40119317.98477914,0.0007792446851054644,0.018504958999985697,colebrook
moody_eps7.79e-04_Re4.63e+07,20547598.405588448,471.1968103676381,0.001,1000.0,0.1,7.792446851054645e-05,0.01850914598418946,47119681.03676381,0.0007792446851054644,0.018503543527231606,colebrook
moody_eps7.79e-04_Re5.26e+07,25221142.762057472,520.4504181413389,0.001,1000.0,0.1,7.792446851054645e-05,0.01862241636548653,52045041.81413389,0.0007792446851054644,0.01850277565533803,colebrook
moody_eps7.79e-04_Re5.98e+07,34902000.659916885,615.6625090885693,0.001,1000.0,0.1,7.792446851054645e-05,0.018415982864600864,61566250.90885693,0.0007792446851054644,0.01850163937408983,colebrook
moody_eps7.79e-04_Re6.80e+07,40934930.96848884,678.5915112527633,0.001,1000.0,0.1,7.792446851054645e-05,0.01777899520539865,67859151.12527633,0.0007792446851054644,0.018501063283858338,colebrook
moody_eps7.79e-04_Re7.73e+07,57246018.4318294,794.0802499675979,0.001,1000.0,0.1,7.792446851054645e-05,0.01815710029880369,79408024.99675979,0.0007792446851054644,0.018500243463396772,colebrook
moody_eps7.79e-04_Re8.79e+07,76847631.64719522,904.3116400926854,0.001,1000.0,0.1,7.792446851054645e-05,0.018794217184987364,90431164.00926854,0.0007792446851054644,0.018499656195403644,colebrook
moody_eps7.79e-04_Re1.00e+08,101134455.26875247,1038.9515625902404,0.001,1000.0,0.1,7.792446851054645e-05,0.01873866011960088,103895156.25902405,0.0007792446851054644,0.018499107888471644,colebrook
moody_eps1.03e-03_Re3.00e+02,0.010032060635126785,0.002921681728211524,0.001,1000.0,0.1,0.00010283957168542233,0.23504679570181186,292.1681728211524,0.0010283957168542232,0.21905192267186788,laminar
moody_eps1.03e-03_Re3.41e+02,0.011338810255686628,0.003541150828785272,0.001,1000.0,0.1,0.00010283957168542233,0.18084588586083736,354.11508287852723,0.0010283957168542232,0.18073220569922474,laminar
moody_eps1.03e-03_Re3.88e+02,0.011790793364879466,0.0038026934934911193,0.001,1000.0,0.1,0.00010283957168542233,0.16307612408829322,380.2693493491119,0.0010283957168542232,0.168301757976407,laminar
moody_eps1.03e-03_Re4.41e+02,0.014690109371902559,0.004621613744484828,0.001,1000.0,0.1,0.00010283957168542233,0.13755226075892352,462.16137444848283,0.0010283957168542232,0.138479768190005,laminar
moody_eps1.03e-03_Re5.01e+02,0.016637374972863876,0.005066635385569401,0.001,1000.0,0.1,0.00010283957168542233,0.12962103851102683,506.66353855694007,0.0010283957168542232,0.12631656933964971,laminar
moody_eps1.03e-03_Re5.70e+02,0.018727952577130853,0.005757694756078998,0.001,1000.0,0.1,0.00010283957168542233,0.11298558082588867,575.7694756078998,0.0010283957168542232,0.11115559735505001,laminar
moody_eps1.03e-03_Re6.48e+02,0.021135455439420543,0.006461137641493367,0.001,1000.0,0.1,0.00010283957168542233,0.10125666528833636,646.1137641493366,0.0010283957168542232,0.099053763518351,laminar
moody_eps1.03e-03_Re7.37e+02,0.02427629985038765,0.007605997447587819,0.001,1000.0,0.1,0.00010283957168542233,0.08392669827700104,760.5997447587819,0.0010283957168542232,0.08414412500269387,laminar
moody_eps1.03e-03_Re8.38e+02,0.0268482516101468,0.008473473985348012,0.001,1000.0,0.1,0.00010283957168542233,0.07478646472907992,847.3473985348012,0.0010283957168542232,0.07552982414375285,laminar
moody_eps1.03e-03_Re9.53e+02,0.0320407568486036,0.009613176005381632,0.001,1000.0,0.1,0.00010283957168542233,0.06934241683032577,961.3176005381631,0.0010283957168542232,0.06657529204101915,laminar
moody_eps1.03e-03_Re1.08e+03,0.03472680644160956,0.010966902730401039,0.001,1000.0,0.1,0.00010283957168542233,0.05774665850323197,1096.6902730401039,0.0010283957168542232,0.05835740643763295,laminar
moody_eps1.03e-03_Re1.23e+03,0.038151329114923645,0.012306703990295815,0.001,1000.0,0.1,0.00010283957168542233,0.05037976746728859,1230.6703990295814,0.0010283957168542232,0.05200417597633438,laminar
moody_eps1.03e-03_Re1.40e+03,0.04626507420950042,0.013906855065357514,0.001,1000.0,0.1,0.00010283957168542233,0.04784377085622832,1390.6855065357513,0.0010283957168542232,0.04602046954485515,laminar
moody_eps1.03e-03_Re1.59e+03,0.050754299969105,0.016704185438265483,0.001,1000.0,0.1,0.00010283957168542233,0.036379123620405164,1670.4185438265483,0.0010283957168542232,0.038313750907835696,laminar
moody_eps1.03e-03_Re1.81e+03,0.059668568821287904,0.018521049016919276,0.001,1000.0,0.1,0.00010283957168542233,0.03478920101308502,1852.1049016919276,0.0010283957168542232,0.03455527812789382,laminar
moody_eps1.03e-03_Re2.06e+03,0.0634987520274082,0.01958836772732776,0.001,1000.0,0.1,0.00010283957168542233,0.03309776659482707,1958.836772732776,0.0010283957168542232,0.03267245177897774,laminar
moody_eps1.03e-03_Re4.45e+03,0.41009470910664686,0.04505228442161045,0.001,1000.0,0.1,0.00010283957168542233,0.040409225574023704,4505.228442161046,0.0010283957168542232,0.039622100324781404,colebrook
moody_eps1.03e-03_Re5.06e+03,0.4546433149253801,0.048766925841683566,0.001,1000.0,0.1,0.00010283957168542233,0.038234027331498555,4876.692584168357,0.0010283957168542232,0.038784090915222794,colebrook
moody_eps1.03e-03_Re5.76e+03,0.6000499643836938,0.05833431843186246,0.001,1000.0,0.1,0.00010283957168542233,0.03526705165668197,5833.431843186246,0.0010283957168542232,0.03699725728251371,colebrook
moody_eps1.03e-03_Re6.55e+03,0.8415265076140299,0.06846521214089112,0.001,1000.0,0.1,0.00010283957168542233,0.03590524379338206,6846.521214089112,0.0010283957168542232,0.03551877371751497,colebrook
moody_eps1.03e-03_Re7.44e+03,0.9794230282865102,0.07340829451783691,0.001,1000.0,0.1,0.00010283957168542233,0.0363504706292235,7340.82945178369,0.0010283957168542232,0.034908096067857386,colebrook
moody_eps1.03e-03_Re8.46e+03,1.27332556175932,0.08777271894849871,0.001,1000.0,0.1,0.00010283957168542233,0.03305600379254188,8777.271894849871,0.0010283957168542232,0.033428596725147273,colebrook
moody_eps1.03e-03_Re9.62e+03,1.4768017739042316,0.09360178046385452,0.001,1000.0,0.1,0.00010283957168542233,0.03371195832223224,9360.178046385452,0.0010283957168542232,0.03292527823438107,colebrook
moody_eps1.03e-03_Re1.09e+04,2.216632791992104,0.11877486526061967,0.001,1000.0,0.1,0.00010283957168542233,0.031424954427534874,11877.486526061966,0.0010283957168542232,0.03118604632115446,colebrook
moody_eps1.03e-03_Re1.24e+04,2.2686128926851663,0.12312469440953558,0.001,1000.0,0.1,0.00010283957168542233,0.02992954126107459,12312.469440953559,0.0010283957168542232,0.030939793099602108,colebrook
moody_eps1.03e-03_Re1.41e+04,3.0190230715281032,0.14487431283136135,0.001,1000.0,0.1,0.00010283957168542233,0.028768263605685497,14487.431283136133,0.0010283957168542232,0.029876871977057826,colebrook
moody_eps1.03e-03_Re1.61e+04,3.976801615055648,0.1639733667639046,0.001,1000.0,0.1,0.00010283957168542233,0.029581302627014465,16397.33667639046,0.0010283957168542232,0.02912128617440822,colebrook
moody_eps1.03e-03_Re1.83e+04,4.796310689434558,0.18432626996200294,0.001,1000.0,0.1,0.00010283957168542233,0.028233377412862446,18432.626996200295,0.0010283957168542232,0.028447945219082588,colebrook
moody_eps1.03e-03_Re2.08e+04,6.751951804422994,0.22146315907362496,0.001,1000.0,0.1,0.00010283957168542233,0.027533178351766344,22146.315907362496,0.0010283957168542232,0.027467176126308855,colebrook
moody_eps1.03e-03_Re2.37e+04,8.553409058616982,0.24997581701032673,0.001,1000.0,0.1,0.00010283957168542233,0.027376205039283296,24997.581701032672,0.0010283957168542232,0.026868183385420418,colebrook
moody_eps1.03e-03_Re2.69e+04,10.20393291739411,0.28026494097112936,0.001,1000.0,0.1,0.00010283957168542233,0.025981250013989265,28026.494097112933,0.0010283957168542232,0.02633601249367606,colebrook
moody_eps1.03e-03_Re3.06e+04,12.512394285785966,0.3106397909324061,0.001,1000.0,0.1,0.00010283957168542233,0.025933208182715013,31063.979093240614,0.0010283957168542232,0.02588399587360679,colebrook
moody_eps1.03e-03_Re3.48e+04,14.663547656536062,0.3457074879103108,0.001,1000.0,0.1,0.00010283957168542233,0.024538695867032227,34570.74879103108,0.0010283957168542232,0.025440059122574986,colebrook
moody_eps1.03e-03_Re3.95e+04,20.966355202313657,0.39680746005627193,0.001,1000.0,0.1,0.00010283957168542233,0.026631355870571954,39680.74600562719,0.0010283957168542232,0.024905337436106827,colebrook
moody_eps1.03e-03_Re4.50e+04,27.251849632709668,0.47479008754638974,0.001,1000.0,0.1,0.00010283957168542233,0.024178129139350916,47479.00875463898,0.0010283957168542232,0.024269577955939634,colebrook
moody_eps1.03e-03_Re5.11e+04,35.232106853701254,0.5420555589904238,0.001,1000.0,0.1,0.00010283957168542233,0.023981757372237483,54205.55589904238,0.0010283957168542232,0.023841512524278984,colebrook
moody_eps1.03e-03_Re5.81e+04,38.11843013787751,0.5675812474535565,0.001,1000.0,0.1,0.00010283957168542233,0.023665131699483602,56758.12474535566,0.0010283957168542232,0.023700724179146863,colebrook
moody_eps1.03e-03_Re6.61e+04,53.54416197532562,0.6713067416252231,0.001,1000.0,0.1,0.00010283957168542233,0.02376293631977059,67130.67416252231,0.0010283957168542232,0.023220131529429793,colebrook
moody_eps1.03e-03_Re7.52e+04,65.58708280616625,0.7562693205032545,0.001,1000.0,0.1,0.00010283957168542233,0.022934820465895612,75626.93205032544,0.0010283957168542232,0.022908928557299937,colebrook
moody_eps1.03e-03_Re8.55e+04,85.95590391654733,0.8709172134092148,0.001,1000.0,0.1,0.00010283957168542233,0.0226648035308077,87091.72134092147,0.0010283957168542232,0.022570719305847173,colebrook
moody_eps1.03e-03_Re9.72e+04,99.17429066289426,0.9428491500168746,0.001,1000.0,0.1,0.00010283957168542233,0.022312316963505465,94284.91500168746,0.0010283957168542232,0.022394331965378055,colebrook
moody_eps1.03e-03_Re1.10e+05,133.04211589579597,1.1053268048119345,0.001,1000.0,0.1,0.00010283957168542233,0.02177898996757695,110532.68048119346,0.0010283957168542232,0.022069064319854635,colebrook
moody_eps1.03e-03_Re1.26e+05,177.70382106452735,1.2736278265713445,0.001,1000.0,0.1,0.00010283957168542233,0.02190996499967005,127362.78265713446,0.0010283957168542232,0.021808821478739363,colebrook
moody_eps1.03e-03_Re1.43e+05,221.04695140302385,1.40159376659844,0.001,1000.0,0.1,0.00010283957168542233,0.02250454364544056,140159.37665984398,0.0010283957168542232,0.02164781994987149,colebrook
moody_eps1.03e-03_Re1.62e+05,278.5982698362811,1.6060649598812653,0.001,1000.0,0.1,0.00010283957168542233,0.021601414805123644,160606.49598812652,0.0010283957168542232,0.021438020066347645,colebrook
moody_eps1.03e-03_Re1.85e+05,352.2209041120154,1.840920257703977,0.001,1000.0,0.1,0.00010283957168542233,0.020786203254004355,184092.02577039768,0.0010283957168542232,0.02124883704617471,colebrook
moody_eps1.03e-03_Re2.10e+05,484.002035191075,2.135717161830199,0.001,1000.0,0.1,0.00010283957168542233,0.021222166059592713,213571.7161830199,0.0010283957168542232,0.0210649689189064,colebrook
moody_eps1.03e-03_Re2.39e+05,660.1929825627656,2.4412294369261796,0.001,1000.0,0.1,0.00010283957168542233,0.02215560955932275,244122.94369261793,0.0010283957168542232,0.020917433061032067,colebrook
moody_eps1.03e-03_Re2.72e+05,766.0525310224007,2.7215074897823484,0.001,1000.0,0.1,0.00010283957168542233,0.02068566465004748,272150.7489782348,0.0010283957168542232,0.020808998058665488,colebrook
moody_eps1.03e-03_Re3.09e+05,847.3742183213412,2.8334597481172223,0.001,1000.0,0.1,0.00010283957168542233,0.02110916949309736,283345.97481172223,0.0010283957168542232,0.020771233563901006,colebrook
moody_eps1.03e-03_Re3.51e+05,1193.9867362602774,3.442267777703918,0.001,1000.0,0.1,0.00010283957168542233,0.020153022739352832,344226.7777703918,0.0010283957168542232,0.02060613770882945,colebrook
moody_eps1.03e-03_Re3.99e+05,1601.4363981980403,3.924683524123732,0.001,1000.0,0.1,0.00010283957168542233,0.020793634527913565,392468.3524123732,0.0010283957168542232,0.02050961145852414,colebrook
moody_eps1.03e-03_Re4.54e+05,2054.325613662353,4.502583674548721,0.001,1000.0,0.1,0.00010283957168542233,0.020266357155868803,450258.3674548721,0.0010283957168542232,0.020419813262449186,colebrook
moody_eps1.03e-03_Re5.16e+05,2658.3106650707464,5.113952565449731,0.001,1000.0,0.1,0.00010283957168542233,0.020329295960639843,511395.2565449731,0.0010283957168542232,0.020345886474366127,colebrook
moody_eps1.03e-03_Re5.87e+05,3353.2927934464556,5.812967539669636,0.001,1000.0,0.1,0.00010283957168542233,0.01984749383159261,581296.7539669636,0.0010283957168542232,0.020279625647376336,colebrook
moody_eps1.03e-03_Re6.67e+05,4345.272257421347,6.462155205803736,0.001,1000.0,0.1,0.00010283957168542233,0.020810965026701253,646215.5205803736,0.0010283957168542232,0.020230440131894505,colebrook
moody_eps1.03e-03_Re7.59e+05,5968.393285070115,7.69926599905742,0.001,1000.0,0.1,0.00010283957168542233,0.020136722278823835,769926.599905742,0.0010283957168542232,0.020158930548691088,colebrook
moody_eps1.03e-03_Re8.63e+05,7580.243773470108,8.45842472551156,0.001,1000.0,0.1,0.00010283957168542233,0.021190157786609626,845842.4725511558,0.0010283957168542232,0.0201250957572984,colebrook
moody_eps1.03e-03_Re9.81e+05,9623.641376974017,9.692155210407543,0.001,1000.0,0.1,0.00010283957168542233,0.02048937475012743,969215.5210407544,0.0010283957168542232,0.020081117427916267,colebrook
moody_eps1.03e-03_Re1.12e+06,11989.86547291308,10.760194139241799,0.001,1000.0,0.1,0.00010283957168542233,0.020711144169509817,1076019.4139241797,0.0010283957168542232,0.020050994029864582,colebrook
moody_eps1.03e-03_Re1.27e+06,16343.005062106424,12.951961641144912,0.001,1000.0,0.1,0.00010283957168542233,0.01948456936873438,1295196.1641144913,0.0010283957168542232,0.02000442090326378,colebrook
moody_eps1.03e-03_Re1.44e+06,20251.16703482104,14.45852868419777,0.001,1000.0,0.1,0.00010283957168542233,0.019374560055639686,1445852.868419777,0.0010283957168542232,0.019980446926241714,colebrook
moody_eps1.03e-03_Re1.64e+06,25336.018140985125,16.243612146987218,0.001,1000.0,0.1,0.00010283957168542233,0.019204505752468837,1624361.2146987217,0.0010283957168542232,0.01995770296105587,colebrook
moody_eps1.03e-03_Re1.86e+06,36136.53244723993,18.754047139784742,0.001,1000.0,0.1,0.00010283957168542233,0.020548800022452515,1875404.7139784743,0.0010283957168542232,0.01993293878534819,colebrook
moody_eps1.03e-03_Re2.12e+06,42554.05158182939,20.792521704764614,0.001,1000.0,0.1,0.00010283957168542233,0.019685959365619222,2079252.1704764613,0.0010283957168542232,0.019917172565219,colebrook
moody_eps1.03e-03_Re2.41e+06,55853.40296453578,24.33671563079365,0.001,1000.0,0.1,0.00010283957168542233,0.01886060844734856,2433671.5630793646,0.0010283957168542232,0.019895978751713665,colebrook
moody_eps1.03e-03_Re2.74e+06,74201.77151045512,27.51604257842972,0.001,1000.0,0.1,0.00010283957168542233,0.019600733501903982,2751604.257842972,0.0010283957168542232,0.019881566411999174,colebrook
moody_eps1.03e-03_Re3.12e+06,89081.23336626102,31.198230268019202,0.001,1000.0,0.1,0.00010283957168542233,0.018304433758518996,3119823.02680192,0.0010283957168542232,0.019868513467960258,colebrook
moody_eps1.03e-03_Re3.54e+06,115776.13053529843,34.318085668433305,0.001,1000.0,0.1,0.00010283957168542233,0.019660878442937554,3431808.5668433304,0.0010283957168542232,0.019859628482013197,colebrook
moody_eps1.03e-03_Re4.03e+06,162069.6563321799,41.22868491642586,0.001,1000.0,0.1,0.00010283957168542233,0.01906921180076194,4122868.491642586,0.0010283957168542232,0.019844703993734673,colebrook
moody_eps1.03e-03_Re4.58e+06,190322.86198623365,44.015337151385864,0.001,1000.0,0.1,0.00010283957168542233,0.01964775299900454,4401533.715138586,0.0010283957168542232,0.01984000338747133,colebrook
moody_eps1.03e-03_Re5.21e+06,262687.84767808724,51.29410370598453,0.001,1000.0,0.1,0.00010283957168542233,0.019968023852520826,5129410.370598453,0.0010283957168542232,0.01983012167278212,colebrook
moody_eps1.03e-03_Re5.93e+06,332561.33685775,57.880383386838794,0.001,1000.0,0.1,0.00010283957168542233,0.01985358569281379,5788038.338683879,0.0010283957168542232,0.019823311753942235,colebrook
moody_eps1.03e-03_Re6.74e+06,423068.6547518354,65.304179062596,0.001,1000.0,0.1,0.00010283957168542233,0.019840787081996308,6530417.906259601,0.0010283957168542232,0.01981727562595775,colebrook
moody_eps1.03e-03_Re7.66e+06,601973.9449647992,78.66945809586372,0.001,1000.0,0.1,0.00010283957168542233,0.019453393544402755,7866945.809586372,0.0010283957168542232,0.019809270149135923,colebrook
moody_eps1.03e-03_Re8.71e+06,759661.2029339854,85.78213356514306,0.001,1000.0,0.1,0.00010283957168542233,0.020646966589318208,8578213.356514305,0.0010283957168542232,0.019806023550817533,colebrook
moody_eps1.03e-03_Re9.90e+06,892347.4399219729,96.49738546083266,0.001,1000.0,0.1,0.00010283957168542233,0.019166061817960763,9649738.546083266,0.0010283957168542232,0.019802033548679626,colebrook
moody_eps1.03e-03_Re1.13e+07,1109134.338696908,107.23870452127738,0.001,1000.0,0.1,0.00010283957168542233,0.019289058447267797,10723870.452127738,0.0010283957168542232,0.019798832026233407,colebrook
moody_eps1.03e-03_Re1.28e+07,1586062.6110339148,127.5203250336632,0.001,1000.0,0.1,0.00010283957168542233,0.01950704568405601,12752032.50336632,0.0010283957168542232,0.019794254362732102,colebrook
moody_eps1.03e-03_Re1.46e+07,2327216.394943938,155.3146752642806,0.001,1000.0,0.1,0.00010283957168542233,0.019294866475203405,15531467.526428059,0.0010283957168542232,0.01978991937657224,colebrook
moody_eps1.03e-03_Re1.66e+07,2547742.020424746,160.82124111948255,0.001,1000.0,0.1,0.00010283957168542233,0.019701469781779203,16082124.111948254,0.0010283957168542232,0.019789238065244148,colebrook
moody_eps1.03e-03_Re1.88e+07,3701102.559488986,194.8073393600428,0.001,1000.0,0.1,0.00010283957168542233,0.019505203498930288,19480733.936004277,0.0010283957168542232,0.01978588430335969,colebrook
moody_eps1.03e-03_Re2.14e+07,4592477.600641861,214.93820950450754,0.001,1000.0,0.1,0.00010283957168542233,0.019881529361299267,21493820.950450752,0.0010283957168542232,0.019784397292965675,colebrook
moody_eps1.03e-03_Re2.43e+07,5689511.590232163,240.1017407927266,0.001,1000.0,0.1,0.00010283957168542233,0.019738509932958916,24010174.079272658,0.0010283957168542232,0.01978288877281076,colebrook
moody_eps1.03e-03_Re2.77e+07,6528650.572976685,266.96499535424726,0.001,1000.0,0.1,0.00010283957168542233,0.018320814622487865,26696499.535424724,0.0010283957168542232,0.01978159186813588,colebrook
moody_eps1.03e-03_Re3.15e+07,9769804.807383636,310.3100166180044,0.001,1000.0,0.1,0.00010283957168542233,0.02029197382692946,31031001.66180044,0.0010283957168542232,0.019779972285358258,colebrook
moody_eps1.03e-03_Re3.58e+07,12204423.20130914,356.9865179291451,0.001,1000.0,0.1,0.00010283957168542233,0.019153300616370467,35698651.79291451,0.0010283957168542232,0.01977866767735015,colebrook
moody_eps1.03e-03_Re4.07e+07,16692440.234632252,403.1713200332117,0.001,1000.0,0.1,0.00010283957168542233,0.020538587116092723,40317132.00332117,0.0010283957168542232,0.019777673926211176,colebrook
moody_eps1.03e-03_Re4.63e+07,19944408.563946217,448.85372624835014,0.001,1000.0,0.1,0.00010283957168542233,0.01979891941531171,44885372.624835014,0.0010283957168542232,0.019776892038225826,colebrook
moody_eps1.03e-03_Re5.26e+07,28210221.650787614,527.1859293515078,0.001,1000.0,0.1,0.00010283957168542233,0.020300599970491814,52718592.93515077,0.0010283957168542232,0.019775866544459064,colebrook
moody_eps1.03e-03_Re5.98e+07,35193747.91886289,586.4027084330302,0.001,1000.0,0.1,0.00010283957168542233,0.02046932773790343,58640270.84330302,0.0010283957168542232,0.019775273058837202,colebrook
moody_eps1.03e-03_Re6.80e+07,45386815.58267761,670.5169890638597,0.001,1000.0,0.1,0.00010283957168542233,0.020190177466877887,67051698.906385966,0.0010283957168542232,0.01977461017298863,colebrook
moody_eps1.03e-03_Re7.73e+07,66242240.185190074,797.8995263629251,0.001,1000.0,0.1,0.00010283957168542233,0.02080983286373352,79789952.6362925,0.0010283957168542232,0.019773872299448974,colebrook
moody_eps1.03e-03_Re8.79e+07,82487893.59345193,926.9880366695238,0.001,1000.0,0.1,0.00010283957168542233,0.019198705668628257,92698803.66695239,0.0010283957168542232,0.019773331363620004,colebrook
moody_eps1.03e-03_Re1.00e+08,102940087.7617775,1044.0305784288787,0.001,1000.0,0.1,0.00010283957168542233,0.0188880921194743,104403057.84288788,0.0010283957168542232,0.01977295650022795,colebrook
moody_eps1.36e-03_Re3.00e+02,0.009523333873972518,0.002952491906587767,0.001,1000.0,0.1,0.00013572088082974533,0.21849503586720662,295.2491906587767,0.0013572088082974532,0.21676604720642784,laminar
moody_eps1.36e-03_Re3.41e+02,0.010510396038450349,0.003278435877949125,0.001,1000.0,0.1,0.00013572088082974533,0.1955760582309237,327.84358779491254,0.0013572088082974532,0.19521504272957188,laminar
moody_eps1.36e-03_Re3.88e+02,0.01292897959698526,0.003936376679556889,0.001,1000.0,0.1,0.00013572088082974533,0.16687871436970245,393.6376679556889,0.0013572088082974532,0.16258606634973857,laminar
moody_eps1.36e-03_Re4.41e+02,0.014573934067862974,0.00438743996520604,0.001,1000.0,0.1,0.00013572088082974533,0.15142041156703676,438.74399652060396,0.0013572088082974532,0.14587094184203722,laminar
moody_eps1.36e-03_Re5.01e+02,0.016480390388924602,0.005022292342327776,0.001,1000.0,0.1,0.00013572088082974533,0.13067530212791495,502.22923423277757,0.0013572088082974532,0.1274318491191947,laminar
moody_eps1.36e-03_Re5.70e+02,0.019882974681601828,0.005877940259922475,0.001,1000.0,0.1,0.00013572088082974533,0.11509620907175805,587.7940259922475,0.0013572088082974532,0.10888167822386835,laminar
moody_eps1.36e-03_Re6.48e+02,0.02103891333271122,0.006464266707288962,0.001,1000.0,0.1,0.00013572088082974533,0.10069659077055478,646.4266707288963,0.0013572088082974532,0.09900581596955928,laminar
moody_eps1.36e-03_Re7.37e+02,0.023399468609551204,0.007351707503164075,0.001,1000.0,0.1,0.00013572088082974533,0.0865883673610219,735.1707503164075,0.0013572088082974532,0.08705460598433122,laminar
moody_eps1.36e-03_Re8.38e+02,0.02695553195130626,0.008175014410855344,0.001,1000.0,0.1,0.00013572088082974533,0.08066791809103281,817.5014410855345,0.0013572088082974532,0.07828732376913784,laminar
moody_eps1.36e-03_Re9.53e+02,0.028586590424517038,0.009265409472170104,0.001,1000.0,0.1,0.00013572088082974533,0.06659829651979651,926.5409472170103,0.0013572088082974532,0.06907411938159082,laminar
moody_eps1.36e-03_Re1.08e+03,0.03395102876882332,0.010785956379091155,0.001,1000.0,0.1,0.00013572088082974533,0.05836676393808541,1078.5956379091156,0.0013572088082974532,0.059336416494383,laminar
moody_eps1.36e-03_Re1.23e+03,0.0425695734927673,0.013199334796890741,0.001,1000.0,0.1,0.00013572088082974533,0.04886807200893304,1319.933479689074,0.0013572088082974532,0.048487291961922176,laminar
moody_eps1.36e-03_Re1.40e+03,0.04592851503041507,0.014972514193758342,0.001,1000.0,0.1,0.00013572088082974533,0.040975374607331146,1497.251419375834,0.0013572088082974532,0.04274499203793039,laminar
moody_eps1.36e-03_Re1.59e+03,0.051979166591526633,0.015596165068199717,0.001,1000.0,0.1,0.00013572088082974533,0.04273893161349764,1559.6165068199716,0.0013572088082974532,0.04103572879623772,laminar
moody_eps1.36e-03_Re1.81e+03,0.05574834332585472,0.01777845531235437,0.001,1000.0,0.1,0.00013572088082974533,0.03527555966337534,1777.8455312354367,0.0013572088082974532,0.03599862804476943,laminar
moody_eps1.36e-03_Re2.06e+03,0.06559272432538743,0.020933366137742618,0.001,1000.0,0.1,0.00013572088082974533,0.029936948188498902,2093.336613774262,0.0013572088082974532,0.0305732004966983,laminar
moody_eps1.36e-03_Re4.45e+03,0.39215026578305234,0.04359884516194135,0.001,1000.0,0.1,0.00013572088082974533,0.04126031483713705,4359.884516194135,0.0013572088082974532,0.040313944831754364,colebrook
moody_eps1.36e-03_Re5.06e+03,0.4914882026995933,0.050202729730352925,0.001,1000.0,0.1,0.00013572088082974533,0.03900213930366939,5020.272973035292,0.0013572088082974532,0.038840391595755856,colebrook
moody_eps1.36e-03_Re5.76e+03,0.6851329781691979,0.059587321238905734,0.001,1000.0,0.1,0.00013572088082974533,0.03859198736031504,5958.732123890573,0.0013572088082974532,0.03717627341557224,colebrook
moody_eps1.36e-03_Re6.55e+03,0.8644105474024772,0.06717164023448802,0.001,1000.0,0.1,0.00013572088082974533,0.03831582195790354,6717.164023448802,0.0013572088082974532,0.03609002749897877,colebrook
moody_eps1.36e-03_Re7.44e+03,0.9307195232317481,0.07362968986285204,0.001,1000.0,0.1,0.00013572088082974533,0.03433546056738396,7362.968986285204,0.0013572088082974532,0.035298362466005775,colebrook
moody_eps1.36e-03_Re8.46e+03,1.3632019386742962,0.08938763889528062,0.001,1000.0,0.1,0.00013572088082974533,0.034122061309127844,8938.763889528062,0.0013572088082974532,0.033735312247773104,colebrook
moody_eps1.36e-03_Re9.62e+03,1.421220194131468,0.09548210491616757,0.001,1000.0,0.1,0.00013572088082974533,0.031177938523655066,9548.210491616757,0.0013572088082974532,0.033235986824909504,colebrook
moody_eps1.36e-03_Re1.09e+04,2.0970465826032605,0.11297619795538433,0.001,1000.0,0.1,0.00013572088082974533,0.0328597430553889,11297.619795538432,0.0013572088082974532,0.03203238845777673,colebrook
moody_eps1.36e-03_Re1.24e+04,2.3653628001816087,0.12176593991675073,0.001,1000.0,0.1,0.00013572088082974533,0.0319062752301495,12176.593991675072,0.0013572088082974532,0.0315275016256195,colebrook
moody_eps1.36e-03_Re1.41e+04,3.0911297997134533,0.1454851034872322,0.001,1000.0,0.1,0.00013572088082974533,0.029208562450923587,14548.510348723219,0.0013572088082974532,0.030401118047876888,colebrook
moody_eps1.36e-03_Re1.61e+04,4.045661375855277,0.16456183764463345,0.001,1000.0,0.1,0.00013572088082974533,0.029878670439674772,16456.18376446334,0.0013572088082974532,0.029678721967868416,colebrook
moody_eps1.36e-03_Re1.83e+04,4.578824314854246,0.1780319499461991,0.001,1000.0,0.1,0.00013572088082974533,0.02889269671504926,17803.194994619906,0.0013572088082974532,0.029240908368874836,colebrook
moody_eps1.36e-03_Re2.08e+04,5.889266444005998,0.20545974875033898,0.001,1000.0,0.1,0.00013572088082974533,0.027902151567747138,20545.9748750339,0.0013572088082974532,0.028488650964188827,colebrook
moody_eps1.36e-03_Re2.37e+04,7.208212514858978,0.2340466417808252,0.001,1000.0,0.1,0.00013572088082974533,0.026317991951354876,23404.66417808252,0.0013572088082974532,0.027853200318109384,colebrook
moody_eps1.36e-03_Re2.69e+04,10.291492955793242,0.2674910709925932,0.001,1000.0,0.1,0.00013572088082974533,0.028766683662971602,26749.107099259323,0.0013572088082974532,0.027247348152540013,colebrook
moody_eps1.36e-03_Re3.06e+04,12.455049705866712,0.308983587147206,0.001,1000.0,0.1,0.00013572088082974533,0.0260918359398042,30898.358714720598,0.0013572088082974532,0.026642700568796047,colebrook
moody_eps1.36e-03_Re3.48e+04,16.578909638440635,0.3527281368563792,0.001,1000.0,0.1,0.00013572088082974533,0.026650523929900635,35272.81368563792,0.0013572088082974532,0.026130523315138925,colebrook
moody_eps1.36e-03_Re3.95e+04,21.35753503072401,0.4013245290263416,0.001,1000.0,0.1,0.00013572088082974533,0.02652098889157983,40132.452902634155,0.0013572088082974532,0.025668946917064884,colebrook
moody_eps1.36e-03_Re4.50e+04,24.91638879774091,0.4363304233619121,0.001,1000.0,0.1,0.00013572088082974533,0.026174844108449558,43633.04233619121,0.0013572088082974532,0.025388886462533473,colebrook
moody_eps1.36e-03_Re5.11e+04,30.585856452087306,0.49340903731695573,0.001,1000.0,0.1,0.00013572088082974533,0.025126757131438582,49340.90373169557,0.0013572088082974532,0.025003138463308604,colebrook
moody_eps1.36e-03_Re5.81e+04,38.15553267294036,0.5540949844642051,0.001,1000.0,0.1,0.00013572088082974533,0.024855303955801253,55409.49844642051,0.0013572088082974532,0.024666264741620404,colebrook
moody_eps1.36e-03_Re6.61e+04,48.20035764765846,0.6276547756259327,0.001,1000.0,0.1,0.00013572088082974533,0.02447025985391612,62765.477562593274,0.0013572088082974532,0.024332086985109004,colebrook
moody_eps1.36e-03_Re7.52e+04,75.36529251999966,0.8188259091531087,0.001,1000.0,0.1,0.00013572088082974533,0.022481134951554887,81882.59091531087,0.0013572088082974532,0.023708529119110887,colebrook
moody_eps1.36e-03_Re8.55e+04,87.30371343763682,0.8572975867722914,0.001,1000.0,0.1,0.00013572088082974533,0.023757432822256185,85729.75867722914,0.0013572088082974532,0.023612312927973673,colebrook
moody_eps1.36e-03_Re9.72e+04,112.03204709186853,0.9703507421896512,0.001,1000.0,0.1,0.00013572088082974533,0.023796592986292022,97035.07421896512,0.0013572088082974532,0.023368351789506525,colebrook
moody_eps1.36e-03_Re1.10e+05,136.70380013051906,1.059517141782149,0.001,1000.0,0.1,0.00013572088082974533,0.024355363069133974,105951.71417821488,0.0013572088082974532,0.023208420347172555,colebrook
moody_eps1.36e-03_Re1.26e+05,190.1990034052277,1.2754351374839425,0.001,1000.0,0.1,0.00013572088082974533,0.0233841440636511,127543.51374839425,0.0013572088082974532,0.022904375762137382,colebrook
moody_eps1.36e-03_Re1.43e+05,236.83526417467905,1.4253058283825126,0.001,1000.0,0.1,0.00013572088082974533,0.023316332599433002,142530.58283825126,0.0013572088082974532,0.022742355920651595,colebrook
moody_eps1.36e-03_Re1.62e+05,282.6453213755289,1.5592510784632552,0.001,1000.0,0.1,0.00013572088082974533,0.023250895831512824,155925.10784632553,0.0013572088082974532,0.022621530828732035,colebrook
moody_eps1.36e-03_Re1.85e+05,373.05190289281825,1.8137835812932084,0.001,1000.0,0.1,0.00013572088082974533,0.022679230905761585,181378.35812932084,0.0013572088082974532,0.022437142489784526,colebrook
moody_eps1.36e-03_Re2.10e+05,523.7413818779291,2.1460343991760094,0.001,1000.0,0.1,0.00013572088082974533,0.022744349865269253,214603.43991760095,0.0013572088082974532,0.02225760137488524,colebrook
moody_eps1.36e-03_Re2.39e+05,673.9152680289519,2.4515821134663094,0.001,1000.0,0.1,0.00013572088082974533,0.02242551385361592,245158.21134663094,0.0013572088082974532,0.02213268301455649,colebrook
moody_eps1.36e-03_Re2.72e+05,776.1639836226976,2.609027903235859,0.001,1000.0,0.1,0.00013572088082974533,0.022804787736198484,260902.79032358594,0.0013572088082974532,0.022079029761800095,colebrook
moody_eps1.36e-03_Re3.09e+05,1075.5763350727975,3.1175266599412423,0.001,1000.0,0.1,0.00013572088082974533,0.022133540099847172,311752.66599412425,0.0013572088082974532,0.021940790981164242,colebrook
moody_eps1.36e-03_Re3.51e+05,1240.2246802492434,3.3679786234814966,0.001,1000.0,0.1,0.00013572088082974533,0.021867126251835366,336797.86234814965,0.0013572088082974532,0.021887276712903046,colebrook
moody_eps1.36e-03_Re3.99e+05,1810.3640903819196,4.051067194038474,0.001,1000.0,0.1,0.00013572088082974533,0.02206261714323698,405106.71940384735,0.0013572088082974532,0.0217735144587954,colebrook
moody_eps1.36e-03_Re4.54e+05,2338.262254137085,4.563575437403212,0.001,1000.0,0.1,0.00013572088082974533,0.022454983836367598,456357.5437403211,0.0013572088082974532,0.021709656437581607,colebrook
moody_eps1.36e-03_Re5.16e+05,2606.1247436303333,5.001255186160288,0.001,1000.0,0.1,0.00013572088082974533,0.020838534139943413,500125.51861602877,0.0013572088082974532,0.02166511085164945,colebrook
moody_eps1.36e-03_Re5.87e+05,3343.6948124838545,5.540563138422268,0.001,1000.0,0.1,0.00013572088082974533,0.021784560896619922,554056.3138422268,0.0013572088082974532,0.021619582933137507,colebrook
moody_eps1.36e-03_Re6.67e+05,4980.615590514607,6.7799292442608365,0.001,1000.0,0.1,0.00013572088082974533,0.02167018885603927,677992.9244260836,0.0013572088082974532,0.021541656638434156,colebrook
moody_eps1.36e-03_Re7.59e+05,5871.739901157769,7.619924803307041,0.001,1000.0,0.1,0.00013572088082974533,0.020225321510032188,761992.4803307041,0.0013572088082974532,0.021502899731148748,colebrook
moody_eps1.36e-03_Re8.63e+05,8143.428419737562,8.75203796260326,0.001,1000.0,0.1,0.00013572088082974533,0.021262723585512275,875203.796260326,0.0013572088082974532,0.021462180044486127,colebrook
moody_eps1.36e-03_Re9.81e+05,11022.449831043907,10.335980654540174,0.001,1000.0,0.1,0.00013572088082974533,0.020635013192338052,1033598.0654540173,0.0013572088082974532,0.02141990230549357,colebrook
moody_eps1.36e-03_Re1.12e+06,12600.529819828813,10.792195501436302,0.001,1000.0,0.1,0.00013572088082974533,0.021637107067039443,1079219.5501436302,0.0013572088082974532,0.021409986108563168,colebrook
moody_eps1.36e-03_Re1.27e+06,15029.212083863998,11.996657733852023,0.001,1000.0,0.1,0.00013572088082974533,0.020885538223076847,1199665.7733852023,0.0013572088082974532,0.02138737161612657,colebrook
moody_eps1.36e-03_Re1.44e+06,24473.98728250685,15.043159022587712,0.001,1000.0,0.1,0.00013572088082974533,0.021630005640899577,1504315.9022587712,0.0013572088082974532,0.02134612555790884,colebrook
moody_eps1.36e-03_Re1.64e+06,29541.8335463998,16.201837502520615,0.001,1000.0,0.1,0.00013572088082974533,0.0225081032293831,1620183.7502520615,0.0013572088082974532,0.021334460620536067,colebrook
moody_eps1.36e-03_Re1.86e+06,38292.574953012205,18.87904474959604,0.001,1000.0,0.1,0.00013572088082974533,0.021487432973718915,1887904.474959604,0.0013572088082974532,0.021312926916389023,colebrook
moody_eps1.36e-03_Re2.12e+06,48204.86923236408,20.86349828339463,0.001,1000.0,0.1,0.00013572088082974533,0.022148618559076155,2086349.8283394626,0.0013572088082974532,0.0213004977545937,colebrook
moody_eps1.36e-03_Re2.41e+06,58127.63086609684,22.931239572740587,0.001,1000.0,0.1,0.00013572088082974533,0.022108412292986903,2293123.957274059,0.0013572088082974532,0.021289815609697553,colebrook
moody_eps1.36e-03_Re2.74e+06,84762.22057925694,28.213807066377303,0.001,1000.0,0.1,0.00013572088082974533,0.021296534442053542,2821380.7066377304,0.0013572088082974532,0.02126958466847954,colebrook
moody_eps1.36e-03_Re3.12e+06,117591.74985869418,33.12469585137313,0.001,1000.0,0.1,0.00013572088082974533,0.021433991301232372,3312469.5851373128,0.0013572088082974532,0.021256529717998175,colebrook
moody_eps1.36e-03_Re3.54e+06,132883.14578904846,35.81818749622363,0.001,1000.0,0.1,0.00013572088082974533,0.0207153695569393,3581818.7496223627,0.0013572088082974532,0.021250881047034743,colebrook
moody_eps1.36e-03_Re4.03e+06,170902.0010051563,39.74248281950199,0.001,1000.0,0.1,0.00013572088082974533,0.02164049313230272,3974248.281950198,0.0013572088082974532,0.021244014641330588,colebrook
moody_eps1.36e-03_Re4.58e+06,233515.35083703222,46.66823544342985,0.001,1000.0,0.1,0.00013572088082974533,0.021443845557251165,4666823.544342984,0.0013572088082974532,0.021234701707713566,colebrook
moody_eps1.36e-03_Re5.21e+06,304933.4787180865,52.577174761885516,0.001,1000.0,0.1,0.00013572088082974533,0.02206178321773493,5257717.476188552,0.0013572088082974532,0.021228688215380556,colebrook
moody_eps1.36e-03_Re5.93e+06,371627.8418038938,58.84216699129622,0.001,1000.0,0.1,0.00013572088082974533,0.021466484268846182,5884216.6991296215,0.0013572088082974532,0.021223626929022677,colebrook
moody_eps1.36e-03_Re6.74e+06,450611.8904816345,64.34192882658998,0.001,1000.0,0.1,0.00013572088082974533,0.021769301347235422,6434192.882658998,0.0013572088082974532,0.021219993689019803,colebrook
moody_eps1.36e-03_Re7.66e+06,642904.8064808728,75.98937799221633,0.001,1000.0,0.1,0.00013572088082974533,0.022267470675436423,7598937.799221633,0.0013572088082974532,0.02121403081811048,colebrook
moody_eps1.36e-03_Re8.71e+06,846695.6309137775,88.73099430740196,0.001,1000.0,0.1,0.00013572088082974533,0.021508326376778266,8873099.430740196,0.0013572088082974532,0.021209296630178863,colebrook
moody_eps1.36e-03_Re9.90e+06,892797.5133665357,93.84272031649252,0.001,1000.0,0.1,0.00013572088082974533,0.020275977022102393,9384272.031649252,0.0013572088082974532,0.021207757900248245,colebrook
moody_eps1.36e-03_Re1.13e+07,1309929.722795989,112.25376498988831,0.001,1000.0,0.1,0.00013572088082974533,0.020791037412968266,11225376.498988831,0.0013572088082974532,0.02120337504720598,colebrook
moody_eps1.36e-03_Re1.28e+07,1665339.6414342052,126.03408045688263,0.001,1000.0,0.1,0.00013572088082974533,0.020967990996302477,12603408.045688264,0.0013572088082974532,0.021200931101775917,colebrook
moody_eps1.36e-03_Re1.46e+07,2191605.0695815124,141.92967255881146,0.001,1000.0,0.1,0.00013572088082974533,0.021759348622290533,14192967.255881146,0.0013572088082974532,0.021198700602827622,colebrook
moody_eps1.36e-03_Re1.66e+07,3123424.0980518027,167.6526649917801,0.001,1000.0,0.1,0.00013572088082974533,0.022224910957948395,16765266.499178011,0.0013572088082974532,0.021195986044357736,colebrook
moody_eps1.36e-03_Re1.88e+07,3767423.4219275354,182.65194213379135,0.001,1000.0,0.1,0.00013572088082974533,0.022585298783961212,18265194.213379133,0.0013572088082974532,0.02119475567225421,colebrook
moody_eps1.36e-03_Re2.14e+07,4725194.000379683,210.5538564337268,0.001,1000.0,0.1,0.00013572088082974533,0.021316860301281684,21055385.64337268,0.0013572088082974532,0.021192932803434775,colebrook
moody_eps1.36e-03_Re2.43e+07,7292016.589393893,258.09140389271573,0.001,1000.0,0.1,0.00013572088082974533,0.021894274749686072,25809140.389271572,0.0013572088082974532,0.021190734178097092,colebrook
moody_eps1.36e-03_Re2.77e+07,7592187.808131804,264.26182941898105,0.001,1000.0,0.1,0.00013572088082974533,0.02174343047199499,26426182.941898104,0.0013572088082974532,0.02119050674996366,colebrook
moody_eps1.36e-03_Re3.15e+07,11660334.37664725,329.56124516774184,0.001,1000.0,0.1,0.00013572088082974533,0.021471813689713178,32956124.516774185,0.0013572088082974532,0.021188621579878383,colebrook
moody_eps1.36e-03_Re3.58e+07,13716100.95995408,365.0508482532236,0.001,1000.0,0.1,0.00013572088082974533,0.020585145686737596,36505084.82532236,0.0013572088082974532,0.021187879729287325,colebrook
moody_eps1.36e-03_Re4.07e+07,17249474.01576573,406.5096987832153,0.001,1000.0,0.1,0.00013572088082974533,0.020876804723198257,40650969.87832153,0.0013572088082974532,0.021187177063319653,colebrook
moody_eps1.36e-03_Re4.63e+07,20429303.55640685,444.4850237342918,0.001,1000.0,0.1,0.00013572088082974533,0.020680893206640773,44448502.37342918,0.0013572088082974532,0.02118664840754335,colebrook
moody_eps1.36e-03_Re5.26e+07,27837099.55020052,519.1305364060458,0.001,1000.0,0.1,0.00013572088082974533,0.02065859714077042,51913053.64060458,0.0013572088082974532,0.021185834608729873,colebrook
moody_eps1.36e-03_Re5.98e+07,35452099.37157226,584.5939630003968,0.001,1000.0,0.1,0.00013572088082974533,0.020747381907440587,58459396.30003967,0.0013572088082974532,0.0211852919048622,colebrook
moody_eps1.36e-03_Re6.80e+07,55633733.030720554,709.08173945549,0.001,1000.0,0.1,0.00013572088082974533,0.022129703491380555,70908173.945549,0.0013572088082974532,0.021184536261033945,colebrook
moody_eps1.36e-03_Re7.73e+07,71578895.27270718,831.5635657484158,0.001,1000.0,0.1,0.00013572088082974533,0.020702561399040056,83156356.57484159,0.0013572088082974532,0.021184013544515396,colebrook
moody_eps1.36e-03_Re8.79e+07,83992511.31305279,888.8887110427316,0.001,1000.0,0.1,0.00013572088082974533,0.021260612933631833,88888871.10427316,0.0013572088082974532,0.021183818374063097,colebrook
moody_eps1.36e-03_Re1.00e+08,100013202.14006875,983.3612426432232,0.001,1000.0,0.1,0.00013572088082974533,0.020685268060047505,98336124.26432233,0.0013572088082974532,0.02118354637126748,colebrook
moody_eps1.79e-03_Re3.00e+02,0.010157282399099635,0.0030834511662111196,0.001,1000.0,0.1,0.00017911546296155005,0.21366499320896676,308.34511662111197,0.0017911546296155002,0.20755963545432718,laminar
moody_eps1.79e-03_Re3.41e+02,0.011223771619483153,0.003627529809332995,0.001,1000.0,0.1,0.00017911546296155005,0.1705873555776777,362.7529809332995,0.0017911546296155002,0.17642859842347616,laminar
moody_eps1.79e-03_Re3.88e+02,0.01275322449817706,0.004047874711126792,0.001,1000.0,0.1,0.00017911546296155005,0.15566675657976867,404.7874711126792,0.0017911546296155002,0.15810766035835272,laminar
moody_eps1.79e-03_Re4.41e+02,0.01405161347063831,0.004275067062719764,0.001,1000.0,0.1,0.00017911546296155005,0.15376954408362173,427.5067062719764,0.0017911546296155002,0.14970525388503195,laminar
moody_eps1.79e-03_Re5.01e+02,0.016822156481087563,0.0050061683838686965,0.001,1000.0,0.1,0.00017911546296155005,0.134245815642696,500.6168383868697,0.0017911546296155002,0.12784228394359698,laminar
moody_eps1.79e-03_Re5.70e+02,0.017893829393839777,0.005401260980231248,0.001,1000.0,0.1,0.00017911546296155005,0.12267129883463392,540.1260980231248,0.0017911546296155002,0.11849084914474903,laminar
moody_eps1.79e-03_Re6.48e+02,0.01972017958408545,0.006299457366158825,0.001,1000.0,0.1,0.00017911546296155005,0.09938814368395822,629.9457366158824,0.0017911546296155002,0.10159605229461983,laminar
moody_eps1.79e-03_Re7.37e+02,0.0225832861181949,0.006930800039122498,0.001,1000.0,0.1,0.00017911546296155005,0.09402652678802773,693.0800039122497,0.0017911546296155002,0.09234143192522834,laminar
moody_eps1.79e-03_Re8.38e+02,0.027520678310506475,0.008283601386228833,0.001,1000.0,0.1,0.00017911546296155005,0.08021410558321553,828.3601386228833,0.0017911546296155002,0.07726108128089978,laminar
moody_eps1.79e-03_Re9.53e+02,0.029871023111991506,0.009611766360472366,0.001,1000.0,0.1,0.00017911546296155005,0.0646656552186934,961.1766360472367,0.0017911546296155002,0.06658505585736559,laminar
moody_eps1.79e-03_Re1.08e+03,0.03250973859659767,0.010506953806576253,0.001,1000.0,0.1,0.00017911546296155005,0.058896546143892864,1050.6953806576253,0.0017911546296155002,0.060912040899944474,laminar
moody_eps1.79e-03_Re1.23e+03,0.03847397056793654,0.011844006698912321,0.001,1000.0,0.1,0.00017911546296155005,0.054852915445781796,1184.4006698912322,0.0017911546296155002,0.054035768154266035,laminar
moody_eps1.79e-03_Re1.40e+03,0.04259928414164251,0.013558384343823615,0.001,1000.0,0.1,0.00017911546296155005,0.046346443702222774,1355.8384343823616,0.0017911546296155002,0.04720326432489322,laminar
moody_eps1.79e-03_Re1.59e+03,0.05057659933148998,0.015936310833369646,0.001,1000.0,0.1,0.00017911546296155005,0.039829424992695636,1593.6310833369646,0.0017911546296155002,0.040159859247968464,laminar
moody_eps1.79e-03_Re1.81e+03,0.059339272935993066,0.01815758449930719,0.001,1000.0,0.1,0.00017911546296155005,0.03599615130251212,1815.7584499307188,0.0017911546296155002,0.0352469790254546,laminar
moody_eps1.79e-03_Re2.06e+03,0.06471669654816482,0.020905348056120814,0.001,1000.0,0.1,0.00017911546296155005,0.02961634981959218,2090.5348056120815,0.0017911546296155002,0.030614175773677983,laminar
moody_eps1.79e-03_Re4.45e+03,0.384015531273916,0.044510200408819166,0.001,1000.0,0.1,0.00017911546296155005,0.038766776079441526,4451.020040881916,0.0017911546296155002,0.040534522701597936,colebrook
moody_eps1.79e-03_Re5.06e+03,0.501327497072622,0.050178447922433235,0.001,1000.0,0.1,0.00017911546296155005,0.039821450338257784,5017.844792243323,0.0017911546296155002,0.03930952353536472,colebrook
moody_eps1.79e-03_Re5.76e+03,0.6261760117675353,0.0569664033605997,0.001,1000.0,0.1,0.00017911546296155005,0.03859124774545431,5696.640336059971,0.0017911546296155002,0.03808830688131691,colebrook
moody_eps1.79e-03_Re6.55e+03,0.8864176671422682,0.06826659776180777,0.001,1000.0,0.1,0.00017911546296155005,0.03804099611751208,6826.659776180777,0.0017911546296155002,0.036472541115544536,colebrook
moody_eps1.79e-03_Re7.44e+03,0.8634587942293851,0.06968857822302,0.001,1000.0,0.1,0.00017911546296155005,0.03555890709030226,6968.857822302,0.0017911546296155002,0.0362974305157264,colebrook
moody_eps1.79e-03_Re8.46e+03,1.2755791093288156,0.08431462601683595,0.001,1000.0,0.1,0.00017911546296155005,0.035886537504387014,8431.462601683595,0.0017911546296155002,0.034761345612031896,colebrook
moody_eps1.79e-03_Re9.62e+03,1.61376988405661,0.09512349518759589,0.001,1000.0,0.1,0.00017911546296155005,0.03566941635177208,9512.349518759589,0.0017911546296155002,0.033862139131414525,colebrook
moody_eps1.79e-03_Re1.09e+04,1.9816247427191254,0.11146012328938218,0.001,1000.0,0.1,0.00017911546296155005,0.031901593270721985,11146.012328938217,0.0017911546296155002,0.03276182113472959,colebrook
moody_eps1.79e-03_Re1.24e+04,2.3120064508752582,0.12120427131500237,0.001,1000.0,0.1,0.00017911546296155005,0.03147626459026462,12120.427131500237,0.0017911546296155002,0.03221553946238876,colebrook
moody_eps1.79e-03_Re1.41e+04,2.8373723945438725,0.1346441470016318,0.001,1000.0,0.1,0.00017911546296155005,0.03130194875317214,13464.414700163179,0.0017911546296155002,0.031563414111172534,colebrook
moody_eps1.79e-03_Re1.61e+04,4.320435246784249,0.1677719471508098,0.001,1000.0,0.1,0.00017911546296155005,0.030698616692639367,16777.19471508098,0.0017911546296155002,0.030313189013599712,colebrook
moody_eps1.79e-03_Re1.83e+04,5.242981904152806,0.18969766020033788,0.001,1000.0,0.1,0.00017911546296155005,0.029139655031301184,18969.76602003379,0.0017911546296155002,0.0296785125592024,colebrook
moody_eps1.79e-03_Re2.08e+04,5.966868367565977,0.20291054921227755,0.001,1000.0,0.1,0.00017911546296155005,0.028984592579719824,20291.054921227755,0.0017911546296155002,0.029348901527754174,colebrook
moody_eps1.79e-03_Re2.37e+04,8.08274564996148,0.23017736807348343,0.001,1000.0,0.1,0.00017911546296155005,0.030511507696437064,23017.73680734834,0.0017911546296155002,0.028765228994582996,colebrook
moody_eps1.79e-03_Re2.69e+04,10.313675481589613,0.2666612288431566,0.001,1000.0,0.1,0.00017911546296155005,0.029008395348914945,26666.122884315653,0.0017911546296155002,0.028137077564469246,colebrook
moody_eps1.79e-03_Re3.06e+04,12.920454436386363,0.3087726019553564,0.001,1000.0,0.1,0.00017911546296155005,0.027103805338096865,30877.26019553564,0.0017911546296155002,0.027564779320173892,colebrook
moody_eps1.79e-03_Re3.48e+04,17.672358163629635,0.3584840316311685,0.001,1000.0,0.1,0.00017911546296155005,0.02750330405711491,35848.40316311685,0.0017911546296155002,0.027034014205882556,colebrook
moody_eps1.79e-03_Re3.95e+04,21.321988698572685,0.3999117098007525,0.001,1000.0,0.1,0.00017911546296155005,0.02666425553631055,39991.17098007525,0.0017911546296155002,0.0266765719162521,colebrook
moody_eps1.79e-03_Re4.50e+04,27.480921782011496,0.453309476064122,0.001,1000.0,0.1,0.00017911546296155005,0.026746791744574467,45330.94760641219,0.0017911546296155002,0.026297783367992524,colebrook
moody_eps1.79e-03_Re5.11e+04,37.13710868121964,0.538484504472779,0.001,1000.0,0.1,0.00017911546296155005,0.02561484093612387,53848.45044727789,0.0017911546296155002,0.025827879970352942,colebrook
moody_eps1.79e-03_Re5.81e+04,40.78451535874193,0.5734689016092583,0.001,1000.0,0.1,0.00017911546296155005,0.02480307681049354,57346.89016092584,0.0017911546296155002,0.02566986078036366,colebrook
moody_eps1.79e-03_Re6.61e+04,55.563389857142106,0.6585961335765796,0.001,1000.0,0.1,0.00017911546296155005,0.025620073763276158,65859.61335765796,0.0017911546296155002,0.025346729317948558,colebrook
moody_eps1.79e-03_Re7.52e+04,76.00415406562111,0.7932790906861809,0.001,1000.0,0.1,0.00017911546296155005,0.02415545991374581,79327.90906861809,0.0017911546296155002,0.024961541346044544,colebrook
moody_eps1.79e-03_Re8.55e+04,79.07501308512718,0.8028293429548526,0.001,1000.0,0.1,0.00017911546296155005,0.024537075175057845,80282.93429548526,0.0017911546296155002,0.02493858152968787,colebrook
moody_eps1.79e-03_Re9.72e+04,111.88956000745614,0.96392534439985,0.001,1000.0,0.1,0.00017911546296155005,0.024084229841616824,96392.534439985,0.0017911546296155002,0.024613054216503647,colebrook
moody_eps1.79e-03_Re1.10e+05,156.0305884925593,1.1830023579172673,0.001,1000.0,0.1,0.00017911546296155005,0.022298134033807003,118300.23579172674,0.0017911546296155002,0.024300533279240692,colebrook
moody_eps1.79e-03_Re1.26e+05,176.13334671417306,1.2146988513772308,0.001,1000.0,0.1,0.00017911546296155005,0.023874503092548505,121469.88513772307,0.0017911546296155002,0.024263851319416028,colebrook
moody_eps1.79e-03_Re1.43e+05,257.96369944346367,1.4478484799880686,0.001,1000.0,0.1,0.00017911546296155005,0.024611742527497753,144784.84799880686,0.0017911546296155002,0.024039681025677148,colebrook
moody_eps1.79e-03_Re1.62e+05,321.9717754937746,1.6267652945920121,0.001,1000.0,0.1,0.00017911546296155005,0.024333131379226634,162676.5294592012,0.0017911546296155002,0.02390823485793174,colebrook
moody_eps1.79e-03_Re1.85e+05,378.29985529796835,1.8289975056001844,0.001,1000.0,0.1,0.00017911546296155005,0.022617257599960198,182899.75056001844,0.0017911546296155002,0.023788667434884152,colebrook
moody_eps1.79e-03_Re2.10e+05,504.94629729753973,2.100328394856726,0.001,1000.0,0.1,0.00017911546296155005,0.02289289836016812,210032.8394856726,0.0017911546296155002,0.023662373145113214,colebrook
moody_eps1.79e-03_Re2.39e+05,571.9449550537357,2.229659590355297,0.001,1000.0,0.1,0.00017911546296155005,0.02300949586411695,222965.9590355297,0.0017911546296155002,0.023612405394332472,colebrook
moody_eps1.79e-03_Re2.72e+05,843.2884033038587,2.6815789149647458,0.001,1000.0,0.1,0.00017911546296155005,0.023454434128398004,268157.89149647456,0.0017911546296155002,0.023473899767462978,colebrook
moody_eps1.79e-03_Re3.09e+05,1118.3559463251988,3.087693461328825,0.001,1000.0,0.1,0.00017911546296155005,0.023460739144122392,308769.3461328825,0.0017911546296155002,0.023382601951293668,colebrook
moody_eps1.79e-03_Re3.51e+05,1589.5747530037063,3.679916390426779,0.001,1000.0,0.1,0.00017911546296155005,0.02347659182595448,367991.6390426779,0.0017911546296155002,0.023284311317764907,colebrook
moody_eps1.79e-03_Re3.99e+05,1964.252588866381,4.02318155326354,0.001,1000.0,0.1,0.00017911546296155005,0.02427102218475044,402318.15532635397,0.0017911546296155002,0.023240153390020613,colebrook
moody_eps1.79e-03_Re4.54e+05,2495.7767366209277,4.6997162649495445,0.001,1000.0,0.1,0.00017911546296155005,0.022599167947477142,469971.62649495446,0.0017911546296155002,0.02317147022264577,colebrook
moody_eps1.79e-03_Re5.16e+05,3080.259929724362,5.222481596258271,0.001,1000.0,0.1,0.00017911546296155005,0.02258725867200823,522248.1596258271,0.0017911546296155002,0.02313026969391828,colebrook
moody_eps1.79e-03_Re5.87e+05,4173.355054054712,5.876385187175768,0.001,1000.0,0.1,0.00017911546296155005,0.024171011195070688,587638.5187175769,0.0017911546296155002,0.0230888128091089,colebrook
moody_eps1.79e-03_Re6.67e+05,5116.601758965635,6.698539621314219,0.001,1000.0,0.1,0.00017911546296155005,0.02280611712534968,669853.9621314219,0.0017911546296155002,0.02304793776041453,colebrook
moody_eps1.79e-03_Re7.59e+05,6193.47064042164,7.292013274313794,0.001,1000.0,0.1,0.00017911546296155005,0.02329534666658176,729201.3274313794,0.0017911546296155002,0.023024050723952114,colebrook
moody_eps1.79e-03_Re8.63e+05,8722.289982026403,8.604382461708449,0.001,1000.0,0.1,0.00017911546296155005,0.023562485705428366,860438.2461708449,0.0017911546296155002,0.022982737446425084,colebrook
moody_eps1.79e-03_Re9.81e+05,11815.735208392647,10.030265398690531,0.001,1000.0,0.1,0.00017911546296155005,0.023489074020174153,1003026.5398690532,0.0017911546296155002,0.022949931860780034,colebrook
moody_eps1.79e-03_Re1.12e+06,15241.760389907562,11.55633842420374,0.001,1000.0,0.1,0.00017911546296155005,0.022825727199784776,1155633.842420374,0.0017911546296155002,0.022923679206325577,colebrook
moody_eps1.79e-03_Re1.27e+06,19030.181386982713,13.216983947772484,0.001,1000.0,0.1,0.00017911546296155005,0.021787540047104804,1321698.3947772481,0.0017911546296155002,0.02290192466843357,colebrook
moody_eps1.79e-03_Re1.44e+06,24699.905649381493,14.930946863430645,0.001,1000.0,0.1,0.00017911546296155005,0.022159022078021423,1493094.6863430645,0.0017911546296155002,0.02288449737842115,colebrook
moody_eps1.79e-03_Re1.64e+06,27491.091046720932,15.553602717439404,0.001,1000.0,0.1,0.00017911546296155005,0.02272793446722366,1555360.2717439402,0.0017911546296155002,0.0228791085932442,colebrook
moody_eps1.79e-03_Re1.86e+06,40148.45060835735,18.487746433750377,0.001,1000.0,0.1,0.00017911546296155005,0.023492586439567135,1848774.6433750375,0.0017911546296155002,0.02285856204579312,colebrook
moody_eps1.79e-03_Re2.12e+06,47281.79869146946,20.715804176088806,0.001,1000.0,0.1,0.00017911546296155005,0.022035372230611267,2071580.4176088802,0.0017911546296155002,0.02284682051751263,colebrook
moody_eps1.79e-03_Re2.41e+06,67845.86812962506,24.20288556136792,0.001,1000.0,0.1,0.00017911546296155005,0.02316429595036007,2420288.556136792,0.0017911546296155002,0.022832757239411906,colebrook
moody_eps1.79e-03_Re2.74e+06,81883.31363988329,26.735672849955403,0.001,1000.0,0.1,0.00017911546296155005,0.022910953730873575,2673567.2849955405,0.0017911546296155002,0.022824829954007034,colebrook
moody_eps1.79e-03_Re3.12e+06,103567.43935604539,30.07323562440195,0.001,1000.0,0.1,0.00017911546296155005,0.02290302886071919,3007323.562440195,0.0017911546296155002,0.02281641298068462,colebrook
moody_eps1.79e-03_Re3.54e+06,132679.33846971337,35.4117481812269,0.001,1000.0,0.1,0.00017911546296155005,0.021161115552811065,3541174.818122689,0.0017911546296155002,0.022806234674747385,colebrook
moody_eps1.79e-03_Re4.03e+06,189430.1314940062,40.88168775251964,0.001,1000.0,0.1,0.00017911546296155005,0.022668428982080418,4088168.7752519636,0.0017911546296155002,0.022798553079283107,colebrook
moody_eps1.79e-03_Re4.58e+06,238714.612698411,44.49352047717468,0.001,1000.0,0.1,0.00017911546296155005,0.024116565589535875,4449352.047717468,0.0017911546296155002,0.022794512752791492,colebrook
moody_eps1.79e-03_Re5.21e+06,313959.36801351456,52.84534071753344,0.001,1000.0,0.1,0.00017911546296155005,0.022484852201443445,5284534.071753344,0.0017911546296155002,0.02278727926954556,colebrook
moody_eps1.79e-03_Re5.93e+06,388443.2416564288,58.166383204717505,0.001,1000.0,0.1,0.00017911546296155005,0.022962197347900823,5816638.320471751,0.0017911546296155002,0.022783751280663178,colebrook
moody_eps1.79e-03_Re6.74e+06,546356.1473508183,69.12899708001756,0.001,1000.0,0.1,0.00017911546296155005,0.022865742960784998,6912899.708001756,0.0017911546296155002,0.022778191241899347,colebrook
moody_eps1.79e-03_Re7.66e+06,671799.2196674057,77.91240320453139,0.001,1000.0,0.1,0.00017911546296155005,0.022133815730393806,7791240.320453139,0.0017911546296155002,0.022774863323179587,colebrook
moody_eps1.79e-03_Re8.71e+06,879742.6835783299,86.54880672582806,0.001,1000.0,0.1,0.00017911546296155005,0.023488943883444722,8654880.672582805,0.0017911546296155002,0.022772248577143165,colebrook
moody_eps1.79e-03_Re9.90e+06,1145325.299732454,99.39480116939738,0.001,1000.0,0.1,0.00017911546296155005,0.023186303232107,9939480.116939738,0.0017911546296155002,0.02276919867302742,colebrook
moody_eps1.79e-03_Re1.13e+07,1476062.3423029522,111.66743383648247,0.001,1000.0,0.1,0.00017911546296155005,0.023674544082020136,11166743.383648247,0.0017911546296155002,0.022766939453196185,colebrook
moody_eps1.79e-03_Re1.28e+07,1752151.9808816228,125.5760386271746,0.001,1000.0,0.1,0.00017911546296155005,0.022222259355656103,12557603.86271746,0.0017911546296155002,0.022764912252806732,colebrook
moody_eps1.79e-03_Re1.46e+07,2249839.7047663596,139.97139397454714,0.001,1000.0,0.1,0.00017911546296155005,0.022966932658376484,13997139.397454713,0.0017911546296155002,0.022763237927826373,colebrook
moody_eps1.79e-03_Re1.66e+07,3173715.6099613686,164.8997152211963,0.001,1000.0,0.1,0.00017911546296155005,0.023343081823439315,16489971.522119628,0.0017911546296155002,0.02276102931274392,colebrook
moody_eps1.79e-03_Re1.88e+07,3739372.4952301686,185.61025659897038,0.001,1000.0,0.1,0.00017911546296155005,0.021708248412756082,18561025.659897037,0.0017911546296155002,0.02275964520666789,colebrook
moody_eps1.79e-03_Re2.14e+07,5089434.084814495,214.3448536311359,0.001,1000.0,0.1,0.00017911546296155005,0.022155082335969405,21434485.36311359,0.0017911546296155002,0.02275816752669946,colebrook
moody_eps1.79e-03_Re2.43e+07,6690958.107877883,238.68241913619363,0.001,1000.0,0.1,0.00017911546296155005,0.023489698613748097,23868241.91361936,0.0017911546296155002,0.022757194081567837,colebrook
moody_eps1.79e-03_Re2.77e+07,8833019.28674777,280.56104229871454,0.001,1000.0,0.1,0.00017911546296155005,0.02244318253952752,28056104.229871456,0.0017911546296155002,0.02275591415894638,colebrook
moody_eps1.79e-03_Re3.15e+07,10846699.072190182,314.3485042488201,0.001,1000.0,0.1,0.00017911546296155005,0.021953551656037556,31434850.42488201,0.0017911546296155002,0.022755129969083666,colebrook
moody_eps1.79e-03_Re3.58e+07,13643116.128469227,343.44148334015614,0.001,1000.0,0.1,0.00017911546296155005,0.023133325519556054,34344148.33401561,0.0017911546296155002,0.022754578310056447,colebrook
moody_eps1.79e-03_Re4.07e+07,20424336.759498518,421.1815876831932,0.001,1000.0,0.1,0.00017911546296155005,0.02302709769397589,42118158.76831932,0.0017911546296155002,0.022753477982611625,colebrook
moody_eps1.79e-03_Re4.63e+07,22777173.398444135,448.3058770089221,0.001,1000.0,0.1,0.00017911546296155005,0.022666317047476823,44830587.70089221,0.0017911546296155002,0.022753183840206186,colebrook
moody_eps1.79e-03_Re5.26e+07,31246089.00593824,524.5696260426796,0.001,1000.0,0.1,0.00017911546296155005,0.022710117478701674,52456962.604267955,0.0017911546296155002,0.022752519770020477,colebrook
moody_eps1.79e-03_Re5.98e+07,38105277.41650754,574.7515353080407,0.001,1000.0,0.1,0.00017911546296155005,0.023070385063422377,57475153.53080407,0.0017911546296155002,0.022752178915461285,colebrook
moody_eps1.79e-03_Re6.80e+07,50283155.535362855,676.1480706227613,0.001,1000.0,0.1,0.00017911546296155005,0.021997275475314944,67614807.06227612,0.0017911546296155002,0.022751644555305026,colebrook
moody_eps1.79e-03_Re7.73e+07,58703003.34069992,731.6256329578692,0.001,1000.0,0.1,0.00017911546296155005,0.021933729894381276,73162563.29578692,0.0017911546296155002,0.022751414864435535,colebrook
moody_eps1.79e-03_Re8.79e+07,84502130.99107876,858.9657455506775,0.001,1000.0,0.1,0.00017911546296155005,0.022905826494542012,85896574.55506775,0.0017911546296155002,0.02275099983589326,colebrook
moody_eps1.79e-03_Re1.00e+08,113685565.873953,1023.3968808525029,0.001,1000.0,0.1,0.00017911546296155005,0.02170936625188575,102339688.08525029,0.0017911546296155002,0.02275061668761505,colebrook
moody_eps2.36e-03_Re3.00e+02,0.0100294116148784,0.003060521969705439,0.001,1000.0,0.1,0.00023638476906273555,0.2141482098655417,306.05219697054383,0.0023638476906273553,0.20911465636745524,laminar
moody_eps2.36e-03_Re3.41e+02,0.01042616778200811,0.0033343037581637543,0.001,1000.0,0.1,0.00023638476906273555,0.18756179540521034,333.43037581637543,0.0023638476906273553,0.19194411979802842,laminar
moody_eps2.36e-03_Re3.88e+02,0.013029675473688034,0.004101444024734903,0.001,1000.0,0.1,0.00023638476906273555,0.1549137678374471,410.14440247349023,0.0023638476906273553,0.15604260259077082,laminar
moody_eps2.36e-03_Re4.41e+02,0.01421605583549751,0.004489970872379372,0.001,1000.0,0.1,0.00023638476906273555,0.14103343021784331,448.99708723793725,0.0023638476906273553,0.14253990018889465,laminar
moody_eps2.36e-03_Re5.01e+02,0.015213088304672096,0.00497056442172482,0.001,1000.0,0.1,0.00023638476906273555,0.1231504400402973,497.056442172482,0.0023638476906273553,0.1287580133159034,laminar
moody_eps2.36e-03_Re5.70e+02,0.017492645866397538,0.00566385485580511,0.001,1000.0,0.1,0.00023638476906273555,0.10905893915725687,566.385485580511,0.0023638476906273553,0.11299724592060097,laminar
moody_eps2.36e-03_Re6.48e+02,0.02045377838148739,0.006299554497887522,0.001,1000.0,0.1,0.00023638476906273555,0.1030822446496896,629.9554497887522,0.0023638476906273553,0.1015944858028637,laminar
moody_eps2.36e-03_Re7.37e+02,0.02475430614483661,0.0072511342573203415,0.001,1000.0,0.1,0.00023638476906273555,0.09416052271152571,725.1134257320342,0.0023638476906273553,0.0882620535337477,laminar
moody_eps2.36e-03_Re8.38e+02,0.027267793200021505,0.008317013011974742,0.001,1000.0,0.1,0.00023638476906273555,0.07883974763178356,831.7013011974742,0.0023638476906273553,0.0769507032246475,laminar
moody_eps2.36e-03_Re9.53e+02,0.029516874883970624,0.009638224216809802,0.001,1000.0,0.1,0.00023638476906273555,0.0635486486311313,963.8224216809801,0.0023638476906273553,0.06640227344823448,laminar
moody_eps2.36e-03_Re1.08e+03,0.030825706659716307,0.010131752066488977,0.001,1000.0,0.1,0.00023638476906273555,0.06005842372646655,1013.1752066488976,0.0023638476906273553,0.0631677518162743,laminar
moody_eps2.36e-03_Re1.23e+03,0.04048262728733824,0.012250128838115597,0.001,1000.0,0.1,0.00023638476906273555,0.053953220500832656,1225.0128838115597,0.0023638476906273553,0.052244348484619646,laminar
moody_eps2.36e-03_Re1.40e+03,0.04418004067904474,0.013743326561055726,0.001,1000.0,0.1,0.00023638476906273555,0.046781309557805614,1374.3326561055726,0.0023638476906273553,0.04656805593294706,laminar
moody_eps2.36e-03_Re1.59e+03,0.05547718763933081,0.016013968066125796,0.001,1000.0,0.1,0.00023638476906273555,0.043265977114991694,1601.3968066125794,0.0023638476906273553,0.039965110293543445,laminar
moody_eps2.36e-03_Re1.81e+03,0.05613836185569507,0.017821265282286523,0.001,1000.0,0.1,0.00023638476906273555,0.03535189194907842,1782.1265282286522,0.0023638476906273553,0.03591215269300374,laminar
moody_eps2.36e-03_Re2.06e+03,0.06606105364653445,0.02056482640527494,0.001,1000.0,0.1,0.00023638476906273555,0.03124103376434828,2056.482640527494,0.0023638476906273553,0.03112109907408886,laminar
moody_eps2.36e-03_Re4.45e+03,0.36079844943412465,0.041546557487505915,0.001,1000.0,0.1,0.00023638476906273555,0.04180464785215254,4154.655748750592,0.0023638476906273553,0.041833950903862674,colebrook
moody_eps2.36e-03_Re5.06e+03,0.4921516688022719,0.04971919124039496,0.001,1000.0,0.1,0.00023638476906273555,0.03981812875755628,4971.919124039496,0.0023638476906273553,0.04000299610533427,colebrook
moody_eps2.36e-03_Re5.76e+03,0.622393044357249,0.0558939455151865,0.001,1000.0,0.1,0.00023638476906273555,0.039844207363737054,5589.39455151865,0.0023638476906273553,0.0388958696111653,colebrook
moody_eps2.36e-03_Re6.55e+03,0.8642442784896112,0.06757511593428997,0.001,1000.0,0.1,0.00023638476906273555,0.03785235546523275,6757.511593428997,0.0023638476906273553,0.037236103930811525,colebrook
moody_eps2.36e-03_Re7.44e+03,1.03020244378642,0.07641105342707738,0.001,1000.0,0.1,0.00023638476906273555,0.03528906870891245,7641.105342707738,0.0023638476906273553,0.036245270334456535,colebrook
moody_eps2.36e-03_Re8.46e+03,1.1901012393597294,0.08245517327496271,0.001,1000.0,0.1,0.00023638476906273555,0.03500886941602396,8245.51732749627,0.0023638476906273553,0.0356628050045724,colebrook
moody_eps2.36e-03_Re9.62e+03,1.7094065899702955,0.09828518195666786,0.001,1000.0,0.1,0.00023638476906273555,0.03539152508004476,9828.518195666784,0.0023638476906273553,0.034406087609782386,colebrook
moody_eps2.36e-03_Re1.09e+04,2.1297661555867107,0.1124429324241672,0.001,1000.0,0.1,0.00023638476906273555,0.03368973467532564,11244.29324241672,0.0023638476906273553,0.03352111571205175,colebrook
moody_eps2.36e-03_Re1.24e+04,2.6512900076104238,0.1254950793169702,0.001,1000.0,0.1,0.00023638476906273555,0.0336692805096434,12549.507931697022,0.0023638476906273553,0.03284638466428321,colebrook
moody_eps2.36e-03_Re1.41e+04,3.0651078139173973,0.13856667300657588,0.001,1000.0,0.1,0.00023638476906273555,0.03192700436302788,13856.667300657587,0.0023638476906273553,0.032272614068573464,colebrook
moody_eps2.36e-03_Re1.61e+04,4.3623961374858125,0.16279782570542928,0.001,1000.0,0.1,0.00023638476906273555,0.0329198536122379,16279.782570542926,0.0023638476906273553,0.03140697113992398,colebrook
moody_eps2.36e-03_Re1.83e+04,5.3355619784381645,0.18640407133079503,0.001,1000.0,0.1,0.00023638476906273555,0.030711383224591562,18640.4071330795,0.0023638476906273553,0.03074104844807654,colebrook
moody_eps2.36e-03_Re2.08e+04,6.391110183909491,0.2049308914275384,0.001,1000.0,0.1,0.00023638476906273555,0.03043627099075572,20493.089142753837,0.0023638476906273553,0.03030668813089599,colebrook
moody_eps2.36e-03_Re2.37e+04,7.285707710121919,0.21789500388668726,0.001,1000.0,0.1,0.00023638476906273555,0.030690728331343904,21789.500388668723,0.0023638476906273553,0.03003885161765129,colebrook
moody_eps2.36e-03_Re2.69e+04,10.576800687372545,0.27289345014313315,0.001,1000.0,0.1,0.00023638476906273555,0.028405215729792488,27289.345014313316,0.0023638476906273553,0.02914129989945398,colebrook
moody_eps2.36e-03_Re3.06e+04,13.719203203692746,0.3089075115484326,0.001,1000.0,0.1,0.00023638476906273555,0.02875424352369007,30890.751154843256,0.0023638476906273553,0.02870081971639186,colebrook
moody_eps2.36e-03_Re3.48e+04,16.82349095506246,0.3371299019532383,0.001,1000.0,0.1,0.00023638476906273555,0.02960407979578887,33712.99019532382,0.0023638476906273553,0.028411688883474832,colebrook
moody_eps2.36e-03_Re3.95e+04,21.368416270227474,0.39745321955417495,0.001,1000.0,0.1,0.00023638476906273555,0.027053925668321068,39745.321955417494,0.0023638476906273553,0.02791283299647006,colebrook
moody_eps2.36e-03_Re4.50e+04,31.509731458159468,0.4798201656695254,0.001,1000.0,0.1,0.00023638476906273555,0.027372704237197246,47982.01656695254,0.0023638476906273553,0.027409858615188805,colebrook
moody_eps2.36e-03_Re5.11e+04,35.04271426208682,0.5009913390033451,0.001,1000.0,0.1,0.00023638476906273555,0.027923335675664507,50099.13390033451,0.0023638476906273553,0.02730405377737723,colebrook
moody_eps2.36e-03_Re5.81e+04,48.408860765145576,0.5970162011430152,0.001,1000.0,0.1,0.00023638476906273555,0.027163305905391018,59701.62011430153,0.0023638476906273553,0.026908159120408275,colebrook
moody_eps2.36e-03_Re6.61e+04,49.22852830610731,0.6057370543045258,0.001,1000.0,0.1,0.00023638476906273555,0.026833576782857273,60573.70543045258,0.0023638476906273553,0.026877741664604046,colebrook
moody_eps2.36e-03_Re7.52e+04,74.17598152315661,0.7498629481321637,0.001,1000.0,0.1,0.00023638476906273555,0.026383323795158183,74986.29481321637,0.0023638476906273553,0.026467916730840726,colebrook
moody_eps2.36e-03_Re8.55e+04,100.12840651973222,0.8706651407096282,0.001,1000.0,0.1,0.00023638476906273555,0.026417090676787186,87066.51407096282,0.0023638476906273553,0.026220129137503274,colebrook
moody_eps2.36e-03_Re9.72e+04,116.07342882255892,0.9646359931427455,0.001,1000.0,0.1,0.00023638476906273555,0.024948008552195696,96463.59931427454,0.0023638476906273553,0.026066880617398612,colebrook
moody_eps2.36e-03_Re1.10e+05,163.1296336721951,1.127506076257251,0.001,1000.0,0.1,0.00023638476906273555,0.02566404301713209,112750.60762572511,0.0023638476906273553,0.025857493661353717,colebrook
moody_eps2.36e-03_Re1.26e+05,212.21857840857746,1.262391829046172,0.001,1000.0,0.1,0.00023638476906273555,0.02663330404067499,126239.18290461719,0.0023638476906273553,0.025722319680523298,colebrook
moody_eps2.36e-03_Re1.43e+05,276.05068229321034,1.4654188107066284,0.001,1000.0,0.1,0.00023638476906273555,0.02570959862338685,146541.88107066284,0.0023638476906273553,0.02556305397548098,colebrook
moody_eps2.36e-03_Re1.62e+05,310.63366492645343,1.5812007231962801,0.001,1000.0,0.1,0.00023638476906273555,0.024848747765412536,158120.072319628,0.0023638476906273553,0.02548953506433486,colebrook
moody_eps2.36e-03_Re1.85e+05,393.9045389743264,1.776339227748273,0.001,1000.0,0.1,0.00023638476906273555,0.02496716133349375,177633.9227748273,0.0023638476906273553,0.02538623082940385,colebrook
moody_eps2.36e-03_Re2.10e+05,616.9383398723752,2.215170235108953,0.001,1000.0,0.1,0.00023638476906273555,0.02514534170349539,221517.0235108953,0.0023638476906273553,0.025217668668117917,colebrook
moody_eps2.36e-03_Re2.39e+05,717.7156585484848,2.3857223079781282,0.001,1000.0,0.1,0.00023638476906273555,0.025219857833543503,238572.2307978128,0.0023638476906273553,0.025168239127925447,colebrook
moody_eps2.36e-03_Re2.72e+05,991.8839378937523,2.762654416919044,0.001,1000.0,0.1,0.00023638476906273555,0.025991882150728837,276265.4416919044,0.0023638476906273553,0.025079902824251075,colebrook
moody_eps2.36e-03_Re3.09e+05,1206.6379836108968,3.06815832590709,0.001,1000.0,0.1,0.00023638476906273555,0.02563607034030639,306815.83259070903,0.0023638476906273553,0.025023732867846517,colebrook
moody_eps2.36e-03_Re3.51e+05,1715.5205288730435,3.8532761559984112,0.001,1000.0,0.1,0.00023638476906273555,0.02310817484638878,385327.6155998411,0.0023638476906273553,0.02491920117153588,colebrook
moody_eps2.36e-03_Re3.99e+05,1944.308684709238,3.9554618336239713,0.001,1000.0,0.1,0.00023638476906273555,0.024854258732455517,395546.18336239713,0.0023638476906273553,0.024908571839809362,colebrook
moody_eps2.36e-03_Re4.54e+05,2580.9627425556846,4.543673343358404,0.001,1000.0,0.1,0.00023638476906273555,0.025003311326726726,454367.33433584037,0.0023638476906273553,0.02485647892184253,colebrook
moody_eps2.36e-03_Re5.16e+05,3492.51207291173,5.0604667161085235,0.001,1000.0,0.1,0.00023638476906273555,0.027276382138933637,506046.67161085235,0.0023638476906273553,0.02482050626375014,colebrook
moody_eps2.36e-03_Re5.87e+05,4218.789273523465,5.81564331980725,0.001,1000.0,0.1,0.00023638476906273555,0.024947228391991143,581564.3319807249,0.0023638476906273553,0.02477923676757774,colebrook
moody_eps2.36e-03_Re6.67e+05,5524.379243933445,6.6288034803110465,0.001,1000.0,0.1,0.00023638476906273555,0.025144510915325328,662880.3480311047,0.0023638476906273553,0.024745150214810267,colebrook
moody_eps2.36e-03_Re7.59e+05,7412.154205289663,7.709491239118853,0.001,1000.0,0.1,0.00023638476906273555,0.02494152494830611,770949.1239118853,0.0023638476906273553,0.024710828811857852,colebrook
moody_eps2.36e-03_Re8.63e+05,9957.499797402808,9.001717948584437,0.001,1000.0,0.1,0.00023638476906273555,0.024577035672094166,900171.7948584437,0.0023638476906273553,0.0246804828384792,colebrook
moody_eps2.36e-03_Re9.81e+05,12063.32964325554,10.112029429469288,0.001,1000.0,0.1,0.00023638476906273555,0.02359503041120453,1011202.9429469288,0.0023638476906273553,0.02466053993501036,colebrook
moody_eps2.36e-03_Re1.12e+06,16563.80459687688,11.501277077230547,0.001,1000.0,0.1,0.00023638476906273555,0.0250436693870117,1150127.7077230548,0.0023638476906273553,0.024640960504239914,colebrook
moody_eps2.36e-03_Re1.27e+06,20593.577969198566,12.905481249579955,0.001,1000.0,0.1,0.00023638476906273555,0.024729389541504623,1290548.1249579955,0.0023638476906273553,0.02462541905035291,colebrook
moody_eps2.36e-03_Re1.44e+06,23397.345684168908,14.281946967346327,0.001,1000.0,0.1,0.00023638476906273555,0.02294149708430775,1428194.6967346328,0.0023638476906273553,0.02461312880304269,colebrook
moody_eps2.36e-03_Re1.64e+06,31733.714703115736,16.122981487764772,0.001,1000.0,0.1,0.00023638476906273555,0.024415195039050968,1612298.1487764772,0.0023638476906273553,0.024599949385507656,colebrook
moody_eps2.36e-03_Re1.86e+06,41335.8085982634,18.22236600875645,0.001,1000.0,0.1,0.00023638476906273555,0.024896993289929892,1822236.6008756447,0.0023638476906273553,0.024588151445451803,colebrook
moody_eps2.36e-03_Re2.12e+06,54908.30861312667,20.968559398567777,0.001,1000.0,0.1,0.00023638476906273555,0.0249764593629907,2096855.9398567777,0.0023638476906273553,0.024576266864161297,colebrook
moody_eps2.36e-03_Re2.41e+06,69867.36404199875,23.68532184760032,0.001,1000.0,0.1,0.00023638476906273555,0.024908396660101237,2368532.184760032,0.0023638476906273553,0.024567209210281896,colebrook
moody_eps2.36e-03_Re2.74e+06,92311.88393598096,27.4847964281135,0.001,1000.0,0.1,0.00023638476906273555,0.024440076486868967,2748479.64281135,0.0023638476906273553,0.024557533382179697,colebrook
moody_eps2.36e-03_Re3.12e+06,115963.15831392321,30.140960082849883,0.001,1000.0,0.1,0.00023638476906273555,0.02552912131369706,3014096.0082849883,0.0023638476906273553,0.024552212767501448,colebrook
moody_eps2.36e-03_Re3.54e+06,145294.0115903754,35.04899345844882,0.001,1000.0,0.1,0.00023638476906273555,0.023655199212836053,3504899.3458448816,0.0023638476906273553,0.024544496683677752,colebrook
moody_eps2.36e-03_Re4.03e+06,210526.58850004867,41.95362797103118,0.001,1000.0,0.1,0.00023638476906273555,0.023922022975788486,4195362.797103118,0.0023638476906273553,0.024536690241894924,colebrook
moody_eps2.36e-03_Re4.58e+06,245409.32605063054,44.61913658138069,0.001,1000.0,0.1,0.00023638476906273555,0.02465350854650102,4461913.658138069,0.0023638476906273553,0.02453432141942421,colebrook
moody_eps2.36e-03_Re5.21e+06,299573.78847264417,49.91615589495726,0.001,1000.0,0.1,0.00023638476906273555,0.02404648169017175,4991615.589495725,0.0023638476906273553,0.024530363289734774,colebrook
moody_eps2.36e-03_Re5.93e+06,365036.1583573978,56.135193465137746,0.001,1000.0,0.1,0.00023638476906273555,0.023168367501873455,5613519.346513774,0.0023638476906273553,0.024526667710218865,colebrook
moody_eps2.36e-03_Re6.74e+06,552606.7862723598,67.34713497523715,0.001,1000.0,0.1,0.00023638476906273555,0.024367330820425113,6734713.497523716,0.0023638476906273553,0.024521726823934116,colebrook
moody_eps2.36e-03_Re7.66e+06,818796.1738662332,79.54383794807582,0.001,1000.0,0.1,0.00023638476906273555,0.02588169511807722,7954383.794807582,0.0023638476906273553,0.024517931571057378,colebrook
moody_eps2.36e-03_Re8.71e+06,957221.979558347,87.82433366355008,0.001,1000.0,0.1,0.00023638476906273555,0.02482063745599909,8782433.366355008,0.0023638476906273553,0.02451595496029687,colebrook
moody_eps2.36e-03_Re9.90e+06,1104544.5532651413,95.57796879436486,0.001,1000.0,0.1,0.00023638476906273555,0.024182302003076743,9557796.879436485,0.0023638476906273553,0.024514414261161688,colebrook
moody_eps2.36e-03_Re1.13e+07,1610511.9050265807,112.95614676610876,0.001,1000.0,0.1,0.00023638476906273555,0.02524493152972688,11295614.676610876,0.0023638476906273553,0.02451172866574741,colebrook
moody_eps2.36e-03_Re1.28e+07,2074190.313187198,130.42781405395436,0.001,1000.0,0.1,0.00023638476906273555,0.024385865048140568,13042781.405395435,0.0023638476906273553,0.02450974946652632,colebrook
moody_eps2.36e-03_Re1.46e+07,2506910.163652628,144.7981241455642,0.001,1000.0,0.1,0.00023638476906273555,0.023913486290229668,14479812.414556421,0.0023638476906273553,0.024508479302925625,colebrook
moody_eps2.36e-03_Re1.66e+07,3003672.6121829757,158.70855655037752,0.001,1000.0,0.1,0.00023638476906273555,0.023849644328013776,15870855.655037751,0.0023638476906273553,0.024507468728718573,colebrook
moody_eps2.36e-03_Re1.88e+07,4354695.53468428,187.89537904769878,0.001,1000.0,0.1,0.00023638476906273555,0.02466922991765209,18789537.904769875,0.0023638476906273553,0.02450583441408291,colebrook
moody_eps2.36e-03_Re2.14e+07,5589688.991585487,212.667458560674,0.001,1000.0,0.1,0.00023638476906273555,0.024718126922198918,21266745.856067397,0.0023638476906273553,0.02450479906747997,colebrook
moody_eps2.36e-03_Re2.43e+07,8143544.362003068,256.98230361317763,0.001,1000.0,0.1,0.00023638476906273555,0.024662495924694532,25698230.361317765,0.0023638476906273553,0.02450344464957245,colebrook
moody_eps2.36e-03_Re2.77e+07,9183686.186864207,274.24489795055547,0.001,1000.0,0.1,0.00023638476906273555,0.02442136403224318,27424489.795055546,0.0023638476906273553,0.02450303546273752,colebrook
moody_eps2.36e-03_Re3.15e+07,10933439.923200935,296.2512977938766,0.001,1000.0,0.1,0.00023638476906273555,0.024915310023942656,29625129.779387653,0.0023638476906273553,0.024502582948962452,colebrook
moody_eps2.36e-03_Re3.58e+07,16022792.282977771,360.32686975270815,0.001,1000.0,0.1,0.00023638476906273555,0.024681690408334518,36032686.975270815,0.0023638476906273553,0.024501580047689243,colebrook
moody_eps2.36e-03_Re4.07e+07,18768592.693318415,396.18706695585837,0.001,1000.0,0.1,0.00023638476906273555,0.02391448960608543,39618706.69558584,0.0023638476906273553,0.024501160309591142,colebrook
moody_eps2.36e-03_Re4.63e+07,24126109.113627933,443.5027589279915,0.001,1000.0,0.1,0.00023638476906273555,0.024531529786946314,44350275.892799154,0.0023638476906273553,0.024500710326985236,colebrook
moody_eps2.36e-03_Re5.26e+07,40750292.261901684,572.9218286514225,0.001,1000.0,0.1,0.00023638476906273555,0.024829614947057425,57292182.865142256,0.0023638476906273553,0.024499859129422732,colebrook
moody_eps2.36e-03_Re5.98e+07,48366431.161167696,635.9873487029764,0.001,1000.0,0.1,0.00023638476906273555,0.023915368966023462,63598734.87029763,0.0023638476906273553,0.024499569858989365,colebrook
moody_eps2.36e-03_Re6.80e+07,58974555.393278584,683.2736400259574,0.001,1000.0,0.1,0.00023638476906273555,0.025264187641543374,68327364.00259574,0.0023638476906273553,0.024499387988895813,colebrook
moody_eps2.36e-03_Re7.73e+07,74721998.5564852,801.9608689844799,0.001,1000.0,0.1,0.00023638476906273555,0.023236575248378716,80196086.89844799,0.0023638476906273553,0.024499025962160473,colebrook
moody_eps2.36e-03_Re8.79e+07,94786714.05667983,866.832022870676,0.001,1000.0,0.1,0.00023638476906273555,0.025229437622266673,86683202.28706759,0.0023638476906273553,0.0244988699844341,colebrook
moody_eps2.36e-03_Re1.00e+08,132440026.21209286,1050.6127423400715,0.001,1000.0,0.1,0.00023638476906273555,0.0239973853813771,105061274.23400714,0.0023638476906273553,0.02449853266969562,colebrook
moody_eps3.12e-03_Re3.00e+02,0.008976153175335597,0.002928485690197919,0.001,1000.0,0.1,0.0003119650203334922,0.20933123626043398,292.8485690197919,0.0031196502033349217,0.21854298354339788,laminar
moody_eps3.12e-03_Re3.41e+02,0.010622456677438828,0.0033947317838829445,0.001,1000.0,0.1,0.0003119650203334922,0.18435037741255692,339.47317838829446,0.0031196502033349217,0.18852741269236845,laminar
moody_eps3.12e-03_Re3.88e+02,0.013626062062351533,0.004081928861337028,0.001,1000.0,0.1,0.0003119650203334922,0.16355713517841444,408.1928861337028,0.0031196502033349217,0.1567886216886125,laminar
moody_eps3.12e-03_Re4.41e+02,0.014777274849811832,0.004435547532663294,0.001,1000.0,0.1,0.0003119650203334922,0.15022073115299203,443.55475326632944,0.0031196502033349217,0.14428883813938442,laminar
moody_eps3.12e-03_Re5.01e+02,0.016438511130979053,0.0051290706112656305,0.001,1000.0,0.1,0.0003119650203334922,0.12497269051029514,512.907061126563,0.0031196502033349217,0.12477894115832343,laminar
moody_eps3.12e-03_Re5.70e+02,0.019069254576016388,0.0058284842061915474,0.001,1000.0,0.1,0.0003119650203334922,0.11226708964659964,582.8484206191547,0.0031196502033349217,0.10980556476761723,laminar
moody_eps3.12e-03_Re6.48e+02,0.020376513654629506,0.006488838606473401,0.001,1000.0,0.1,0.0003119650203334922,0.09678898396404652,648.8838606473402,0.0031196502033349217,0.09863090127739077,laminar
moody_eps3.12e-03_Re7.37e+02,0.023586379310222935,0.007323558246683199,0.001,1000.0,0.1,0.0003119650203334922,0.08795225811290544,732.3558246683199,0.0031196502033349217,0.08738921415554422,laminar
moody_eps3.12e-03_Re8.38e+02,0.027409075057087035,0.008728194802718248,0.001,1000.0,0.1,0.0003119650203334922,0.07195740857657644,872.8194802718248,0.0031196502033349217,0.07332558615679417,laminar
moody_eps3.12e-03_Re9.53e+02,0.03146862543483299,0.009487118798760281,0.001,1000.0,0.1,0.0003119650203334922,0.06992606523107807,948.7118798760281,0.0031196502033349217,0.06745989099278817,laminar
moody_eps3.12e-03_Re1.08e+03,0.035149877056770314,0.010677291272518132,0.001,1000.0,0.1,0.0003119650203334922,0.06166399041145876,1067.7291272518132,0.0031196502033349217,0.059940296060600244,laminar
moody_eps3.12e-03_Re1.23e+03,0.037845198466599804,0.011950253434448206,0.001,1000.0,0.1,0.0003119650203334922,0.05300130359485453,1195.0253434448205,0.0031196502033349217,0.053555349558957,laminar
moody_eps3.12e-03_Re1.40e+03,0.04648865601832018,0.01391304666521382,0.001,1000.0,0.1,0.0003119650203334922,0.04803220267044776,1391.304666521382,0.0031196502033349217,0.045999989463139226,laminar
moody_eps3.12e-03_Re1.59e+03,0.049243099662046805,0.015977476834338318,0.001,1000.0,0.1,0.0003119650203334922,0.038579712317368065,1597.7476834338318,0.0031196502033349217,0.040056387290421915,laminar
moody_eps3.12e-03_Re1.81e+03,0.05923802709163303,0.017450761320451202,0.001,1000.0,0.1,0.0003119650203334922,0.038904677942631104,1745.0761320451202,0.0031196502033349217,0.03667461769991433,laminar
moody_eps3.12e-03_Re2.06e+03,0.06609887841699517,0.020938800625034778,0.001,1000.0,0.1,0.0003119650203334922,0.030152302582954326,2093.880062503478,0.0031196502033349217,0.030565265483009824,laminar
moody_eps3.12e-03_Re4.45e+03,0.42506347599160677,0.045664657847231574,0.001,1000.0,0.1,0.0003119650203334922,0.040768371999638904,4566.465784723157,0.0031196502033349217,0.04160654043807717,colebrook
moody_eps3.12e-03_Re5.06e+03,0.5212534537813477,0.051216589123337465,0.001,1000.0,0.1,0.0003119650203334922,0.03974272453708567,5121.658912333746,0.0031196502033349217,0.04050507337730334,colebrook
moody_eps3.12e-03_Re5.76e+03,0.6353019425233658,0.05779646949135915,0.001,1000.0,0.1,0.0003119650203334922,0.038037114018074136,5779.646949135915,0.0031196502033349217,0.03941542353437853,colebrook
moody_eps3.12e-03_Re6.55e+03,0.866157090788674,0.06622664427841976,0.001,1000.0,0.1,0.0003119650203334922,0.039496731820674195,6622.664427841976,0.0031196502033349217,0.03827018980012122,colebrook
moody_eps3.12e-03_Re7.44e+03,1.0431095964144284,0.07403368966691351,0.001,1000.0,0.1,0.0003119650203334922,0.03806283639305839,7403.368966691351,0.0031196502033349217,0.037394439578984695,colebrook
moody_eps3.12e-03_Re8.46e+03,1.2420083543731193,0.08273052245550466,0.001,1000.0,0.1,0.0003119650203334922,0.036293009204530255,8273.052245550467,0.0031196502033349217,0.03657405479118992,colebrook
moody_eps3.12e-03_Re9.62e+03,1.705832873051231,0.096815293159296,0.001,1000.0,0.1,0.0003119650203334922,0.03639808588247309,9681.5293159296,0.0031196502033349217,0.035497792080854115,colebrook
moody_eps3.12e-03_Re1.09e+04,2.0561458688598444,0.10965844594671198,0.001,1000.0,0.1,0.0003119650203334922,0.034197924047639695,10965.844594671198,0.0031196502033349217,0.034712062044060195,colebrook
moody_eps3.12e-03_Re1.24e+04,2.459090605481332,0.12022357132670779,0.001,1000.0,0.1,0.0003119650203334922,0.034027126577759796,12022.357132670779,0.0031196502033349217,0.03416797807639827,colebrook
moody_eps3.12e-03_Re1.41e+04,3.200047117091255,0.13664747485436968,0.001,1000.0,0.1,0.0003119650203334922,0.03427544857086804,13664.747485436968,0.0031196502033349217,0.033459257823078146,colebrook
moody_eps3.12e-03_Re1.61e+04,3.8513350750354203,0.15249539008252827,0.001,1000.0,0.1,0.0003119650203334922,0.033122863138775833,15249.539008252827,0.0031196502033349217,0.032895011982573226,colebrook
moody_eps3.12e-03_Re1.83e+04,5.241649582675627,0.18157742909014407,0.001,1000.0,0.1,0.0003119650203334922,0.031796129279062314,18157.742909014407,0.0031196502033349217,0.03207468585413866,colebrook
moody_eps3.12e-03_Re2.08e+04,6.934231511485028,0.20783232807761715,0.001,1000.0,0.1,0.0003119650203334922,0.03210717742369688,20783.232807761713,0.0031196502033349217,0.03150116160165852,colebrook
moody_eps3.12e-03_Re2.37e+04,8.475028589869899,0.2387270877050506,0.001,1000.0,0.1,0.0003119650203334922,0.02974183552434759,23872.708770505058,0.0031196502033349217,0.030964408643964027,colebrook
moody_eps3.12e-03_Re2.69e+04,11.369274472594917,0.2775685599727431,0.001,1000.0,0.1,0.0003119650203334922,0.029513601040268775,27756.85599727431,0.0031196502033349217,0.030436247326871838,colebrook
moody_eps3.12e-03_Re3.06e+04,14.140794725870188,0.3036445640835689,0.001,1000.0,0.1,0.0003119650203334922,0.030674168024847362,30364.45640835689,0.0031196502033349217,0.030147536715837486,colebrook
moody_eps3.12e-03_Re3.48e+04,17.374833191493167,0.34645741149506004,0.001,1000.0,0.1,0.0003119650203334922,0.0289501572386174,34645.741149506,0.0031196502033349217,0.029756257351753534,colebrook
moody_eps3.12e-03_Re3.95e+04,21.70902896590798,0.3866960702375301,0.001,1000.0,0.1,0.0003119650203334922,0.029035604793015323,38669.60702375301,0.0031196502033349217,0.029458402387629517,colebrook
moody_eps3.12e-03_Re4.50e+04,30.71552139688637,0.4696683387236769,0.001,1000.0,0.1,0.0003119650203334922,0.02784872512057103,46966.83387236769,0.0031196502033349217,0.028989053644255927,colebrook
moody_eps3.12e-03_Re5.11e+04,38.42569263524907,0.5275415030100585,0.001,1000.0,0.1,0.0003119650203334922,0.027614579569948568,52754.15030100586,0.0031196502033349217,0.02874080433807951,colebrook
moody_eps3.12e-03_Re5.81e+04,47.46628760184431,0.572120754143548,0.001,1000.0,0.1,0.0003119650203334922,0.02900279528292453,57212.075414354804,0.0031196502033349217,0.02858070214696107,colebrook
moody_eps3.12e-03_Re6.61e+04,58.92531234462365,0.6455489783785591,0.001,1000.0,0.1,0.0003119650203334922,0.028279614996023997,64554.897837855904,0.0031196502033349217,0.02836116212644962,colebrook
moody_eps3.12e-03_Re7.52e+04,75.80318070366808,0.7447867600293873,0.001,1000.0,0.1,0.0003119650203334922,0.0273308745911565,74478.67600293872,0.0031196502033349217,0.02812806452594209,colebrook
moody_eps3.12e-03_Re8.55e+04,111.6928431666074,0.8977327310486632,0.001,1000.0,0.1,0.0003119650203334922,0.027717957363395336,89773.27310486631,0.0031196502033349217,0.027863153324094402,colebrook
moody_eps3.12e-03_Re9.72e+04,134.59796617185978,1.0175665662869569,0.001,1000.0,0.1,0.0003119650203334922,0.02599817333699422,101756.65662869568,0.0031196502033349217,0.02770792040076684,colebrook
moody_eps3.12e-03_Re1.10e+05,179.52617891234303,1.1413123880091334,0.001,1000.0,0.1,0.0003119650203334922,0.027564411237467046,114131.23880091333,0.0031196502033349217,0.027579959375539937,colebrook
moody_eps3.12e-03_Re1.26e+05,222.53058001534762,1.2513554718013835,0.001,1000.0,0.1,0.0003119650203334922,0.028422239949325613,125135.54718013835,0.0031196502033349217,0.027486343860749655,colebrook
moody_eps3.12e-03_Re1.43e+05,305.83280442574886,1.4680504923768622,0.001,1000.0,0.1,0.0003119650203334922,0.028381286431813407,146805.04923768624,0.0031196502033349217,0.027341202177910445,colebrook
moody_eps3.12e-03_Re1.62e+05,374.79378355229215,1.6650815427548407,0.001,1000.0,0.1,0.0003119650203334922,0.027036555508810366,166508.15427548406,0.0031196502033349217,0.0272407105051387,colebrook
moody_eps3.12e-03_Re1.85e+05,444.294779456092,1.8223729003665776,0.001,1000.0,0.1,0.0003119650203334922,0.026756340165589206,182237.29003665774,0.0031196502033349217,0.02717550497844026,colebrook
moody_eps3.12e-03_Re2.10e+05,574.5217011198207,2.0279892541823035,0.001,1000.0,0.1,0.0003119650203334922,0.02793863181898873,202798.92541823033,0.0031196502033349217,0.02710500264531729,colebrook
moody_eps3.12e-03_Re2.39e+05,815.5537487445556,2.445983828419661,0.001,1000.0,0.1,0.0003119650203334922,0.02726311159373083,244598.38284196606,0.0031196502033349217,0.02699717603191465,colebrook
moody_eps3.12e-03_Re2.72e+05,946.723245398598,2.6822693475996204,0.001,1000.0,0.1,0.0003119650203334922,0.026317720067250253,268226.934759962,0.0031196502033349217,0.026950699139749963,colebrook
moody_eps3.12e-03_Re3.09e+05,1242.470413847878,3.049968490268355,0.001,1000.0,0.1,0.0003119650203334922,0.02671316498398057,304996.84902683547,0.0031196502033349217,0.02689235948099433,colebrook
moody_eps3.12e-03_Re3.51e+05,1738.455703340855,3.565244227249782,0.001,1000.0,0.1,0.0003119650203334922,0.027353635414367066,356524.4227249782,0.0031196502033349217,0.02683044099890122,colebrook
moody_eps3.12e-03_Re3.99e+05,1948.7404446840264,3.808103391624669,0.001,1000.0,0.1,0.0003119650203334922,0.02687611755904798,380810.3391624669,0.0031196502033349217,0.02680695618113226,colebrook
moody_eps3.12e-03_Re4.54e+05,2806.7859257998343,4.560038310768033,0.001,1000.0,0.1,0.0003119650203334922,0.02699617924802691,456003.83107680327,0.0031196502033349217,0.026749849234602833,colebrook
moody_eps3.12e-03_Re5.16e+05,3365.0739497394356,5.0002908754662885,0.001,1000.0,0.1,0.0003119650203334922,0.02691745965536619,500029.0875466289,0.0031196502033349217,0.026724267085254997,colebrook
moody_eps3.12e-03_Re5.87e+05,4575.862379222961,5.811529980482834,0.001,1000.0,0.1,0.0003119650203334922,0.027097048266172652,581152.9980482834,0.0031196502033349217,0.026687148390629977,colebrook
moody_eps3.12e-03_Re6.67e+05,6191.259680203359,6.745289513863941,0.001,1000.0,0.1,0.0003119650203334922,0.027214967890637844,674528.9513863942,0.0031196502033349217,0.02665535327417987,colebrook
moody_eps3.12e-03_Re7.59e+05,8500.30566111171,7.933356204871627,0.001,1000.0,0.1,0.0003119650203334922,0.027011619886342184,793335.6204871627,0.0031196502033349217,0.02662561540265265,colebrook
moody_eps3.12e-03_Re8.63e+05,10543.238832251023,8.777647075749117,0.001,1000.0,0.1,0.0003119650203334922,0.027368299258092164,877764.7075749116,0.0031196502033349217,0.026609333109682644,colebrook
moody_eps3.12e-03_Re9.81e+05,11996.204874498668,9.569787650055487,0.001,1000.0,0.1,0.0003119650203334922,0.026198068159365158,956978.7650055486,0.0031196502033349217,0.026596648008380457,colebrook
moody_eps3.12e-03_Re1.12e+06,16347.021400450349,11.14518890848716,0.001,1000.0,0.1,0.0003119650203334922,0.02632047718526083,1114518.890848716,0.0031196502033349217,0.02657674231366379,colebrook
moody_eps3.12e-03_Re1.27e+06,23564.117518537878,13.311539792951368,0.001,1000.0,0.1,0.0003119650203334922,0.026596505956024755,1331153.9792951369,0.0031196502033349217,0.02655701955006256,colebrook
moody_eps3.12e-03_Re1.44e+06,24421.362300740442,13.90337103745133,0.001,1000.0,0.1,0.0003119650203334922,0.02526734769182493,1390337.1037451332,0.0031196502033349217,0.02655269442223855,colebrook
moody_eps3.12e-03_Re1.64e+06,41833.88614612698,17.761203560256586,0.001,1000.0,0.1,0.0003119650203334922,0.026522436745529124,1776120.3560256585,0.0031196502033349217,0.026531533663102957,colebrook
moody_eps3.12e-03_Re1.86e+06,49964.03643515973,19.21629248257321,0.001,1000.0,0.1,0.0003119650203334922,0.027061278537452098,1921629.248257321,0.0031196502033349217,0.026525750096944165,colebrook
moody_eps3.12e-03_Re2.12e+06,66187.73655158837,22.361870123979205,0.001,1000.0,0.1,0.0003119650203334922,0.026472276094013286,2236187.0123979207,0.0031196502033349217,0.026515810681372994,colebrook
moody_eps3.12e-03_Re2.41e+06,64347.70855754371,22.44904577355276,0.001,1000.0,0.1,0.0003119650203334922,0.025536849139874918,2244904.5773552763,0.0031196502033349217,0.026515574753158844,colebrook
moody_eps3.12e-03_Re2.74e+06,96648.49702145033,27.242091203956466,0.001,1000.0,0.1,0.0003119650203334922,0.02604619065553265,2724209.1203956464,0.0031196502033349217,0.026504920223213126,colebrook
moody_eps3.12e-03_Re3.12e+06,131702.54682983045,31.75655051989091,0.001,1000.0,0.1,0.0003119650203334922,0.026119058900982314,3175655.051989091,0.0031196502033349217,0.026497818983700207,colebrook
moody_eps3.12e-03_Re3.54e+06,182875.02024419315,37.507850738925484,0.001,1000.0,0.1,0.0003119650203334922,0.02599800510590201,3750785.073892548,0.0031196502033349217,0.02649124312135475,colebrook
moody_eps3.12e-03_Re4.03e+06,210702.1162222956,40.79879889768829,0.001,1000.0,0.1,0.0003119650203334922,0.025316527585246402,4079879.889768829,0.0031196502033349217,0.026488312699886236,colebrook
moody_eps3.12e-03_Re4.58e+06,281609.5059135982,47.225170777187174,0.001,1000.0,0.1,0.0003119650203334922,0.025254003252421057,4722517.077718718,0.0031196502033349217,0.026483765860978815,colebrook
moody_eps3.12e-03_Re5.21e+06,360054.5586582906,52.27769826250933,0.001,1000.0,0.1,0.0003119650203334922,0.026349076238152785,5227769.826250933,0.0031196502033349217,0.02648097482179417,colebrook
moody_eps3.12e-03_Re5.93e+06,419103.25420731,57.00779789750676,0.001,1000.0,0.1,0.0003119650203334922,0.025791850212933846,5700779.789750676,0.0031196502033349217,0.0264788096608563,colebrook
moody_eps3.12e-03_Re6.74e+06,603724.8553045837,68.21738581513281,0.001,1000.0,0.1,0.0003119650203334922,0.025946507386653547,6821738.581513282,0.0031196502033349217,0.02647487612807451,colebrook
moody_eps3.12e-03_Re7.66e+06,792345.5751400739,77.92805118832841,0.001,1000.0,0.1,0.0003119650203334922,0.02609498198606991,7792805.118832841,0.0031196502033349217,0.026472382437097965,colebrook
moody_eps3.12e-03_Re8.71e+06,1002435.5641196049,87.83876649140483,0.001,1000.0,0.1,0.0003119650203334922,0.02598447848720555,8783876.649140483,0.0031196502033349217,0.02647040538161308,colebrook
moody_eps3.12e-03_Re9.90e+06,1344032.46783267,101.43660626071436,0.001,1000.0,0.1,0.0003119650203334922,0.026124641193169828,10143660.626071436,0.0031196502033349217,0.026468320967182185,colebrook
moody_eps3.12e-03_Re1.13e+07,1573558.0900055934,108.581499309635,0.001,1000.0,0.1,0.0003119650203334922,0.026693228703406856,10858149.9309635,0.0031196502033349217,0.026467434802780018,colebrook
moody_eps3.12e-03_Re1.28e+07,2258601.8399911923,131.97775001815572,0.001,1000.0,0.1,0.0003119650203334922,0.025933923949972692,13197775.00181557,0.0031196502033349217,0.02646520412675092,colebrook
moody_eps3.12e-03_Re1.46e+07,2757858.546023221,145.14924827098383,0.001,1000.0,0.1,0.0003119650203334922,0.026180166283955312,14514924.827098383,0.0031196502033349217,0.026464264521416692,colebrook
moody_eps3.12e-03_Re1.66e+07,3767385.6487349165,170.44248606617137,0.001,1000.0,0.1,0.0003119650203334922,0.025936678240033092,17044248.606617138,0.0031196502033349217,0.026462867201545105,colebrook
moody_eps3.12e-03_Re1.88e+07,4369836.992013445,183.66597491386986,0.001,1000.0,0.1,0.0003119650203334922,0.025908234281026128,18366597.491386987,0.0031196502033349217,0.026462289806872073,colebrook
moody_eps3.12e-03_Re2.14e+07,6328439.578474836,219.31173590205492,0.001,1000.0,0.1,0.0003119650203334922,0.02631497057583962,21931173.590205494,0.0031196502033349217,0.02646108005820029,colebrook
moody_eps3.12e-03_Re2.43e+07,8208537.672107879,249.8955746172197,0.001,1000.0,0.1,0.0003119650203334922,0.026289278107369786,24989557.461721968,0.0031196502033349217,0.026460317103791035,colebrook
moody_eps3.12e-03_Re2.77e+07,9870417.89133151,276.8782470775341,0.001,1000.0,0.1,0.0003119650203334922,0.025750630209810766,27687824.707753412,0.0031196502033349217,0.026459783895480635,colebrook
moody_eps3.12e-03_Re3.15e+07,12418417.391496453,313.5885209699456,0.001,1000.0,0.1,0.0003119650203334922,0.02525666098223192,31358852.09699456,0.0031196502033349217,0.02645920576523069,colebrook
moody_eps3.12e-03_Re3.58e+07,16557565.946984407,359.1838207883473,0.001,1000.0,0.1,0.0003119650203334922,0.025668054770135482,35918382.07883473,0.0031196502033349217,0.026458652213214397,colebrook
moody_eps3.12e-03_Re4.07e+07,22036864.02936122,407.29951748864863,0.001,1000.0,0.1,0.0003119650203334922,0.026567579968743215,40729951.74886486,0.0031196502033349217,0.026458202437064572,colebrook
moody_eps3.12e-03_Re4.63e+07,29203584.218694046,470.5323472493758,0.001,1000.0,0.1,0.0003119650203334922,0.026380752692341313,47053234.72493758,0.0031196502033349217,0.02645775120285952,colebrook
moody_eps3.12e-03_Re5.26e+07,38072308.359646924,518.9173559940244,0.001,1000.0,0.1,0.0003119650203334922,0.028277617247607342,51891735.59940244,0.0031196502033349217,0.026457480181242714,colebrook
moody_eps3.12e-03_Re5.98e+07,51832726.902882315,622.3781367845717,0.001,1000.0,0.1,0.0003119650203334922,0.026762420915006295,62237813.67845717,0.0031196502033349217,0.026457042032365014,colebrook
moody_eps3.12e-03_Re6.80e+07,58411906.06575405,659.6571411623592,0.001,1000.0,0.1,0.0003119650203334922,0.02684694278361371,65965714.11623591,0.0031196502033349217,0.026456917837336617,colebrook
moody_eps3.12e-03_Re7.73e+07,77085885.98678963,752.808067660261,0.001,1000.0,0.1,0.0003119650203334922,0.02720422352879539,75280806.7660261,0.0031196502033349217,0.026456661266880944,colebrook
moody_eps3.12e-03_Re8.79e+07,100137807.15767254,871.735240157496,0.001,1000.0,0.1,0.0003119650203334922,0.026354747938081506,87173524.0157496,0.0031196502033349217,0.026456413383844087,colebrook
moody_eps3.12e-03_Re1.00e+08,152533071.20855337,1053.1929511311687,0.001,1000.0,0.1,0.0003119650203334922,0.027502876765993632,105319295.11311686,0.0031196502033349217,0.0264561430313441,colebrook
moody_eps4.12e-03_Re3.00e+02,0.00967010749917856,0.0030433936639447604,0.001,1000.0,0.1,0.00041171084878927744,0.20880699022138038,304.33936639447603,0.004117108487892774,0.21029155957775447,laminar
moody_eps4.12e-03_Re3.41e+02,0.010839809020796173,0.003291077483838728,0.001,1000.0,0.1,0.00041171084878927744,0.2001591333060646,329.1077483838728,0.004117108487892774,0.194465187508591,laminar
moody_eps4.12e-03_Re3.88e+02,0.012378092254565917,0.003873360928078521,0.001,1000.0,0.1,0.00041171084878927744,0.1650090546244818,387.3360928078521,0.004117108487892774,0.16523118084879537,laminar
moody_eps4.12e-03_Re4.41e+02,0.01284509809176875,0.004148328858806948,0.001,1000.0,0.1,0.00041171084878927744,0.14928668185019045,414.83288588069485,0.004117108487892774,0.15427899324839517,laminar
moody_eps4.12e-03_Re5.01e+02,0.015145976485445379,0.004723572487959785,0.001,1000.0,0.1,0.00041171084878927744,0.13576446265255446,472.3572487959785,0.004117108487892774,0.13549066974865673,laminar
moody_eps4.12e-03_Re5.70e+02,0.017211298019704634,0.005682083171596306,0.001,1000.0,0.1,0.00041171084878927744,0.10661748836407396,568.2083171596306,0.004117108487892774,0.1126347469180393,laminar
moody_eps4.12e-03_Re6.48e+02,0.020163094400587958,0.0064725095557626264,0.001,1000.0,0.1,0.00041171084878927744,0.09625909594748848,647.2509555762626,0.004117108487892774,0.09887973041773157,laminar
moody_eps4.12e-03_Re7.37e+02,0.022271005885753214,0.006852355248402074,0.001,1000.0,0.1,0.00041171084878927744,0.094861521943588,685.2355248402074,0.004117108487892774,0.09339854353716467,laminar
moody_eps4.12e-03_Re8.38e+02,0.027858070475236793,0.00887718995367806,0.001,1000.0,0.1,0.00041171084878927744,0.07070172377028536,887.7189953678061,0.004117108487892774,0.07209488625787833,laminar
moody_eps4.12e-03_Re9.53e+02,0.031048067400168106,0.009712291642148874,0.001,1000.0,0.1,0.00041171084878927744,0.06582958817766033,971.2291642148873,0.004117108487892774,0.06589587952883982,laminar
moody_eps4.12e-03_Re1.08e+03,0.036524961361595505,0.010706839994330341,0.001,1000.0,0.1,0.00041171084878927744,0.06372313530506667,1070.6839994330342,0.004117108487892774,0.05977487291664983,laminar
moody_eps4.12e-03_Re1.23e+03,0.0388324815786207,0.011896234022433132,0.001,1000.0,0.1,0.00041171084878927744,0.05487899411230243,1189.6234022433132,0.004117108487892774,0.05379853815864166,laminar
moody_eps4.12e-03_Re1.40e+03,0.04172792007869415,0.013478539042711785,0.001,1000.0,0.1,0.00041171084878927744,0.04593789509201639,1347.8539042711786,0.004117108487892774,0.04748289098484049,laminar
moody_eps4.12e-03_Re1.59e+03,0.050566249033908654,0.01628074709790613,0.001,1000.0,0.1,0.00041171084878927744,0.038154175643181014,1628.074709790613,0.004117108487892774,0.03931023534431725,laminar
moody_eps4.12e-03_Re1.81e+03,0.05701539279861165,0.018109782290372176,0.001,1000.0,0.1,0.00041171084878927744,0.0347692768049935,1810.9782290372175,0.004117108487892774,0.03534001622649255,laminar
moody_eps4.12e-03_Re2.06e+03,0.06493169973957447,0.020737500013104322,0.001,1000.0,0.1,0.00041171084878927744,0.03019770712424178,2073.7500013104323,0.004117108487892774,0.03086196501967811,laminar
moody_eps4.12e-03_Re4.45e+03,0.4236674581708326,0.045176328204460624,0.001,1000.0,0.1,0.00041171084878927744,0.04151769585794306,4517.632820446062,0.004117108487892774,0.042688146041639195,colebrook
moody_eps4.12e-03_Re5.06e+03,0.5269174662838259,0.05058004574016921,0.001,1000.0,0.1,0.00041171084878927744,0.041192121043043525,5058.004574016921,0.004117108487892774,0.04163517026384339,colebrook
moody_eps4.12e-03_Re5.76e+03,0.6061863023865867,0.05564834208746597,0.001,1000.0,0.1,0.00041171084878927744,0.039149989884353385,5564.834208746597,0.004117108487892774,0.040795922220748904,colebrook
moody_eps4.12e-03_Re6.55e+03,0.7613625881152748,0.064247558618699,0.001,1000.0,0.1,0.00041171084878927744,0.03688996725010214,6424.7558618699,0.004117108487892774,0.039616312704151016,colebrook
moody_eps4.12e-03_Re7.44e+03,1.2434114919414463,0.07977874289390613,0.001,1000.0,0.1,0.00041171084878927744,0.039072436607640364,7977.874289390613,0.004117108487892774,0.03801570921406236,colebrook
moody_eps4.12e-03_Re8.46e+03,1.4517434600491652,0.08573175011766035,0.001,1000.0,0.1,0.00041171084878927744,0.03950358362036107,8573.175011766034,0.004117108487892774,0.03752791308682612,colebrook
moody_eps4.12e-03_Re9.62e+03,1.5406355555314044,0.0900510512840129,0.001,1000.0,0.1,0.00041171084878927744,0.037997264990927704,9005.10512840129,0.004117108487892774,0.03720681891017742,colebrook
moody_eps4.12e-03_Re1.09e+04,1.9970816389708956,0.10437619070083613,0.001,1000.0,0.1,0.00041171084878927744,0.03666257199037377,10437.619070083612,0.004117108487892774,0.03629912769445845,colebrook
moody_eps4.12e-03_Re1.24e+04,2.5951880458632126,0.12419812420924323,0.001,1000.0,0.1,0.00041171084878927744,0.03364873597221536,12419.812420924323,0.004117108487892774,0.03533329561138054,colebrook
moody_eps4.12e-03_Re1.41e+04,3.726461873297758,0.14433338290170813,0.001,1000.0,0.1,0.00041171084878927744,0.03577610827694791,14433.338290170812,0.004117108487892774,0.034582510962988304,colebrook
moody_eps4.12e-03_Re1.61e+04,4.502870725411665,0.1621978477695751,0.001,1000.0,0.1,0.00041171084878927744,0.03423176563388639,16219.784776957511,0.004117108487892774,0.03404945415705618,colebrook
moody_eps4.12e-03_Re1.83e+04,5.442224362354858,0.18383641494573166,0.001,1000.0,0.1,0.00041171084878927744,0.03220648684385773,18383.641494573167,0.004117108487892774,0.03352308896093207,colebrook
moody_eps4.12e-03_Re2.08e+04,7.279850655173071,0.20765926058040435,0.001,1000.0,0.1,0.00041171084878927744,0.033763686493067734,20765.926058040433,0.004117108487892774,0.033053657032963986,colebrook
moody_eps4.12e-03_Re2.37e+04,9.719832039362686,0.23867013248848523,0.001,1000.0,0.1,0.00041171084878927744,0.034126567427049316,23867.01324884852,0.004117108487892774,0.03256569032736468,colebrook
moody_eps4.12e-03_Re2.69e+04,11.453953418103934,0.27051002917995454,0.001,1000.0,0.1,0.00041171084878927744,0.03130535735891494,27051.002917995454,0.004117108487892774,0.032167651438720524,colebrook
moody_eps4.12e-03_Re3.06e+04,15.532063452279427,0.3096096964467128,0.001,1000.0,0.1,0.00041171084878927744,0.032406344504147665,30960.96964467128,0.004117108487892774,0.031778877336976694,colebrook
moody_eps4.12e-03_Re3.48e+04,18.857772441435362,0.34285913105235344,0.001,1000.0,0.1,0.00041171084878927744,0.03208403239561031,34285.91310523534,0.004117108487892774,0.03151097338173833,colebrook
moody_eps4.12e-03_Re3.95e+04,25.101387523477484,0.40521310286427176,0.001,1000.0,0.1,0.00041171084878927744,0.030574598587073953,40521.31028642717,0.004117108487892774,0.031116387257745258,colebrook
moody_eps4.12e-03_Re4.50e+04,33.73206655642502,0.4605870004946353,0.001,1000.0,0.1,0.00041171084878927744,0.03180164545520763,46058.70004946353,0.004117108487892774,0.030848092665476272,colebrook
moody_eps4.12e-03_Re5.11e+04,37.34421419984773,0.49332032407920956,0.001,1000.0,0.1,0.00041171084878927744,0.03068988809151417,49332.03240792095,0.004117108487892774,0.030715543985413468,colebrook
moody_eps4.12e-03_Re5.81e+04,53.94242218344091,0.5949227441505,0.001,1000.0,0.1,0.00041171084878927744,0.03048170771591121,59492.27441505,0.004117108487892774,0.030390570330826254,colebrook
moody_eps4.12e-03_Re6.61e+04,68.20708685936943,0.6766799294965324,0.001,1000.0,0.1,0.00041171084878927744,0.02979153673641394,67667.99294965324,0.004117108487892774,0.03019545768701889,colebrook
moody_eps4.12e-03_Re7.52e+04,79.18049159295593,0.7239340040820467,0.001,1000.0,0.1,0.00041171084878927744,0.03021692290235377,72393.40040820467,0.004117108487892774,0.030101564523378657,colebrook
moody_eps4.12e-03_Re8.55e+04,98.00205506049107,0.8054538126457272,0.001,1000.0,0.1,0.00041171084878927744,0.03021230742526799,80545.38126457273,0.004117108487892774,0.029964038899527992,colebrook
moody_eps4.12e-03_Re9.72e+04,155.1777288867634,1.016206059030906,0.001,1000.0,0.1,0.00041171084878927744,0.03005355330396399,101620.60590309062,0.004117108487892774,0.029706093880369773,colebrook
moody_eps4.12e-03_Re1.10e+05,173.23670598625856,1.0912267480809255,0.001,1000.0,0.1,0.00041171084878927744,0.029096443461182234,109122.67480809253,0.004117108487892774,0.029637277626115708,colebrook
moody_eps4.12e-03_Re1.26e+05,247.28396918763286,1.2549705927006887,0.001,1000.0,0.1,0.00041171084878927744,0.03140211213990904,125497.05927006886,0.004117108487892774,0.02951454966513583,colebrook
moody_eps4.12e-03_Re1.43e+05,313.4118613878042,1.4627042999806472,0.001,1000.0,0.1,0.00041171084878927744,0.029297620434558948,146270.4299980647,0.004117108487892774,0.029397060110990178,colebrook
moody_eps4.12e-03_Re1.62e+05,381.06602235037445,1.6069824264037278,0.001,1000.0,0.1,0.00041171084878927744,0.029512633697670123,160698.24264037277,0.004117108487892774,0.029332777448541913,colebrook
moody_eps4.12e-03_Re1.85e+05,540.2612849195147,1.9524824073046343,0.001,1000.0,0.1,0.00041171084878927744,0.028343898494779276,195248.24073046344,0.004117108487892774,0.02921644809157372,colebrook
moody_eps4.12e-03_Re2.10e+05,607.7415640252656,2.056988661157058,0.001,1000.0,0.1,0.00041171084878927744,0.028726660341333594,205698.86611570578,0.004117108487892774,0.029188766289871357,colebrook
moody_eps4.12e-03_Re2.39e+05,835.3275650870327,2.383479297707318,0.001,1000.0,0.1,0.00041171084878927744,0.029407901863384937,238347.92977073177,0.004117108487892774,0.029117581288321145,colebrook
moody_eps4.12e-03_Re2.72e+05,1228.4060545809393,2.8784628911954426,0.001,1000.0,0.1,0.00041171084878927744,0.02965177350381832,287846.28911954426,0.004117108487892774,0.029039895527777217,colebrook
moody_eps4.12e-03_Re3.09e+05,1202.7269651152073,2.9388445757653874,0.001,1000.0,0.1,0.00041171084878927744,0.02785119324241398,293884.4575765387,0.004117108487892774,0.029032177390865617,colebrook
moody_eps4.12e-03_Re3.51e+05,1762.2717866035741,3.484984430842331,0.001,1000.0,0.1,0.00041171084878927744,0.02902025335103742,348498.4430842331,0.004117108487892774,0.028974331418261324,colebrook
moody_eps4.12e-03_Re3.99e+05,2312.2139439998277,4.038040079731791,0.001,1000.0,0.1,0.00041171084878927744,0.028360687930726443,403804.00797317905,0.004117108487892774,0.028931485989278128,colebrook
moody_eps4.12e-03_Re4.54e+05,2832.3406105969507,4.504475538732872,0.001,1000.0,0.1,0.00041171084878927744,0.02791817397950225,450447.55387328716,0.004117108487892774,0.02890343101231744,colebrook
moody_eps4.12e-03_Re5.16e+05,3610.0490325025557,5.005678095351922,0.001,1000.0,0.1,0.00041171084878927744,0.028814909577773367,500567.8095351922,0.004117108487892774,0.0288790489414767,colebrook
moody_eps4.12e-03_Re5.87e+05,5070.133156671251,6.0455552506097,0.001,1000.0,0.1,0.00041171084878927744,0.027744504429646544,604555.52506097,0.004117108487892774,0.028841240229577396,colebrook
moody_eps4.12e-03_Re6.67e+05,6790.585118563677,6.891552257321666,0.001,1000.0,0.1,0.00041171084878927744,0.028595854964182557,689155.2257321667,0.004117108487892774,0.02881883087003744,colebrook
moody_eps4.12e-03_Re7.59e+05,8042.9087007641465,7.392146135571142,0.001,1000.0,0.1,0.00041171084878927744,0.029437576069695146,739214.6135571143,0.004117108487892774,0.02880796826330791,colebrook
moody_eps4.12e-03_Re8.63e+05,10586.404016817942,8.552495301315785,0.001,1000.0,0.1,0.00041171084878927744,0.028946280843801114,855249.5301315784,0.004117108487892774,0.028787647541524016,colebrook
moody_eps4.12e-03_Re9.81e+05,13614.729486246337,9.754055841266457,0.001,1000.0,0.1,0.00041171084878927744,0.028619928023100257,975405.5841266456,0.004117108487892774,0.02877167142359456,colebrook
moody_eps4.12e-03_Re1.12e+06,17972.823978701068,11.091896517951184,0.001,1000.0,0.1,0.00041171084878927744,0.02921693795523269,1109189.6517951183,0.004117108487892774,0.02875793529326938,colebrook
moody_eps4.12e-03_Re1.27e+06,22862.545363665617,12.372686484656635,0.001,1000.0,0.1,0.00041171084878927744,0.02986940415157877,1237268.6484656634,0.004117108487892774,0.028747555585601728,colebrook
moody_eps4.12e-03_Re1.44e+06,32224.231792783397,14.816761009985344,0.001,1000.0,0.1,0.00041171084878927744,0.029356617664033885,1481676.1009985344,0.004117108487892774,0.028732709058558768,colebrook
moody_eps4.12e-03_Re1.64e+06,39825.28500623387,16.596898328270957,0.001,1000.0,0.1,0.00041171084878927744,0.02891578727231506,1659689.8328270956,0.004117108487892774,0.02872463853414189,colebrook
moody_eps4.12e-03_Re1.86e+06,55215.18328807172,19.358730852888534,0.001,1000.0,0.1,0.00041171084878927744,0.02946692041818403,1935873.0852888534,0.004117108487892774,0.028715046555420315,colebrook
moody_eps4.12e-03_Re2.12e+06,66350.56146012805,21.37161575714924,0.001,1000.0,0.1,0.00041171084878927744,0.029053595328913544,2137161.575714924,0.004117108487892774,0.02870961344986568,colebrook
moody_eps4.12e-03_Re2.41e+06,96355.80509872205,25.283489099233993,0.001,1000.0,0.1,0.00041171084878927744,0.030146289688767695,2528348.9099233993,0.004117108487892774,0.028701523424024107,colebrook
moody_eps4.12e-03_Re2.74e+06,117121.71705419934,28.64043929471867,0.001,1000.0,0.1,0.00041171084878927744,0.028556703762685334,2864043.929471867,0.004117108487892774,0.028696339502143828,colebrook
moody_eps4.12e-03_Re3.12e+06,151231.07876355085,32.583723445025434,0.001,1000.0,0.1,0.00041171084878927744,0.028488502670862132,3258372.3445025436,0.004117108487892774,0.028691612072172617,colebrook
moody_eps4.12e-03_Re3.54e+06,193718.18483836777,36.41295225571717,0.001,1000.0,0.1,0.00041171084878927744,0.029220564611475833,3641295.225571717,0.004117108487892774,0.028687999762758813,colebrook
moody_eps4.12e-03_Re4.03e+06,237337.1719863957,40.26239297755326,0.001,1000.0,0.1,0.00041171084878927744,0.029281720575411188,4026239.297755326,0.004117108487892774,0.02868505997447989,colebrook
moody_eps4.12e-03_Re4.58e+06,313797.07099369523,46.94667900940438,0.001,1000.0,0.1,0.00041171084878927744,0.028475353844576817,4694667.900940438,0.004117108487892774,0.028681099239332673,colebrook
moody_eps4.12e-03_Re5.21e+06,381969.2899360163,52.342968103672135,0.001,1000.0,0.1,0.00041171084878927744,0.027883144649311995,5234296.810367214,0.004117108487892774,0.028678638882569298,colebrook
moody_eps4.12e-03_Re5.93e+06,573142.7393324784,63.955314665589796,0.001,1000.0,0.1,0.00041171084878927744,0.02802460568451403,6395531.466558979,0.004117108487892774,0.02867475120358342,colebrook
moody_eps4.12e-03_Re6.74e+06,672206.4202585917,68.33951745164292,0.001,1000.0,0.1,0.00041171084878927744,0.028786498109508857,6833951.745164292,0.004117108487892774,0.02867362670869343,colebrook
moody_eps4.12e-03_Re7.66e+06,882333.8872246151,79.03530515293772,0.001,1000.0,0.1,0.00041171084878927744,0.02825014530871987,7903530.515293771,0.004117108487892774,0.028671406424568002,colebrook
moody_eps4.12e-03_Re8.71e+06,1204359.546071766,89.77672433210118,0.001,1000.0,0.1,0.00041171084878927744,0.029885370501083384,8977672.433210118,0.004117108487892774,0.028669708761062583,colebrook
moody_eps4.12e-03_Re9.90e+06,1421709.0810938834,100.07600218176768,0.001,1000.0,0.1,0.00041171084878927744,0.02839100964877108,10007600.218176767,0.004117108487892774,0.028668423020292017,colebrook
moody_eps4.12e-03_Re1.13e+07,1823592.5746880232,114.75714217862462,0.001,1000.0,0.1,0.00041171084878927744,0.027694808217848595,11475714.21786246,0.004117108487892774,0.028666989016908843,colebrook
moody_eps4.12e-03_Re1.28e+07,2469763.518877673,128.6985971828503,0.001,1000.0,0.1,0.00041171084878927744,0.029822066944134817,12869859.71828503,0.004117108487892774,0.028665929984177056,colebrook
moody_eps4.12e-03_Re1.46e+07,2878356.0107926303,146.54967989152217,0.001,1000.0,0.1,0.00041171084878927744,0.02680431766352625,14654967.989152217,0.004117108487892774,0.028664868026329518,colebrook
moody_eps4.12e-03_Re1.66e+07,3758814.4955416466,162.04451766210803,0.001,1000.0,0.1,0.00041171084878927744,0.028629397191314774,16204451.766210802,0.004117108487892774,0.028664135861895118,colebrook
moody_eps4.12e-03_Re1.88e+07,4681313.046426246,185.96787033144525,0.001,1000.0,0.1,0.00041171084878927744,0.027072093693205988,18596787.033144526,0.004117108487892774,0.028663244967457823,colebrook
moody_eps4.12e-03_Re2.14e+07,6245857.475717027,206.29290389224116,0.001,1000.0,0.1,0.00041171084878927744,0.029353067072668514,20629290.389224116,0.004117108487892774,0.028662650376689303,colebrook
moody_eps4.12e-03_Re2.43e+07,7868832.0498788925,243.7707954135638,0.001,1000.0,0.1,0.00041171084878927744,0.026483594083358708,24377079.541356377,0.004117108487892774,0.028661813907934975,colebrook
moody_eps4.12e-03_Re2.77e+07,11565839.385207236,285.07864692829276,0.001,1000.0,0.1,0.00041171084878927744,0.028462810080846404,28507864.692829277,0.004117108487892774,0.028661146702128958,colebrook
moody_eps4.12e-03_Re3.15e+07,13558629.200856548,313.65121872896907,0.001,1000.0,0.1,0.00041171084878927744,0.027564608005632894,31365121.872896906,0.004117108487892774,0.02866078800014562,colebrook
moody_eps4.12e-03_Re3.58e+07,18468137.48448364,362.91061468422987,0.001,1000.0,0.1,0.00041171084878927744,0.028044890760753977,36291061.46842299,0.004117108487892774,0.028660302200604112,colebrook
moody_eps4.12e-03_Re4.07e+07,22471384.501704417,402.91530243551546,0.001,1000.0,0.1,0.00041171084878927744,0.027684220697829734,40291530.243551545,0.004117108487892774,0.02865999506543852,colebrook
moody_eps4.12e-03_Re4.63e+07,27998483.577414718,433.40823871232385,0.001,1000.0,0.1,0.00041171084878927744,0.0298105631692555,43340823.87123238,0.004117108487892774,0.028659799031407696,colebrook
moody_eps4.12e-03_Re5.26e+07,36273300.41043158,509.110206027521,0.001,1000.0,0.1,0.00041171084878927744,0.02798939181053939,50911020.6027521,0.004117108487892774,0.02865941385993021,colebrook
moody_eps4.12e-03_Re5.98e+07,52166398.92028637,597.0209506451953,0.001,1000.0,0.1,0.00041171084878927744,0.02927127976029343,59702095.06451953,0.004117108487892774,0.02865908913763906,colebrook
moody_eps4.12e-03_Re6.80e+07,64971789.03232984,668.4182119671729,0.001,1000.0,0.1,0.00041171084878927744,0.029084277015437233,66841821.196717285,0.004117108487892774,0.028658888262229055,colebrook
moody_eps4.12e-03_Re7.73e+07,96786498.2575852,816.9328275286265,0.001,1000.0,0.1,0.00041171084878927744,0.029004947045356454,81693282.75286265,0.004117108487892774,0.02865858289054312,colebrook
moody_eps4.12e-03_Re8.79e+07,110290467.68807048,862.3003686900277,0.001,1000.0,0.1,0.00041171084878927744,0.029665442474891904,86230036.86900276,0.004117108487892774,0.028658510579801497,colebrook
moody_eps4.12e-03_Re1.00e+08,134233337.06543335,974.1369930088564,0.001,1000.0,0.1,0.00041171084878927744,0.02829113105374575,97413699.30088563,0.004117108487892774,0.02865836108957157,colebrook
moody_eps5.43e-03_Re3.00e+02,0.009885954860258622,0.003049997672095654,0.001,1000.0,0.1,0.0005433488114455419,0.2125443687424485,304.9997672095654,0.0054334881144554184,0.20983622573070881,laminar
moody_eps5.43e-03_Re3.41e+02,0.011076166712598291,0.003255435335891812,0.001,1000.0,0.1,0.0005433488114455419,0.20902649254377723,325.5435335891812,0.0054334881144554184,0.19659429046059515,laminar
moody_eps5.43e-03_Re3.88e+02,0.013154350694996677,0.003951086686531047,0.001,1000.0,0.1,0.0005433488114455419,0.16852576036310693,395.10866865310464,0.0054334881144554184,0.16198075384721658,laminar
moody_eps5.43e-03_Re4.41e+02,0.014761478306584697,0.004411365568467412,0.001,1000.0,0.1,0.0005433488114455419,0.15170983990626216,441.13655684674114,0.0054334881144554184,0.1450797922019298,laminar
moody_eps5.43e-03_Re5.01e+02,0.01574536420090114,0.004928710046749575,0.001,1000.0,0.1,0.0005433488114455419,0.12963317771146388,492.8710046749575,0.0054334881144554184,0.12985142033706615,laminar
moody_eps5.43e-03_Re5.70e+02,0.01864549749300376,0.005695834916403523,0.001,1000.0,0.1,0.0005433488114455419,0.11494476165954946,569.5834916403522,0.0054334881144554184,0.11236280710258195,laminar
moody_eps5.43e-03_Re6.48e+02,0.02044154553028905,0.006222998525389806,0.001,1000.0,0.1,0.0005433488114455419,0.10557092530396554,622.2998525389805,0.0054334881144554184,0.10284431169134992,laminar
moody_eps5.43e-03_Re7.37e+02,0.02294657442417534,0.007296329104599808,0.001,1000.0,0.1,0.0005433488114455419,0.08620630430330238,729.6329104599807,0.0054334881144554184,0.08771534162247785,laminar
moody_eps5.43e-03_Re8.38e+02,0.025515305017883738,0.008456468451929372,0.001,1000.0,0.1,0.0005433488114455419,0.07135964716733953,845.6468451929373,0.0054334881144554184,0.07568171082740593,laminar
moody_eps5.43e-03_Re9.53e+02,0.03028322056066522,0.009704691951308388,0.001,1000.0,0.1,0.0005433488114455419,0.0643085246739208,970.4691951308388,0.0054334881144554184,0.06594748222932673,laminar
moody_eps5.43e-03_Re1.08e+03,0.035664933915500026,0.01097346797079691,0.001,1000.0,0.1,0.0005433488114455419,0.059235712766497514,1097.346797079691,0.0054334881144554184,0.05832249218781127,laminar
moody_eps5.43e-03_Re1.23e+03,0.040003819804262965,0.013541344826261525,0.001,1000.0,0.1,0.0005433488114455419,0.0436322755395405,1354.1344826261525,0.0054334881144554184,0.047262661737910286,laminar
moody_eps5.43e-03_Re1.40e+03,0.04627295900705927,0.01363778645489813,0.001,1000.0,0.1,0.0005433488114455419,0.04975875393097731,1363.778645489813,0.0054334881144554184,0.04692843681902193,laminar
moody_eps5.43e-03_Re1.59e+03,0.04922649503486241,0.015474274357435015,0.001,1000.0,0.1,0.0005433488114455419,0.041115760275283,1547.4274357435015,0.0054334881144554184,0.04135896683856426,laminar
moody_eps5.43e-03_Re1.81e+03,0.056446214917407526,0.01797699550282009,0.001,1000.0,0.1,0.0005433488114455419,0.0349325750759743,1797.6995502820089,0.0054334881144554184,0.03560105468678578,laminar
moody_eps5.43e-03_Re2.06e+03,0.06992444029656732,0.02185157776317008,0.001,1000.0,0.1,0.0005433488114455419,0.029288248067361192,2185.1577763170076,0.0054334881144554184,0.029288502960124616,laminar
moody_eps5.43e-03_Re4.45e+03,0.44481140102063094,0.04394779540170058,0.001,1000.0,0.1,0.0005433488114455419,0.04606082557879186,4394.779540170058,0.0054334881144554184,0.044198811921326235,colebrook
moody_eps5.43e-03_Re5.06e+03,0.5342087510735393,0.049907124864026445,0.001,1000.0,0.1,0.0005433488114455419,0.042895910622692934,4990.712486402645,0.0054334881144554184,0.04305122837296705,colebrook
moody_eps5.43e-03_Re5.76e+03,0.7253562838165968,0.057239127263412,0.001,1000.0,0.1,0.0005433488114455419,0.04427875148113684,5723.9127263412,0.0054334881144554184,0.04190808879404576,colebrook
moody_eps5.43e-03_Re6.55e+03,0.8215635240763391,0.06459881557375552,0.001,1000.0,0.1,0.0005433488114455419,0.0393751330533224,6459.881557375552,0.0054334881144554184,0.04097568760846453,colebrook
moody_eps5.43e-03_Re7.44e+03,1.113695993362453,0.07591746655134811,0.001,1000.0,0.1,0.0005433488114455419,0.03864677327634598,7591.746655134811,0.0054334881144554184,0.03983581663594054,colebrook
moody_eps5.43e-03_Re8.46e+03,1.3613728324830314,0.0829061470123114,0.001,1000.0,0.1,0.0005433488114455419,0.039612623929310364,8290.61470123114,0.0054334881144554184,0.03926173905221535,colebrook
moody_eps5.43e-03_Re9.62e+03,1.67870569155284,0.09525232518187898,0.001,1000.0,0.1,0.0005433488114455419,0.03700440169095714,9525.232518187899,0.0054334881144554184,0.03842109106985001,colebrook
moody_eps5.43e-03_Re1.09e+04,2.1759599507689917,0.10934940996118676,0.001,1000.0,0.1,0.0005433488114455419,0.03639552643339578,10934.940996118676,0.0054334881144554184,0.03765894962781491,colebrook
moody_eps5.43e-03_Re1.24e+04,2.7861108129966055,0.12492002821734338,0.001,1000.0,0.1,0.0005433488114455419,0.035707893773438686,12492.002821734339,0.0054334881144554184,0.03698892695185909,colebrook
moody_eps5.43e-03_Re1.41e+04,3.766505218563978,0.13992782083371683,0.001,1000.0,0.1,0.0005433488114455419,0.03847338759409616,13992.782083371683,0.0054334881144554184,0.0364652141571947,colebrook
moody_eps5.43e-03_Re1.61e+04,4.423841809987055,0.15676600693460138,0.001,1000.0,0.1,0.0005433488114455419,0.036001930717717075,15676.600693460137,0.0054334881144554184,0.03598167860168145,colebrook
moody_eps5.43e-03_Re1.83e+04,6.499668907263576,0.18882151724990892,0.001,1000.0,0.1,0.0005433488114455419,0.036460134287367135,18882.15172499089,0.0054334881144554184,0.035272183066611236,colebrook
moody_eps5.43e-03_Re2.08e+04,7.836276676207851,0.21211945687364842,0.001,1000.0,0.1,0.0005433488114455419,0.034832026655114916,21211.94568736484,0.0054334881144554184,0.03487647970473389,colebrook
moody_eps5.43e-03_Re2.37e+04,10.207213304635667,0.24496900814154665,0.001,1000.0,0.1,0.0005433488114455419,0.034018479520942585,24496.900814154662,0.0054334881144554184,0.03443362310442312,colebrook
moody_eps5.43e-03_Re2.69e+04,14.005065094237818,0.2860779316516288,0.001,1000.0,0.1,0.0005433488114455419,0.034225232970273266,28607.793165162882,0.0054334881144554184,0.034009715717760285,colebrook
moody_eps5.43e-03_Re3.06e+04,15.564251625958798,0.2917721840459504,0.001,1000.0,0.1,0.0005433488114455419,0.0365654116036623,29177.218404595038,0.0054334881144554184,0.033959553393564726,colebrook
moody_eps5.43e-03_Re3.48e+04,20.012514748828664,0.34296783475599285,0.001,1000.0,0.1,0.0005433488114455419,0.03402709529685617,34296.78347559928,0.0054334881144554184,0.033577282407788456,colebrook
moody_eps5.43e-03_Re3.95e+04,28.317529034748244,0.40648797669201137,0.001,1000.0,0.1,0.0005433488114455419,0.03427598479209472,40648.797669201136,0.0054334881144554184,0.033227288871257955,colebrook
moody_eps5.43e-03_Re4.50e+04,31.47737751567525,0.4397113042509955,0.001,1000.0,0.1,0.0005433488114455419,0.0325606658061225,43971.13042509955,0.0054334881144554184,0.033081754447605055,colebrook
moody_eps5.43e-03_Re5.11e+04,47.14752759565796,0.5125170999470147,0.001,1000.0,0.1,0.0005433488114455419,0.03589816083025,51251.70999470147,0.0054334881144554184,0.032824801754021915,colebrook
moody_eps5.43e-03_Re5.81e+04,56.61215394013137,0.589529826341272,0.001,1000.0,0.1,0.0005433488114455419,0.03257827685827055,58952.982634127206,0.0054334881144554184,0.0326183203100452,colebrook
moody_eps5.43e-03_Re6.61e+04,74.04635047092576,0.6658309195866704,0.001,1000.0,0.1,0.0005433488114455419,0.03340455850117076,66583.09195866704,0.0054334881144554184,0.03245852021881337,colebrook
moody_eps5.43e-03_Re7.52e+04,101.03893161127269,0.7929134909088087,0.001,1000.0,0.1,0.0005433488114455419,0.032141572961717636,79291.34909088087,0.0054334881144554184,0.03225771708274477,colebrook
moody_eps5.43e-03_Re8.55e+04,111.30855635742013,0.8389212932316437,0.001,1000.0,0.1,0.0005433488114455419,0.03163123221359235,83892.12932316436,0.0054334881144554184,0.03219940275134928,colebrook
moody_eps5.43e-03_Re9.72e+04,150.1765785529033,0.9548168274847252,0.001,1000.0,0.1,0.0005433488114455419,0.03294519425950656,95481.68274847252,0.0054334881144554184,0.03207649831515936,colebrook
moody_eps5.43e-03_Re1.10e+05,205.2196603431925,1.1214825056419488,0.001,1000.0,0.1,0.0005433488114455419,0.03263352242684681,112148.25056419488,0.0054334881144554184,0.03194286576763543,colebrook
moody_eps5.43e-03_Re1.26e+05,277.1157448664532,1.3240946716242668,0.001,1000.0,0.1,0.0005433488114455419,0.03161208358936487,132409.46716242665,0.0054334881144554184,0.03182447261495737,colebrook
moody_eps5.43e-03_Re1.43e+05,350.94567988288173,1.476377351831435,0.001,1000.0,0.1,0.0005433488114455419,0.03220142921214902,147637.7351831435,0.0054334881144554184,0.03175634362207216,colebrook
moody_eps5.43e-03_Re1.62e+05,401.230734668541,1.602435865543956,0.001,1000.0,0.1,0.0005433488114455419,0.03125092490016068,160243.5865543956,0.0054334881144554184,0.0317095147421731,colebrook
moody_eps5.43e-03_Re1.85e+05,531.081832243511,1.829543802554234,0.001,1000.0,0.1,0.0005433488114455419,0.0317326116742315,182954.3802554234,0.0054334881144554184,0.03164109779270677,colebrook
moody_eps5.43e-03_Re2.10e+05,760.0276655302912,2.160780663791302,0.001,1000.0,0.1,0.0005433488114455419,0.03255652380057408,216078.0663791302,0.0054334881144554184,0.03156664194089845,colebrook
moody_eps5.43e-03_Re2.39e+05,945.6981462173725,2.4109141225815667,0.001,1000.0,0.1,0.0005433488114455419,0.03254011260324865,241091.41225815666,0.0054334881144554184,0.031523758808001484,colebrook
moody_eps5.43e-03_Re2.72e+05,1191.7509158265107,2.737226040198741,0.001,1000.0,0.1,0.0005433488114455419,0.0318122336930153,273722.60401987407,0.0054334881144554184,0.03147943025047607,colebrook
moody_eps5.43e-03_Re3.09e+05,1579.7378030148084,3.0760875632472544,0.001,1000.0,0.1,0.0005433488114455419,0.033390092247829975,307608.75632472546,0.0054334881144554184,0.031443225045985033,colebrook
moody_eps5.43e-03_Re3.51e+05,2102.685726245934,3.687018305624176,0.001,1000.0,0.1,0.0005433488114455419,0.03093526029240619,368701.83056241757,0.0054334881144554184,0.03139458693490308,colebrook
moody_eps5.43e-03_Re3.99e+05,2652.5109751892714,4.0975226086766785,0.001,1000.0,0.1,0.0005433488114455419,0.031596899450693335,409752.2608676678,0.0054334881144554184,0.031369973879395115,colebrook
moody_eps5.43e-03_Re4.54e+05,3257.3098124916614,4.508223515537257,0.001,1000.0,0.1,0.0005433488114455419,0.03205370112813802,450822.3515537257,0.0054334881144554184,0.03134979521561959,colebrook
moody_eps5.43e-03_Re5.16e+05,4237.594758680663,5.189189124218974,0.001,1000.0,0.1,0.0005433488114455419,0.03147388981066116,518918.9124218974,0.0054334881144554184,0.0313233224393158,colebrook
moody_eps5.43e-03_Re5.87e+05,5302.998791263312,5.828878157990304,0.001,1000.0,0.1,0.0005433488114455419,0.03121631030908047,582887.8157990304,0.0054334881144554184,0.03130405013745428,colebrook
moody_eps5.43e-03_Re6.67e+05,6297.327209014684,6.407775296732018,0.001,1000.0,0.1,0.0005433488114455419,0.030674091438185124,640777.5296732017,0.0054334881144554184,0.03128990540761,colebrook
moody_eps5.43e-03_Re7.59e+05,9196.254550329502,7.569050192908848,0.001,1000.0,0.1,0.0005433488114455419,0.03210393069659061,756905.0192908847,0.0054334881144554184,0.03126801978998652,colebrook
moody_eps5.43e-03_Re8.63e+05,12943.97742776816,9.053015671155121,0.001,1000.0,0.1,0.0005433488114455419,0.031587204950002785,905301.5671155121,0.0054334881144554184,0.03124818817874453,colebrook
moody_eps5.43e-03_Re9.81e+05,13698.539629741004,9.467299037748901,0.001,1000.0,0.1,0.0005433488114455419,0.03056694784083005,946729.9037748902,0.0054334881144554184,0.031243757087078265,colebrook
moody_eps5.43e-03_Re1.12e+06,19641.850900322926,11.2992933650768,0.001,1000.0,0.1,0.0005433488114455419,0.030768748845318532,1129929.33650768,0.0054334881144554184,0.031228043886303222,colebrook
moody_eps5.43e-03_Re1.27e+06,23294.744039315574,12.272123721335976,0.001,1000.0,0.1,0.0005433488114455419,0.03093488376628589,1227212.3721335977,0.0054334881144554184,0.0312216005894084,colebrook
moody_eps5.43e-03_Re1.44e+06,32833.76960740954,14.416181725668014,0.001,1000.0,0.1,0.0005433488114455419,0.031597319791429025,1441618.1725668013,0.0054334881144554184,0.031210461610406273,colebrook
moody_eps5.43e-03_Re1.64e+06,39526.675400138796,15.950484586920663,0.001,1000.0,0.1,0.0005433488114455419,0.031072236900439545,1595048.4586920664,0.0054334881144554184,0.031204324033706682,colebrook
moody_eps5.43e-03_Re1.86e+06,57519.56688319156,19.005702046507608,0.001,1000.0,0.1,0.0005433488114455419,0.031847677721501606,1900570.2046507609,0.0054334881144554184,0.031195047410758056,colebrook
moody_eps5.43e-03_Re2.12e+06,76246.70956128203,21.93799485469054,0.001,1000.0,0.1,0.0005433488114455419,0.03168525754095364,2193799.485469054,0.0054334881144554184,0.03118856950886065,colebrook
moody_eps5.43e-03_Re2.41e+06,97300.58940806655,24.19072429712497,0.001,1000.0,0.1,0.0005433488114455419,0.033254293314242345,2419072.429712497,0.0054334881144554184,0.031184657763629293,colebrook
moody_eps5.43e-03_Re2.74e+06,122744.34594706299,27.374728381316846,0.001,1000.0,0.1,0.0005433488114455419,0.03275909189747007,2737472.8381316843,0.0054334881144554184,0.031180225327465318,colebrook
moody_eps5.43e-03_Re3.12e+06,152006.65065692668,30.68893088565507,0.001,1000.0,0.1,0.0005433488114455419,0.03227966858761996,3068893.0885655065,0.0054334881144554184,0.031176587265837,colebrook
moody_eps5.43e-03_Re3.54e+06,183587.1927810653,33.934449588973045,0.001,1000.0,0.1,0.0005433488114455419,0.031885318390104236,3393444.9588973047,0.0054334881144554184,0.031173712455007087,colebrook
moody_eps5.43e-03_Re4.03e+06,241170.76292830816,39.52463139297564,0.001,1000.0,0.1,0.0005433488114455419,0.030875855242761284,3952463.139297564,0.0054334881144554184,0.03116986658874864,colebrook
moody_eps5.43e-03_Re4.58e+06,316404.77119371935,45.471780207453314,0.001,1000.0,0.1,0.0005433488114455419,0.030604768963874606,4547178.020745331,0.0054334881144554184,0.031166812310897615,colebrook
moody_eps5.43e-03_Re5.21e+06,380247.8403678255,47.966856462257674,0.001,1000.0,0.1,0.0005433488114455419,0.03305325518167495,4796685.646225767,0.0054334881144554184,0.0311657562495248,colebrook
moody_eps5.43e-03_Re5.93e+06,512817.8761374347,58.571343569742766,0.001,1000.0,0.1,0.0005433488114455419,0.029896667299283444,5857134.356974277,0.0054334881144554184,0.031162270958078657,colebrook
moody_eps5.43e-03_Re6.74e+06,799452.4555116569,69.86521209981589,0.001,1000.0,0.1,0.0005433488114455419,0.03275673993717802,6986521.209981589,0.0054334881144554184,0.03115972184856124,colebrook
moody_eps5.43e-03_Re7.66e+06,904964.4282699603,76.45432295910695,0.001,1000.0,0.1,0.0005433488114455419,0.030964025091557074,7645432.295910695,0.0054334881144554184,0.031158582316166222,colebrook
moody_eps5.43e-03_Re8.71e+06,1111226.6507155006,83.95680131013478,0.001,1000.0,0.1,0.0005433488114455419,0.03152977534896924,8395680.131013477,0.0054334881144554184,0.03115750249358174,colebrook
moody_eps5.43e-03_Re9.90e+06,1523757.065657092,96.09487231347403,0.001,1000.0,0.1,0.0005433488114455419,0.03300238299689804,9609487.231347403,0.0054334881144554184,0.031156112391536022,colebrook
moody_eps5.43e-03_Re1.13e+07,1988323.0664073264,112.07827361730182,0.001,1000.0,0.1,0.0005433488114455419,0.031657315244514546,11207827.361730183,0.0054334881144554184,0.031154741024208395,colebrook
moody_eps5.43e-03_Re1.28e+07,2381373.196557463,124.74210991517633,0.001,1000.0,0.1,0.0005433488114455419,0.030607741564187614,12474210.991517633,0.0054334881144554184,0.031153903920031454,colebrook
moody_eps5.43e-03_Re1.46e+07,3272200.9324612943,147.30313765820554,0.001,1000.0,0.1,0.0005433488114455419,0.030161015810568067,14730313.765820554,0.0054334881144554184,0.031152769117008428,colebrook
moody_eps5.43e-03_Re1.66e+07,4385553.837148162,169.8344148651064,0.001,1000.0,0.1,0.0005433488114455419,0.03040906338664433,16983441.486510642,0.0054334881144554184,0.031151936639203254,colebrook
moody_eps5.43e-03_Re1.88e+07,5471075.211903357,190.01451559691338,0.001,1000.0,0.1,0.0005433488114455419,0.03030603518345212,19001451.559691336,0.0054334881144554184,0.03115135859300443,colebrook
moody_eps5.43e-03_Re2.14e+07,7216522.748100167,219.97427166689363,0.001,1000.0,0.1,0.0005433488114455419,0.029827317955198666,21997427.166689362,0.0054334881144554184,0.031150695987279754,colebrook
moody_eps5.43e-03_Re2.43e+07,9157580.255621742,242.89682572616255,0.001,1000.0,0.1,0.0005433488114455419,0.03104324057104595,24289682.572616253,0.0054334881144554184,0.031150299375833034,colebrook
moody_eps5.43e-03_Re2.77e+07,10391720.79209032,261.3977496432937,0.001,1000.0,0.1,0.0005433488114455419,0.03041681779469963,26139774.964329373,0.0054334881144554184,0.03115002998766316,colebrook
moody_eps5.43e-03_Re3.15e+07,15039683.834407186,315.89505166841104,0.001,1000.0,0.1,0.0005433488114455419,0.03014276282176731,31589505.166841105,0.0054334881144554184,0.031149419810354767,colebrook
moody_eps5.43e-03_Re3.58e+07,18069722.451072782,354.8044394615421,0.001,1000.0,0.1,0.0005433488114455419,0.028708029710836334,35480443.94615421,0.0054334881144554184,0.031149098839076236,colebrook
moody_eps5.43e-03_Re4.07e+07,25149939.7087417,407.64403648572056,0.001,1000.0,0.1,0.0005433488114455419,0.03026946585365703,40764403.64857206,0.0054334881144554184,0.03114876104993623,colebrook
moody_eps5.43e-03_Re4.63e+07,30325160.433334064,446.59337142388546,0.001,1000.0,0.1,0.0005433488114455419,0.030409449436548268,44659337.142388545,0.0054334881144554184,0.031148563228515697,colebrook
moody_eps5.43e-03_Re5.26e+07,41367689.79048357,519.7271434063764,0.001,1000.0,0.1,0.0005433488114455419,0.030629539380015176,51972714.34063764,0.0054334881144554184,0.031148271884330517,colebrook
moody_eps5.43e-03_Re5.98e+07,58305691.51061764,603.779752221384,0.001,1000.0,0.1,0.0005433488114455419,0.03198776202943564,60377975.2221384,0.0054334881144554184,0.03114802420846809,colebrook
moody_eps5.43e-03_Re6.80e+07,73454857.76563908,689.272465466172,0.001,1000.0,0.1,0.0005433488114455419,0.03092207704003248,68927246.5466172,0.0054334881144554184,0.031147834251827197,colebrook
moody_eps5.43e-03_Re7.73e+07,97395689.0998178,802.2031385299435,0.001,1000.0,0.1,0.0005433488114455419,0.030269205148896947,80220313.85299435,0.0054334881144554184,0.031147645392351965,colebrook
moody_eps5.43e-03_Re8.79e+07,107303672.17307189,868.1518274442724,0.001,1000.0,0.1,0.0005433488114455419,0.028474310261832617,86815182.74442723,0.0054334881144554184,0.03114755782673817,colebrook
moody_eps5.43e-03_Re1.00e+08,153108199.7333312,999.2687896804975,0.001,1000.0,0.1,0.0005433488114455419,0.030666470830136752,99926878.96804975,0.0054334881144554184,0.031147418063575592,colebrook
moody_eps7.17e-03_Re3.00e+02,0.009789788762983942,0.003103685074581013,0.001,1000.0,0.1,0.0007170759084135455,0.20325817470261215,310.3685074581013,0.007170759084135455,0.2062064882940476,laminar
moody_eps7.17e-03_Re3.41e+02,0.011480537398230708,0.003349029827422915,0.001,1000.0,0.1,0.0007170759084135455,0.20471712900763844,334.90298274229144,0.007170759084135455,0.1911001194314478,laminar
moody_eps7.17e-03_Re3.88e+02,0.012274811163858219,0.003927725727620035,0.001,1000.0,0.1,0.0007170759084135455,0.15913382741974083,392.77257276200356,0.007170759084135455,0.16294416779142096,laminar
moody_eps7.17e-03_Re4.41e+02,0.01292997430223542,0.004206773111498253,0.001,1000.0,0.1,0.0007170759084135455,0.1461266670253957,420.67731114982524,0.007170759084135455,0.15213561155715918,laminar
moody_eps7.17e-03_Re5.01e+02,0.016602091644542658,0.005186337551449505,0.001,1000.0,0.1,0.0007170759084135455,0.1234443575885306,518.6337551449504,0.007170759084135455,0.12340114650291698,laminar
moody_eps7.17e-03_Re5.70e+02,0.018715054573206887,0.005791252947355363,0.001,1000.0,0.1,0.0007170759084135455,0.11160304009292887,579.1252947355363,0.007170759084135455,0.11051149135046205,laminar
moody_eps7.17e-03_Re6.48e+02,0.019978674569102135,0.006354767984867087,0.001,1000.0,0.1,0.0007170759084135455,0.09894577866778699,635.4767984867086,0.007170759084135455,0.10071178074857536,laminar
moody_eps7.17e-03_Re7.37e+02,0.023945983168356447,0.007546904312396319,0.001,1000.0,0.1,0.0007170759084135455,0.08408624937015537,754.6904312396318,0.007170759084135455,0.08480298325086158,laminar
moody_eps7.17e-03_Re8.38e+02,0.026312420782608696,0.00829332387717514,0.001,1000.0,0.1,0.0007170759084135455,0.07651270376769424,829.3323877175139,0.007170759084135455,0.07717050599716792,laminar
moody_eps7.17e-03_Re9.53e+02,0.031812991772128076,0.009551165199044085,0.001,1000.0,0.1,0.0007170759084135455,0.06974639985260896,955.1165199044086,0.007170759084135455,0.06700753119253486,laminar
moody_eps7.17e-03_Re1.08e+03,0.036034365347084,0.010959114395807837,0.001,1000.0,0.1,0.0007170759084135455,0.06000617614885204,1095.9114395807835,0.007170759084135455,0.05839887940624269,laminar
moody_eps7.17e-03_Re1.23e+03,0.037100796091260275,0.011940431068072428,0.001,1000.0,0.1,0.0007170759084135455,0.052044304923703384,1194.0431068072428,0.007170759084135455,0.05359940494202917,laminar
moody_eps7.17e-03_Re1.40e+03,0.047193212806578205,0.014547929425998703,0.001,1000.0,0.1,0.0007170759084135455,0.044597156452825866,1454.7929425998702,0.007170759084135455,0.043992514759952826,laminar
moody_eps7.17e-03_Re1.59e+03,0.051148276505927986,0.01607973667278726,0.001,1000.0,0.1,0.0007170759084135455,0.03956426802758391,1607.973667278726,0.007170759084135455,0.03980164681944773,laminar
moody_eps7.17e-03_Re1.81e+03,0.061449853384383475,0.01899216875420485,0.001,1000.0,0.1,0.0007170759084135455,0.03407232154797729,1899.216875420485,0.007170759084135455,0.03369809990016567,laminar
moody_eps7.17e-03_Re2.06e+03,0.06439370048753604,0.020363217099790176,0.001,1000.0,0.1,0.0007170759084135455,0.031058508492572263,2036.3217099790174,0.007170759084135455,0.031429218520024255,laminar
moody_eps7.17e-03_Re4.45e+03,0.4580532648595277,0.044157813441695434,0.001,1000.0,0.1,0.0007170759084135455,0.046981930490708514,4415.781344169543,0.007170759084135455,0.04574852281827736,colebrook
moody_eps7.17e-03_Re5.06e+03,0.6018142135556744,0.05161667211200651,0.001,1000.0,0.1,0.0007170759084135455,0.04517648474130893,5161.667211200651,0.007170759084135455,0.04442913910122153,colebrook
moody_eps7.17e-03_Re5.76e+03,0.8133715507723166,0.06096511714031691,0.001,1000.0,0.1,0.0007170759084135455,0.04376794424242159,6096.511714031691,0.007170759084135455,0.043160168319587106,colebrook
moody_eps7.17e-03_Re6.55e+03,0.9382542561515347,0.065643173664716,0.001,1000.0,0.1,0.0007170759084135455,0.04354831936417359,6564.3173664716,0.007170759084135455,0.042639467471679314,colebrook
moody_eps7.17e-03_Re7.44e+03,1.1400860336561505,0.07580897543571312,0.001,1000.0,0.1,0.0007170759084135455,0.03967586161683923,7580.897543571312,0.007170759084135455,0.0416965414951199,colebrook
moody_eps7.17e-03_Re8.46e+03,1.4214777213901977,0.08209753244995723,0.001,1000.0,0.1,0.0007170759084135455,0.042180317561231855,8209.753244995722,0.007170759084135455,0.041213120876594754,colebrook
moody_eps7.17e-03_Re9.62e+03,1.9472242467382213,0.09880006714344323,0.001,1000.0,0.1,0.0007170759084135455,0.03989619564561356,9880.006714344323,0.007170759084135455,0.04018847424859803,colebrook
moody_eps7.17e-03_Re1.09e+04,2.2290278698044106,0.10800993381879316,0.001,1000.0,0.1,0.0007170759084135455,0.03821361240192994,10800.993381879316,0.007170759084135455,0.03974160876751949,colebrook
moody_eps7.17e-03_Re1.24e+04,3.082837057314856,0.12500036857834335,0.001,1000.0,0.1,0.0007170759084135455,0.03946008162718284,12500.036857834335,0.007170759084135455,0.03906935507907011,colebrook
moody_eps7.17e-03_Re1.41e+04,3.963004294693742,0.14437172304323512,0.001,1000.0,0.1,0.0007170759084135455,0.0380268419119289,14437.17230432351,0.007170759084135455,0.038474653266319686,colebrook
moody_eps7.17e-03_Re1.61e+04,4.913832940422509,0.15817194236267823,0.001,1000.0,0.1,0.0007170759084135455,0.03928180969734647,15817.194236267824,0.007170759084135455,0.038130396648945096,colebrook
moody_eps7.17e-03_Re1.83e+04,6.277745334916758,0.18232196652140278,0.001,1000.0,0.1,0.0007170759084135455,0.037770757664907326,18232.19665214028,0.007170759084135455,0.03764114797577524,colebrook
moody_eps7.17e-03_Re2.08e+04,7.231681016848384,0.1981118367577086,0.001,1000.0,0.1,0.0007170759084135455,0.03685092624137479,19811.18367577086,0.007170759084135455,0.0373797465628055,colebrook
moody_eps7.17e-03_Re2.37e+04,11.586815719182212,0.24603754972296182,0.001,1000.0,0.1,0.0007170759084135455,0.03828170823965222,24603.75497229618,0.007170759084135455,0.036775465861772993,colebrook
moody_eps7.17e-03_Re2.69e+04,13.215695561964447,0.2669200784005465,0.001,1000.0,0.1,0.0007170759084135455,0.03709860110957317,26692.007840054644,0.007170759084135455,0.03657487243830966,colebrook
moody_eps7.17e-03_Re3.06e+04,18.124311455370968,0.3064407020536512,0.001,1000.0,0.1,0.0007170759084135455,0.03860100527751825,30644.070205365122,0.007170759084135455,0.03626489145024829,colebrook
moody_eps7.17e-03_Re3.48e+04,18.71364069432357,0.32207819306082625,0.001,1000.0,0.1,0.0007170759084135455,0.036079926175256696,32207.819306082623,0.007170759084135455,0.036161828460908055,colebrook
moody_eps7.17e-03_Re3.95e+04,23.617956504191728,0.35841093416767805,0.001,1000.0,0.1,0.0007170759084135455,0.036771370220044085,35841.093416767806,0.007170759084135455,0.03595493284074862,colebrook
moody_eps7.17e-03_Re4.50e+04,39.30475473163483,0.4712897907702521,0.001,1000.0,0.1,0.0007170759084135455,0.03539150426894347,47128.979077025215,0.007170759084135455,0.03550565791116043,colebrook
moody_eps7.17e-03_Re5.11e+04,47.38522982235473,0.5135500336625601,0.001,1000.0,0.1,0.0007170759084135455,0.035934157165483115,51355.003366256016,0.007170759084135455,0.035385910959719616,colebrook
moody_eps7.17e-03_Re5.81e+04,59.923547993346276,0.6025765233828289,0.001,1000.0,0.1,0.0007170759084135455,0.03300677558110403,60257.65233828289,0.007170759084135455,0.03518636834161637,colebrook
moody_eps7.17e-03_Re6.61e+04,75.79516130873108,0.654121132862099,0.001,1000.0,0.1,0.0007170759084135455,0.03542869183469681,65412.113286209904,0.007170759084135455,0.0350947161727603,colebrook
moody_eps7.17e-03_Re7.52e+04,94.60651791935429,0.7429391913700775,0.001,1000.0,0.1,0.0007170759084135455,0.034280292292890646,74293.91913700775,0.007170759084135455,0.03496560266466754,colebrook
moody_eps7.17e-03_Re8.55e+04,119.56614245190806,0.8318008263639508,0.001,1000.0,0.1,0.0007170759084135455,0.03456205194411034,83180.08263639508,0.007170759084135455,0.03486316266701042,colebrook
moody_eps7.17e-03_Re9.72e+04,172.23027887342695,0.9786325347440257,0.001,1000.0,0.1,0.0007170759084135455,0.035966667563738154,97863.25347440256,0.007170759084135455,0.03473356764963997,colebrook
moody_eps7.17e-03_Re1.10e+05,207.03735242898748,1.1082075496534485,0.001,1000.0,0.1,0.0007170759084135455,0.033716034693938676,110820.75496534485,0.007170759084135455,0.03464704312427557,colebrook
moody_eps7.17e-03_Re1.26e+05,283.80601093857086,1.261177178746535,0.001,1000.0,0.1,0.0007170759084135455,0.0356861238287046,126117.71787465349,0.007170759084135455,0.03456729182719497,colebrook
moody_eps7.17e-03_Re1.43e+05,339.9657905594906,1.405492383549705,0.001,1000.0,0.1,0.0007170759084135455,0.034419790337910754,140549.2383549705,0.007170759084135455,0.03450765877542604,colebrook
moody_eps7.17e-03_Re1.62e+05,467.04614538107677,1.6624877258533537,0.001,1000.0,0.1,0.0007170759084135455,0.033796590735288956,166248.77258533536,0.007170759084135455,0.03442667511020972,colebrook
moody_eps7.17e-03_Re1.85e+05,581.6808805404318,1.8386983372993988,0.001,1000.0,0.1,0.0007170759084135455,0.03441072461657894,183869.83372993986,0.007170759084135455,0.03438403337840664,colebrook
moody_eps7.17e-03_Re2.10e+05,736.1622559001296,2.132471058122707,0.001,1000.0,0.1,0.0007170759084135455,0.03237704815241193,213247.1058122707,0.007170759084135455,0.03432840519526992,colebrook
moody_eps7.17e-03_Re2.39e+05,979.767105232078,2.405553039750063,0.001,1000.0,0.1,0.0007170759084135455,0.03386280860030867,240555.30397500633,0.007170759084135455,0.03428873781106079,colebrook
moody_eps7.17e-03_Re2.72e+05,1294.2735281495932,2.7081085851005127,0.001,1000.0,0.1,0.0007170759084135455,0.03529587204560855,270810.8585100513,0.007170759084135455,0.03425403340097857,colebrook
moody_eps7.17e-03_Re3.09e+05,1802.8591656681879,3.1386972054843802,0.001,1000.0,0.1,0.0007170759084135455,0.03660100043720642,313869.720548438,0.007170759084135455,0.03421607531805782,colebrook
moody_eps7.17e-03_Re3.51e+05,2048.7443758711565,3.5649669926274417,0.001,1000.0,0.1,0.0007170759084135455,0.0322408693518322,356496.69926274417,0.007170759084135455,0.034187457554071876,colebrook
moody_eps7.17e-03_Re3.99e+05,2654.868058957498,3.919715817259099,0.001,1000.0,0.1,0.0007170759084135455,0.03455920753476528,391971.5817259099,0.007170759084135455,0.03416835215661354,colebrook
moody_eps7.17e-03_Re4.54e+05,3673.9366890166098,4.552350566138571,0.001,1000.0,0.1,0.0007170759084135455,0.03545604307485609,455235.0566138571,0.007170759084135455,0.03414162412558663,colebrook
moody_eps7.17e-03_Re5.16e+05,4121.3496835513915,4.882893059585927,0.001,1000.0,0.1,0.0007170759084135455,0.03457124616228128,488289.3059585926,0.007170759084135455,0.03413039753271273,colebrook
moody_eps7.17e-03_Re5.87e+05,5956.7129853847955,5.891389011047535,0.001,1000.0,0.1,0.0007170759084135455,0.03432426685948304,589138.9011047535,0.007170759084135455,0.03410389183352092,colebrook
moody_eps7.17e-03_Re6.67e+05,7445.184037661545,6.634876601305803,0.001,1000.0,0.1,0.0007170759084135455,0.033825150150252434,663487.6601305802,0.007170759084135455,0.03408948849259041,colebrook
moody_eps7.17e-03_Re7.59e+05,9501.63719388506,7.267917674175106,0.001,1000.0,0.1,0.0007170759084135455,0.035975632702168484,726791.7674175105,0.007170759084135455,0.03407953823401824,colebrook
moody_eps7.17e-03_Re8.63e+05,12324.696920484452,8.380032390308308,0.001,1000.0,0.1,0.0007170759084135455,0.03510062498618392,838003.2390308308,0.007170759084135455,0.03406568549607738,colebrook
moody_eps7.17e-03_Re9.81e+05,16097.935103371561,9.747665560891651,0.001,1000.0,0.1,0.0007170759084135455,0.03388433192642143,974766.556089165,0.007170759084135455,0.03405297074583154,colebrook
moody_eps7.17e-03_Re1.12e+06,23557.193659483266,11.79935852038042,0.001,1000.0,0.1,0.0007170759084135455,0.0338404986105972,1179935.852038042,0.007170759084135455,0.034039410231102275,colebrook
moody_eps7.17e-03_Re1.27e+06,29225.163499068793,13.127937311310232,0.001,1000.0,0.1,0.0007170759084135455,0.03391516675410176,1312793.731131023,0.007170759084135455,0.03403288508034949,colebrook
moody_eps7.17e-03_Re1.44e+06,36228.40287254772,14.67865386616231,0.001,1000.0,0.1,0.0007170759084135455,0.03362844030159343,1467865.386616231,0.007170759084135455,0.03402675989669868,colebrook
moody_eps7.17e-03_Re1.64e+06,42120.592263334736,15.905778493206293,0.001,1000.0,0.1,0.0007170759084135455,0.03329772825708537,1590577.8493206294,0.007170759084135455,0.034022757813268856,colebrook
moody_eps7.17e-03_Re1.86e+06,62920.3672256404,19.101999160352946,0.001,1000.0,0.1,0.0007170759084135455,0.0344876498917691,1910199.9160352945,0.007170759084135455,0.034014743940060654,colebrook
moody_eps7.17e-03_Re2.12e+06,77596.18787064962,21.424795583164364,0.001,1000.0,0.1,0.0007170759084135455,0.03380936450106968,2142479.558316436,0.007170759084135455,0.03401041818989367,colebrook
moody_eps7.17e-03_Re2.41e+06,102913.13940834263,24.274021248677727,0.001,1000.0,0.1,0.0007170759084135455,0.03493151059300081,2427402.1248677727,0.007170759084135455,0.034006241267116946,colebrook
moody_eps7.17e-03_Re2.74e+06,130041.9302751721,27.570246674754358,0.001,1000.0,0.1,0.0007170759084135455,0.034216225491991104,2757024.667475436,0.007170759084135455,0.0340024850103842,colebrook
moody_eps7.17e-03_Re3.12e+06,149106.87812856128,29.891555794669106,0.001,1000.0,0.1,0.0007170759084135455,0.03337571924829529,2989155.5794669106,0.007170759084135455,0.03400033637182764,colebrook
moody_eps7.17e-03_Re3.54e+06,199653.32037387422,34.725539817247665,0.001,1000.0,0.1,0.0007170759084135455,0.033113761884101846,3472553.981724766,0.007170759084135455,0.03399678314706504,colebrook
moody_eps7.17e-03_Re4.03e+06,295905.6175699053,40.60656507467066,0.001,1000.0,0.1,0.0007170759084135455,0.03589142470124089,4060656.507467066,0.007170759084135455,0.03399360015503174,colebrook
moody_eps7.17e-03_Re4.58e+06,393356.590176739,47.718383702363674,0.001,1000.0,0.1,0.0007170759084135455,0.034549755335864074,4771838.370236367,0.007170759084135455,0.0339907984225089,colebrook
moody_eps7.17e-03_Re5.21e+06,443105.0577979748,50.59965486881046,0.001,1000.0,0.1,0.0007170759084135455,0.03461318740326941,5059965.486881046,0.007170759084135455,0.03398988737503088,colebrook
moody_eps7.17e-03_Re5.93e+06,637167.6649379958,62.23614025135308,0.001,1000.0,0.1,0.0007170759084135455,0.032900191215266696,6223614.025135308,0.007170759084135455,0.03398706584746963,colebrook
moody_eps7.17e-03_Re6.74e+06,679830.8564810271,65.78606467311901,0.001,1000.0,0.1,0.0007170759084135455,0.03141687998688805,6578606.467311902,0.007170759084135455,0.03398640370174682,colebrook
moody_eps7.17e-03_Re7.66e+06,963780.7342679666,73.14519937522188,0.001,1000.0,0.1,0.0007170759084135455,0.036027703524193336,7314519.937522187,0.007170759084135455,0.0339852356859779,colebrook
moody_eps7.17e-03_Re8.71e+06,1484852.108462502,92.35847415446011,0.001,1000.0,0.1,0.0007170759084135455,0.03481446269497669,9235847.415446011,0.007170759084135455,0.03398306330260245,colebrook
moody_eps7.17e-03_Re9.90e+06,1680767.6427004468,100.2785972820052,0.001,1000.0,0.1,0.0007170759084135455,0.0334288297690291,10027859.72820052,0.007170759084135455,0.03398241003377779,colebrook
moody_eps7.17e-03_Re1.13e+07,2255660.686485135,115.5337102692749,0.001,1000.0,0.1,0.0007170759084135455,0.033797636045638714,11553371.02692749,0.007170759084135455,0.033981404095670846,colebrook
moody_eps7.17e-03_Re1.28e+07,3235406.762093798,135.9586324512712,0.001,1000.0,0.1,0.0007170759084135455,0.03500622738147371,13595863.24512712,0.007170759084135455,0.033980410633783605,colebrook
moody_eps7.17e-03_Re1.46e+07,3857360.6600240353,150.2736748415954,0.001,1000.0,0.1,0.0007170759084135455,0.03416287632650382,15027367.484159542,0.007170759084135455,0.03397987528740019,colebrook
moody_eps7.17e-03_Re1.66e+07,4655058.393276512,162.54126576504027,0.001,1000.0,0.1,0.0007170759084135455,0.03523934714683686,16254126.576504026,0.007170759084135455,0.03397949152707451,colebrook
moody_eps7.17e-03_Re1.88e+07,5655117.143541217,186.078137342606,0.001,1000.0,0.1,0.0007170759084135455,0.03266486751599731,18607813.7342606,0.007170759084135455,0.033978896887949195,colebrook
moody_eps7.17e-03_Re2.14e+07,8604987.058445131,222.25013639920536,0.001,1000.0,0.1,0.0007170759084135455,0.034841443904862136,22225013.639920536,0.007170759084135455,0.033978228513215455,colebrook
moody_eps7.17e-03_Re2.43e+07,10223708.761938544,243.4990415298662,0.001,1000.0,0.1,0.0007170759084135455,0.03448608965925534,24349904.15298662,0.007170759084135455,0.033977928459922875,colebrook
moody_eps7.17e-03_Re2.77e+07,14166368.323500162,299.0960037736135,0.001,1000.0,0.1,0.0007170759084135455,0.031671403109734354,29909600.37736135,0.007170759084135455,0.03397734506971434,colebrook
moody_eps7.17e-03_Re3.15e+07,16983784.980804894,314.0531341154702,0.001,1000.0,0.1,0.0007170759084135455,0.03443960921657408,31405313.41154702,0.007170759084135455,0.03397722337764,colebrook
moody_eps7.17e-03_Re3.58e+07,20883424.846331395,354.9455031716536,0.001,1000.0,0.1,0.0007170759084135455,0.0331518953282615,35494550.31716536,0.007170759084135455,0.03397694302028195,colebrook
moody_eps7.17e-03_Re4.07e+07,33055448.95855331,426.04205589417006,0.001,1000.0,0.1,0.0007170759084135455,0.03642236248854694,42604205.589417,0.007170759084135455,0.03397658370175274,colebrook
moody_eps7.17e-03_Re4.63e+07,40197094.47761597,476.8700914235472,0.001,1000.0,0.1,0.0007170759084135455,0.03535285469778389,47687009.14235472,0.007170759084135455,0.03397639249412358,colebrook
moody_eps7.17e-03_Re5.26e+07,44784106.18789204,515.3832025527171,0.001,1000.0,0.1,0.0007170759084135455,0.03372045195498078,51538320.25527171,0.007170759084135455,0.033976272726917264,colebrook
moody_eps7.17e-03_Re5.98e+07,63812623.02804597,605.0463149051202,0.001,1000.0,0.1,0.0007170759084135455,0.03486256620866506,60504631.49051201,0.007170759084135455,0.033976052961028895,colebrook
moody_eps7.17e-03_Re6.80e+07,80668671.98528579,675.0826132182623,0.001,1000.0,0.1,0.0007170759084135455,0.03540145055246421,67508261.32182622,0.007170759084135455,0.03397592190745317,colebrook
moody_eps7.17e-03_Re7.73e+07,106922717.1497567,782.486413609814,0.001,1000.0,0.1,0.0007170759084135455,0.034925800676293625,78248641.3609814,0.007170759084135455,0.03397576650353781,colebrook
moody_eps7.17e-03_Re8.79e+07,147523818.54348773,923.0141273489515,0.001,1000.0,0.1,0.0007170759084135455,0.034631830276114384,92301412.73489515,0.007170759084135455,0.033975617787446864,colebrook
moody_eps7.17e-03_Re1.00e+08,155433096.93602264,974.1603628218965,0.001,1000.0,0.1,0.0007170759084135455,0.03275763853167635,97416036.28218964,0.007170759084135455,0.03397557431048112,colebrook
moody_eps9.46e-03_Re3.00e+02,0.009406548701591778,0.0029467788239606494,0.001,1000.0,0.1,0.0009463494675899333,0.21665325759201956,294.67788239606494,0.009463494675899332,0.2171863034972544,laminar
moody_eps9.46e-03_Re3.41e+02,0.010763177767434733,0.003406499073450227,0.001,1000.0,0.1,0.0009463494675899333,0.185504290424317,340.6499073450227,0.009463494675899332,0.18787617028522616,laminar
moody_eps9.46e-03_Re3.88e+02,0.012562962749762067,0.003913301481146425,0.001,1000.0,0.1,0.0009463494675899333,0.16407237064280872,391.3301481146425,0.009463494675899332,0.16354477238296197,laminar
moody_eps9.46e-03_Re4.41e+02,0.01416864848439385,0.004486131024998422,0.001,1000.0,0.1,0.0009463494675899333,0.14080384486498798,448.61310249984217,0.009463494675899332,0.14266190542221738,laminar
moody_eps9.46e-03_Re5.01e+02,0.015506616200372086,0.005189284692059663,0.001,1000.0,0.1,0.0009463494675899333,0.11516805669858897,518.9284692059663,0.009463494675899332,0.12333106352389767,laminar
moody_eps9.46e-03_Re5.70e+02,0.018485884801755243,0.005761708309414824,0.001,1000.0,0.1,0.0009463494675899333,0.11136986723083968,576.1708309414824,0.009463494675899332,0.11107816738209718,laminar
moody_eps9.46e-03_Re6.48e+02,0.02229025551865813,0.006601888179636326,0.001,1000.0,0.1,0.0009463494675899333,0.10228423805468634,660.1888179636326,0.009463494675899332,0.0969419630544629,laminar
moody_eps9.46e-03_Re7.37e+02,0.024417027349014544,0.007580030878708006,0.001,1000.0,0.1,0.0009463494675899333,0.08499254535453682,758.0030878708006,0.009463494675899332,0.08443237372524874,laminar
moody_eps9.46e-03_Re8.38e+02,0.02703895218769846,0.008280183043262217,0.001,1000.0,0.1,0.0009463494675899333,0.07887511010970823,828.0183043262217,0.009463494675899332,0.07729297729967254,laminar
moody_eps9.46e-03_Re9.53e+02,0.029920102362014575,0.00947084841667532,0.001,1000.0,0.1,0.0009463494675899333,0.0667137417273529,947.084841667532,0.009463494675899332,0.0675757832712381,laminar
moody_eps9.46e-03_Re1.08e+03,0.036230587318151014,0.011226663196290017,0.001,1000.0,0.1,0.0009463494675899333,0.057491545313941274,1122.6663196290017,0.009463494675899332,0.05700714351273097,laminar
moody_eps9.46e-03_Re1.23e+03,0.03996834004554808,0.012480185464513616,0.001,1000.0,0.1,0.0009463494675899333,0.051322053924656726,1248.0185464513615,0.009463494675899332,0.0512812891939617,laminar
moody_eps9.46e-03_Re1.40e+03,0.04114927820737227,0.013668905778043377,0.001,1000.0,0.1,0.0009463494675899333,0.04404785026010044,1366.8905778043377,0.009463494675899332,0.04682159716310608,laminar
moody_eps9.46e-03_Re1.59e+03,0.05284532743050744,0.01617805680146775,0.001,1000.0,0.1,0.0009463494675899333,0.0403816329565216,1617.805680146775,0.009463494675899332,0.039559757259718366,laminar
moody_eps9.46e-03_Re1.81e+03,0.056533825741254345,0.01824384348533399,0.001,1000.0,0.1,0.0009463494675899333,0.033970793867145174,1824.384348533399,0.009463494675899332,0.03508032726297441,laminar
moody_eps9.46e-03_Re2.06e+03,0.06489775049410926,0.02031578556707729,0.001,1000.0,0.1,0.0009463494675899333,0.03144795422500374,2031.578556707729,0.009463494675899332,0.031502596731339344,laminar
moody_eps9.46e-03_Re4.45e+03,0.43522776838232835,0.04264605510123404,0.001,1000.0,0.1,0.0009463494675899333,0.047861782036676945,4264.605510123403,0.009463494675899332,0.048070993726686315,colebrook
moody_eps9.46e-03_Re5.06e+03,0.604903984910346,0.05093975664275995,0.001,1000.0,0.1,0.0009463494675899333,0.04662326777238529,5093.975664275996,0.009463494675899332,0.04663976256126735,colebrook
moody_eps9.46e-03_Re5.76e+03,0.703244031287771,0.055568281757000744,0.001,1000.0,0.1,0.0009463494675899333,0.04554934271330166,5556.828175700074,0.009463494675899332,0.04599989156054058,colebrook
moody_eps9.46e-03_Re6.55e+03,0.89098740662124,0.06410935664361393,0.001,1000.0,0.1,0.0009463494675899333,0.043356950047719015,6410.935664361393,0.009463494675899332,0.04502853177261671,colebrook
moody_eps9.46e-03_Re7.44e+03,1.1304431687980998,0.07148224174747254,0.001,1000.0,0.1,0.0009463494675899333,0.04424685443799215,7148.2241747472535,0.009463494675899332,0.0443522638840364,colebrook
moody_eps9.46e-03_Re8.46e+03,1.5840376124721196,0.08275787202880557,0.001,1000.0,0.1,0.0009463494675899333,0.04625693524258724,8275.787202880556,0.009463494675899332,0.043522660497561,colebrook
moody_eps9.46e-03_Re9.62e+03,2.0103636830048552,0.09657908807793752,0.001,1000.0,0.1,0.0009463494675899333,0.0431060695290382,9657.908807793752,0.009463494675899332,0.04274033824468935,colebrook
moody_eps9.46e-03_Re1.09e+04,2.4698105799794368,0.10928721772182576,0.001,1000.0,0.1,0.0009463494675899333,0.041357559482310985,10928.721772182575,0.009463494675899332,0.04217711877272112,colebrook
moody_eps9.46e-03_Re1.24e+04,3.4289216792538766,0.12746790756192472,0.001,1000.0,0.1,0.0009463494675899333,0.042207132486025443,12746.790756192471,0.009463494675899332,0.04154767806433479,colebrook
moody_eps9.46e-03_Re1.41e+04,4.320112416945227,0.1440830313023146,0.001,1000.0,0.1,0.0009463494675899333,0.04161974069097876,14408.30313023146,0.009463494675899332,0.041098788540301155,colebrook
moody_eps9.46e-03_Re1.61e+04,4.836405020572684,0.1524607977176969,0.001,1000.0,0.1,0.0009463494675899333,0.04161369534945724,15246.079771769691,0.009463494675899332,0.04090625624284079,colebrook
moody_eps9.46e-03_Re1.83e+04,6.668323459842036,0.1817048173126995,0.001,1000.0,0.1,0.0009463494675899333,0.04039371257441341,18170.48173126995,0.009463494675899332,0.040362486872035294,colebrook
moody_eps9.46e-03_Re2.08e+04,9.07986868289481,0.2141940508095251,0.001,1000.0,0.1,0.0009463494675899333,0.039581728431791544,21419.40508095251,0.009463494675899332,0.03992045305789201,colebrook
moody_eps9.46e-03_Re2.37e+04,10.458428525627689,0.22773897492724696,0.001,1000.0,0.1,0.0009463494675899333,0.040329394845894886,22773.897492724696,0.009463494675899332,0.039770910232885155,colebrook
moody_eps9.46e-03_Re2.69e+04,15.478739102838496,0.28616214783809535,0.001,1000.0,0.1,0.0009463494675899333,0.037804300113630104,28616.214783809533,0.009463494675899332,0.0392790279299244,colebrook
moody_eps9.46e-03_Re3.06e+04,18.467572363265347,0.30889345425232695,0.001,1000.0,0.1,0.0009463494675899333,0.03870993076256677,30889.345425232692,0.009463494675899332,0.0391352510598495,colebrook
moody_eps9.46e-03_Re3.48e+04,25.313250782751936,0.36086390645096605,0.001,1000.0,0.1,0.0009463494675899333,0.03887684607699639,36086.39064509661,0.009463494675899332,0.03887137724485373,colebrook
moody_eps9.46e-03_Re3.95e+04,26.38991905604458,0.38028131897756123,0.001,1000.0,0.1,0.0009463494675899333,0.03649707589722742,38028.131897756124,0.009463494675899332,0.03879045457522377,colebrook
moody_eps9.46e-03_Re4.50e+04,42.41081644840006,0.46951880665372875,0.001,1000.0,0.1,0.0009463494675899333,0.038476950393025226,46951.880665372875,0.009463494675899332,0.03850136600755134,colebrook
moody_eps9.46e-03_Re5.11e+04,47.74256401723793,0.499859927586067,0.001,1000.0,0.1,0.0009463494675899333,0.03821545994149233,49985.9927586067,0.009463494675899332,0.038425740812562455,colebrook
moody_eps9.46e-03_Re5.81e+04,63.08462727959311,0.5812353600252134,0.001,1000.0,0.1,0.0009463494675899333,0.03734646349691458,58123.53600252134,0.009463494675899332,0.03826066385155843,colebrook
moody_eps9.46e-03_Re6.61e+04,84.00844141297839,0.6565228497735416,0.001,1000.0,0.1,0.0009463494675899333,0.03898102289133038,65652.28497735415,0.009463494675899332,0.038143345899621844,colebrook
moody_eps9.46e-03_Re7.52e+04,102.96776569352988,0.7237639112045519,0.001,1000.0,0.1,0.0009463494675899333,0.03931311314084882,72376.39112045518,0.009463494675899332,0.03805866134117502,colebrook
moody_eps9.46e-03_Re8.55e+04,134.37878340417515,0.8384758384771199,0.001,1000.0,0.1,0.0009463494675899333,0.03822782555947129,83847.58384771198,0.009463494675899332,0.03794482573891893,colebrook
moody_eps9.46e-03_Re9.72e+04,189.26483843144328,1.0158595953327856,0.001,1000.0,0.1,0.0009463494675899333,0.036680273041630775,101585.95953327855,0.009463494675899332,0.03781844418456328,colebrook
moody_eps9.46e-03_Re1.10e+05,233.17402522397273,1.1038017904195285,0.001,1000.0,0.1,0.0009463494675899333,0.038276126144873156,110380.17904195284,0.009463494675899332,0.03777058098213635,colebrook
moody_eps9.46e-03_Re1.26e+05,306.84944471299514,1.2916861948992446,0.001,1000.0,0.1,0.0009463494675899333,0.036782504887054965,129168.61948992444,0.009463494675899332,0.037689824552083674,colebrook
moody_eps9.46e-03_Re1.43e+05,395.0897715999011,1.491943947412142,0.001,1000.0,0.1,0.0009463494675899333,0.0354993800122019,149194.3947412142,0.009463494675899332,0.03762584312957974,colebrook
moody_eps9.46e-03_Re1.62e+05,486.9226117009021,1.6357582184160953,0.001,1000.0,0.1,0.0009463494675899333,0.03639583743056636,163575.82184160952,0.009463494675899332,0.0375894412299864,colebrook
moody_eps9.46e-03_Re1.85e+05,649.3266584026196,1.8378222821844665,0.001,1000.0,0.1,0.0009463494675899333,0.03844910222786825,183782.22821844663,0.009463494675899332,0.03754781506125782,colebrook
moody_eps9.46e-03_Re2.10e+05,839.5007808189459,2.0836951724337447,0.001,1000.0,0.1,0.0009463494675899333,0.038670761923647864,208369.51724337446,0.009463494675899332,0.03750794645343161,colebrook
moody_eps9.46e-03_Re2.39e+05,1102.075824334128,2.402090136105255,0.001,1000.0,0.1,0.0009463494675899333,0.03819995678145799,240209.0136105255,0.009463494675899332,0.037468343016708656,colebrook
moody_eps9.46e-03_Re2.72e+05,1335.9292375083248,2.7579969183567163,0.001,1000.0,0.1,0.0009463494675899333,0.03512577355312148,275799.6918356716,0.009463494675899332,0.03743481658040419,colebrook
moody_eps9.46e-03_Re3.09e+05,1877.5288641563295,3.2419458858979278,0.001,1000.0,0.1,0.0009463494675899333,0.0357277029771532,324194.5885897928,0.009463494675899332,0.03740096350339934,colebrook
moody_eps9.46e-03_Re3.51e+05,2357.5025097485072,3.533976679340482,0.001,1000.0,0.1,0.0009463494675899333,0.0377532897194835,353397.6679340482,0.009463494675899332,0.03738499473954525,colebrook
moody_eps9.46e-03_Re3.99e+05,2675.0740954860694,3.7978218769144423,0.001,1000.0,0.1,0.0009463494675899333,0.037093398713796515,379782.18769144424,0.009463494675899332,0.03737266741098222,colebrook
moody_eps9.46e-03_Re4.54e+05,3621.558442854815,4.461820462038825,0.001,1000.0,0.1,0.0009463494675899333,0.036383235036582896,446182.0462038825,0.009463494675899332,0.037348065500244644,colebrook
moody_eps9.46e-03_Re5.16e+05,5099.029092364083,5.208858509629673,0.001,1000.0,0.1,0.0009463494675899333,0.03758654131876626,520885.8509629673,0.009463494675899332,0.03732785482874949,colebrook
moody_eps9.46e-03_Re5.87e+05,6497.88902243494,5.8830186493467815,0.001,1000.0,0.1,0.0009463494675899333,0.03754929913118475,588301.8649346782,0.009463494675899332,0.03731400631320723,colebrook
moody_eps9.46e-03_Re6.67e+05,7751.755455154832,6.40664033153716,0.001,1000.0,0.1,0.0009463494675899333,0.0377719470678111,640664.033153716,0.009463494675899332,0.03730525454954562,colebrook
moody_eps9.46e-03_Re7.59e+05,9872.43750030024,7.32260616623708,0.001,1000.0,0.1,0.0009463494675899333,0.03682332785806892,732260.6166237079,0.009463494675899332,0.0372929463259735,colebrook
moody_eps9.46e-03_Re8.63e+05,12874.548817566842,8.485782307479269,0.001,1000.0,0.1,0.0009463494675899333,0.03575841344461988,848578.2307479269,0.009463494675899332,0.037281136378775816,colebrook
moody_eps9.46e-03_Re9.81e+05,19465.393701659938,9.980692953943896,0.001,1000.0,0.1,0.0009463494675899333,0.03908155158541657,998069.2953943897,0.009463494675899332,0.03726999204683789,colebrook
moody_eps9.46e-03_Re1.12e+06,23217.75808851544,11.047303856320303,0.001,1000.0,0.1,0.0009463494675899333,0.03804851213667344,1104730.3856320302,0.009463494675899332,0.037263880802503015,colebrook
moody_eps9.46e-03_Re1.27e+06,29078.276064226957,12.39042024354155,0.001,1000.0,0.1,0.0009463494675899333,0.0378814485801321,1239042.024354155,0.009463494675899332,0.03725767940092442,colebrook
moody_eps9.46e-03_Re1.44e+06,43758.992903324564,15.155305324719336,0.001,1000.0,0.1,0.0009463494675899333,0.038103768808380775,1515530.5324719336,0.009463494675899332,0.03724836898373175,colebrook
moody_eps9.46e-03_Re1.64e+06,47137.29876643418,15.88473819067637,0.001,1000.0,0.1,0.0009463494675899333,0.0373623826951516,1588473.819067637,0.009463494675899332,0.03724645232088736,colebrook
moody_eps9.46e-03_Re1.86e+06,62843.37547466371,18.446669567528616,0.001,1000.0,0.1,0.0009463494675899333,0.0369363147986094,1844666.9567528618,0.009463494675899332,0.03724092031846417,colebrook
moody_eps9.46e-03_Re2.12e+06,92273.54676240106,22.4494860760155,0.001,1000.0,0.1,0.0009463494675899333,0.036617981675844805,2244948.60760155,0.009463494675899332,0.03723480213091598,colebrook
moody_eps9.46e-03_Re2.41e+06,105438.22466709079,23.55660077602405,0.001,1000.0,0.1,0.0009463494675899333,0.038001683521705354,2355660.077602405,0.009463494675899332,0.037233476682572944,colebrook
moody_eps9.46e-03_Re2.74e+06,128625.68817839485,26.720241837419145,0.001,1000.0,0.1,0.0009463494675899333,0.03603105163517421,2672024.183741914,0.009463494675899332,0.0372302940340977,colebrook
moody_eps9.46e-03_Re3.12e+06,153564.3652034029,29.29507116357469,0.001,1000.0,0.1,0.0009463494675899333,0.0357874974286528,2929507.116357469,0.009463494675899332,0.037228210770505386,colebrook
moody_eps9.46e-03_Re3.54e+06,220456.65674045647,34.76595222532473,0.001,1000.0,0.1,0.0009463494675899333,0.03647917051973538,3476595.222532473,0.009463494675899332,0.037224808109007794,colebrook
moody_eps9.46e-03_Re4.03e+06,312326.4867806653,40.85638483040439,0.001,1000.0,0.1,0.0009463494675899333,0.03742130603286893,4085638.483040439,0.009463494675899332,0.03722209146416249,colebrook
moody_eps9.46e-03_Re4.58e+06,434119.61295942165,47.91769124330019,0.001,1000.0,0.1,0.0009463494675899333,0.03781356580885001,4791769.124330019,0.009463494675899332,0.037219805862797634,colebrook
moody_eps9.46e-03_Re5.21e+06,497994.8731263099,51.64623841793973,0.001,1000.0,0.1,0.0009463494675899333,0.03734027188346601,5164623.841793973,0.009463494675899332,0.0372188510389504,colebrook
moody_eps9.46e-03_Re5.93e+06,751056.6887728395,63.33352600253817,0.001,1000.0,0.1,0.0009463494675899333,0.037448582118107074,6333352.600253818,0.009463494675899332,0.037216586362260044,colebrook
moody_eps9.46e-03_Re6.74e+06,925910.2626240496,69.05195832063427,0.001,1000.0,0.1,0.0009463494675899333,0.038837109003313386,6905195.832063427,0.009463494675899332,0.03721575751026572,colebrook
moody_eps9.46e-03_Re7.66e+06,1085135.556191068,75.43630882106349,0.001,1000.0,0.1,0.0009463494675899333,0.03813757987309374,7543630.882106348,0.009463494675899332,0.037214980559979516,colebrook
moody_eps9.46e-03_Re8.71e+06,1439351.7194644702,88.36745491173235,0.001,1000.0,0.1,0.0009463494675899333,0.036864829757526474,8836745.491173234,0.009463494675899332,0.03721375078327556,colebrook
moody_eps9.46e-03_Re9.90e+06,1945195.0706705512,103.5621274135896,0.001,1000.0,0.1,0.0009463494675899333,0.036273647592979526,10356212.741358958,0.009463494675899332,0.037212698111124876,colebrook
moody_eps9.46e-03_Re1.13e+07,2301197.510023121,111.73721411479828,0.001,1000.0,0.1,0.0009463494675899333,0.03686279090620222,11173721.411479827,0.009463494675899332,0.03721225018085274,colebrook
moody_eps9.46e-03_Re1.28e+07,2912445.3777652076,123.07700565162945,0.001,1000.0,0.1,0.0009463494675899333,0.03845332878011354,12307700.565162944,0.009463494675899332,0.03721172734997363,colebrook
moody_eps9.46e-03_Re1.46e+07,3752385.704743772,144.67385209850997,0.001,1000.0,0.1,0.0009463494675899333,0.035855631686863405,14467385.209850997,0.009463494675899332,0.037210958267314416,colebrook
moody_eps9.46e-03_Re1.66e+07,4800562.624869553,162.5016483070098,0.001,1000.0,0.1,0.0009463494675899333,0.03635855328212826,16250164.830700979,0.009463494675899332,0.03721047740846903,colebrook
moody_eps9.46e-03_Re1.88e+07,7312225.46671088,196.36597811420128,0.001,1000.0,0.1,0.0009463494675899333,0.03792687666471644,19636597.811420128,0.009463494675899332,0.037209804427226996,colebrook
moody_eps9.46e-03_Re2.14e+07,9228679.502344145,222.01775661564832,0.001,1000.0,0.1,0.0009463494675899333,0.03744502626453719,22201775.66156483,0.009463494675899332,0.03720943129463864,colebrook
moody_eps9.46e-03_Re2.43e+07,11022989.063418593,246.77651919423704,0.001,1000.0,0.1,0.0009463494675899333,0.036201094725017334,24677651.919423703,0.009463494675899332,0.037209144714156206,colebrook
moody_eps9.46e-03_Re2.77e+07,14692333.464558763,282.540438897757,0.001,1000.0,0.1,0.0009463494675899333,0.03680946806583131,28254043.8897757,0.009463494675899332,0.03720881941813583,colebrook
moody_eps9.46e-03_Re3.15e+07,18906664.14641994,319.4222260158301,0.001,1000.0,0.1,0.0009463494675899333,0.037060787335472994,31942222.60158301,0.009463494675899332,0.03720856024333627,colebrook
moody_eps9.46e-03_Re3.58e+07,23399688.387623906,346.5719638798826,0.001,1000.0,0.1,0.0009463494675899333,0.03896307415102654,34657196.38798826,0.009463494675899332,0.03720840470420974,colebrook
moody_eps9.46e-03_Re4.07e+07,32115288.31339112,402.24433339070094,0.001,1000.0,0.1,0.0009463494675899333,0.039697389773296766,40224433.33907009,0.009463494675899332,0.037208151427739505,colebrook
moody_eps9.46e-03_Re4.63e+07,40376403.86771629,465.0662000204182,0.001,1000.0,0.1,0.0009463494675899333,0.037336024879193366,46506620.00204182,0.009463494675899332,0.03720793844157856,colebrook
moody_eps9.46e-03_Re5.26e+07,54587629.650389336,535.9119253090086,0.001,1000.0,0.1,0.0009463494675899333,0.03801345899894087,53591192.53090085,0.009463494675899332,0.037207758157898355,colebrook
moody_eps9.46e-03_Re5.98e+07,69568879.51428428,610.9234770084413,0.001,1000.0,0.1,0.0009463494675899333,0.03727961122425037,61092347.70084413,0.009463494675899332,0.03720761284519031,colebrook
moody_eps9.46e-03_Re6.80e+07,87082313.94722539,691.5338609542267,0.001,1000.0,0.1,0.0009463494675899333,0.03641942257641578,69153386.09542267,0.009463494675899332,0.03720749182710735,colebrook
moody_eps9.46e-03_Re7.73e+07,109418083.45161815,746.5686255536957,0.001,1000.0,0.1,0.0009463494675899333,0.03926265189240353,74656862.55536957,0.009463494675899332,0.0372074242162867,colebrook
moody_eps9.46e-03_Re8.79e+07,149594725.83478227,895.3512780819051,0.001,1000.0,0.1,0.0009463494675899333,0.037321523353581874,89535127.8081905,0.009463494675899332,0.03720728304238731,colebrook
moody_eps9.46e-03_Re1.00e+08,177110214.29489258,956.6517684265356,0.001,1000.0,0.1,0.0009463494675899333,0.03870489083320421,95665176.84265356,0.009463494675899332,0.03720723764983287,colebrook
moody_eps1.25e-02_Re3.00e+02,0.0092409448576367,0.0030020551869016994,0.001,1000.0,0.1,0.0012489295823494056,0.20507325801086562,300.2055186901699,0.012489295823494055,0.21318728676021387,laminar
moody_eps1.25e-02_Re3.41e+02,0.011072505406318666,0.0033784502272045476,0.001,1000.0,0.1,0.0012489295823494056,0.19401747421100515,337.8450227204547,0.012489295823494055,0.18943597121735883,laminar
moody_eps1.25e-02_Re3.88e+02,0.01296624436494643,0.0039092913390371044,0.001,1000.0,0.1,0.0012489295823494056,0.1696868247934364,390.9291339037104,0.012489295823494055,0.16371253623620646,laminar
moody_eps1.25e-02_Re4.41e+02,0.013201372858596407,0.003986147815239896,0.001,1000.0,0.1,0.0012489295823494056,0.1661660493630336,398.6147815239897,0.012489295823494055,0.16055601288872,laminar
moody_eps1.25e-02_Re5.01e+02,0.0159776220517709,0.004935832336916852,0.001,1000.0,0.1,0.0012489295823494056,0.1311660202259513,493.5832336916852,0.012489295823494055,0.1296640477864719,laminar
moody_eps1.25e-02_Re5.70e+02,0.018391737143747065,0.005649281379244061,0.001,1000.0,0.1,0.0012489295823494056,0.11525674059805596,564.9281379244061,0.012489295823494055,0.11328874542369483,laminar
moody_eps1.25e-02_Re6.48e+02,0.021934838806032832,0.0066303557688631495,0.001,1000.0,0.1,0.0012489295823494056,0.09979086299684796,663.035576886315,0.012489295823494055,0.09652574044450338,laminar
moody_eps1.25e-02_Re7.37e+02,0.024291568000913234,0.007419187052242035,0.001,1000.0,0.1,0.0012489295823494056,0.08826182506090706,741.9187052242036,0.012489295823494055,0.08626282037283259,laminar
moody_eps1.25e-02_Re8.38e+02,0.026727712614570468,0.008512916175803407,0.001,1000.0,0.1,0.0012489295823494056,0.07376240606000149,851.2916175803407,0.012489295823494055,0.07517987805625256,laminar
moody_eps1.25e-02_Re9.53e+02,0.031588088870454535,0.009525367532197251,0.001,1000.0,0.1,0.0012489295823494056,0.06962895277252973,952.536753219725,0.012489295823494055,0.06718900849092685,laminar
moody_eps1.25e-02_Re1.08e+03,0.03411190694563186,0.010188049642022235,0.001,1000.0,0.1,0.0012489295823494056,0.06572852539683062,1018.8049642022233,0.012489295823494055,0.06281869665811385,laminar
moody_eps1.25e-02_Re1.23e+03,0.04049686045067001,0.01227849661668524,0.001,1000.0,0.1,0.0012489295823494056,0.053723087190054766,1227.8496616685238,0.012489295823494055,0.052123645099213904,laminar
moody_eps1.25e-02_Re1.40e+03,0.042736004430722584,0.013941306330537523,0.001,1000.0,0.1,0.0012489295823494056,0.04397612631092606,1394.1306330537523,0.012489295823494055,0.04590674538139383,laminar
moody_eps1.25e-02_Re1.59e+03,0.04773785132727745,0.015209141854415293,0.001,1000.0,0.1,0.0012489295823494056,0.04127465408101253,1520.9141854415293,0.012489295823494055,0.042079954682926746,laminar
moody_eps1.25e-02_Re1.81e+03,0.056948728774007355,0.017369235078321724,0.001,1000.0,0.1,0.0012489295823494056,0.03775310219682403,1736.9235078321722,0.012489295823494055,0.03684675790926304,laminar
moody_eps1.25e-02_Re2.06e+03,0.05960603084709693,0.01968936613979359,0.001,1000.0,0.1,0.0012489295823494056,0.030750821948145463,1968.936613979359,0.012489295823494055,0.032504855435976435,laminar
moody_eps1.25e-02_Re4.45e+03,0.519213253472998,0.04569945886522225,0.001,1000.0,0.1,0.0012489295823494056,0.049722579444877,4569.945886522225,0.012489295823494055,0.05007730808185773,colebrook
moody_eps1.25e-02_Re5.06e+03,0.5847844751345789,0.04910811417607798,0.001,1000.0,0.1,0.0012489295823494056,0.04849749604598537,4910.811417607798,0.012489295823494055,0.04954616893188919,colebrook
moody_eps1.25e-02_Re5.76e+03,0.7907454111852665,0.05719522626437697,0.001,1000.0,0.1,0.0012489295823494056,0.0483445042579926,5719.522626437697,0.012489295823494055,0.048508417218529463,colebrook
moody_eps1.25e-02_Re6.55e+03,0.9220233125265043,0.06461592774684,0.001,1000.0,0.1,0.0012489295823494056,0.0441664740063456,6461.592774684,0.012489295823494055,0.04775845332531321,colebrook
moody_eps1.25e-02_Re7.44e+03,1.1830647957310965,0.07239918484897592,0.001,1000.0,0.1,0.0012489295823494056,0.045140999832699896,7239.918484897593,0.012489295823494055,0.04711897172651246,colebrook
moody_eps1.25e-02_Re8.46e+03,1.6504471562013556,0.08397503936859066,0.001,1000.0,0.1,0.0012489295823494056,0.04680919658585873,8397.503936859066,0.012489295823494055,0.046365145578203454,colebrook
moody_eps1.25e-02_Re9.62e+03,2.086806139061953,0.09594474930142245,0.001,1000.0,0.1,0.0012489295823494056,0.04533876400816253,9594.474930142245,0.012489295823494055,0.0457591707094524,colebrook
moody_eps1.25e-02_Re1.09e+04,2.5178866439757233,0.1086617825470632,0.001,1000.0,0.1,0.0012489295823494056,0.04264936009776401,10866.17825470632,0.012489295823494055,0.045248956142423344,colebrook
moody_eps1.25e-02_Re1.24e+04,3.6894756165074507,0.1272078414879496,0.001,1000.0,0.1,0.0012489295823494056,0.04560021321554946,12720.784148794963,0.012489295823494055,0.044673486809932224,colebrook
moody_eps1.25e-02_Re1.41e+04,4.62972597553969,0.14420819850619973,0.001,1000.0,0.1,0.0012489295823494056,0.044525148779303705,14420.819850619971,0.012489295823494055,0.04426665490260608,colebrook
moody_eps1.25e-02_Re1.61e+04,5.327016740676622,0.15644891807675027,0.001,1000.0,0.1,0.0012489295823494056,0.04352802166028932,15644.891807675027,0.012489295823494055,0.04402471598872665,colebrook
moody_eps1.25e-02_Re1.83e+04,6.976406720195498,0.18126509071928507,0.001,1000.0,0.1,0.0012489295823494056,0.04246522621870767,18126.509071928507,0.012489295823494055,0.0436283428149021,colebrook
moody_eps1.25e-02_Re2.08e+04,10.33607296867099,0.21749954777158947,0.001,1000.0,0.1,0.0012489295823494056,0.04369873304504154,21749.954777158946,0.012489295823494055,0.043203425322845074,colebrook
moody_eps1.25e-02_Re2.37e+04,13.62018641191558,0.24825617403967504,0.001,1000.0,0.1,0.0012489295823494056,0.04419904962059655,24825.617403967502,0.012489295823494055,0.04293539406544561,colebrook
moody_eps1.25e-02_Re2.69e+04,15.569346811095595,0.2709970496606553,0.001,1000.0,0.1,0.0012489295823494056,0.0424005278230483,27099.70496606553,0.012489295823494055,0.0427745709263643,colebrook
moody_eps1.25e-02_Re3.06e+04,19.738601460736298,0.3068083173133954,0.001,1000.0,0.1,0.0012489295823494056,0.0419384249954883,30680.831731339542,0.012489295823494055,0.04256767512575513,colebrook
moody_eps1.25e-02_Re3.48e+04,23.546910894227018,0.3381113447219042,0.001,1000.0,0.1,0.0012489295823494056,0.04119499457966147,33811.13447219042,0.012489295823494055,0.04242137210897988,colebrook
moody_eps1.25e-02_Re3.95e+04,32.344650026907864,0.3990273622806628,0.001,1000.0,0.1,0.0012489295823494056,0.04062815469214543,39902.73622806628,0.012489295823494055,0.042200320812623704,colebrook
moody_eps1.25e-02_Re4.50e+04,40.29775561778184,0.4471689319843464,0.001,1000.0,0.1,0.0012489295823494056,0.04030580595040986,44716.89319843464,0.012489295823494055,0.04206697206420459,colebrook
moody_eps1.25e-02_Re5.11e+04,58.675072055093985,0.5302618766418177,0.001,1000.0,0.1,0.0012489295823494056,0.04173523067947157,53026.18766418176,0.012489295823494055,0.041892327375301706,colebrook
moody_eps1.25e-02_Re5.81e+04,70.24033595237013,0.5774293099216176,0.001,1000.0,0.1,0.0012489295823494056,0.04213266464215041,57742.93099216176,0.012489295823494055,0.04181502708221846,colebrook
moody_eps1.25e-02_Re6.61e+04,85.34899634950733,0.6528602524320971,0.001,1000.0,0.1,0.0012489295823494056,0.04004865699628128,65286.02524320971,0.012489295823494055,0.04171413096596178,colebrook
moody_eps1.25e-02_Re7.52e+04,119.41574769893435,0.7410117018114037,0.001,1000.0,0.1,0.0012489295823494056,0.04349521334041035,74101.17018114038,0.012489295823494055,0.0416217602935713,colebrook
moody_eps1.25e-02_Re8.55e+04,159.7009881263677,0.8622514701087386,0.001,1000.0,0.1,0.0012489295823494056,0.04296053804967585,86225.14701087386,0.012489295823494055,0.0415250654713081,colebrook
moody_eps1.25e-02_Re9.72e+04,229.0437172792681,1.0475858334967643,0.001,1000.0,0.1,0.0012489295823494056,0.04174160513901323,104758.58334967642,0.012489295823494055,0.04141992198515805,colebrook
moody_eps1.25e-02_Re1.10e+05,259.80894670651026,1.0989977048157267,0.001,1000.0,0.1,0.0012489295823494056,0.04302199317526094,109899.77048157266,0.012489295823494055,0.04139695637798222,colebrook
moody_eps1.25e-02_Re1.26e+05,317.68549086170447,1.2591211139739311,0.001,1000.0,0.1,0.0012489295823494056,0.04007673777093024,125912.1113973931,0.012489295823494055,0.041337308584971116,colebrook
moody_eps1.25e-02_Re1.43e+05,381.09510516999376,1.372760420194794,0.001,1000.0,0.1,0.0012489295823494056,0.04044584082615838,137276.0420194794,0.012489295823494055,0.041303329673365065,colebrook
moody_eps1.25e-02_Re1.62e+05,547.0003851158492,1.6370360358910576,0.001,1000.0,0.1,0.0012489295823494056,0.040822645777630985,163703.60358910577,0.012489295823494055,0.0412423892918996,colebrook
moody_eps1.25e-02_Re1.85e+05,663.1413896662506,1.82580587941208,0.001,1000.0,0.1,0.0012489295823494056,0.03978569309836707,182580.58794120798,0.012489295823494055,0.04120957466660726,colebrook
moody_eps1.25e-02_Re2.10e+05,883.9597365374025,2.0698318916644864,0.001,1000.0,0.1,0.0012489295823494056,0.041265995933382274,206983.18916644866,0.012489295823494055,0.04117596159061395,colebrook
moody_eps1.25e-02_Re2.39e+05,1025.4252580464401,2.2605557042230244,0.001,1000.0,0.1,0.0012489295823494056,0.040133180627203315,226055.5704223024,0.012489295823494055,0.041154710072764264,colebrook
moody_eps1.25e-02_Re2.72e+05,1782.8627976014009,2.897019804680229,0.001,1000.0,0.1,0.0012489295823494056,0.0424859163957481,289701.98046802287,0.012489295823494055,0.041103937612287596,colebrook
moody_eps1.25e-02_Re3.09e+05,1989.7603714511754,3.209599333832746,0.001,1000.0,0.1,0.0012489295823494056,0.03863039335343454,320959.93338327465,0.012489295823494055,0.04108634130545579,colebrook
moody_eps1.25e-02_Re3.51e+05,2547.585336769238,3.4968252114364473,0.001,1000.0,0.1,0.0012489295823494056,0.0416687897585817,349682.52114364476,0.012489295823494055,0.04107293390531164,colebrook
moody_eps1.25e-02_Re3.99e+05,3346.231992325895,3.9853910610373156,0.001,1000.0,0.1,0.0012489295823494056,0.042135112514909194,398539.10610373155,0.012489295823494055,0.04105455090055189,colebrook
moody_eps1.25e-02_Re4.54e+05,4404.710336034558,4.593279124455796,0.001,1000.0,0.1,0.0012489295823494056,0.04175434490107872,459327.9124455796,0.012489295823494055,0.0410371203670881,colebrook
moody_eps1.25e-02_Re5.16e+05,5518.282697371131,5.3235587452044,0.001,1000.0,0.1,0.0012489295823494056,0.03894303897180781,532355.87452044,0.012489295823494055,0.04102142921494111,colebrook
moody_eps1.25e-02_Re5.87e+05,6961.142064799884,5.9296096712336315,0.001,1000.0,0.1,0.0012489295823494056,0.03959663504224018,592960.9671233632,0.012489295823494055,0.041011334577804974,colebrook
moody_eps1.25e-02_Re6.67e+05,9748.685136671953,6.761435771361863,0.001,1000.0,0.1,0.0012489295823494056,0.04264795247879745,676143.5771361863,0.012489295823494055,0.0410004192316676,colebrook
moody_eps1.25e-02_Re7.59e+05,11195.300296375159,7.569455515878094,0.001,1000.0,0.1,0.0012489295823494056,0.03907837182931518,756945.5515878093,0.012489295823494055,0.040992108740575274,colebrook
moody_eps1.25e-02_Re8.63e+05,14030.54988141164,8.28010783057342,0.001,1000.0,0.1,0.0012489295823494056,0.04092914784591192,828010.7830573419,0.012489295823494055,0.04098613781159838,colebrook
moody_eps1.25e-02_Re9.81e+05,19923.74875059505,9.626658048724668,0.001,1000.0,0.1,0.0012489295823494056,0.042998168897542516,962665.8048724667,0.012489295823494055,0.040977237999425965,colebrook
moody_eps1.25e-02_Re1.12e+06,26472.38515399117,11.057593365952233,0.001,1000.0,0.1,0.0012489295823494056,0.043301390070811664,1105759.3365952233,0.012489295823494055,0.04097015280076949,colebrook
moody_eps1.25e-02_Re1.27e+06,31852.853090920053,12.679661261927166,0.001,1000.0,0.1,0.0012489295823494056,0.03962443030608748,1267966.1261927164,0.012489295823494055,0.04096405276140982,colebrook
moody_eps1.25e-02_Re1.44e+06,48264.46200043193,15.42051078987608,0.001,1000.0,0.1,0.0012489295823494056,0.04059382228330604,1542051.078987608,0.012489295823494055,0.04095665878200316,colebrook
moody_eps1.25e-02_Re1.64e+06,62980.35622771259,17.15241697671245,0.001,1000.0,0.1,0.0012489295823494056,0.042813867104100144,1715241.6976712449,0.012489295823494055,0.04095320388975895,colebrook
moody_eps1.25e-02_Re1.86e+06,72057.4379251723,18.564533587970928,0.001,1000.0,0.1,0.0012489295823494056,0.04181583051321453,1856453.3587970927,0.012489295823494055,0.04095086361186391,colebrook
moody_eps1.25e-02_Re2.12e+06,101820.87169038484,21.840763657718867,0.001,1000.0,0.1,0.0012489295823494056,0.04269049276289829,2184076.3657718864,0.012489295823494055,0.04094659869220101,colebrook
moody_eps1.25e-02_Re2.41e+06,113424.40516243785,23.921112922989238,0.001,1000.0,0.1,0.0012489295823494056,0.03964366007211764,2392111.2922989237,0.012489295823494055,0.040944496586647054,colebrook
moody_eps1.25e-02_Re2.74e+06,167980.3664855166,28.391549397918716,0.001,1000.0,0.1,0.0012489295823494056,0.04167833227338907,2839154.9397918717,0.012489295823494055,0.04094102109491609,colebrook
moody_eps1.25e-02_Re3.12e+06,183714.2995532562,29.48016746457379,0.001,1000.0,0.1,0.0012489295823494056,0.042277866637751405,2948016.746457379,0.012489295823494055,0.040940334271558035,colebrook
moody_eps1.25e-02_Re3.54e+06,234303.48856570592,34.012428169429064,0.001,1000.0,0.1,0.0012489295823494056,0.04050731669061341,3401242.816942906,0.012489295823494055,0.040937947152487865,colebrook
moody_eps1.25e-02_Re4.03e+06,318311.82249737874,39.59910548094476,0.001,1000.0,0.1,0.0012489295823494056,0.040598689367188086,3959910.5480944756,0.012489295823494055,0.040935756294191224,colebrook
moody_eps1.25e-02_Re4.58e+06,417290.88223734096,45.78754150624059,0.001,1000.0,0.1,0.0012489295823494056,0.0398083558121587,4578754.150624059,0.012489295823494055,0.04093395335287032,colebrook
moody_eps1.25e-02_Re5.21e+06,601254.4777899507,53.74541595267497,0.001,1000.0,0.1,0.0012489295823494056,0.04162990910774699,5374541.595267496,0.012489295823494055,0.04093224496927207,colebrook
moody_eps1.25e-02_Re5.93e+06,776093.8628843427,60.41047118370244,0.001,1000.0,0.1,0.0012489295823494056,0.04253239109143793,6041047.118370243,0.012489295823494055,0.04093116038847909,colebrook
moody_eps1.25e-02_Re6.74e+06,1008588.115674908,69.98171381664909,0.001,1000.0,0.1,0.0012489295823494056,0.04118837843179929,6998171.3816649085,0.012489295823494055,0.04092996416668241,colebrook
moody_eps1.25e-02_Re7.66e+06,1195238.3351920713,77.06888097713717,0.001,1000.0,0.1,0.0012489295823494056,0.04024634106292474,7706888.097713716,0.012489295823494055,0.04092926982577421,colebrook
moody_eps1.25e-02_Re8.71e+06,1577988.2229991262,88.19675142901195,0.001,1000.0,0.1,0.0012489295823494056,0.040572201653055855,8819675.142901195,0.012489295823494055,0.040928404731325245,colebrook
moody_eps1.25e-02_Re9.90e+06,1834274.6621553386,94.02761161521865,0.001,1000.0,0.1,0.0012489295823494056,0.04149383284153449,9402761.161521865,0.012489295823494055,0.04092803317631027,colebrook
moody_eps1.25e-02_Re1.13e+07,2552323.5144031397,109.21479807161,0.001,1000.0,0.1,0.0012489295823494056,0.04279595705238112,10921479.807161,0.012489295823494055,0.0409272516325968,colebrook
moody_eps1.25e-02_Re1.28e+07,3838350.003285044,135.40248154576162,0.001,1000.0,0.1,0.0012489295823494056,0.04187177019461167,13540248.154576162,0.012489295823494055,0.04092631574609468,colebrook
moody_eps1.25e-02_Re1.46e+07,4089732.6301943758,141.16757768873987,0.001,1000.0,0.1,0.0012489295823494056,0.041044501643193836,14116757.768873988,0.012489295823494055,0.04092615634444599,colebrook
moody_eps1.25e-02_Re1.66e+07,5162257.276297858,160.62212012839086,0.001,1000.0,0.1,0.0012489295823494056,0.04001832736722663,16062212.012839084,0.012489295823494055,0.04092570288738204,colebrook
moody_eps1.25e-02_Re1.88e+07,6848789.322140217,183.27213414518835,0.001,1000.0,0.1,0.0012489295823494056,0.04078034808287288,18327213.414518837,0.012489295823494055,0.04092529622607225,colebrook
moody_eps1.25e-02_Re2.14e+07,9416064.522154376,214.74711653033955,0.001,1000.0,0.1,0.0012489295823494056,0.04083614518057619,21474711.653033953,0.012489295823494055,0.040924873539735535,colebrook
moody_eps1.25e-02_Re2.43e+07,11982124.557893978,245.7015796215974,0.001,1000.0,0.1,0.0012489295823494056,0.039696107991545285,24570157.96215974,0.012489295823494055,0.04092456345984857,colebrook
moody_eps1.25e-02_Re2.77e+07,17313576.429479834,286.30494882411404,0.001,1000.0,0.1,0.0012489295823494056,0.042243420301599374,28630494.8824114,0.012489295823494055,0.040924258376478166,colebrook
moody_eps1.25e-02_Re3.15e+07,19789427.808930885,308.9867097800472,0.001,1000.0,0.1,0.0012489295823494056,0.041455640854175656,30898670.978004716,0.012489295823494055,0.04092412285539482,colebrook
moody_eps1.25e-02_Re3.58e+07,24588525.37652935,351.0099335535698,0.001,1000.0,0.1,0.0012489295823494056,0.03991385409135543,35100993.35535698,0.012489295823494055,0.04092391805388934,colebrook
moody_eps1.25e-02_Re4.07e+07,34742870.72362321,406.25144974149174,0.001,1000.0,0.1,0.0012489295823494056,0.04210230260914124,40625144.974149175,0.012489295823494055,0.04092371328718421,colebrook
moody_eps1.25e-02_Re4.63e+07,43539766.43899897,459.3341955041367,0.001,1000.0,0.1,0.0012489295823494056,0.04127228697665976,45933419.55041367,0.012489295823494055,0.040923562923769335,colebrook
moody_eps1.25e-02_Re5.26e+07,55368621.6731632,530.7107410194303,0.001,1000.0,0.1,0.0012489295823494056,0.03931678099574507,53071074.10194303,0.012489295823494055,0.0409234081543439,colebrook
moody_eps1.25e-02_Re5.98e+07,59141468.84246184,549.2715189306466,0.001,1000.0,0.1,0.0012489295823494056,0.039205585262922345,54927151.89306466,0.012489295823494055,0.040923374497773266,colebrook
moody_eps1.25e-02_Re6.80e+07,89099127.44161393,667.916802962376,0.001,1000.0,0.1,0.0012489295823494056,0.03994465808697921,66791680.296237595,0.012489295823494055,0.040923203550482276,colebrook
moody_eps1.25e-02_Re7.73e+07,109471484.07044801,751.6351549446777,0.001,1000.0,0.1,0.0012489295823494056,0.038754026558206804,75163515.49446777,0.012489295823494055,0.0409231154018387,colebrook
moody_eps1.25e-02_Re8.79e+07,165481678.01906097,885.3222103546992,0.001,1000.0,0.1,0.0012489295823494056,0.04222573253425491,88532221.03546992,0.012489295823494055,0.040923009205938825,colebrook
moody_eps1.25e-02_Re1.00e+08,225844294.2029894,1041.7873489359872,0.001,1000.0,0.1,0.0012489295823494056,0.04161797644934541,104178734.8935987,0.012489295823494055,0.0409229195319633,colebrook
moody_eps1.65e-02_Re3.00e+02,0.00953071115078665,0.002931981108855623,0.001,1000.0,0.1,0.001648254852026139,0.22173434516764418,293.1981108855623,0.01648254852026139,0.21828244324868704,laminar
moody_eps1.65e-02_Re3.41e+02,0.010602758793335013,0.0032268742625190146,0.001,1000.0,0.1,0.001648254852026139,0.20365017656756576,322.68742625190146,0.01648254852026139,0.19833434709054729,laminar
moody_eps1.65e-02_Re3.88e+02,0.012414553306087012,0.003981645746748292,0.001,1000.0,0.1,0.001648254852026139,0.15661590276311677,398.1645746748292,0.01648254852026139,0.16073755444533747,laminar
moody_eps1.65e-02_Re4.41e+02,0.01436958208324179,0.00444883100855863,0.001,1000.0,0.1,0.001648254852026139,0.145205248685102,444.883100855863,0.01648254852026139,0.14385801545816698,laminar
moody_eps1.65e-02_Re5.01e+02,0.017010252071165306,0.005035964347317689,0.001,1000.0,0.1,0.001648254852026139,0.134145297023038,503.5964347317688,0.01648254852026139,0.12708588779840826,laminar
moody_eps1.65e-02_Re5.70e+02,0.01767483524977918,0.005726783326435988,0.001,1000.0,0.1,0.001648254852026139,0.1077863750187634,572.6783326435988,0.01648254852026139,0.11175558136548153,laminar
moody_eps1.65e-02_Re6.48e+02,0.020707866322869962,0.006256893422544032,0.001,1000.0,0.1,0.001648254852026139,0.10579078349629245,625.6893422544032,0.01648254852026139,0.10228718259672356,laminar
moody_eps1.65e-02_Re7.37e+02,0.02262165686660128,0.007027964891881841,0.001,1000.0,0.1,0.001648254852026139,0.09159995063093263,702.7964891881842,0.01648254852026139,0.0910647690826228,laminar
moody_eps1.65e-02_Re8.38e+02,0.026042360756429173,0.007999992603951442,0.001,1000.0,0.1,0.001648254852026139,0.08138252784105354,799.9992603951442,0.01648254852026139,0.08000007396055395,laminar
moody_eps1.65e-02_Re9.53e+02,0.03131613283966467,0.009495665307859,0.001,1000.0,0.1,0.001648254852026139,0.0694620065888065,949.5665307859001,0.01648254852026139,0.06739917417585367,laminar
moody_eps1.65e-02_Re1.08e+03,0.031718031247948954,0.010366931596501488,0.001,1000.0,0.1,0.001648254852026139,0.059024966921595846,1036.6931596501488,0.01648254852026139,0.06173475671586179,laminar
moody_eps1.65e-02_Re1.23e+03,0.03843480608354497,0.012215223487977094,0.001,1000.0,0.1,0.001648254852026139,0.05151715312281454,1221.5223487977094,0.01648254852026139,0.052393638203175226,laminar
moody_eps1.65e-02_Re1.40e+03,0.04633293889351087,0.014529251622138013,0.001,1000.0,0.1,0.001648254852026139,0.04389684970407041,1452.9251622138013,0.01648254852026139,0.04404906850293935,laminar
moody_eps1.65e-02_Re1.59e+03,0.050586421983024946,0.015954907329665,0.001,1000.0,0.1,0.001648254852026139,0.03974434884657514,1595.4907329665002,0.01648254852026139,0.040113050284538244,laminar
moody_eps1.65e-02_Re1.81e+03,0.05647653681770323,0.0188606137981209,0.001,1000.0,0.1,0.001648254852026139,0.03175312029748576,1886.06137981209,0.01648254852026139,0.03393314803274132,laminar
moody_eps1.65e-02_Re2.06e+03,0.06289161717992972,0.0204836919009511,0.001,1000.0,0.1,0.001648254852026139,0.02997825076202198,2048.36919009511,0.01648254852026139,0.03124436762155574,laminar
moody_eps1.65e-02_Re4.45e+03,0.5118238826861742,0.042381750762304646,0.001,1000.0,0.1,0.001648254852026139,0.056989225702855216,4238.175076230465,0.01648254852026139,0.05385819686858942,colebrook
moody_eps1.65e-02_Re5.06e+03,0.7468982268296128,0.05261299378459063,0.001,1000.0,0.1,0.001648254852026139,0.05396415668835484,5261.2993784590635,0.01648254852026139,0.05238916958353491,colebrook
moody_eps1.65e-02_Re5.76e+03,0.8318027505603168,0.056143295614688095,0.001,1000.0,0.1,0.001648254852026139,0.05277819622705592,5614.3295614688095,0.01648254852026139,0.05199375618991517,colebrook
moody_eps1.65e-02_Re6.55e+03,1.1272010382368842,0.06641298780967947,0.001,1000.0,0.1,0.001648254852026139,0.051112289862634164,6641.298780967947,0.01648254852026139,0.051060216763093726,colebrook
moody_eps1.65e-02_Re7.44e+03,1.5039747860710067,0.0759464736612654,0.001,1000.0,0.1,0.001648254852026139,0.05215012142838149,7594.647366126541,0.01648254852026139,0.050400163495610766,colebrook
moody_eps1.65e-02_Re8.46e+03,1.939840064537179,0.086552873532088,0.001,1000.0,0.1,0.001648254852026139,0.05178845305595771,8655.2873532088,0.01648254852026139,0.0498230933288339,colebrook
moody_eps1.65e-02_Re9.62e+03,2.419179476527161,0.09947666511095749,0.001,1000.0,0.1,0.001648254852026139,0.0488940092423558,9947.66651109575,0.01648254852026139,0.049274177395991735,colebrook
moody_eps1.65e-02_Re1.09e+04,2.9299297302643366,0.11142272619536418,0.001,1000.0,0.1,0.001648254852026139,0.047199743646758156,11142.27261953642,0.01648254852026139,0.04887239096255662,colebrook
moody_eps1.65e-02_Re1.24e+04,3.5342098617134377,0.11857724887947868,0.001,1000.0,0.1,0.001648254852026139,0.050271239102817125,11857.724887947867,0.01648254852026139,0.04866798961398768,colebrook
moody_eps1.65e-02_Re1.41e+04,4.617265633124232,0.13774694713213048,0.001,1000.0,0.1,0.001648254852026139,0.04866882835427523,13774.694713213048,0.01648254852026139,0.04821890635389862,colebrook
moody_eps1.65e-02_Re1.61e+04,5.946541204036775,0.15754407692594757,0.001,1000.0,0.1,0.001648254852026139,0.0479170715441799,15754.407692594757,0.01648254852026139,0.047863837950968505,colebrook
moody_eps1.65e-02_Re1.83e+04,8.918958483673052,0.19031821913851105,0.001,1000.0,0.1,0.001648254852026139,0.04924741140215483,19031.821913851105,0.01648254852026139,0.047431103045979146,colebrook
moody_eps1.65e-02_Re2.08e+04,10.298680898639573,0.20714983696653974,0.001,1000.0,0.1,0.001648254852026139,0.04800012914796079,20714.983696653973,0.01648254852026139,0.04725983310134014,colebrook
moody_eps1.65e-02_Re2.37e+04,13.172623865702707,0.23489585106240185,0.001,1000.0,0.1,0.001648254852026139,0.04774760526087415,23489.585106240185,0.01648254852026139,0.04702903558545736,colebrook
moody_eps1.65e-02_Re2.69e+04,16.419753176675414,0.2611005530735733,0.001,1000.0,0.1,0.001648254852026139,0.04817048695462918,26110.055307357336,0.01648254852026139,0.04685452394535053,colebrook
moody_eps1.65e-02_Re3.06e+04,21.832077370719112,0.30954289420978426,0.001,1000.0,0.1,0.001648254852026139,0.04557045655062439,30954.289420978424,0.01648254852026139,0.04660737366723957,colebrook
moody_eps1.65e-02_Re3.48e+04,29.774075113008752,0.3602301309645237,0.001,1000.0,0.1,0.001648254852026139,0.045888958747434413,36023.01309645237,0.01648254852026139,0.04641805782153154,colebrook
moody_eps1.65e-02_Re3.95e+04,33.48863342055303,0.38023153647085955,0.001,1000.0,0.1,0.001648254852026139,0.046326677291542134,38023.15364708596,0.01648254852026139,0.046356889927013235,colebrook
moody_eps1.65e-02_Re4.50e+04,48.52136585960492,0.4530803112533917,0.001,1000.0,0.1,0.001648254852026139,0.047272942187746025,45308.03112533917,0.01648254852026139,0.04617877754809082,colebrook
moody_eps1.65e-02_Re5.11e+04,61.72228827729896,0.5090450459543312,0.001,1000.0,0.1,0.001648254852026139,0.047638665139225524,50904.504595433114,0.01648254852026139,0.0460759004524748,colebrook
moody_eps1.65e-02_Re5.81e+04,77.90615667700534,0.5885697913076107,0.001,1000.0,0.1,0.001648254852026139,0.04497859029413904,58856.97913076106,0.01648254852026139,0.045962795905492425,colebrook
moody_eps1.65e-02_Re6.61e+04,103.58939956236806,0.6573980743417205,0.001,1000.0,0.1,0.001648254852026139,0.04793894323392051,65739.80743417205,0.01648254852026139,0.04588665706502132,colebrook
moody_eps1.65e-02_Re7.52e+04,120.65711874100191,0.7119500332765416,0.001,1000.0,0.1,0.001648254852026139,0.04760843622576326,71195.00332765417,0.01648254852026139,0.04583661994211755,colebrook
moody_eps1.65e-02_Re8.55e+04,164.60374691753404,0.8374366256495925,0.001,1000.0,0.1,0.001648254852026139,0.04694245629023872,83743.66256495925,0.01648254852026139,0.045745962480435456,colebrook
moody_eps1.65e-02_Re9.72e+04,215.39571376533803,0.9584091804202346,0.001,1000.0,0.1,0.001648254852026139,0.04689916627608143,95840.91804202346,0.01648254852026139,0.045680799522303236,colebrook
moody_eps1.65e-02_Re1.10e+05,274.7514598754246,1.128286080031228,0.001,1000.0,0.1,0.001648254852026139,0.0431649800006863,112828.6080031228,0.01648254852026139,0.04561266576044995,colebrook
moody_eps1.65e-02_Re1.26e+05,319.5970353382023,1.1916983760874484,0.001,1000.0,0.1,0.001648254852026139,0.04500907033214017,119169.83760874484,0.01648254852026139,0.04559216796677194,colebrook
moody_eps1.65e-02_Re1.43e+05,420.40754980422525,1.3803678430276103,0.001,1000.0,0.1,0.001648254852026139,0.04412765360891272,138036.78430276102,0.01648254852026139,0.04554223436013068,colebrook
moody_eps1.65e-02_Re1.62e+05,619.089941910452,1.6635640131803813,0.001,1000.0,0.1,0.001648254852026139,0.044740899375755316,166356.40131803814,0.01648254852026139,0.04548840886053902,colebrook
moody_eps1.65e-02_Re1.85e+05,732.1633394797001,1.8090650903900365,0.001,1000.0,0.1,0.001648254852026139,0.044743462453655646,180906.50903900363,0.01648254852026139,0.04546726952286697,colebrook
moody_eps1.65e-02_Re2.10e+05,921.675859992138,2.0310518636849917,0.001,1000.0,0.1,0.001648254852026139,0.04468545471838313,203105.18636849918,0.01648254852026139,0.045440822969951215,colebrook
moody_eps1.65e-02_Re2.39e+05,1290.6259245104338,2.3248295786513515,0.001,1000.0,0.1,0.001648254852026139,0.04775822036481051,232482.95786513513,0.01648254852026139,0.04541355284715494,colebrook
moody_eps1.65e-02_Re2.72e+05,1818.0628203913016,2.8274355294659497,0.001,1000.0,0.1,0.001648254852026139,0.045483456270135905,282743.55294659495,0.01648254852026139,0.045379989684172534,colebrook
moody_eps1.65e-02_Re3.09e+05,2371.089300602058,3.2005617307329537,0.001,1000.0,0.1,0.001648254852026139,0.0462940834699513,320056.1730732954,0.01648254852026139,0.04536186796818624,colebrook
moody_eps1.65e-02_Re3.51e+05,2762.945897683769,3.4921663193576014,0.001,1000.0,0.1,0.001648254852026139,0.04531192759924096,349216.6319357601,0.01648254852026139,0.04535039311336285,colebrook
moody_eps1.65e-02_Re3.99e+05,3766.818291951403,3.974047975333136,0.001,1000.0,0.1,0.001648254852026139,0.04770220506331993,397404.7975333136,0.01648254852026139,0.045335111537976036,colebrook
moody_eps1.65e-02_Re4.54e+05,4901.481111999055,4.678160432841143,0.001,1000.0,0.1,0.001648254852026139,0.04479268604830761,467816.0432841143,0.01648254852026139,0.045318430371037416,colebrook
moody_eps1.65e-02_Re5.16e+05,5529.59236409436,5.0086301165574145,0.001,1000.0,0.1,0.001648254852026139,0.04408442608416239,500863.01165574143,0.01648254852026139,0.04531221493441844,colebrook
moody_eps1.65e-02_Re5.87e+05,7988.754987145403,5.891454324625129,0.001,1000.0,0.1,0.001648254852026139,0.04603244758171648,589145.4324625129,0.01648254852026139,0.04529902411984096,colebrook
moody_eps1.65e-02_Re6.67e+05,10022.380604237109,6.740254421859885,0.001,1000.0,0.1,0.001648254852026139,0.04412130069130295,674025.4421859884,0.01648254852026139,0.04528959471510534,colebrook
moody_eps1.65e-02_Re7.59e+05,13536.848459036239,7.639162523063698,0.001,1000.0,0.1,0.001648254852026139,0.046393385239400176,763916.2523063697,0.01648254852026139,0.04528189008327756,colebrook
moody_eps1.65e-02_Re8.63e+05,14437.49813617078,8.114520702586846,0.001,1000.0,0.1,0.001648254852026139,0.043852685226388695,811452.0702586846,0.01648254852026139,0.04527850485344693,colebrook
moody_eps1.65e-02_Re9.81e+05,20097.655186773598,9.496546612008949,0.001,1000.0,0.1,0.001648254852026139,0.04457013792153258,949654.6612008947,0.01648254852026139,0.045270585624597064,colebrook
moody_eps1.65e-02_Re1.12e+06,27162.196531182155,11.082158182594796,0.001,1000.0,0.1,0.001648254852026139,0.044232979410788346,1108215.8182594797,0.01648254852026139,0.04526393050100342,colebrook
moody_eps1.65e-02_Re1.27e+06,33489.92778883385,12.686444330301244,0.001,1000.0,0.1,0.001648254852026139,0.04161638672893128,1268644.4330301245,0.01648254852026139,0.04525888864263914,colebrook
moody_eps1.65e-02_Re1.44e+06,46186.633206371866,14.472501573961967,0.001,1000.0,0.1,0.001648254852026139,0.044102081760102066,1447250.1573961966,0.01648254852026139,0.045254589481399425,colebrook
moody_eps1.65e-02_Re1.64e+06,64072.67233928151,17.24059979485987,0.001,1000.0,0.1,0.001648254852026139,0.043111992211742604,1724059.979485987,0.01648254852026139,0.045249685432635536,colebrook
moody_eps1.65e-02_Re1.86e+06,70640.50707749379,17.916940913206023,0.001,1000.0,0.1,0.001648254852026139,0.044010477525018965,1791694.0913206025,0.01648254852026139,0.045248717420144524,colebrook
moody_eps1.65e-02_Re2.12e+06,104675.67043311655,21.979239182607465,0.001,1000.0,0.1,0.001648254852026139,0.043336161053279254,2197923.9182607466,0.01648254852026139,0.04524415615607028,colebrook
moody_eps1.65e-02_Re2.41e+06,136765.3911591989,24.195593668392252,0.001,1000.0,0.1,0.001648254852026139,0.046723314391187425,2419559.3668392254,0.01648254852026139,0.04524231305986226,colebrook
moody_eps1.65e-02_Re2.74e+06,165249.98720343813,27.603259981252123,0.001,1000.0,0.1,0.001648254852026139,0.043376117682037627,2760325.9981252123,0.01648254852026139,0.0452400564237843,colebrook
moody_eps1.65e-02_Re3.12e+06,217952.84350071516,31.101937906641556,0.001,1000.0,0.1,0.001648254852026139,0.04506274414778578,3110193.7906641555,0.01648254852026139,0.045238253820145076,colebrook
moody_eps1.65e-02_Re3.54e+06,271356.3402232461,35.054930325435926,0.001,1000.0,0.1,0.001648254852026139,0.04416434079421559,3505493.0325435926,0.01648254852026139,0.045236649948537634,colebrook
moody_eps1.65e-02_Re4.03e+06,384530.2504588792,41.103927278048126,0.001,1000.0,0.1,0.001648254852026139,0.04551912124858289,4110392.727804812,0.01648254852026139,0.045234792709650605,colebrook
moody_eps1.65e-02_Re4.58e+06,516802.4316483105,47.182794797295436,0.001,1000.0,0.1,0.001648254852026139,0.0464287744457256,4718279.479729543,0.01648254852026139,0.04523340593183814,colebrook
moody_eps1.65e-02_Re5.21e+06,574773.1059702481,50.87033614449632,0.001,1000.0,0.1,0.001648254852026139,0.04442190917895259,5087033.614449632,0.01648254852026139,0.04523272616229253,colebrook
moody_eps1.65e-02_Re5.93e+06,826682.4565287739,62.486064560745156,0.001,1000.0,0.1,0.001648254852026139,0.0423450227568762,6248606.456074515,0.01648254852026139,0.045231109214228536,colebrook
moody_eps1.65e-02_Re6.74e+06,1163561.3037609053,70.03124548694353,0.001,1000.0,0.1,0.001648254852026139,0.047449928769299286,7003124.548694353,0.01648254852026139,0.04523034622703798,colebrook
moody_eps1.65e-02_Re7.66e+06,1352417.7413273489,76.65171047505584,0.001,1000.0,0.1,0.001648254852026139,0.046035954685102576,7665171.047505585,0.01648254852026139,0.04522980045501608,colebrook
moody_eps1.65e-02_Re8.71e+06,2011622.8794128792,95.50413862989866,0.001,1000.0,0.1,0.001648254852026139,0.044109504401801926,9550413.862989865,0.01648254852026139,0.04522866078903981,colebrook
moody_eps1.65e-02_Re9.90e+06,2420399.629296947,102.5040511873028,0.001,1000.0,0.1,0.001648254852026139,0.04607178230027479,10250405.11873028,0.01648254852026139,0.04522834434337519,colebrook
moody_eps1.65e-02_Re1.13e+07,2872938.223704781,110.95317702893146,0.001,1000.0,0.1,0.001648254852026139,0.046674190942760936,11095317.702893145,0.01648254852026139,0.045228015561703576,colebrook
moody_eps1.65e-02_Re1.28e+07,3824520.379842563,131.0593983403633,0.001,1000.0,0.1,0.001648254852026139,0.04453183952591962,13105939.834036328,0.01648254852026139,0.04522740362133199,colebrook
moody_eps1.65e-02_Re1.46e+07,5107775.920629028,151.31250357536612,0.001,1000.0,0.1,0.001648254852026139,0.04461821562658359,15131250.357536614,0.01648254852026139,0.045226951612975165,colebrook
moody_eps1.65e-02_Re1.66e+07,6253883.9923165655,165.51178863515642,0.001,1000.0,0.1,0.001648254852026139,0.045658532900460805,16551178.86351564,0.01648254852026139,0.045226700674064375,colebrook
moody_eps1.65e-02_Re1.88e+07,9314985.497517176,198.78279454238245,0.001,1000.0,0.1,0.001648254852026139,0.04714705773321915,19878279.454238243,0.01648254852026139,0.04522625309384145,colebrook
moody_eps1.65e-02_Re2.14e+07,10907702.29734205,220.43220625700553,0.001,1000.0,0.1,0.001648254852026139,0.04489657144391738,22043220.625700552,0.01648254852026139,0.0452260344123635,colebrook
moody_eps1.65e-02_Re2.43e+07,13612204.951938765,251.80203726978908,0.001,1000.0,0.1,0.001648254852026139,0.04293782048573497,25180203.726978905,0.01648254852026139,0.04522578426115831,colebrook
moody_eps1.65e-02_Re2.77e+07,17018047.22439069,269.9700415472465,0.001,1000.0,0.1,0.001648254852026139,0.04669910673217989,26997004.154724654,0.01648254852026139,0.0452256659676201,colebrook
moody_eps1.65e-02_Re3.15e+07,24638067.89224255,322.50730227547507,0.001,1000.0,0.1,0.001648254852026139,0.04737590709145841,32250730.227547508,0.01648254852026139,0.04522539888538995,colebrook
moody_eps1.65e-02_Re3.58e+07,31680872.08631207,375.13674445110405,0.001,1000.0,0.1,0.001648254852026139,0.045024397851884564,37513674.4451104,0.01648254852026139,0.04522520633820476,colebrook
moody_eps1.65e-02_Re4.07e+07,33530943.684259273,393.67931418146475,0.001,1000.0,0.1,0.001648254852026139,0.04327036722887988,39367931.41814647,0.01648254852026139,0.04522515076340402,colebrook
moody_eps1.65e-02_Re4.63e+07,50724705.88430407,469.94711470971487,0.001,1000.0,0.1,0.001648254852026139,0.04593582896448769,46994711.47097149,0.01648254852026139,0.0452249682930329,colebrook
moody_eps1.65e-02_Re5.26e+07,71505028.29622939,564.0213560037255,0.001,1000.0,0.1,0.001648254852026139,0.044954739130038925,56402135.60037255,0.01648254852026139,0.04522481119436485,colebrook
moody_eps1.65e-02_Re5.98e+07,91893856.20298797,615.7142606111056,0.001,1000.0,0.1,0.001648254852026139,0.04847949054012522,61571426.061110556,0.01648254852026139,0.045224745306588286,colebrook
moody_eps1.65e-02_Re6.80e+07,118449450.29726684,698.5303914862506,0.001,1000.0,0.1,0.001648254852026139,0.048550357610826086,69853039.14862506,0.01648254852026139,0.04522466007497742,colebrook
moody_eps1.65e-02_Re7.73e+07,143190205.48451197,803.8070251273668,0.001,1000.0,0.1,0.001648254852026139,0.04432407825168289,80380702.51273668,0.01648254852026139,0.04522457708092958,colebrook
moody_eps1.65e-02_Re8.79e+07,163468135.95081326,847.8284426482326,0.001,1000.0,0.1,0.001648254852026139,0.04548279467664612,84782844.26482326,0.01648254852026139,0.04522454848807688,colebrook
moody_eps1.65e-02_Re1.00e+08,237562546.61053592,1029.7717296762642,0.001,1000.0,0.1,0.001648254852026139,0.044804954216922,102977172.96762641,0.01648254852026139,0.04522445624333638,colebrook
moody_eps2.18e-02_Re3.00e+02,0.01009578669759444,0.0031169988769297573,0.001,1000.0,0.1,0.0021752579934227723,0.20782456031106714,311.6998876929757,0.02175257993422772,0.20532570760192245,laminar
moody_eps2.18e-02_Re3.41e+02,0.010850554717939387,0.003400092314971072,0.001,1000.0,0.1,0.0021752579934227723,0.18771566652397445,340.0092314971072,0.02175257993422772,0.18823018339296035,laminar
moody_eps2.18e-02_Re3.88e+02,0.012291601512097738,0.0038516820474956952,0.001,1000.0,0.1,0.0021752579934227723,0.1657057616049037,385.1682047495695,0.02175257993422772,0.16616117117354437,laminar
moody_eps2.18e-02_Re4.41e+02,0.01428090671441957,0.004392913624362226,0.001,1000.0,0.1,0.0021752579934227723,0.14800638451749037,439.2913624362226,0.02175257993422772,0.14568918370046868,laminar
moody_eps2.18e-02_Re5.01e+02,0.015192891250269638,0.004823424356909184,0.001,1000.0,0.1,0.0021752579934227723,0.1306049029004515,482.34243569091836,0.02175257993422772,0.13268581668192833,laminar
moody_eps2.18e-02_Re5.70e+02,0.016752196179095277,0.005524547279953008,0.001,1000.0,0.1,0.0021752579934227723,0.10977624127831238,552.4547279953008,0.02175257993422772,0.11584659657495842,laminar
moody_eps2.18e-02_Re6.48e+02,0.01907841598819991,0.0064663044284341865,0.001,1000.0,0.1,0.0021752579934227723,0.09125570311629033,646.6304428434187,0.02175257993422772,0.09897461634898247,laminar
moody_eps2.18e-02_Re7.37e+02,0.022153611050890917,0.007060211061840479,0.001,1000.0,0.1,0.0021752579934227723,0.08888718522006162,706.0211061840479,0.02175257993422772,0.09064884808601781,laminar
moody_eps2.18e-02_Re8.38e+02,0.025466398007897642,0.007971424617035323,0.001,1000.0,0.1,0.0021752579934227723,0.08015407949765355,797.1424617035323,0.02175257993422772,0.08028677817918378,laminar
moody_eps2.18e-02_Re9.53e+02,0.031205456965484886,0.009810810287087558,0.001,1000.0,0.1,0.0021752579934227723,0.0648411616491866,981.0810287087558,0.02175257993422772,0.06523416326196138,laminar
moody_eps2.18e-02_Re1.08e+03,0.03439178863545456,0.010451184520164813,0.001,1000.0,0.1,0.0021752579934227723,0.06297290494092563,1045.1184520164813,0.02175257993422772,0.06123707784176671,laminar
moody_eps2.18e-02_Re1.23e+03,0.038618165538737585,0.01253898170921614,0.001,1000.0,0.1,0.0021752579934227723,0.049124381763189555,1253.8981709216139,0.02175257993422772,0.051040827304947786,laminar
moody_eps2.18e-02_Re1.40e+03,0.045870412290396255,0.014338386722835949,0.001,1000.0,0.1,0.0021752579934227723,0.044623338613457054,1433.8386722835949,0.02175257993422772,0.04463542603302139,laminar
moody_eps2.18e-02_Re1.59e+03,0.05050761002117439,0.0159566148470353,0.001,1000.0,0.1,0.0021752579934227723,0.039673936094819125,1595.66148470353,0.02175257993422772,0.04010875778698829,laminar
moody_eps2.18e-02_Re1.81e+03,0.05553494054940712,0.0178046645657446,0.001,1000.0,0.1,0.0021752579934227723,0.03503714534250096,1780.4664565744597,0.02175257993422772,0.035945636472777605,laminar
moody_eps2.18e-02_Re2.06e+03,0.06463044179844134,0.02059555568827926,0.001,1000.0,0.1,0.0021752579934227723,0.03047334244212617,2059.555568827926,0.02175257993422772,0.031074665315499017,laminar
moody_eps2.18e-02_Re4.45e+03,0.5635322410206809,0.04390603281686073,0.001,1000.0,0.1,0.0021752579934227723,0.058465594275204015,4390.603281686073,0.02175257993422772,0.05761924851180305,colebrook
moody_eps2.18e-02_Re5.06e+03,0.6859765216217135,0.05017210667874596,0.001,1000.0,0.1,0.0021752579934227723,0.05450226779960965,5017.210667874596,0.02175257993422772,0.0567927121929669,colebrook
moody_eps2.18e-02_Re5.76e+03,0.9025757190776252,0.05592735143299515,0.001,1000.0,0.1,0.0021752579934227723,0.05771186858827706,5592.735143299515,0.02175257993422772,0.056183115148817735,colebrook
moody_eps2.18e-02_Re6.55e+03,1.2993809246488592,0.06870664974441566,0.001,1000.0,0.1,0.0021752579934227723,0.055051472310244765,6870.664974441566,0.02175257993422772,0.055168325071406954,colebrook
moody_eps2.18e-02_Re7.44e+03,1.4667820789492232,0.07356306234930808,0.001,1000.0,0.1,0.0021752579934227723,0.054209573510308647,7356.306234930808,0.02175257993422772,0.05486864719102754,colebrook
moody_eps2.18e-02_Re8.46e+03,1.9794346886185643,0.08538299174364818,0.001,1000.0,0.1,0.0021752579934227723,0.0543035768389182,8538.299174364818,0.02175257993422772,0.05427270844197043,colebrook
moody_eps2.18e-02_Re9.62e+03,2.8622403847859013,0.10356207949582734,0.001,1000.0,0.1,0.0021752579934227723,0.053374592958514946,10356.207949582733,0.02175257993422772,0.0536072176419413,colebrook
moody_eps2.18e-02_Re1.09e+04,3.2305162840314474,0.10902997156775925,0.001,1000.0,0.1,0.0021752579934227723,0.05435132456880914,10902.997156775924,0.02175257993422772,0.053448154059221105,colebrook
moody_eps2.18e-02_Re1.24e+04,4.331896101078557,0.1286618024788998,0.001,1000.0,0.1,0.0021752579934227723,0.052336992745011,12866.180247889979,0.02175257993422772,0.05298327009621274,colebrook
moody_eps2.18e-02_Re1.41e+04,5.061908937457488,0.1383775321235961,0.001,1000.0,0.1,0.0021752579934227723,0.05287046885796414,13837.75321235961,0.02175257993422772,0.052799837201658144,colebrook
moody_eps2.18e-02_Re1.61e+04,6.857819175514675,0.16184646512706877,0.001,1000.0,0.1,0.0021752579934227723,0.0523611996768642,16184.646512706877,0.02175257993422772,0.05244406833393975,colebrook
moody_eps2.18e-02_Re1.83e+04,9.930194982029287,0.19341405224189806,0.001,1000.0,0.1,0.0021752579934227723,0.05308987756303092,19341.405224189806,0.02175257993422772,0.05209716819851814,colebrook
moody_eps2.18e-02_Re2.08e+04,12.59129604682164,0.21643446657348644,0.001,1000.0,0.1,0.0021752579934227723,0.05375855500500066,21643.446657348642,0.02175257993422772,0.051906058507332146,colebrook
moody_eps2.18e-02_Re2.37e+04,12.974273291458509,0.22597377919827075,0.001,1000.0,0.1,0.0021752579934227723,0.050815586178238906,22597.377919827075,0.02175257993422772,0.051837939382445276,colebrook
moody_eps2.18e-02_Re2.69e+04,18.50404867853635,0.26749071272658476,0.001,1000.0,0.1,0.0021752579934227723,0.05172248020658242,26749.071272658475,0.02175257993422772,0.0515966267465227,colebrook
moody_eps2.18e-02_Re3.06e+04,23.763021050176736,0.30804457156799636,0.001,1000.0,0.1,0.0021752579934227723,0.050084636768924856,30804.457156799635,0.02175257993422772,0.05142231347785539,colebrook
moody_eps2.18e-02_Re3.48e+04,31.010074360218816,0.3529155322142814,0.001,1000.0,0.1,0.0021752579934227723,0.04979563307889454,35291.55322142814,0.02175257993422772,0.05127520795938776,colebrook
moody_eps2.18e-02_Re3.95e+04,43.2441090247989,0.40286322114391476,0.001,1000.0,0.1,0.0021752579934227723,0.053289507623210546,40286.32211439147,0.02175257993422772,0.05114932519425925,colebrook
moody_eps2.18e-02_Re4.50e+04,52.92933043467514,0.4532746864041556,0.001,1000.0,0.1,0.0021752579934227723,0.05152327536313516,45327.46864041556,0.02175257993422772,0.051049962464493615,colebrook
moody_eps2.18e-02_Re5.11e+04,76.54873657706234,0.5472402514901112,0.001,1000.0,0.1,0.0021752579934227723,0.05112248488385437,54724.02514901112,0.02175257993422772,0.05091297459302058,colebrook
moody_eps2.18e-02_Re5.81e+04,80.41010934622747,0.5698166682851301,0.001,1000.0,0.1,0.0021752579934227723,0.04953023062888449,56981.66682851301,0.02175257993422772,0.050886707644501955,colebrook
moody_eps2.18e-02_Re6.61e+04,108.96712627303434,0.6510045569815933,0.001,1000.0,0.1,0.0021752579934227723,0.05142300313375683,65100.45569815934,0.02175257993422772,0.05080713571329463,colebrook
moody_eps2.18e-02_Re7.52e+04,141.73356203994467,0.7369352012897911,0.001,1000.0,0.1,0.0021752579934227723,0.052196825812673146,73693.5201289791,0.02175257993422772,0.05074182484758944,colebrook
moody_eps2.18e-02_Re8.55e+04,172.61382052538644,0.839513765015883,0.001,1000.0,0.1,0.0021752579934227723,0.04898351179034433,83951.3765015883,0.02175257993422772,0.050681213901520396,colebrook
moody_eps2.18e-02_Re9.72e+04,233.7260940029267,0.9551190686904731,0.001,1000.0,0.1,0.0021752579934227723,0.05124153906074309,95511.9068690473,0.02175257993422772,0.05062838904614186,colebrook
moody_eps2.18e-02_Re1.10e+05,309.05195138765345,1.0968962782707101,0.001,1000.0,0.1,0.0021752579934227723,0.05137245967330719,109689.62782707102,0.02175257993422772,0.05057870351497376,colebrook
moody_eps2.18e-02_Re1.26e+05,436.70947052778075,1.275841833296909,0.001,1000.0,0.1,0.0021752579934227723,0.05365731412207889,127584.1833296909,0.02175257993422772,0.05053166465005305,colebrook
moody_eps2.18e-02_Re1.43e+05,583.8015102422156,1.511369246830936,0.001,1000.0,0.1,0.0021752579934227723,0.051115668835952865,151136.92468309362,0.02175257993422772,0.05048664680717342,colebrook
moody_eps2.18e-02_Re1.62e+05,710.2455349092065,1.6716372880183998,0.001,1000.0,0.1,0.0021752579934227723,0.050834014403039605,167163.72880183998,0.02175257993422772,0.05046323419658032,colebrook
moody_eps2.18e-02_Re1.85e+05,851.4776897639649,1.8115747415911903,0.001,1000.0,0.1,0.0021752579934227723,0.051890846479918054,181157.47415911904,0.02175257993422772,0.050446165141323655,colebrook
moody_eps2.18e-02_Re2.10e+05,1115.1580018780721,2.006565087715336,0.001,1000.0,0.1,0.0021752579934227723,0.05539363912251426,200656.5087715336,0.02175257993422772,0.050426335983366405,colebrook
moody_eps2.18e-02_Re2.39e+05,1372.0254161013368,2.351953908320446,0.001,1000.0,0.1,0.0021752579934227723,0.049606037715202195,235195.3908320446,0.02175257993422772,0.05039925634900071,colebrook
moody_eps2.18e-02_Re2.72e+05,1805.8997385608193,2.6967114143977926,0.001,1000.0,0.1,0.0021752579934227723,0.049665485359470365,269671.14143977925,0.02175257993422772,0.05037912438912644,colebrook
moody_eps2.18e-02_Re3.09e+05,2218.895326396159,2.8976312192420655,0.001,1000.0,0.1,0.0021752579934227723,0.0528543318177618,289763.1219242065,0.02175257993422772,0.050369595456676935,colebrook
moody_eps2.18e-02_Re3.51e+05,2846.8206066077896,3.4183540535995713,0.001,1000.0,0.1,0.0021752579934227723,0.048725467147766266,341835.40535995713,0.02175257993422772,0.050350101341031246,colebrook
moody_eps2.18e-02_Re3.99e+05,3894.225946799156,3.910225766199275,0.001,1000.0,0.1,0.0021752579934227723,0.05093865522802429,391022.57661992754,0.02175257993422772,0.05033644655489111,colebrook
moody_eps2.18e-02_Re4.54e+05,5634.670325206071,4.712295172762981,0.001,1000.0,0.1,0.0021752579934227723,0.05074970642403025,471229.5172762981,0.02175257993422772,0.05032028455978604,colebrook
moody_eps2.18e-02_Re5.16e+05,7776.680300375653,5.454549084929165,0.001,1000.0,0.1,0.0021752579934227723,0.052276503542898645,545454.9084929165,0.02175257993422772,0.05030955657868346,colebrook
moody_eps2.18e-02_Re5.87e+05,8364.615274111804,5.8542353899777275,0.001,1000.0,0.1,0.0021752579934227723,0.048813011794573785,585423.5389977727,0.02175257993422772,0.05030490517401124,colebrook
moody_eps2.18e-02_Re6.67e+05,11891.316863418902,6.8667824700586575,0.001,1000.0,0.1,0.0021752579934227723,0.050437478606234855,686678.2470058657,0.02175257993422772,0.050295542269999556,colebrook
moody_eps2.18e-02_Re7.59e+05,15089.183791389378,7.6741512471473925,0.001,1000.0,0.1,0.0021752579934227723,0.05124305758872532,767415.1247147393,0.02175257993422772,0.05028984533310207,colebrook
moody_eps2.18e-02_Re8.63e+05,18787.123640091075,8.684496234532128,0.001,1000.0,0.1,0.0021752579934227723,0.04981969068227959,868449.6234532129,0.02175257993422772,0.050284207023577984,colebrook
moody_eps2.18e-02_Re9.81e+05,23923.760016905417,9.543115222480994,0.001,1000.0,0.1,0.0021752579934227723,0.0525386728340274,954311.5222480993,0.02175257993422772,0.05028035308682199,colebrook
moody_eps2.18e-02_Re1.12e+06,33121.07738081285,11.364248171867793,0.001,1000.0,0.1,0.0021752579934227723,0.05129240142276572,1136424.8171867793,0.02175257993422772,0.05027410510418554,colebrook
moody_eps2.18e-02_Re1.27e+06,39759.63100075515,12.447542433068044,0.001,1000.0,0.1,0.0021752579934227723,0.051322181705649915,1244754.2433068044,0.02175257993422772,0.05027125518621968,colebrook
moody_eps2.18e-02_Re1.44e+06,48335.734831450725,14.019191534803012,0.001,1000.0,0.1,0.0021752579934227723,0.04918723190129235,1401919.1534803011,0.02175257993422772,0.050267903104401754,colebrook
moody_eps2.18e-02_Re1.64e+06,78693.35739498782,17.168950971716733,0.001,1000.0,0.1,0.0021752579934227723,0.053392536023404547,1716895.0971716733,0.02175257993422772,0.05026303175047,colebrook
moody_eps2.18e-02_Re1.86e+06,86964.37562095899,19.13392664857901,0.001,1000.0,0.1,0.0021752579934227723,0.04750760855673637,1913392.6648579007,0.02175257993422772,0.05026080479399143,colebrook
moody_eps2.18e-02_Re2.12e+06,113382.47606116577,21.57708074770359,0.001,1000.0,0.1,0.0021752579934227723,0.04870690780634681,2157708.074770359,0.02175257993422772,0.050258601380253586,colebrook
moody_eps2.18e-02_Re2.41e+06,159162.07995988603,24.625929000515317,0.001,1000.0,0.1,0.0021752579934227723,0.0524909406609186,2462592.9000515314,0.02175257993422772,0.05025646474077564,colebrook
moody_eps2.18e-02_Re2.74e+06,177845.37378878918,27.322442784007173,0.001,1000.0,0.1,0.0021752579934227723,0.04764677580971231,2732244.278400717,0.02175257993422772,0.050254972277466184,colebrook
moody_eps2.18e-02_Re3.12e+06,232299.98375275463,30.899649071788687,0.001,1000.0,0.1,0.0021752579934227723,0.048659997330994076,3089964.9071788685,0.02175257993422772,0.050253394261075446,colebrook
moody_eps2.18e-02_Re3.54e+06,309754.2653243134,35.350557225215056,0.001,1000.0,0.1,0.0021752579934227723,0.049574091405487804,3535055.722521506,0.02175257993422772,0.05025187662698037,colebrook
moody_eps2.18e-02_Re4.03e+06,417251.763545501,42.169901094086555,0.001,1000.0,0.1,0.0021752579934227723,0.04692702384886954,4216990.109408655,0.02175257993422772,0.05025017274001441,colebrook
moody_eps2.18e-02_Re4.58e+06,500168.7295543511,44.89957137523343,0.001,1000.0,0.1,0.0021752579934227723,0.04962061488992206,4489957.137523343,0.02175257993422772,0.05024963572989039,colebrook
moody_eps2.18e-02_Re5.21e+06,651653.5720098601,51.025772877894745,0.001,1000.0,0.1,0.0021752579934227723,0.05005731979637423,5102577.287789474,0.02175257993422772,0.05024863965899803,colebrook
moody_eps2.18e-02_Re5.93e+06,953658.6502728184,59.92687434957269,0.001,1000.0,0.1,0.0021752579934227723,0.05311041502533277,5992687.434957269,0.02175257993422772,0.050247555278039056,colebrook
moody_eps2.18e-02_Re6.74e+06,1075168.3216717287,67.33130576847516,0.001,1000.0,0.1,0.0021752579934227723,0.047432103159316924,6733130.576847517,0.02175257993422772,0.05024687165262375,colebrook
moody_eps2.18e-02_Re7.66e+06,1441680.6563344172,76.23688612160767,0.001,1000.0,0.1,0.0021752579934227723,0.04960994760639671,7623688.6121607665,0.02175257993422772,0.05024622531851667,colebrook
moody_eps2.18e-02_Re8.71e+06,2002725.714366647,89.62925108835663,0.001,1000.0,0.1,0.0021752579934227723,0.04985996100176031,8962925.108835664,0.02175257993422772,0.0502454951355547,colebrook
moody_eps2.18e-02_Re9.90e+06,2546315.3498639977,102.85655805488899,0.001,1000.0,0.1,0.0021752579934227723,0.048136910080326945,10285655.8054889,0.02175257993422772,0.05024496058311448,colebrook
moody_eps2.18e-02_Re1.13e+07,2821473.4287487045,105.10805639653249,0.001,1000.0,0.1,0.0021752579934227723,0.05107800772856854,10510805.639653249,0.02175257993422772,0.050244882992400416,colebrook
moody_eps2.18e-02_Re1.28e+07,4345610.549745992,132.79632360919203,0.001,1000.0,0.1,0.0021752579934227723,0.049284311545094966,13279632.360919202,0.02175257993422772,0.05024414391975422,colebrook
moody_eps2.18e-02_Re1.46e+07,5446966.996413419,147.8311014829765,0.001,1000.0,0.1,0.0021752579934227723,0.049848617014360455,14783110.148297649,0.02175257993422772,0.050243858576430295,colebrook
moody_eps2.18e-02_Re1.66e+07,8025827.1505237995,176.0781765049353,0.001,1000.0,0.1,0.0021752579934227723,0.051773644106122146,17607817.65049353,0.02175257993422772,0.05024345425117688,colebrook
moody_eps2.18e-02_Re1.88e+07,9112095.265180882,189.92210943348786,0.001,1000.0,0.1,0.0021752579934227723,0.05052393836619191,18992210.943348784,0.02175257993422772,0.05024330000580191,colebrook
moody_eps2.18e-02_Re2.14e+07,12740348.938995918,224.58045243699277,0.001,1000.0,0.1,0.0021752579934227723,0.05052047365727692,22458045.24369928,0.02175257993422772,0.050242997246061766,colebrook
moody_eps2.18e-02_Re2.43e+07,15133850.995774297,245.04061368462183,0.001,1000.0,0.1,0.0021752579934227723,0.05040844568724724,24504061.368462183,0.02175257993422772,0.05024285871703646,colebrook
moody_eps2.18e-02_Re2.77e+07,21319967.278138578,280.9794033398491,0.001,1000.0,0.1,0.0021752579934227723,0.05400917676298512,28097940.333984908,0.02175257993422772,0.0502426642277798,colebrook
moody_eps2.18e-02_Re3.15e+07,25067257.242295206,312.19394743512294,0.001,1000.0,0.1,0.0021752579934227723,0.05143844785536799,31219394.74351229,0.02175257993422772,0.05024253163933345,colebrook
moody_eps2.18e-02_Re3.58e+07,30732583.87166769,348.0432593212795,0.001,1000.0,0.1,0.0021752579934227723,0.05074142003535101,34804325.932127945,0.02175257993422772,0.05024240870503924,colebrook
moody_eps2.18e-02_Re4.07e+07,39459606.53926638,387.0797468829349,0.001,1000.0,0.1,0.0021752579934227723,0.05267224743756538,38707974.688293494,0.02175257993422772,0.05024230073853087,colebrook
moody_eps2.18e-02_Re4.63e+07,57237461.10905191,476.5923244511108,0.001,1000.0,0.1,0.0021752579934227723,0.050398344362234636,47659232.44511108,0.02175257993422772,0.0502421199415598,colebrook
moody_eps2.18e-02_Re5.26e+07,69041531.60175659,507.31285265405836,0.001,1000.0,0.1,0.0021752579934227723,0.05365234176219597,50731285.26540583,0.02175257993422772,0.05024207259783883,colebrook
moody_eps2.18e-02_Re5.98e+07,97299143.58312678,632.7901395735938,0.001,1000.0,0.1,0.0021752579934227723,0.04859813543492199,63279013.95735937,0.02175257993422772,0.050241926955415975,colebrook
moody_eps2.18e-02_Re6.80e+07,109303827.43574418,666.1367616715419,0.001,1000.0,0.1,0.0021752579934227723,0.04926500854286484,66613676.167154185,0.02175257993422772,0.050241897478051446,colebrook
moody_eps2.18e-02_Re7.73e+07,143595603.52863777,760.1878630507567,0.001,1000.0,0.1,0.0021752579934227723,0.04969689735363318,76018786.30507568,0.02175257993422772,0.050241828272593964,colebrook
moody_eps2.18e-02_Re8.79e+07,190110386.40945333,885.7181317095575,0.001,1000.0,0.1,0.0021752579934227723,0.04846684721576723,88571813.17095575,0.02175257993422772,0.050241758803118125,colebrook
moody_eps2.18e-02_Re1.00e+08,265922259.96622458,1030.120967468404,0.001,1000.0,0.1,0.0021752579934227723,0.05011967366269626,103012096.7468404,0.02175257993422772,0.050241699829857794,colebrook
moody_eps2.87e-02_Re3.00e+02,0.010004378248955557,0.002997381187829504,0.001,1000.0,0.1,0.0028707619650766404,0.22270816750847539,299.73811878295044,0.028707619650766403,0.21351972268280087,laminar
moody_eps2.87e-02_Re3.41e+02,0.011351384011284217,0.003538950752988119,0.001,1000.0,0.1,0.0028707619650766404,0.18127160214135393,353.89507529881183,0.028707619650766403,0.18084456232108204,laminar
moody_eps2.87e-02_Re3.88e+02,0.012414970279336456,0.0038314007928341286,0.001,1000.0,0.1,0.0028707619650766404,0.16914552421282641,383.1400792834129,0.028707619650766403,0.16704073382168536,laminar
moody_eps2.87e-02_Re4.41e+02,0.014456874767005716,0.004372651100388856,0.001,1000.0,0.1,0.0028707619650766404,0.1512219252962384,437.26511003888555,0.028707619650766403,0.1463642960086812,laminar
moody_eps2.87e-02_Re5.01e+02,0.01522989949971044,0.0048248323003994694,0.001,1000.0,0.1,0.0028707619650766404,0.13084664374498858,482.48323003994693,0.028707619650766403,0.1326470973813974,laminar
moody_eps2.87e-02_Re5.70e+02,0.01787671232299717,0.005627546886686925,0.001,1000.0,0.1,0.0028707619650766404,0.11289622047992402,562.7546886686924,0.028707619650766403,0.11372628480698165,laminar
moody_eps2.87e-02_Re6.48e+02,0.020498892884520305,0.006491115059752594,0.001,1000.0,0.1,0.0028707619650766404,0.09730200445242629,649.1115059752593,0.028707619650766403,0.09859631112815205,laminar
moody_eps2.87e-02_Re7.37e+02,0.022696401845932072,0.007096399204383411,0.001,1000.0,0.1,0.0028707619650766404,0.09013862537922955,709.639920438341,0.028707619650766403,0.09018658358518997,laminar
moody_eps2.87e-02_Re8.38e+02,0.025813368063368276,0.00861597235575006,0.001,1000.0,0.1,0.0028707619650766404,0.06954502632120554,861.5972355750059,0.028707619650766403,0.0742806468700984,laminar
moody_eps2.87e-02_Re9.53e+02,0.03078921981258811,0.009569366125808726,0.001,1000.0,0.1,0.0028707619650766404,0.06724536228030642,956.9366125808725,0.028707619650766403,0.06688008292147066,laminar
moody_eps2.87e-02_Re1.08e+03,0.03512893620408594,0.0111694671494121,0.001,1000.0,0.1,0.0028707619650766404,0.05631577741892513,1116.94671494121,0.028707619650766403,0.05729906283252609,laminar
moody_eps2.87e-02_Re1.23e+03,0.04019009118143827,0.012330584938381668,0.001,1000.0,0.1,0.0028707619650766404,0.05286663022120282,1233.0584938381667,0.028707619650766403,0.05190345820560862,laminar
moody_eps2.87e-02_Re1.40e+03,0.043898946905538486,0.013833922015568857,0.001,1000.0,0.1,0.0028707619650766404,0.045876835287717826,1383.3922015568858,0.028707619650766403,0.046263091499267994,laminar
moody_eps2.87e-02_Re1.59e+03,0.048527509095893415,0.015784904487524443,0.001,1000.0,0.1,0.0028707619650766404,0.03895238719886839,1578.4904487524445,0.028707619650766403,0.04054506636424834,laminar
moody_eps2.87e-02_Re1.81e+03,0.05974829017978791,0.018439150062019335,0.001,1000.0,0.1,0.0028707619650766404,0.035145819946452425,1843.9150062019335,0.028707619650766403,0.03470875815031527,laminar
moody_eps2.87e-02_Re2.06e+03,0.064369687672307,0.020647311641033908,0.001,1000.0,0.1,0.0028707619650766404,0.03019843048748919,2064.7311641033907,0.028707619650766403,0.030996771450288053,laminar
moody_eps2.87e-02_Re4.45e+03,0.6371018917506586,0.04502042486499172,0.001,1000.0,0.1,0.0028707619650766404,0.06286656218750673,4502.042486499172,0.028707619650766403,0.062471296766604845,colebrook
moody_eps2.87e-02_Re5.06e+03,0.7351201870134633,0.04980720572889005,0.001,1000.0,0.1,0.0028707619650766404,0.05926577790435281,4980.720572889005,0.028707619650766403,0.06191185208913305,colebrook
moody_eps2.87e-02_Re5.76e+03,1.0407853168906305,0.058357355759100595,0.001,1000.0,0.1,0.0028707619650766404,0.06112233570095732,5835.735575910059,0.028707619650766403,0.0611264254988206,colebrook
moody_eps2.87e-02_Re6.55e+03,1.3056150363279773,0.0668636667665908,0.001,1000.0,0.1,0.0028707619650766404,0.05840698118910603,6686.366676659081,0.028707619650766403,0.06053283769861243,colebrook
moody_eps2.87e-02_Re7.44e+03,1.4541689757515144,0.06904051503106137,0.001,1000.0,0.1,0.0028707619650766404,0.061015029496658955,6904.051503106137,0.028707619650766403,0.06040308663122017,colebrook
moody_eps2.87e-02_Re8.46e+03,2.0365492480998024,0.08413353873488448,0.001,1000.0,0.1,0.0028707619650766404,0.057542218277736625,8413.353873488448,0.028707619650766403,0.05967910482167229,colebrook
moody_eps2.87e-02_Re9.62e+03,2.6294855814306706,0.09474004493497101,0.001,1000.0,0.1,0.0028707619650766404,0.058591365106126135,9474.004493497101,0.028707619650766403,0.05930219148589076,colebrook
moody_eps2.87e-02_Re1.09e+04,3.43163294774334,0.10680553479432264,0.001,1000.0,0.1,0.0028707619650766404,0.06016491488990841,10680.553479432265,0.028707619650766403,0.058960736822452744,colebrook
moody_eps2.87e-02_Re1.24e+04,3.8624211887738715,0.11812006438376682,0.001,1000.0,0.1,0.0028707619650766404,0.05536588885356766,11812.006438376682,0.028707619650766403,0.058701528037513606,colebrook
moody_eps2.87e-02_Re1.41e+04,5.166784849644932,0.13229897305001645,0.001,1000.0,0.1,0.0028707619650766404,0.05903878713849582,13229.897305001645,0.028707619650766403,0.05843714682789572,colebrook
moody_eps2.87e-02_Re1.61e+04,6.2625067842004265,0.1462234014038376,0.001,1000.0,0.1,0.0028707619650766404,0.05857933548334812,14622.340140383762,0.028707619650766403,0.05822583880640526,colebrook
moody_eps2.87e-02_Re1.83e+04,9.820908612545741,0.18470301564509575,0.001,1000.0,0.1,0.0028707619650766404,0.05757496637503473,18470.301564509577,0.028707619650766403,0.05780334477371538,colebrook
moody_eps2.87e-02_Re2.08e+04,12.82773475685779,0.20855711267494992,0.001,1000.0,0.1,0.0028707619650766404,0.05898342070370233,20855.711267494993,0.028707619650766403,0.057617912957757554,colebrook
moody_eps2.87e-02_Re2.37e+04,15.590022240903147,0.23296081559704043,0.001,1000.0,0.1,0.0028707619650766404,0.05745277024133388,23296.081559704042,0.028707619650766403,0.05746668307191686,colebrook
moody_eps2.87e-02_Re2.69e+04,22.965660174580744,0.28482971373208743,0.001,1000.0,0.1,0.0028707619650766404,0.056615890565292266,28482.97137320874,0.028707619650766403,0.05722982974012658,colebrook
moody_eps2.87e-02_Re3.06e+04,26.87476498661784,0.30321807982010685,0.001,1000.0,0.1,0.0028707619650766404,0.05846076370098374,30321.807982010687,0.028707619650766403,0.05716499676010259,colebrook
moody_eps2.87e-02_Re3.48e+04,35.05300945784334,0.3508479102344149,0.001,1000.0,0.1,0.0028707619650766404,0.05695311960754938,35084.79102344149,0.028707619650766403,0.05702820997450851,colebrook
moody_eps2.87e-02_Re3.95e+04,44.18813751156853,0.3978415752953189,0.001,1000.0,0.1,0.0028707619650766404,0.05583613656460431,39784.15752953189,0.028707619650766403,0.05692493900615591,colebrook
moody_eps2.87e-02_Re4.50e+04,59.374652939248534,0.45028083951142195,0.001,1000.0,0.1,0.0028707619650766404,0.058568505940588655,45028.083951142195,0.028707619650766403,0.05683485878860176,colebrook
moody_eps2.87e-02_Re5.11e+04,72.60663398099649,0.51474388751636,0.001,1000.0,0.1,0.0028707619650766404,0.05480546953408627,51474.388751636,0.028707619650766403,0.056749020771454196,colebrook
moody_eps2.87e-02_Re5.81e+04,86.35083354620768,0.5649794928863805,0.001,1000.0,0.1,0.0028707619650766404,0.05410422255686373,56497.94928863805,0.028707619650766403,0.05669558335665833,colebrook
moody_eps2.87e-02_Re6.61e+04,129.68999903025852,0.666310099506527,0.001,1000.0,0.1,0.0028707619650766404,0.058422977996882536,66631.00995065269,0.028707619650766403,0.05661212133877225,colebrook
moody_eps2.87e-02_Re7.52e+04,160.7957623653055,0.7375893952097243,0.001,1000.0,0.1,0.0028707619650766404,0.059111947364813754,73758.93952097243,0.028707619650766403,0.05656705309592245,colebrook
moody_eps2.87e-02_Re8.55e+04,190.79858274013412,0.841506701733961,0.001,1000.0,0.1,0.0028707619650766404,0.05388774148077764,84150.67017339611,0.028707619650766403,0.05651494238675957,colebrook
moody_eps2.87e-02_Re9.72e+04,258.8259513710479,0.953437152786334,0.001,1000.0,0.1,0.0028707619650766404,0.0569447476031802,95343.71527863339,0.028707619650766403,0.056471450045632046,colebrook
moody_eps2.87e-02_Re1.10e+05,346.0099859906224,1.1080433770590954,0.001,1000.0,0.1,0.0028707619650766404,0.05636442800507885,110804.33770590954,0.028707619650766403,0.05642575709633372,colebrook
moody_eps2.87e-02_Re1.26e+05,413.6068373031263,1.2035254820521282,0.001,1000.0,0.1,0.0028707619650766404,0.05710933790100114,120352.5482052128,0.028707619650766403,0.05640337590789424,colebrook
moody_eps2.87e-02_Re1.43e+05,533.1617600130066,1.403546991954768,0.001,1000.0,0.1,0.0028707619650766404,0.05412963181505335,140354.6991954768,0.028707619650766403,0.056366324335113425,colebrook
moody_eps2.87e-02_Re1.62e+05,756.2099420229978,1.6345644103679513,0.001,1000.0,0.1,0.0028707619650766404,0.05660676040878884,163456.44103679512,0.028707619650766403,0.05633477899317958,colebrook
moody_eps2.87e-02_Re1.85e+05,1003.0272060358817,1.8968360759822858,0.001,1000.0,0.1,0.0028707619650766404,0.05575490841940107,189683.60759822858,0.028707619650766403,0.05630825315842957,colebrook
moody_eps2.87e-02_Re2.10e+05,1482.4079996836042,2.2588099795713554,0.001,1000.0,0.1,0.0028707619650766404,0.058108324078986175,225880.99795713555,0.028707619650766403,0.05628173700640161,colebrook
moody_eps2.87e-02_Re2.39e+05,1606.5222034619728,2.445945448762223,0.001,1000.0,0.1,0.0028707619650766404,0.053706047816567556,244594.5448762223,0.028707619650766403,0.056271099298509375,colebrook
moody_eps2.87e-02_Re2.72e+05,1821.6530756337709,2.544855344599113,0.001,1000.0,0.1,0.0028707619650766404,0.056256079770506125,254485.5344599113,0.028707619650766403,0.056266107416368845,colebrook
moody_eps2.87e-02_Re3.09e+05,2927.659931636696,3.1667060230113795,0.001,1000.0,0.1,0.0028707619650766404,0.058389550029632635,316670.60230113793,0.028707619650766403,0.05624185433520937,colebrook
moody_eps2.87e-02_Re3.51e+05,3447.691113373704,3.4119101476903375,0.001,1000.0,0.1,0.0028707619650766404,0.05923292429313583,341191.01476903376,0.028707619650766403,0.05623471747198292,colebrook
moody_eps2.87e-02_Re3.99e+05,4053.4770452059606,3.8406907023702472,0.001,1000.0,0.1,0.0028707619650766404,0.05495902828498204,384069.07023702475,0.028707619650766403,0.056224424454843505,colebrook
moody_eps2.87e-02_Re4.54e+05,5654.069251886587,4.438402707641689,0.001,1000.0,0.1,0.0028707619650766404,0.057403412436384894,443840.27076416893,0.028707619650766403,0.05621339055317268,colebrook
moody_eps2.87e-02_Re5.16e+05,7579.237589193795,5.0980073793879805,0.001,1000.0,0.1,0.0028707619650766404,0.058324979843867975,509800.73793879803,0.028707619650766403,0.05620421398868563,colebrook
moody_eps2.87e-02_Re5.87e+05,9708.441554632618,5.740894898994339,0.001,1000.0,0.1,0.0028707619650766404,0.058914246007207925,574089.4898994339,0.028707619650766403,0.05619729729886387,colebrook
moody_eps2.87e-02_Re6.67e+05,12388.62996660865,6.697310074099423,0.001,1000.0,0.1,0.0028707619650766404,0.05523984660913664,669731.0074099423,0.028707619650766403,0.056189462647760466,colebrook
moody_eps2.87e-02_Re7.59e+05,16525.997241958386,7.578927983311414,0.001,1000.0,0.1,0.0028707619650766404,0.057541623486097176,757892.7983311414,0.028707619650766403,0.056183990919330996,colebrook
moody_eps2.87e-02_Re8.63e+05,19715.18278688358,8.479886676893527,0.001,1000.0,0.1,0.0028707619650766404,0.05483409834474459,847988.6676893528,0.028707619650766403,0.05617957386193658,colebrook
moody_eps2.87e-02_Re9.81e+05,29735.104160986742,10.10177997679948,0.001,1000.0,0.1,0.0028707619650766404,0.058277867227453095,1010177.9976799479,0.028707619650766403,0.05617360711395974,colebrook
moody_eps2.87e-02_Re1.12e+06,36457.414921687356,11.613165752327548,0.001,1000.0,0.1,0.0028707619650766404,0.054064802057781726,1161316.5752327547,0.028707619650766403,0.05616954637654955,colebrook
moody_eps2.87e-02_Re1.27e+06,47073.30993790991,12.824286316276655,0.001,1000.0,0.1,0.0028707619650766404,0.05724510036678469,1282428.6316276654,0.028707619650766403,0.056166982890053646,colebrook
moody_eps2.87e-02_Re1.44e+06,53927.41255219695,13.763609053298897,0.001,1000.0,0.1,0.0028707619650766404,0.056934422833531215,1376360.9053298896,0.028707619650766403,0.05616530521283856,colebrook
moody_eps2.87e-02_Re1.64e+06,83029.6970753294,16.7187204542062,0.001,1000.0,0.1,0.0028707619650766404,0.05940970237638131,1671872.0454206197,0.028707619650766403,0.05616125628258029,colebrook
moody_eps2.87e-02_Re1.86e+06,91136.62912618296,18.033702671994956,0.001,1000.0,0.1,0.0028707619650766404,0.056047100092305464,1803370.2671994956,0.028707619650766403,0.05615988105621659,colebrook
moody_eps2.87e-02_Re2.12e+06,143579.5818985579,22.91352253463721,0.001,1000.0,0.1,0.0028707619650766404,0.05469390874663846,2291352.253463721,0.028707619650766403,0.0561561570765139,colebrook
moody_eps2.87e-02_Re2.41e+06,155864.70068309878,23.736248596846043,0.001,1000.0,0.1,0.0028707619650766404,0.05532909948738596,2373624.859684604,0.028707619650766403,0.056155680027584066,colebrook
moody_eps2.87e-02_Re2.74e+06,197917.8592667295,26.209327461824792,0.001,1000.0,0.1,0.0028707619650766404,0.05762397675359651,2620932.746182479,0.028707619650766403,0.0561544263249787,colebrook
moody_eps2.87e-02_Re3.12e+06,321797.67661797255,33.52848500600549,0.001,1000.0,0.1,0.0028707619650766404,0.05725125872676958,3352848.500600549,0.028707619650766403,0.056151799417626685,colebrook
moody_eps2.87e-02_Re3.54e+06,357599.4609239474,36.44027299995942,0.001,1000.0,0.1,0.0028707619650766404,0.05385965996779636,3644027.299995942,0.028707619650766403,0.05615104772053436,colebrook
moody_eps2.87e-02_Re4.03e+06,438643.0941816621,39.996771129877764,0.001,1000.0,0.1,0.0028707619650766404,0.05483923985452982,3999677.1129877763,0.028707619650766403,0.05615027804789043,colebrook
moody_eps2.87e-02_Re4.58e+06,521083.5976731496,44.1719050878206,0.001,1000.0,0.1,0.0028707619650766404,0.053412774523432946,4417190.50878206,0.028707619650766403,0.05614953262851798,colebrook
moody_eps2.87e-02_Re5.21e+06,768960.8971661358,53.15609403972408,0.001,1000.0,0.1,0.0028707619650766404,0.054428721029025476,5315609.403972409,0.028707619650766403,0.0561483256610174,colebrook
moody_eps2.87e-02_Re5.93e+06,1043936.2608570996,60.46578600153826,0.001,1000.0,0.1,0.0028707619650766404,0.05710637241738557,6046578.600153826,0.028707619650766403,0.05614760825244802,colebrook
moody_eps2.87e-02_Re6.74e+06,1257072.9523097107,68.01880965953993,0.001,1000.0,0.1,0.0028707619650766404,0.05434160018251254,6801880.965953992,0.028707619650766403,0.05614702892775777,colebrook
moody_eps2.87e-02_Re7.66e+06,1837784.6980570077,79.96137001600832,0.001,1000.0,0.1,0.0028707619650766404,0.05748627575812433,7996137.001600831,0.028707619650766403,0.056146336239851845,colebrook
moody_eps2.87e-02_Re8.71e+06,2443354.6800931673,91.44320304227013,0.001,1000.0,0.1,0.0028707619650766404,0.058440463257939224,9144320.304227013,0.028707619650766403,0.056145840860558356,colebrook
moody_eps2.87e-02_Re9.90e+06,2951543.3704268853,100.34539053166789,0.001,1000.0,0.1,0.0028707619650766404,0.0586251962871947,10034539.053166788,0.028707619650766403,0.05614553479663687,colebrook
moody_eps2.87e-02_Re1.13e+07,3599167.1664651087,113.68804012679071,0.001,1000.0,0.1,0.0028707619650766404,0.055693236211440664,11368804.01267907,0.028707619650766403,0.056145165819743735,colebrook
moody_eps2.87e-02_Re1.28e+07,4437040.3032363225,125.52203430826039,0.001,1000.0,0.1,0.0028707619650766404,0.0563226954722518,12552203.430826038,0.028707619650766403,0.05614490419994684,colebrook
moody_eps2.87e-02_Re1.46e+07,5690474.283699325,146.10216119975604,0.001,1000.0,0.1,0.0028707619650766404,0.05331693558925176,14610216.119975602,0.028707619650766403,0.05614455016181983,colebrook
moody_eps2.87e-02_Re1.66e+07,8123759.289033911,166.86211887495446,0.001,1000.0,0.1,0.0028707619650766404,0.058354121326655455,16686211.887495447,0.028707619650766403,0.0561442815065823,colebrook
moody_eps2.87e-02_Re1.88e+07,10340602.91639305,185.30183912854625,0.001,1000.0,0.1,0.0028707619650766404,0.06023049016690034,18530183.912854623,0.028707619650766403,0.056144093356897386,colebrook
moody_eps2.87e-02_Re2.14e+07,12442328.894228956,209.1043206281482,0.001,1000.0,0.1,0.0028707619650766404,0.056912237429821266,20910432.06281482,0.028707619650766403,0.05614389955010162,colebrook
moody_eps2.87e-02_Re2.43e+07,18578533.211327374,252.59125967246717,0.001,1000.0,0.1,0.0028707619650766404,0.05823777595547,25259125.967246715,0.028707619650766403,0.05614363979122325,colebrook
moody_eps2.87e-02_Re2.77e+07,22399716.13364732,281.59020191522507,0.001,1000.0,0.1,0.0028707619650766404,0.05649856688813963,28159020.19152251,0.028707619650766403,0.056143511161278435,colebrook
moody_eps2.87e-02_Re3.15e+07,27711086.281893708,320.31473030363424,0.001,1000.0,0.1,0.0028707619650766404,0.05401690840444893,32031473.030363422,0.028707619650766403,0.05614337570802459,colebrook
moody_eps2.87e-02_Re3.58e+07,34229177.59981448,354.2278762833441,0.001,1000.0,0.1,0.0028707619650766404,0.05455832011437748,35422787.62833441,0.028707619650766403,0.05614328140884759,colebrook
moody_eps2.87e-02_Re4.07e+07,50471453.17240885,413.8009075108207,0.001,1000.0,0.1,0.0028707619650766404,0.058951237634821976,41380090.75108207,0.028707619650766403,0.05614315318268228,colebrook
moody_eps2.87e-02_Re4.63e+07,58513922.085344814,456.020405798135,0.001,1000.0,0.1,0.0028707619650766404,0.056275667025075256,45602040.5798135,0.028707619650766403,0.056143082593204933,colebrook
moody_eps2.87e-02_Re5.26e+07,86792659.34554236,556.7553393642039,0.001,1000.0,0.1,0.0028707619650766404,0.05599950778888584,55675533.93642039,0.028707619650766403,0.056142957413042205,colebrook
moody_eps2.87e-02_Re5.98e+07,103103809.64188667,603.894191569506,0.001,1000.0,0.1,0.0028707619650766404,0.05654354112106885,60389419.1569506,0.028707619650766403,0.0561429131787483,colebrook
moody_eps2.87e-02_Re6.80e+07,126104195.4768242,687.0702943295057,0.001,1000.0,0.1,0.0028707619650766404,0.05342655695385529,68707029.43295057,0.028707619650766403,0.05614284993134727,colebrook
moody_eps2.87e-02_Re7.73e+07,180355194.52518517,794.2241225805113,0.001,1000.0,0.1,0.0028707619650766404,0.05718373310108143,79422412.25805113,0.028707619650766403,0.056142787977180364,colebrook
moody_eps2.87e-02_Re8.79e+07,205811732.78403157,831.5793328552592,0.001,1000.0,0.1,0.0028707619650766404,0.05952408800822825,83157933.28552592,0.028707619650766403,0.056142770132363504,colebrook
moody_eps2.87e-02_Re1.00e+08,267873175.69650382,996.9393129997169,0.001,1000.0,0.1,0.0028707619650766404,0.05390409731606763,99693931.29997168,0.028707619650766403,0.05614270720112548,colebrook
moody_eps3.79e-02_Re3.00e+02,0.00979010576482468,0.0029898938634823602,0.001,1000.0,0.1,0.0037886422139578185,0.21903112591126428,298.989386348236,0.037886422139578185,0.21405442106716974,laminar
moody_eps3.79e-02_Re3.41e+02,0.01089940656224868,0.003343602169770147,0.001,1000.0,0.1,0.0037886422139578185,0.19498609940507183,334.36021697701466,0.037886422139578185,0.19141033158379495,laminar
moody_eps3.79e-02_Re3.88e+02,0.012677987446624187,0.0038597437243200134,0.001,1000.0,0.1,0.0037886422139578185,0.17020149621457778,385.9743724320013,0.037886422139578185,0.16581411764915854,laminar
moody_eps3.79e-02_Re4.41e+02,0.014297119920709459,0.00440239638338373,0.001,1000.0,0.1,0.0037886422139578185,0.14753676941412686,440.239638338373,0.037886422139578185,0.14537536929105166,laminar
moody_eps3.79e-02_Re5.01e+02,0.016587706416173634,0.00513955543297281,0.001,1000.0,0.1,0.0037886422139578185,0.12559293997132956,513.955543297281,0.037886422139578185,0.12452438899560865,laminar
moody_eps3.79e-02_Re5.70e+02,0.01864507005627447,0.005820456691483534,0.001,1000.0,0.1,0.0037886422139578185,0.11007276879379663,582.0456691483535,0.037886422139578185,0.10995700748644777,laminar
moody_eps3.79e-02_Re6.48e+02,0.021909408208301277,0.0065528468524335415,0.001,1000.0,0.1,0.0037886422139578185,0.10204708570334338,655.2846852433541,0.037886422139578185,0.09766747406317335,laminar
moody_eps3.79e-02_Re7.37e+02,0.02359940121455584,0.007269194347894747,0.001,1000.0,0.1,0.0037886422139578185,0.08932199593620527,726.9194347894747,0.037886422139578185,0.08804276916675811,laminar
moody_eps3.79e-02_Re8.38e+02,0.02501583458699598,0.007835087911953665,0.001,1000.0,0.1,0.0037886422139578185,0.08149993168884638,783.5087911953664,0.037886422139578185,0.08168383139946381,laminar
moody_eps3.79e-02_Re9.53e+02,0.03167317842087522,0.009763007422842581,0.001,1000.0,0.1,0.0037886422139578185,0.06645909207382539,976.3007422842581,0.037886422139578185,0.06555357097266844,laminar
moody_eps3.79e-02_Re1.08e+03,0.03393552927859226,0.010572631071396714,0.001,1000.0,0.1,0.0037886422139578185,0.060718141084201115,1057.2631071396713,0.037886422139578185,0.0605336548374852,laminar
moody_eps3.79e-02_Re1.23e+03,0.04004951042278937,0.012257163834912078,0.001,1000.0,0.1,0.0037886422139578185,0.05331473132224905,1225.7163834912078,0.037886422139578185,0.05221436285097929,laminar
moody_eps3.79e-02_Re1.40e+03,0.044582483384253316,0.014260361760330527,0.001,1000.0,0.1,0.0037886422139578185,0.04384632172137701,1426.0361760330527,0.037886422139578185,0.04487964686704877,laminar
moody_eps3.79e-02_Re1.59e+03,0.052882176204969406,0.01703754710912214,0.001,1000.0,0.1,0.0037886422139578185,0.036435537044306215,1703.7547109122138,0.037886422139578185,0.037564092759416946,laminar
moody_eps3.79e-02_Re1.81e+03,0.05911285791933375,0.018653609616998218,0.001,1000.0,0.1,0.0037886422139578185,0.03397709035331553,1865.360961699822,0.037886422139578185,0.03430971340886195,laminar
moody_eps3.79e-02_Re2.06e+03,0.07126537604043787,0.021187714920908148,0.001,1000.0,0.1,0.0037886422139578185,0.031749751825643026,2118.7714920908147,0.037886422139578185,0.030206183271252376,laminar
moody_eps3.79e-02_Re4.45e+03,0.7291616846512733,0.04595193562776293,0.001,1000.0,0.1,0.0037886422139578185,0.069063123413766,4595.193562776293,0.037886422139578185,0.06858602218887934,colebrook
moody_eps3.79e-02_Re5.06e+03,0.8821982422339488,0.05116060696065649,0.001,1000.0,0.1,0.0037886422139578185,0.0674100745320894,5116.060696065649,0.037886422139578185,0.06806516492588756,colebrook
moody_eps3.79e-02_Re5.76e+03,1.1345248063982698,0.05700843835079481,0.001,1000.0,0.1,0.0037886422139578185,0.06981772656535105,5700.843835079481,0.037886422139578185,0.0675881375350362,colebrook
moody_eps3.79e-02_Re6.55e+03,1.4388949967337112,0.06507065334105418,0.001,1000.0,0.1,0.0037886422139578185,0.06796553871235071,6507.065334105418,0.037886422139578185,0.06706472451015356,colebrook
moody_eps3.79e-02_Re7.44e+03,2.0420249178450853,0.07779469082016136,0.001,1000.0,0.1,0.0037886422139578185,0.06748249243653591,7779.469082016135,0.037886422139578185,0.06645078352653924,colebrook
moody_eps3.79e-02_Re8.46e+03,2.171153004788327,0.08213748385663316,0.001,1000.0,0.1,0.0037886422139578185,0.0643632011589583,8213.748385663317,0.037886422139578185,0.0662831395546048,colebrook
moody_eps3.79e-02_Re9.62e+03,2.740508823603665,0.09253381660199322,0.001,1000.0,0.1,0.0037886422139578185,0.06401183099325769,9253.381660199322,0.037886422139578185,0.06594355094336768,colebrook
moody_eps3.79e-02_Re1.09e+04,3.793928530427141,0.10679943492422098,0.001,1000.0,0.1,0.0037886422139578185,0.06652444061992113,10679.943492422097,0.037886422139578185,0.06558193081043939,colebrook
moody_eps3.79e-02_Re1.24e+04,4.713950054616778,0.12108370401555202,0.001,1000.0,0.1,0.0037886422139578185,0.06430482739502327,12108.370401555201,0.037886422139578185,0.06530289882143443,colebrook
moody_eps3.79e-02_Re1.41e+04,5.66792816166824,0.13391749075605713,0.001,1000.0,0.1,0.0037886422139578185,0.06320911740916062,13391.749075605714,0.037886422139578185,0.06510170180672972,colebrook
moody_eps3.79e-02_Re1.61e+04,8.298475048561214,0.15982510411411993,0.001,1000.0,0.1,0.0037886422139578185,0.06497380432021128,15982.510411411991,0.037886422139578185,0.06479190656841809,colebrook
moody_eps3.79e-02_Re1.83e+04,11.559560417353097,0.189585934453272,0.001,1000.0,0.1,0.0037886422139578185,0.06432193307712261,18958.5934453272,0.037886422139578185,0.06453863115825802,colebrook
moody_eps3.79e-02_Re2.08e+04,14.430772812999683,0.21791287571543116,0.001,1000.0,0.1,0.0037886422139578185,0.06077903512135044,21791.287571543115,0.037886422139578185,0.0643607889733587,colebrook
moody_eps3.79e-02_Re2.37e+04,18.954904927457616,0.24406951946426034,0.001,1000.0,0.1,0.0037886422139578185,0.06363917104475675,24406.951946426034,0.037886422139578185,0.06423269959237794,colebrook
moody_eps3.79e-02_Re2.69e+04,25.625787264208302,0.277529038031688,0.001,1000.0,0.1,0.0037886422139578185,0.06654115753305631,27752.9038031688,0.037886422139578185,0.06410359283394322,colebrook
moody_eps3.79e-02_Re3.06e+04,30.194532115382682,0.31109484182831443,0.001,1000.0,0.1,0.0037886422139578185,0.062398288746407356,31109.48418283144,0.037886422139578185,0.06400165821089207,colebrook
moody_eps3.79e-02_Re3.48e+04,40.37049117697085,0.3506457780427834,0.001,1000.0,0.1,0.0037886422139578185,0.06566845532358744,35064.57780427834,0.037886422139578185,0.06390633484695725,colebrook
moody_eps3.79e-02_Re3.95e+04,48.849667634898935,0.3874347159930616,0.001,1000.0,0.1,0.0037886422139578185,0.06508704323256442,38743.47159930616,0.037886422139578185,0.06383497517886363,colebrook
moody_eps3.79e-02_Re4.50e+04,68.58604167463979,0.46282532061739373,0.001,1000.0,0.1,0.0037886422139578185,0.06403707895049236,46282.53206173937,0.037886422139578185,0.06372390415027888,colebrook
moody_eps3.79e-02_Re5.11e+04,76.57476590131583,0.4953431413452008,0.001,1000.0,0.1,0.0037886422139578185,0.06241706818867379,49534.31413452008,0.037886422139578185,0.06368635559619572,colebrook
moody_eps3.79e-02_Re5.81e+04,109.17894060482463,0.5779658400910832,0.001,1000.0,0.1,0.0037886422139578185,0.06536789953477104,57796.58400910832,0.037886422139578185,0.06360983552986432,colebrook
moody_eps3.79e-02_Re6.61e+04,134.14097355163858,0.6579624177934746,0.001,1000.0,0.1,0.0037886422139578185,0.061971109841322564,65796.24177934747,0.037886422139578185,0.0635539558173181,colebrook
moody_eps3.79e-02_Re7.52e+04,197.0841524784386,0.7796918625751766,0.001,1000.0,0.1,0.0037886422139578185,0.06483890867603873,77969.18625751766,0.037886422139578185,0.06349081940730904,colebrook
moody_eps3.79e-02_Re8.55e+04,237.9068850116107,0.8836392889369472,0.001,1000.0,0.1,0.0037886422139578185,0.06093782809389661,88363.92889369471,0.037886422139578185,0.06345061696272349,colebrook
moody_eps3.79e-02_Re9.72e+04,282.81233713527814,0.9360939446000984,0.001,1000.0,0.1,0.0037886422139578185,0.06454899348287674,93609.39446000983,0.037886422139578185,0.06343370577397942,colebrook
moody_eps3.79e-02_Re1.10e+05,364.06707136509937,1.1114420804853866,0.001,1000.0,0.1,0.0037886422139578185,0.05894374489732715,111144.20804853867,0.037886422139578185,0.06338872190831789,colebrook
moody_eps3.79e-02_Re1.26e+05,494.45504196855484,1.2645010911131418,0.001,1000.0,0.1,0.0037886422139578185,0.06184696444553209,126450.10911131417,0.037886422139578185,0.06335962365448204,colebrook
moody_eps3.79e-02_Re1.43e+05,700.5927095396114,1.4703342284132024,0.001,1000.0,0.1,0.0037886422139578185,0.06481320152345732,147033.42284132022,0.037886422139578185,0.06333001948894054,colebrook
moody_eps3.79e-02_Re1.62e+05,829.6233689134309,1.6472201718200608,0.001,1000.0,0.1,0.0037886422139578185,0.0611515780130822,164722.0171820061,0.037886422139578185,0.0633104761374445,colebrook
moody_eps3.79e-02_Re1.85e+05,1071.1150847947442,1.897975067953361,0.001,1000.0,0.1,0.0037886422139578185,0.05946824540461897,189797.50679533608,0.037886422139578185,0.06328900120433284,colebrook
moody_eps3.79e-02_Re2.10e+05,1246.7416735720435,2.038537625301187,0.001,1000.0,0.1,0.0037886422139578185,0.06000245347021536,203853.7625301187,0.037886422139578185,0.0632792697861531,colebrook
moody_eps3.79e-02_Re2.39e+05,1485.624623876569,2.1983405595431464,0.001,1000.0,0.1,0.0037886422139578185,0.06148216318609711,219834.05595431465,0.037886422139578185,0.06326971535218846,colebrook
moody_eps3.79e-02_Re2.72e+05,2327.771052788973,2.7306673457521957,0.001,1000.0,0.1,0.0037886422139578185,0.06243565396989756,273066.73457521957,0.037886422139578185,0.06324594405884024,colebrook
moody_eps3.79e-02_Re3.09e+05,3032.0109391743817,3.1900425059055255,0.001,1000.0,0.1,0.0037886422139578185,0.05958923633421671,319004.2505905525,0.037886422139578185,0.06323180003002069,colebrook
moody_eps3.79e-02_Re3.51e+05,3624.7778752252366,3.433743680952134,0.001,1000.0,0.1,0.0037886422139578185,0.061485916025950625,343374.36809521343,0.037886422139578185,0.06322583122160783,colebrook
moody_eps3.79e-02_Re3.99e+05,5014.489811657668,4.025310768047524,0.001,1000.0,0.1,0.0037886422139578185,0.061895335140442986,402531.07680475246,0.037886422139578185,0.063214346029689,colebrook
moody_eps3.79e-02_Re4.54e+05,6725.810044790512,4.608066904514206,0.001,1000.0,0.1,0.0037886422139578185,0.06334860288043591,460806.6904514206,0.037886422139578185,0.06320591282652872,colebrook
moody_eps3.79e-02_Re5.16e+05,8105.940665307292,5.257263122225468,0.001,1000.0,0.1,0.0037886422139578185,0.05865620872687332,525726.3122225468,0.037886422139578185,0.06319871804813493,colebrook
moody_eps3.79e-02_Re5.87e+05,10600.457399972714,5.869861733833246,0.001,1000.0,0.1,0.0037886422139578185,0.06153169205056819,586986.1733833246,0.037886422139578185,0.06319338733464984,colebrook
moody_eps3.79e-02_Re6.67e+05,13678.62193012441,6.666186157157785,0.001,1000.0,0.1,0.0037886422139578185,0.06156267280064292,666618.6157157785,0.037886422139578185,0.06318792160661406,colebrook
moody_eps3.79e-02_Re7.59e+05,18687.191195621013,7.772077198142306,0.001,1000.0,0.1,0.0037886422139578185,0.061872806160810645,777207.7198142306,0.037886422139578185,0.06318218797280473,colebrook
moody_eps3.79e-02_Re8.63e+05,25114.650807818653,8.876076098901919,0.001,1000.0,0.1,0.0037886422139578185,0.06375512562325288,887607.6098901918,0.037886422139578185,0.06317788860719567,colebrook
moody_eps3.79e-02_Re9.81e+05,30116.498738794624,9.746132674792408,0.001,1000.0,0.1,0.0037886422139578185,0.06341176447817486,974613.2674792408,0.037886422139578185,0.06317518632260262,colebrook
moody_eps3.79e-02_Re1.12e+06,35869.57253838946,10.88446857441652,0.001,1000.0,0.1,0.0037886422139578185,0.060553846725571,1088446.8574416519,0.037886422139578185,0.06317230294067087,colebrook
moody_eps3.79e-02_Re1.27e+06,48023.97936082185,12.16423215717075,0.001,1000.0,0.1,0.0037886422139578185,0.06491106565109857,1216423.215717075,0.037886422139578185,0.06316970551680297,colebrook
moody_eps3.79e-02_Re1.44e+06,62778.06665811082,14.05009274981661,0.001,1000.0,0.1,0.0037886422139578185,0.06360328548903835,1405009.274981661,0.037886422139578185,0.06316674010554768,colebrook
moody_eps3.79e-02_Re1.64e+06,82986.13343408065,16.152396042276226,0.001,1000.0,0.1,0.0037886422139578185,0.06361530541020592,1615239.6042276227,0.037886422139578185,0.06316425037681699,colebrook
moody_eps3.79e-02_Re1.86e+06,113947.08288410972,18.910050443717754,0.001,1000.0,0.1,0.0037886422139578185,0.0637305743470073,1891005.0443717754,0.037886422139578185,0.06316182369263726,colebrook
moody_eps3.79e-02_Re2.12e+06,148359.7796023865,22.106068632856203,0.001,1000.0,0.1,0.0037886422139578185,0.06071879540736782,2210606.86328562,0.037886422139578185,0.06315976857972541,colebrook
moody_eps3.79e-02_Re2.41e+06,173183.96763933095,23.001781623912226,0.001,1000.0,0.1,0.0037886422139578185,0.06546583759354976,2300178.1623912225,0.037886422139578185,0.06315929505561815,colebrook
moody_eps3.79e-02_Re2.74e+06,220570.98774335062,26.632630781628073,0.001,1000.0,0.1,0.0037886422139578185,0.06219425171486142,2663263.078162807,0.037886422139578185,0.06315770177748697,colebrook
moody_eps3.79e-02_Re3.12e+06,365122.5727552738,33.54412728521682,0.001,1000.0,0.1,0.0037886422139578185,0.06489865314056055,3354412.728521682,0.037886422139578185,0.06315562197032157,colebrook
moody_eps3.79e-02_Re3.54e+06,344085.5564268644,32.62677142250077,0.001,1000.0,0.1,0.0037886422139578185,0.06464697943090969,3262677.142250077,0.037886422139578185,0.06315584731131381,colebrook
moody_eps3.79e-02_Re4.03e+06,490073.79132392816,40.65831181415862,0.001,1000.0,0.1,0.0037886422139578185,0.05929154794001918,4065831.181415862,0.037886422139578185,0.06315421960144108,colebrook
moody_eps3.79e-02_Re4.58e+06,728152.3771846767,47.264198724015515,0.001,1000.0,0.1,0.0037886422139578185,0.06519100376674564,4726419.872401551,0.037886422139578185,0.06315329539967186,colebrook
moody_eps3.79e-02_Re5.21e+06,815506.51900836,50.542776274212976,0.001,1000.0,0.1,0.0037886422139578185,0.06384681617629563,5054277.627421297,0.037886422139578185,0.06315292640564837,colebrook
moody_eps3.79e-02_Re5.93e+06,1121275.6031743062,60.4457938042824,0.001,1000.0,0.1,0.0037886422139578185,0.061377641732650784,6044579.38042824,0.037886422139578185,0.06315205488983647,colebrook
moody_eps3.79e-02_Re6.74e+06,1434455.5138996022,66.62480012059119,0.001,1000.0,0.1,0.0037886422139578185,0.06463164975421146,6662480.012059119,0.037886422139578185,0.06315164235802623,colebrook
moody_eps3.79e-02_Re7.66e+06,1917075.8700787171,78.16587389366765,0.001,1000.0,0.1,0.0037886422139578185,0.062753061907076,7816587.3893667655,0.037886422139578185,0.06315104650365895,colebrook
moody_eps3.79e-02_Re8.71e+06,2154850.5830226433,83.7743691415606,0.001,1000.0,0.1,0.0037886422139578185,0.06140798191061115,8377436.91415606,0.037886422139578185,0.06315081621629655,colebrook
moody_eps3.79e-02_Re9.90e+06,3093150.6718547596,100.17801669081774,0.001,1000.0,0.1,0.0037886422139578185,0.06164334719610855,10017801.669081775,0.037886422139578185,0.06315029066684053,colebrook
moody_eps3.79e-02_Re1.13e+07,4335913.363855426,117.42273599140245,0.001,1000.0,0.1,0.0037886422139578185,0.0628935633054183,11742273.599140244,0.037886422139578185,0.06314989648743986,colebrook
moody_eps3.79e-02_Re1.28e+07,4313053.454255396,122.73535299144119,0.001,1000.0,0.1,0.0037886422139578185,0.05726318293647606,12273535.299144119,0.037886422139578185,0.06314979736953952,colebrook
moody_eps3.79e-02_Re1.46e+07,6835413.422603315,145.74595924233688,0.001,1000.0,0.1,0.0037886422139578185,0.06435788104403685,14574595.924233688,0.037886422139578185,0.06314945148586863,colebrook
moody_eps3.79e-02_Re1.66e+07,8448254.00550829,164.3073047204134,0.001,1000.0,0.1,0.0037886422139578185,0.06258686748873053,16430730.472041342,0.037886422139578185,0.06314924307149368,colebrook
moody_eps3.79e-02_Re1.88e+07,10457563.407077879,183.86911329067735,0.001,1000.0,0.1,0.0037886422139578185,0.06186470392362228,18386911.329067733,0.037886422139578185,0.06314906896405875,colebrook
moody_eps3.79e-02_Re2.14e+07,13998745.486293938,207.44217391879062,0.001,1000.0,0.1,0.0037886422139578185,0.06506163954031063,20744217.39187906,0.037886422139578185,0.06314890278121067,colebrook
moody_eps3.79e-02_Re2.43e+07,18366473.083442923,240.17332554444508,0.001,1000.0,0.1,0.0037886422139578185,0.06368046401198917,24017332.554444507,0.037886422139578185,0.06314872612958777,colebrook
moody_eps3.79e-02_Re2.77e+07,26529437.758214258,279.96492604002395,0.001,1000.0,0.1,0.0037886422139578185,0.06769409536175887,27996492.604002394,0.037886422139578185,0.06314856700281697,colebrook
moody_eps3.79e-02_Re3.15e+07,30769518.81976582,312.39000074876185,0.001,1000.0,0.1,0.0037886422139578185,0.06306036092145449,31239000.074876186,0.037886422139578185,0.06314846731041304,colebrook
moody_eps3.79e-02_Re3.58e+07,44889381.05509561,370.77940440559354,0.001,1000.0,0.1,0.0037886422139578185,0.06530439463946135,37077940.44055935,0.037886422139578185,0.06314833175882957,colebrook
moody_eps3.79e-02_Re4.07e+07,56220425.83070414,422.54647332182094,0.001,1000.0,0.1,0.0037886422139578185,0.06297601324770835,42254647.332182094,0.037886422139578185,0.06314824291072733,colebrook
moody_eps3.79e-02_Re4.63e+07,60508041.90062462,442.080348479358,0.001,1000.0,0.1,0.0037886422139578185,0.06192138687091305,44208034.847935796,0.037886422139578185,0.063148214791842,colebrook
moody_eps3.79e-02_Re5.26e+07,71107698.90577394,486.4585709064559,0.001,1000.0,0.1,0.0037886422139578185,0.060097291750296426,48645857.09064559,0.037886422139578185,0.0631481593026077,colebrook
moody_eps3.79e-02_Re5.98e+07,131655313.35738425,637.309386147993,0.001,1000.0,0.1,0.0037886422139578185,0.06482876634802416,63730938.6147993,0.037886422139578185,0.06314802846321078,colebrook
moody_eps3.79e-02_Re6.80e+07,138633705.00006795,669.3339322677281,0.001,1000.0,0.1,0.0037886422139578185,0.06188895374964523,66933393.2267728,0.037886422139578185,0.06314800827593098,colebrook
moody_eps3.79e-02_Re7.73e+07,173213731.54168615,751.2143753814958,0.001,1000.0,0.1,0.0037886422139578185,0.06138814825747772,75121437.53814958,0.037886422139578185,0.06314796448725415,colebrook
moody_eps3.79e-02_Re8.79e+07,255280930.60628465,888.2106694244715,0.001,1000.0,0.1,0.0037886422139578185,0.06471670517448784,88821066.94244714,0.037886422139578185,0.06314790927723177,colebrook
moody_eps3.79e-02_Re1.00e+08,324347425.6578745,995.0146782784445,0.001,1000.0,0.1,0.0037886422139578185,0.06552114467778404,99501467.82784444,0.037886422139578185,0.06314787678110494,colebrook
moody_eps5.00e-02_Re3.00e+02,0.009160434379659585,0.002781736846077397,0.001,1000.0,0.1,0.005,0.23676307810332903,278.1736846077397,0.049999999999999996,0.23007208640259466,laminar
moody_eps5.00e-02_Re3.41e+02,0.011770723440188436,0.0036074993916259445,0.001,1000.0,0.1,0.005,0.18089252396236322,360.74993916259444,0.049999999999999996,0.17740820732655596,laminar
moody_eps5.00e-02_Re3.88e+02,0.011971336409577683,0.0037926276403354477,0.001,1000.0,0.1,0.005,0.16645322701760884,379.2627640335447,0.049999999999999996,0.16874844057809846,laminar
moody_eps5.00e-02_Re4.41e+02,0.013181228829230193,0.0042394891961782186,0.001,1000.0,0.1,0.005,0.1466759228934699,423.94891961782184,0.049999999999999996,0.1509615829607355,laminar
moody_eps5.00e-02_Re5.01e+02,0.015307091928026305,0.004749838311152635,0.001,1000.0,0.1,0.005,0.13569537135182325,474.9838311152635,0.049999999999999996,0.13474142867079875,laminar
moody_eps5.00e-02_Re5.70e+02,0.01821368819091548,0.005626763416367294,0.001,1000.0,0.1,0.005,0.1150563474213861,562.6763416367294,0.049999999999999996,0.11374212005046264,laminar
moody_eps5.00e-02_Re6.48e+02,0.021267632452609916,0.00660370866953072,0.001,1000.0,0.1,0.005,0.09753788422122893,660.370866953072,0.049999999999999996,0.09691523839519717,laminar
moody_eps5.00e-02_Re7.37e+02,0.022328214650089197,0.007178175296285423,0.001,1000.0,0.1,0.005,0.08666742122233992,717.8175296285423,0.049999999999999996,0.08915914888999556,laminar
moody_eps5.00e-02_Re8.38e+02,0.026125275515099234,0.008423813690011822,0.001,1000.0,0.1,0.005,0.07363314814708342,842.3813690011823,0.049999999999999996,0.0759750896151529,laminar
moody_eps5.00e-02_Re9.53e+02,0.03147140061355055,0.00965655631368642,0.001,1000.0,0.1,0.005,0.06749964861369948,965.655631368642,0.049999999999999996,0.0662762147508958,laminar
moody_eps5.00e-02_Re1.08e+03,0.0347445750308217,0.010819574872818276,0.001,1000.0,0.1,0.005,0.05936037098530705,1081.9574872818275,0.049999999999999996,0.05915204687088535,laminar
moody_eps5.00e-02_Re1.23e+03,0.03986839950089125,0.0122325948416498,0.001,1000.0,0.1,0.005,0.053287042118286686,1223.25948416498,0.049999999999999996,0.052319234658284794,laminar
moody_eps5.00e-02_Re1.40e+03,0.04407581950693737,0.013827767487590395,0.001,1000.0,0.1,0.005,0.046102688791861676,1382.7767487590395,0.049999999999999996,0.046283682494253846,laminar
moody_eps5.00e-02_Re1.59e+03,0.05306152304461623,0.01706249838492574,0.001,1000.0,0.1,0.005,0.03645226011619356,1706.2498384925739,0.049999999999999996,0.037509161059638425,laminar
moody_eps5.00e-02_Re1.81e+03,0.058564698850577336,0.01798092278677792,0.001,1000.0,0.1,0.005,0.036227799697240104,1798.092278677792,0.049999999999999996,0.03559327892062454,laminar
moody_eps5.00e-02_Re2.06e+03,0.0655223526905582,0.020307585856220837,0.001,1000.0,0.1,0.005,0.03177626749390642,2030.758585622084,0.049999999999999996,0.031515316716189005,laminar
moody_eps5.00e-02_Re4.45e+03,0.7753301720528284,0.044751729885932824,0.001,1000.0,0.1,0.005,0.07742781882363048,4475.172988593283,0.049999999999999996,0.07643788228376086,colebrook
moody_eps5.00e-02_Re5.06e+03,1.0723301737939943,0.05164814002855708,0.001,1000.0,0.1,0.005,0.08039872284066173,5164.814002855708,0.049999999999999996,0.0758136059724737,colebrook
moody_eps5.00e-02_Re5.76e+03,1.342930286227853,0.05902996329572107,0.001,1000.0,0.1,0.005,0.07707941991849479,5902.996329572107,0.049999999999999996,0.07530116229716675,colebrook
moody_eps5.00e-02_Re6.55e+03,1.7208165501715074,0.06754567857726142,0.001,1000.0,0.1,0.005,0.07543439852462544,6754.567857726142,0.049999999999999996,0.07484461779492978,colebrook
moody_eps5.00e-02_Re7.44e+03,2.2568367906545204,0.07864651765033542,0.001,1000.0,0.1,0.005,0.07297450432065632,7864.651765033543,0.049999999999999996,0.07439368012339101,colebrook
moody_eps5.00e-02_Re8.46e+03,2.691409024989022,0.08431144829235011,0.001,1000.0,0.1,0.005,0.0757245324958841,8431.14482923501,0.049999999999999996,0.07420807946725447,colebrook
moody_eps5.00e-02_Re9.62e+03,3.3680724173729604,0.09631611089430744,0.001,1000.0,0.1,0.005,0.07261285960128488,9631.611089430744,0.049999999999999996,0.07388518265225615,colebrook
moody_eps5.00e-02_Re1.09e+04,4.276939961669219,0.10788150158147083,0.001,1000.0,0.1,0.005,0.0734969275162453,10788.150158147082,0.049999999999999996,0.07364058304778563,colebrook
moody_eps5.00e-02_Re1.24e+04,5.200885978763564,0.12024800650685073,0.001,1000.0,0.1,0.005,0.07193687333848452,12024.800650685072,0.049999999999999996,0.07343006021880329,colebrook
moody_eps5.00e-02_Re1.41e+04,7.026521269797749,0.14015590964238353,0.001,1000.0,0.1,0.005,0.07153976876784843,14015.590964238352,0.049999999999999996,0.07316785108781164,colebrook
moody_eps5.00e-02_Re1.61e+04,9.750189993316516,0.1649612809117081,0.001,1000.0,0.1,0.005,0.07166036794085534,16496.12809117081,0.049999999999999996,0.0729283799809287,colebrook
moody_eps5.00e-02_Re1.83e+04,12.075367155248863,0.18643475246309774,0.001,1000.0,0.1,0.005,0.0694826860940235,18643.475246309772,0.049999999999999996,0.07277185152330559,colebrook
moody_eps5.00e-02_Re2.08e+04,16.587601077003963,0.20861782176751564,0.001,1000.0,0.1,0.005,0.07622733997354549,20861.782176751563,0.049999999999999996,0.07264358407157108,colebrook
moody_eps5.00e-02_Re2.37e+04,20.530933818629755,0.23195609226700178,0.001,1000.0,0.1,0.005,0.07631802649567732,23195.609226700177,0.049999999999999996,0.07253483336192364,colebrook
moody_eps5.00e-02_Re2.69e+04,29.33879113534426,0.2830763044562714,0.001,1000.0,0.1,0.005,0.07322597727049548,28307.63044562714,0.049999999999999996,0.07235872138358268,colebrook
moody_eps5.00e-02_Re3.06e+04,34.21823946549018,0.3042932693236662,0.001,1000.0,0.1,0.005,0.07390995950743336,30429.326932366617,0.049999999999999996,0.07230285826226125,colebrook
moody_eps5.00e-02_Re3.48e+04,38.638297024547406,0.32614115969685675,0.001,1000.0,0.1,0.005,0.07265018927667947,32614.115969685678,0.049999999999999996,0.07225287006933508,colebrook
moody_eps5.00e-02_Re3.95e+04,60.53546408977557,0.40749794788959526,0.001,1000.0,0.1,0.005,0.07291032260438168,40749.79478895952,0.049999999999999996,0.07211357128162399,colebrook
moody_eps5.00e-02_Re4.50e+04,72.53104494032267,0.4460209466439686,0.001,1000.0,0.1,0.005,0.07291945594783428,44602.09466439686,0.049999999999999996,0.072065237898882,colebrook
moody_eps5.00e-02_Re5.11e+04,90.53334208714045,0.5047755826033271,0.001,1000.0,0.1,0.005,0.07106272729287781,50477.558260332706,0.049999999999999996,0.07200565404239162,colebrook
moody_eps5.00e-02_Re5.81e+04,124.50627781379296,0.589655624724751,0.001,1000.0,0.1,0.005,0.07161835710177096,58965.562472475096,0.049999999999999996,0.07194045135651118,colebrook
moody_eps5.00e-02_Re6.61e+04,147.21009064103959,0.6546446311838022,0.001,1000.0,0.1,0.005,0.06869993951749596,65464.46311838022,0.049999999999999996,0.07190191185613751,colebrook
moody_eps5.00e-02_Re7.52e+04,212.1271244640174,0.7811100220545565,0.001,1000.0,0.1,0.005,0.06953473123389553,78111.00220545565,0.049999999999999996,0.0718452362442414,colebrook
moody_eps5.00e-02_Re8.55e+04,251.60300920592738,0.834898351432879,0.001,1000.0,0.1,0.005,0.07219026227775538,83489.8351432879,0.049999999999999996,0.07182631891156427,colebrook
moody_eps5.00e-02_Re9.72e+04,323.13460302313024,0.9685733856592306,0.001,1000.0,0.1,0.005,0.0688887651597634,96857.33856592306,0.049999999999999996,0.07178838003860047,colebrook
moody_eps5.00e-02_Re1.10e+05,421.02797649638387,1.0872217486491282,0.001,1000.0,0.1,0.005,0.0712368467909422,108722.17486491283,0.049999999999999996,0.0717625021501377,colebrook
moody_eps5.00e-02_Re1.26e+05,593.6670260995319,1.302074837546442,0.001,1000.0,0.1,0.005,0.07003272589150862,130207.48375464418,0.049999999999999996,0.0717276196289496,colebrook
moody_eps5.00e-02_Re1.43e+05,695.2121370235326,1.3881543218793175,0.001,1000.0,0.1,0.005,0.07215589899679795,138815.43218793176,0.049999999999999996,0.0717166681001032,colebrook
moody_eps5.00e-02_Re1.62e+05,889.9556987285987,1.5980408140866889,0.001,1000.0,0.1,0.005,0.06969837455091539,159804.08140866886,0.049999999999999996,0.07169490249023064,colebrook
moody_eps5.00e-02_Re1.85e+05,1252.4940323619076,1.8740057917896444,0.001,1000.0,0.1,0.005,0.07132861698275653,187400.57917896446,0.049999999999999996,0.07167369342112613,colebrook
moody_eps5.00e-02_Re2.10e+05,1629.2456007512185,2.0977685135574715,0.001,1000.0,0.1,0.005,0.07404597012823996,209776.85135574715,0.049999999999999996,0.07166058781745174,colebrook
moody_eps5.00e-02_Re2.39e+05,2021.8438359806014,2.391719852998015,0.001,1000.0,0.1,0.005,0.07068983809837562,239171.9852998015,0.049999999999999996,0.07164709389374155,colebrook
moody_eps5.00e-02_Re2.72e+05,2317.0564219438957,2.5911773168271015,0.001,1000.0,0.1,0.005,0.06901958419044354,259117.73168271012,0.049999999999999996,0.07163967945933729,colebrook
moody_eps5.00e-02_Re3.09e+05,3270.0386887959157,3.04412086230294,0.001,1000.0,0.1,0.005,0.07057633529695247,304412.08623029396,0.049999999999999996,0.07162644752151409,colebrook
moody_eps5.00e-02_Re3.51e+05,4030.32238134837,3.3758130378072444,0.001,1000.0,0.1,0.005,0.07073152303300745,337581.30378072447,0.049999999999999996,0.0716190081416904,colebrook
moody_eps5.00e-02_Re3.99e+05,5313.137695482687,3.948533485818972,0.001,1000.0,0.1,0.005,0.0681568351828361,394853.3485818972,0.049999999999999996,0.07160910308348656,colebrook
moody_eps5.00e-02_Re4.54e+05,6776.677823849069,4.454539064571926,0.001,1000.0,0.1,0.005,0.0683032377493752,445453.9064571926,0.049999999999999996,0.07160246980818352,colebrook
moody_eps5.00e-02_Re5.16e+05,8924.300240091596,4.913101831257129,0.001,1000.0,0.1,0.005,0.07394224584460085,491310.1831257129,0.049999999999999996,0.07159763800815429,colebrook
moody_eps5.00e-02_Re5.87e+05,11980.434286469132,5.9691866706496794,0.001,1000.0,0.1,0.005,0.06724689493412642,596918.6670649679,0.049999999999999996,0.07158933257377036,colebrook
moody_eps5.00e-02_Re6.67e+05,14791.128443627967,6.441581475890067,0.001,1000.0,0.1,0.005,0.07129290237878808,644158.1475890067,0.049999999999999996,0.07158649865305886,colebrook
moody_eps5.00e-02_Re7.59e+05,19961.36487450788,7.473896024557571,0.001,1000.0,0.1,0.005,0.07147038562839507,747389.6024557571,0.049999999999999996,0.07158155211102833,colebrook
moody_eps5.00e-02_Re8.63e+05,26857.363431091497,8.613796915848129,0.001,1000.0,0.1,0.005,0.07239425696474498,861379.691584813,0.049999999999999996,0.07157746703765558,colebrook
moody_eps5.00e-02_Re9.81e+05,31202.207307901073,9.351529836572055,0.001,1000.0,0.1,0.005,0.07135920220215594,935152.9836572055,0.049999999999999996,0.0715753539020457,colebrook
moody_eps5.00e-02_Re1.12e+06,43553.53695298409,11.252074622029687,0.001,1000.0,0.1,0.005,0.06879996508606949,1125207.4622029685,0.049999999999999996,0.0715711861698639,colebrook
moody_eps5.00e-02_Re1.27e+06,60226.71169747797,12.750996213018013,0.001,1000.0,0.1,0.005,0.07408510726636772,1275099.6213018014,0.049999999999999996,0.0715687753091567,colebrook
moody_eps5.00e-02_Re1.44e+06,72630.40904837444,14.187579965376328,0.001,1000.0,0.1,0.005,0.07216586823496407,1418757.9965376328,0.049999999999999996,0.0715669427006505,colebrook
moody_eps5.00e-02_Re1.64e+06,103888.97278746565,16.360666954539347,0.001,1000.0,0.1,0.005,0.0776242540548437,1636066.6954539346,0.049999999999999996,0.07156478207771186,colebrook
moody_eps5.00e-02_Re1.86e+06,130809.07876109371,19.205188652420926,0.001,1000.0,0.1,0.005,0.07093012538732753,1920518.8652420926,0.049999999999999996,0.07156269267494568,colebrook
moody_eps5.00e-02_Re2.12e+06,145922.97239779378,20.051808200022585,0.001,1000.0,0.1,0.005,0.07258494957898635,2005180.8200022585,0.049999999999999996,0.07156218526183696,colebrook
moody_eps5.00e-02_Re2.41e+06,215657.0401694098,23.910089950214477,0.001,1000.0,0.1,0.005,0.07544513085392696,2391008.995021448,0.049999999999999996,0.07156032781432625,colebrook
moody_eps5.00e-02_Re2.74e+06,312936.67088826286,28.93109478404697,0.001,1000.0,0.1,0.005,0.07477505092853669,2893109.4784046966,0.049999999999999996,0.07155865241000377,colebrook
moody_eps5.00e-02_Re3.12e+06,342958.12590372644,31.547177698319263,0.001,1000.0,0.1,0.005,0.06892076174183825,3154717.7698319266,0.049999999999999996,0.0715579907834781,colebrook
moody_eps5.00e-02_Re3.54e+06,478631.587462137,36.58341299168076,0.001,1000.0,0.1,0.005,0.07152583106469855,3658341.299168076,0.049999999999999996,0.07155698348905368,colebrook
moody_eps5.00e-02_Re4.03e+06,625148.8671767993,41.990963125488335,0.001,1000.0,0.1,0.005,0.07090906719801156,4199096.312548833,0.049999999999999996,0.07155617091159436,colebrook
moody_eps5.00e-02_Re4.58e+06,645845.2836454395,43.6509266295927,0.001,1000.0,0.1,0.005,0.06779092397225217,4365092.66295927,0.049999999999999996,0.07155596185752303,colebrook
moody_eps5.00e-02_Re5.21e+06,935253.426937334,50.39900287440478,0.001,1000.0,0.1,0.005,0.07364027735169132,5039900.287440478,0.049999999999999996,0.07155525378366558,colebrook
moody_eps5.00e-02_Re5.93e+06,1148224.1388512107,56.68029867050928,0.001,1000.0,0.1,0.005,0.07148129440952279,5668029.867050928,0.049999999999999996,0.07155474619109571,colebrook
moody_eps5.00e-02_Re6.74e+06,1620382.4656087167,65.94609145086187,0.001,1000.0,0.1,0.005,0.07451941031983407,6594609.145086187,0.049999999999999996,0.07155417393965965,colebrook
moody_eps5.00e-02_Re7.66e+06,2046398.3300254948,76.73928677359442,0.001,1000.0,0.1,0.005,0.06949997548886991,7673928.677359442,0.049999999999999996,0.07155368158953432,colebrook
moody_eps5.00e-02_Re8.71e+06,2842980.0410577143,87.45265787836975,0.001,1000.0,0.1,0.005,0.07434602956631052,8745265.787836974,0.049999999999999996,0.07155331306150202,colebrook
moody_eps5.00e-02_Re9.90e+06,3612996.7054585046,100.09863174850273,0.001,1000.0,0.1,0.005,0.07211760224741723,10009863.174850272,0.049999999999999996,0.07155297956614165,colebrook
moody_eps5.00e-02_Re1.13e+07,4259511.673735813,107.51262568717547,0.001,1000.0,0.1,0.005,0.07370057424456587,10751262.568717547,0.049999999999999996,0.07155282052636511,colebrook
moody_eps5.00e-02_Re1.28e+07,6098035.498260949,128.6949043918987,0.001,1000.0,0.1,0.005,0.07363719563620152,12869490.439189868,0.049999999999999996,0.07155246710274835,colebrook
moody_eps5.00e-02_Re1.46e+07,7333481.5692278845,144.41373319104747,0.001,1000.0,0.1,0.005,0.07032718118834431,14441373.319104746,0.049999999999999996,0.07155227185016122,colebrook
moody_eps5.00e-02_Re1.66e+07,10313505.479123019,172.73430811151675,0.001,1000.0,0.1,0.005,0.06913199498851529,17273430.811151676,0.049999999999999996,0.07155200975215434,colebrook
moody_eps5.00e-02_Re1.88e+07,12159610.159174964,183.7957624031838,0.001,1000.0,0.1,0.005,0.07199107506627571,18379576.24031838,0.049999999999999996,0.07155192931649981,colebrook
moody_eps5.00e-02_Re2.14e+07,14252759.072036464,199.91202729656752,0.001,1000.0,0.1,0.005,0.0713265294361411,19991202.72965675,0.049999999999999996,0.07155182805569835,colebrook
moody_eps5.00e-02_Re2.43e+07,22189303.33460837,253.31965937893284,0.001,1000.0,0.1,0.005,0.06915695645026446,25331965.937893283,0.049999999999999996,0.071551584583928,colebrook
moody_eps5.00e-02_Re2.77e+07,24656421.23374703,264.2078473378982,0.001,1000.0,0.1,0.005,0.07064291496871176,26420784.73378982,0.049999999999999996,0.07155154702652802,colebrook
moody_eps5.00e-02_Re3.15e+07,37511426.76861171,326.50555305501695,0.001,1000.0,0.1,0.005,0.07037403211576468,32650555.305501696,0.049999999999999996,0.07155138030514258,colebrook
moody_eps5.00e-02_Re3.58e+07,42596529.98931483,340.3311039305984,0.001,1000.0,0.1,0.005,0.07355309174876316,34033110.39305984,0.049999999999999996,0.07155135158102126,colebrook
moody_eps5.00e-02_Re4.07e+07,58929322.63090836,404.74704326221405,0.001,1000.0,0.1,0.005,0.07194391628334236,40474704.32622141,0.049999999999999996,0.07155124362043747,colebrook
moody_eps5.00e-02_Re4.63e+07,89512331.54267862,502.28908997084733,0.001,1000.0,0.1,0.005,0.07095865497796192,50228908.99708474,0.049999999999999996,0.07155113285283946,colebrook
moody_eps5.00e-02_Re5.26e+07,91340629.37770467,498.6901535583452,0.001,1000.0,0.1,0.005,0.07345686825302923,49869015.35583452,0.049999999999999996,0.07155113616986242,colebrook
moody_eps5.00e-02_Re5.98e+07,139445358.40183064,623.2352326403554,0.001,1000.0,0.1,0.005,0.07180092923818618,62323523.26403554,0.049999999999999996,0.07155104365679679,colebrook
moody_eps5.00e-02_Re6.80e+07,173707516.92950243,692.5449692450638,0.001,1000.0,0.1,0.005,0.07243569814797035,69254496.92450638,0.049999999999999996,0.07155100658409716,colebrook
moody_eps5.00e-02_Re7.73e+07,234416740.0475103,787.5146826870956,0.001,1000.0,0.1,0.005,0.07559643204138035,78751468.26870956,0.049999999999999996,0.07155096638291575,colebrook
moody_eps5.00e-02_Re8.79e+07,249223433.7811354,837.04794972339,0.001,1000.0,0.1,0.005,0.07114071031079879,83704794.972339,0.049999999999999996,0.07155094903494855,colebrook
moody_eps5.00e-02_Re1.00e+08,381132628.1685154,1014.6790480652431,0.001,1000.0,0.1,0.005,0.07403698755647936,101467904.8065243,0.049999999999999996,0.07155090075120704,colebrook
